Date,AUD,CAD,CHF,EUR,GBP,JPY,NOK,NZD,SEK
2015-01-01,0.817126989364624,0.8609852804563014,1.0059249095746485,1.2098628282546997,1.558093547821045,0.008356103958878931,0.13417955659973851,0.7800920009613037,0.12828308562994084
2015-01-02,0.8177952170372009,0.8610298209017392,1.0059350422676747,1.2089413404464722,1.557972073554993,0.008342370710661504,0.13412412867206144,0.7791802883148193,0.12815124099095465
2015-01-05,0.8067768812179565,0.847960690146305,0.9942334373402177,1.194643259048462,1.5284910202026367,0.0083033031844047,0.1315159567713235,0.7665772438049316,0.1258227231727539
2015-01-06,0.8099789619445801,0.8505571516147146,0.9938382466589823,1.193901538848877,1.5258322954177856,0.008373455930050162,0.13099635779064825,0.7700007557868958,0.1262967514036171
2015-01-07,0.8080155253410339,0.844808675479715,0.988826294743416,1.1875356435775757,1.5137982368469238,0.008426516809349093,0.12913773465479836,0.7747734189033508,0.12618169436676574
2015-01-08,0.8075587749481201,0.8461310968364576,0.9854741210790653,1.1836000680923462,1.5107566118240356,0.008383002520938317,0.1299123053284096,0.7770611047744751,0.1254738208005918
2015-01-09,0.8114249110221863,0.8454943798050747,0.9820384741998278,1.1796069145202637,1.5087963342666626,0.008347802871047553,0.13123531414624787,0.7813110947608948,0.12457039100981783
2015-01-12,0.8222332000732422,0.8442879674837825,0.9883181206445375,1.187070369720459,1.5189489126205444,0.008459378210660022,0.13081762512793874,0.7846829891204834,0.12481121960230898
2015-01-13,0.8150623440742493,0.8355615018537802,0.9853187806142599,1.1831519603729248,1.5170363187789917,0.008451084910088585,0.12920230536393443,0.7765181064605713,0.12384054792488519
2015-01-14,0.8173941373825073,0.8365051179373766,0.9808729604337417,1.1778285503387451,1.5170363187789917,0.008489324806183775,0.12925624861207527,0.7744133472442627,0.12407563841074946
2015-01-15,0.8144648671150208,0.83703021491997,0.9814217275795082,1.178592085838318,1.5234380960464478,0.008518613214067203,0.13123531414624787,0.7713668942451477,0.12365982980168688
2015-01-16,0.8223684430122375,0.8362602814029213,1.170412013628982,1.1637378931045532,1.5181187391281128,0.008611039556108901,0.13158725456787074,0.784067690372467,0.12333802732742044
2015-01-19,0.8227066993713379,0.8354009868131135,1.1652295317048853,1.1566041707992554,1.5142109394073486,0.00850629483469991,0.13239422108598575,0.7794232368469238,0.12358343109682983
2015-01-20,0.8195378184318542,0.8364700848504888,1.136789901679137,1.1597968339920044,1.5090012550354004,0.008495310733917667,0.1309308401879224,0.7758553624153137,0.12286521777848602
2015-01-21,0.8165265321731567,0.82555248122639,1.1437460353386184,1.154694437980652,1.5147384405136108,0.008428220907970529,0.13016596354003415,0.7647013664245605,0.12234239597070576
2015-01-22,0.8101101517677307,0.8101232963099956,1.1621150790126948,1.161534547805786,1.5144860744476318,0.008484642752599568,0.13201843188704623,0.7572888731956482,0.12251899490995886
2015-01-23,0.801988959312439,0.8076109407369368,1.1471836787888763,1.1346745491027832,1.5013211965560913,0.008420981757002328,0.1306443276282385,0.750750720500946,0.1214208205460866
2015-01-26,0.787587583065033,0.8027614984522506,1.134944956520945,1.1125450134277344,1.4995876550674438,0.008520718121692356,0.12841586235503133,0.7418947815895081,0.11956430890623976
2015-01-27,0.7922046780586243,0.8013269654682532,1.1095084716563817,1.1247708797454834,1.5085458755493164,0.008437394771547198,0.12844489252967325,0.7437156438827515,0.12061606473432686
2015-01-28,0.7921419143676758,0.8068420013348285,1.112099616646426,1.1367381811141968,1.5188103914260864,0.008490766181652464,0.12933431267526244,0.7454341650009155,0.12215679835150951
2015-01-29,0.7892659902572632,0.7985944689822133,1.102535826038555,1.1281461715698242,1.5142338275909424,0.008503979655121428,0.1279083157190061,0.7324396967887878,0.12051967397107392
2015-01-30,0.7782101631164551,0.7928956856292496,1.0840108232987542,1.13355553150177,1.507909059524536,0.008456802573481829,0.1279705146061622,0.7282790541648865,0.12105951551764287
2015-02-02,0.7782101631164551,0.7881400472586684,1.0854227792482154,1.1309019327163696,1.5087052583694458,0.008533588340953678,0.12958386697070015,0.726005494594574,0.12105364567874426
2015-02-03,0.7801529169082642,0.7947230726306999,1.0786322910331945,1.1341726779937744,1.50281023979187,0.008505209661542334,0.13076254227105666,0.7301934957504272,0.12027701741039926
2015-02-04,0.7762769460678101,0.8037939236318887,1.08137337871816,1.145737886428833,1.5142109394073486,0.008500076231686481,0.1327848414643644,0.7328691482543945,0.1214476530219279
2015-02-05,0.7760962843894958,0.7951021918510397,1.079913608023635,1.131874680519104,1.5180034637451172,0.008526021270950375,0.13113378040229204,0.7359976172447205,0.12054437734863437
2015-02-06,0.7799704074859619,0.8041817487748812,1.0845987091392217,1.147196888923645,1.5325905084609983,0.008508103703938348,0.13314125644366182,0.7406858801841736,0.1212617991841991
2015-02-09,0.7760962843894958,0.7989134497921481,1.0795638687616769,1.1314393281936646,1.523902416229248,0.008405480286958089,0.13145268698149842,0.7350239157676697,0.11881705991866409
2015-02-10,0.7799095511436462,0.8016738746463306,1.0815487718258658,1.1326953172683716,1.5216069221496582,0.008434334237005873,0.13166660639447747,0.7401924729347229,0.11967620716122018
2015-02-11,0.7783918380737305,0.7946599086946241,1.0793307887865555,1.1321951150894165,1.526205062866211,0.00837815635049064,0.13207073541001244,0.7418947815895081,0.12017064484613027
2015-02-12,0.7722604274749756,0.7925814162955137,1.0767740196393043,1.131196141242981,1.5242739915847778,0.008321544605452301,0.13034036693530043,0.7375718951225281,0.11909667995924769
2015-02-13,0.7756748795509338,0.7994115964220824,1.075338210888946,1.140393853187561,1.5391956567764282,0.008409297293218938,0.13090992533057041,0.7433286309242249,0.118546053527832
2015-02-16,0.7765783667564392,0.8029419928900562,1.0733068685381386,1.1400039196014404,1.5400489568710327,0.008433836573954648,0.13210737503844192,0.7479431629180908,0.11903770468800873
2015-02-17,0.7756748795509338,0.8016289050177778,1.0724205332680996,1.1334012746810913,1.5356265306472778,0.008439388543532628,0.1319287286729108,0.7485030293464661,0.11862536683805479
2015-02-18,0.78118896484375,0.807050423334035,1.068216291499019,1.1404719352722168,1.5353436470031738,0.008388698732165486,0.1330017135492794,0.7539203763008118,0.12013888125066452
2015-02-19,0.7808229923248291,0.8028904257470633,1.061683813785955,1.1400039196014404,1.543900728225708,0.008425380404266814,0.13290272675462456,0.7551158666610718,0.11976047357065926
2015-02-20,0.7795447707176208,0.8006212859538848,1.0532635494267237,1.1366735696792605,1.5419963598251345,0.00840420890106723,0.13184975699468218,0.7519361972808838,0.11875708342870397
2015-02-23,0.7846214175224304,0.7978998909863156,1.0631512049979694,1.1381484270095823,1.5389113426208496,0.008397998171267214,0.13264763000154273,0.7530120611190796,0.11928619581631007
2015-02-24,0.7799704074859619,0.7953551138774383,1.0519671475961698,1.1332985162734983,1.5452368259429932,0.008410216739919412,0.13123531414624787,0.7531254291534424,0.11885094372257474
2015-02-25,0.7833307385444641,0.8002560481110966,1.052520782108795,1.1339025497436523,1.545905590057373,0.008410994973372969,0.13186870953403287,0.7483909726142883,0.11898090735968107
2015-02-26,0.7883948683738708,0.8044275984206437,1.0542851517753293,1.1363636255264282,1.552891492843628,0.008415950007695402,0.13266610765798664,0.7571169137954712,0.12069408861676528
2015-02-27,0.780579149723053,0.7998080142238808,1.0497585530099658,1.1205360889434814,1.5418059825897217,0.008376823083199047,0.13071365667981583,0.7539203763008118,0.11915825933594398
2015-03-02,0.7785736322402954,0.7990731118907998,1.0478885196380852,1.1161960363388062,1.5406184196472168,0.008345434463743502,0.130307081145292,0.7548878788948059,0.11960807440280714
2015-03-03,0.7756748795509338,0.7975117307868554,1.0432967878414239,1.1179054975509644,1.5359095335006714,0.008319190544384873,0.13002041116703245,0.7505817413330078,0.11993139300653359
2015-03-04,0.7820442914962769,0.8010895097253984,1.0407993424629933,1.118217945098877,1.5366648435592651,0.008358618080753591,0.12985495070637335,0.7562580704689026,0.12096139632744674
2015-03-05,0.7823501825332642,0.8048678502394183,1.0379904437062781,1.1082050800323486,1.52650785446167,0.008357640068517958,0.12873177698053478,0.7591285705566406,0.12011449512497646
2015-03-06,0.7785130143165588,0.8011408457860258,1.0270841989443276,1.1032048463821411,1.5247621536254885,0.008330209631830308,0.12954592471697318,0.749007523059845,0.11993586498430824
2015-03-09,0.7722604274749756,0.7934618488193949,1.0157440418512398,1.0845986604690552,1.5057746171951294,0.008282328105610805,0.12675556118604142,0.7363770008087158,0.11815862149476894
2015-03-10,0.7685213685035706,0.7923302549799939,1.0129762170713006,1.0833414793014526,1.5104827880859375,0.008236689704370382,0.12592016531633032,0.7341066002845764,0.1178147746659404
2015-03-11,0.7641754746437073,0.7889795409709632,1.0019036341993435,1.0708701610565186,1.508204698562622,0.008261868036147943,0.12363507222665424,0.7291818857192993,0.1169362231344978
2015-03-12,0.7605719566345215,0.7849971233830961,0.9910311565031704,1.0548745393753052,1.493295192718506,0.008236485774448157,0.12193664382346993,0.7306736707687378,0.11596313424803939
2015-03-13,0.770653486251831,0.7879723628486874,0.9973072990160686,1.0626314878463743,1.4894028902053833,0.008242799860364435,0.12326929985761283,0.7405762076377869,0.11639681989416593
2015-03-16,0.7616146206855774,0.780238152573125,0.9933939589730083,1.0481630563735962,1.4755791425704956,0.008241101512951857,0.12183977389292448,0.7319036722183228,0.11456460139379561
2015-03-17,0.7644091248512268,0.7828891574444161,0.9923588700137226,1.0572947263717651,1.4825797080993652,0.008239472234244614,0.12104779038281807,0.7380618453025818,0.11554548834458071
2015-03-18,0.7623113393783569,0.7820442673215424,0.9944015033009177,1.0598047971725464,1.47520911693573,0.00824538266874311,0.12032304597085858,0.7315824031829834,0.11515179002755646
2015-03-19,0.7778469324111938,0.7966413573146661,1.0192640676466227,1.0849988460540771,1.496199607849121,0.008328891050528026,0.12213561206996762,0.7505817413330078,0.11626149211724385
2015-03-20,0.7658140659332275,0.7873395810977485,1.0103663444721322,1.066894292831421,1.4761673212051392,0.008280750496082482,0.12370114365421966,0.7432181239128113,0.11533227310858607
2015-03-23,0.7783918380737305,0.7948683350743112,1.0230178803564378,1.0826611518859863,1.494321584701538,0.008331458725456911,0.12467817586160525,0.7570022940635681,0.1160360744781411
2015-03-24,0.7875256538391113,0.7986582599727935,1.035196665397857,1.094499111175537,1.4951928853988647,0.008350730688935281,0.1268616981055604,0.7655209302902222,0.11762533622030162
2015-03-25,0.7862871289253235,0.799424395162251,1.042133465781199,1.0902034044265747,1.483393311500549,0.008347872519161855,0.12705737603064568,0.7624857425689697,0.11749680142765355
2015-03-26,0.7830240726470947,0.7982757427884659,1.0412544841729432,1.0960465669631958,1.487740993499756,0.008366940702614407,0.1275105196154362,0.7584951519966125,0.11774402406767191
2015-03-27,0.783392071723938,0.8013206120965615,1.0382275319643661,1.0886367559432983,1.4858399629592896,0.008390458465271766,0.12649741088158384,0.7591862082481384,0.11643463782124776
2015-03-30,0.773455023765564,0.7931472056020803,1.0403445339611657,1.0884946584701538,1.4885826110839844,0.008385744234800839,0.1254859460541689,0.7547169327735901,0.11646866392523265
2015-03-31,0.7658140659332275,0.7890604342810057,1.0337412955383765,1.0830246210098269,1.4809110164642334,0.008332430619444815,0.1248798037129428,0.7501313090324402,0.11642935010593915
2015-04-01,0.7613826394081116,0.7881462673907165,1.0285949642350665,1.073814034461975,1.482953429222107,0.008331805615272875,0.12406747598311764,0.7445462346076965,0.11595143949609177
2015-04-02,0.7606876492500305,0.7929962744732882,1.0349824116328132,1.0769942998886108,1.4836794137954712,0.0083630222366733,0.12469730244045318,0.7441030144691467,0.11555363757644335
2015-04-03,0.7582076191902161,0.7960705737347259,1.041699222582124,1.087074637413025,1.4830634593963623,0.008354428362682593,0.1251561354347855,0.7506943941116333,0.11590628553414223
2015-04-06,0.7644091248512268,0.8016032431808461,1.0502657463025824,1.100134253501892,1.4930721521377563,0.008415879218983397,0.1263819881175794,0.7616726756095886,0.1172412675003592
2015-04-07,0.759013295173645,0.8016353398852812,1.0438958235620375,1.0934817790985107,1.4890702962875366,0.00836981194679034,0.1259712357092778,0.7535794973373413,0.11683471186815358
2015-04-08,0.7642922401428223,0.7997441156856417,1.0356255030839354,1.0824151039123535,1.4823819398880005,0.008313242932820673,0.12397564932934449,0.750750720500946,0.11528307502157896
2015-04-09,0.7684623003005981,0.7973527677627447,1.0350359827227653,1.078527569770813,1.487851619720459,0.008326810542253425,0.12414603251052442,0.7554011344909668,0.11526713269247914
2015-04-10,0.7704160213470459,0.7950958614411765,1.0235728657419998,1.0669056177139282,1.4714971780776978,0.008295312938073115,0.1236659551131606,0.7576331496238708,0.11419083984678519
2015-04-13,0.7669299840927124,0.7955765809776707,1.0213669752847228,1.060985445976257,1.4640644788742063,0.00831884470419396,0.12334288754825874,0.7538067698478699,0.1134619163491911
2015-04-14,0.7587253451347351,0.7941550336151837,1.0233319985519707,1.0572947263717651,1.466791749000549,0.008329238255854764,0.12371950449711697,0.7462129592895508,0.11344016527201813
2015-04-15,0.761440634727478,0.8010445291373153,1.0280239381823468,1.0647132396697998,1.4771921634674072,0.008371213021160255,0.12574029705416095,0.7512019276618958,0.1140940371389705
2015-04-16,0.7678722143173218,0.8127438454472447,1.036484245234563,1.0676802396774292,1.4828435182571411,0.00839327546691405,0.12804392131578338,0.7589556574821472,0.11475786422912436
2015-04-17,0.7789375185966492,0.8195780944255925,1.045522030149932,1.0755579471588137,1.4921809434890747,0.008400255458208133,0.12901711219971707,0.7652866244316101,0.11641836250261464
2015-04-20,0.7809448838233948,0.8189538339940396,1.0510826350064963,1.0810226202011108,1.4968267679214478,0.00841623317445236,0.1277449156091876,0.7705348134040833,0.1158258697246162
2015-04-21,0.7722604274749756,0.8181297201434529,1.0467916128469508,1.0747487545013428,1.490979552268982,0.008389613679771021,0.12695156479920344,0.7661073803901672,0.11498905572151089
2015-04-22,0.77154541015625,0.8152284680316185,1.047559212839038,1.074171543121338,1.4935628175735474,0.008358897402557068,0.12697380920579976,0.767224133014679,0.11550811847002328
2015-04-23,0.7750135660171509,0.8168599833251114,1.0315659291385986,1.0725815296173096,1.5037593841552734,0.008336807215022229,0.12664656532173174,0.7642922401428223,0.11455620308834685
2015-04-24,0.7777259349822998,0.8232553364925151,1.0467916128469508,1.0815019607543943,1.5052080154418943,0.008363231947096842,0.12758600739069145,0.7579776644706726,0.11581580160871234
2015-04-27,0.7833307385444641,0.8217331690377946,1.0488336853260634,1.086897373199463,1.517657995223999,0.008408519373877342,0.12851190628294334,0.7609770894050598,0.11580239722854202
2015-04-28,0.7867201566696167,0.826924638990949,1.0468902449830162,1.087795972824097,1.5223711729049685,0.008394473117633612,0.12934234523663338,0.7628929018974304,0.11619111360307073
2015-04-29,0.7996801733970642,0.8307718239814399,1.0457078846992411,1.096912145614624,1.533483624458313,0.008415879218983397,0.13075997401201384,0.7723796963691711,0.11756683333000709
2015-04-30,0.7994883060455322,0.8320574819984399,1.063490389218399,1.1114321947097778,1.542686104774475,0.008405480286958089,0.1329214524745493,0.7605719566345215,0.11988525234731116
2015-05-01,0.7903263568878174,0.82795162657311,1.071581652550909,1.1214659214019775,1.5354615449905396,0.008371563229374969,0.13265643183984108,0.7605140805244446,0.12000768176612868
2015-05-04,0.7830240726470947,0.8222331893287984,1.0714668170800994,1.1185932159423828,1.5146695375442505,0.008323899470522466,0.13151146198916955,0.7526153922080994,0.11890874967751812
2015-05-05,0.7843137383460999,0.8269588770578329,1.0710537361750971,1.1149141788482666,1.5122873783111572,0.00832639477689484,0.1318627976805399,0.7540909647941589,0.11947745930825457
2015-05-06,0.7935248017311096,0.8284592456333004,1.0785275874059275,1.1186307668685913,1.517427682876587,0.008338753726838634,0.1319306458716596,0.7500750422477722,0.11975043465629034
2015-05-07,0.7956715226173401,0.8307028000815195,1.0910479746028476,1.1341469287872314,1.5242043733596802,0.008375419595281772,0.13463117711376812,0.749007523059845,0.12151554654681555
2015-05-08,0.7901390790939331,0.82590019599432,1.084951718750404,1.1246949434280396,1.5407133102416992,0.008353590816556618,0.13403173055912232,0.7443245053291321,0.12084007787598708
2015-05-11,0.7925814390182495,0.8271024632516752,1.0735142733265115,1.1194071769714355,1.5434004068374634,0.00834863925689773,0.13352079644189366,0.7425007820129395,0.12119434291710572
2015-05-12,0.7899518013000488,0.8268836385605423,1.0700909817564497,1.114441990852356,1.557705283164978,0.008324246259798638,0.13218019045551715,0.7344300746917725,0.12036142772168716
2015-05-13,0.7990411520004272,0.8331250671626123,1.077214764400427,1.1221455335617063,1.567103385925293,0.008344807507321729,0.13374240961610293,0.7415646910667419,0.12009848163456789
2015-05-14,0.8112932443618774,0.836540070536318,1.0905125459977887,1.1350480318069458,1.574009895324707,0.00839207762057145,0.13536287627522822,0.753409206867218,0.12136040652847359
2015-05-15,0.8086689114570618,0.8345155609258156,1.0957703495558422,1.1404979228973389,1.5772124528884888,0.008389895077023975,0.13565023792051678,0.7492882013320923,0.12134435401978284
2015-05-18,0.8046994805335999,0.8325147068923012,1.0925379518065226,1.144505262374878,1.574604868888855,0.008380122221197838,0.13667363736419,0.7457677721977234,0.12197963779849982
2015-05-19,0.7994883060455322,0.8233841423075308,1.079913608023635,1.1326183080673218,1.5663670301437378,0.00834028346350073,0.13512363141666697,0.737626314163208,0.12153016540233073
2015-05-20,0.7922046780586243,0.8177216327551566,1.0671219797519758,1.1146656274795532,1.5516144037246704,0.008288300206037663,0.13275346366790922,0.7361059784889221,0.11986958768307795
2015-05-21,0.7878358364105225,0.8192424021946448,1.0682619308619234,1.1100751161575315,1.5542914867401123,0.008250008387097302,0.13208992624978277,0.7303534746170044,0.11988826788815402
2015-05-22,0.7902015447616577,0.8199409896404426,1.067281441361665,1.1111851930618286,1.5663915872573853,0.008261799815743306,0.13232711440973166,0.7352941036224365,0.11999313851491418
2015-05-25,0.78118896484375,0.8133387190009806,1.060108121169108,1.0992997884750366,1.5475084781646729,0.008225645976661788,0.13068785937335445,0.7301934957504272,0.11908447991394286
2015-05-26,0.7827175855636597,0.81173442145084,1.0576414414098645,1.0971167087554932,1.5472211837768557,0.008223684313719955,0.1307326262729845,0.7312079668045044,0.11883117133317664
2015-05-27,0.7744733095169067,0.8048678502394183,1.0507513179159154,1.08888578414917,1.539859175682068,0.008131006777224422,0.12906723096817901,0.7247952818870544,0.11809721945974973
2015-05-28,0.7735148668289185,0.802954904925467,1.0528643163605367,1.0900014638900757,1.5350136756896973,0.008081461267689218,0.1285875912954779,0.7242178320884705,0.11750812523519533
2015-05-29,0.7658140659332275,0.8048225215771881,1.0604453661498086,1.0960345268249512,1.531909704208374,0.008076239722699666,0.12834318327999858,0.718339204788208,0.1182648215909633
2015-06-01,0.7645260095596313,0.8028195029272842,1.062360593483204,1.0957943201065063,1.5288883447647097,0.008051983554718036,0.12853288901073193,0.7099247574806213,0.1169864249799291
2015-06-02,0.7614986300468445,0.7984414577715238,1.0570824748101062,1.0922993421554563,1.519987940788269,0.008009803992264456,0.1256707647827126,0.7104290723800659,0.11649403801507657
2015-06-03,0.7763975262641907,0.8055616214776279,1.0713405812163341,1.115001201629639,1.5339776277542114,0.008062175295108819,0.12769272379587548,0.7166917324066162,0.11847078130251923
2015-06-04,0.7774840593338013,0.802825956923489,1.0700451859779903,1.1257838010787964,1.5326610803604126,0.008044793354403614,0.12875862595708554,0.7152052521705627,0.12028455070982816
2015-06-05,0.7688168287277222,0.8003841718231951,1.0699764655402118,1.120787262916565,1.5364996194839478,0.008039877971395598,0.12866535474737373,0.7128092050552368,0.12060108237520792
2015-06-08,0.7621369957923889,0.8027614984522506,1.0635356256392654,1.110814929008484,1.526787519454956,0.007959945693192774,0.12559421611383365,0.7048706412315369,0.11916962125672845
2015-06-09,0.7688168287277222,0.8058017362289501,1.0782833810757502,1.128095269203186,1.5345896482467651,0.008028065890997593,0.1279107731795246,0.7130632996559143,0.12049716849304994
2015-06-10,0.7691124677658081,0.8103727927684591,1.0752457228817829,1.1299052238464355,1.539408802986145,0.00804252909412757,0.1287682396170709,0.7145919799804688,0.12075325684837841
2015-06-11,0.7731559872627258,0.8147303605988903,1.0728117562847594,1.131196141242981,1.549690842628479,0.008138948300241948,0.12864383948939764,0.7047712802886963,0.1209372610047526
2015-06-12,0.7748873829841614,0.8134710664620144,1.070778457468298,1.1240627765655518,1.5508925914764404,0.00809185869695467,0.12736647152120237,0.7016066908836365,0.12173151074746902
2015-06-15,0.7730364799499512,0.8120376534354844,1.075500137665066,1.1219944953918457,1.5561537742614746,0.008110957843898096,0.12875415166741425,0.6991051435470581,0.12187512058776627
2015-06-16,0.7757951617240906,0.8119519020153106,1.075453808805531,1.1277008056640625,1.5596001148223877,0.00810241463973395,0.12895189385365863,0.6999860405921936,0.12255953553945546
2015-06-17,0.774713397026062,0.8133123019888542,1.0733068685381386,1.124201774597168,1.563966155052185,0.00810116718194133,0.12882065772399548,0.6984215378761292,0.1222954373637324
2015-06-18,0.7725587487220764,0.8177283285774071,1.0858942489704622,1.1369967460632324,1.584811091423035,0.008095199626664256,0.1307822111417744,0.6889899373054504,0.12347630857442833
2015-06-19,0.7789981961250305,0.8177952131056125,1.0854227792482154,1.1370742321014404,1.587881326675415,0.008129949179133907,0.12860247875116115,0.6918978691101074,0.12312738986034596
2015-06-22,0.7765783667564392,0.8147303605988903,1.0891940898494028,1.1372941732406616,1.588511943817139,0.008146573180463265,0.1294498397857992,0.6902264356613159,0.12324785633620848
2015-06-23,0.7728572487831116,0.8121168186225762,1.0855523557289277,1.13490629196167,1.5829297304153442,0.008105107172282749,0.12930554881602746,0.6870018839836121,0.12286356219919796
2015-06-24,0.7742335200309753,0.811477570530215,1.0712372883596117,1.1172186136245728,1.5741090774536133,0.008073631479672586,0.12784454060165973,0.6867188811302185,0.12116805629093387
2015-06-25,0.7709506154060364,0.8074935514935238,1.0712372883596117,1.1206992864608765,1.570993185043335,0.008074218349109657,0.12764316940642376,0.6890373826026917,0.1214413094744225
2015-06-26,0.7733952403068542,0.8108919212965984,1.0677714610263025,1.1202975511550903,1.5745056867599487,0.008090745832915901,0.1280809887111235,0.6887526512145996,0.121264000871511
2015-06-29,0.7626601457595825,0.809651020146186,1.0632641974394783,1.0975021123886108,1.5693166255950928,0.008155808599340427,0.1261766002629963,0.682314395904541,0.11897396843089758
2015-06-30,0.767283022403717,0.8056784496443286,1.0800302613154196,1.122296690940857,1.573192834854126,0.008151952514279536,0.12704494520743295,0.6839009523391724,0.12148425036384705
2015-07-01,0.7694082856178284,0.8014747289104077,1.0698619738313484,1.1134989261627195,1.5687012672424316,0.008170869111120005,0.12734603025551522,0.6787022948265076,0.12052985613330085
2015-07-02,0.7641754746437073,0.7942118009729052,1.054029548885936,1.103363037109375,1.5605005025863647,0.008108984775175687,0.12613458011265882,0.6713212132453918,0.11925233466296399
2015-07-03,0.7638835906982422,0.7971938680962153,1.0599957315139996,1.1086965799331665,1.5613046884536743,0.008126183500397934,0.12570852780927255,0.6723141074180603,0.11834879449863026
2015-07-06,0.7484470009803772,0.792763654666637,1.059209804430353,1.0995051860809326,1.555596947669983,0.008169467587211024,0.12399225899768541,0.6681811809539795,0.11737309289544086
2015-07-07,0.7478815913200378,0.7899330573664723,1.0605241299793804,1.1048991680145264,1.560208439826965,0.00815587508055725,0.1237164391125626,0.6675121784210205,0.1180623549238736
2015-07-08,0.7458233833312988,0.7863613503474297,1.056457037442189,1.1009942293167114,1.5462881326675415,0.008163931891909872,0.1223801487992734,0.6667110919952393,0.11748326839076506
2015-07-09,0.742225170135498,0.7856076765950927,1.057529640799431,1.1071009635925293,1.536995530128479,0.008273899191143533,0.12155690531710606,0.6715916991233826,0.11813641677264562
2015-07-10,0.7461016178131104,0.7868068396959741,1.0549636068337018,1.1063048839569092,1.5373972654342651,0.008216927075399106,0.1231102594661523,0.6748093962669373,0.11815582547694421
2015-07-13,0.7425007820129395,0.787649632489676,1.0637958603484883,1.1129041910171509,1.5515903234481812,0.008163531723995497,0.12480701544316848,0.6715014576911926,0.11833899084753467
2015-07-14,0.7394808530807495,0.7842522199703561,1.0521885578899453,1.099045991897583,1.548227310180664,0.008092579124946663,0.12360022721462056,0.6684938669204712,0.11772045500906612
2015-07-15,0.7446016073226929,0.7851142348264835,1.05834665633125,1.1008002758026123,1.5636972188949585,0.008108984775175687,0.12317849131675135,0.6703760623931885,0.11762629944643926
2015-07-16,0.7373543977737427,0.7735746573620657,1.0501995428557835,1.0943553447723389,1.563403844833374,0.008072979557817868,0.12255307530992227,0.6575053930282593,0.11754334832458221
2015-07-17,0.7415096759796143,0.7711229680088976,1.0448229307313797,1.0886012315750122,1.5613046884536743,0.008054837197920559,0.12253865326400147,0.6524859666824341,0.11702722613791382
2015-07-20,0.7369197010993958,0.7700007848151577,1.0392849870814271,1.0830246210098269,1.5600380897521973,0.00805529163189225,0.12237610681953721,0.6517205238342285,0.11553480695185958
2015-07-21,0.7375501990318298,0.7694853123624341,1.0379904437062781,1.0835410356521606,1.5573898553848269,0.00804544073175012,0.1216678225335682,0.6582412123680115,0.11606043825716753
2015-07-22,0.7425007820129395,0.7726184275665159,1.0438413314408341,1.0939961671829224,1.555596947669983,0.008073631479672586,0.12339280313772745,0.6629101634025574,0.11712482031830398
2015-07-23,0.7375174760818481,0.766824115656631,1.0419923018895487,1.0927051305770874,1.5614020824432373,0.008060096024798175,0.12267094188076663,0.6629980802536011,0.11635077621480935
2015-07-24,0.7356186509132385,0.7681376731126157,1.0424267895202943,1.0989010334014893,1.5519516468048096,0.00807258875354714,0.12243827999120517,0.6619009971618652,0.11676786371499794
2015-07-27,0.7275902032852173,0.7668123394820132,1.0389610646968959,1.0972371101379397,1.5522888898849487,0.008079959245127442,0.12185121400798106,0.6579813361167908,0.11639546324811827
2015-07-28,0.7275902032852173,0.7670005913010626,1.0395010261044797,1.109004020690918,1.5564203262329102,0.008114248761229353,0.12238509094648231,0.6626905202865601,0.1175226255285473
2015-07-29,0.7346999049186707,0.7734729442398515,1.0399010157390778,1.1065986156463623,1.5611096620559692,0.008092186420830613,0.12260927775682794,0.6714112758636475,0.11688756276050466
2015-07-30,0.7298737168312073,0.7723379427800567,1.0337306586197283,1.098406195640564,1.560208439826965,0.0080684200443901,0.12268011288326275,0.6655131578445435,0.11576459262317795
2015-07-31,0.7294477820396423,0.7688995524060376,1.0327378039464516,1.0939244031906128,1.5604275465011597,0.008059901241120992,0.12259393949313974,0.6608075499534607,0.11603082290044525
2015-08-03,0.7299802899360657,0.7621370015498752,1.0340192068582503,1.0969001054763794,1.5626953840255735,0.008061915451621219,0.12224640547586896,0.6582845449447632,0.11583592679479095
2015-08-04,0.7275902032852173,0.7599881643231169,1.0317787705871868,1.09560227394104,1.559040904045105,0.008068094739297165,0.12132683172013704,0.6569007635116577,0.11563821547820849
2015-08-05,0.737626314163208,0.7580351504737105,1.0225994182772131,1.0888975858688354,1.5569047927856443,0.008046735305063429,0.12069103240270429,0.6537656784057617,0.11488839048484098
2015-08-06,0.7352941036224365,0.759359092340172,1.0214086990974922,1.0903104543685913,1.5605981349945068,0.008017317189821203,0.1212108041225101,0.6526563167572021,0.11496565643098788
2015-08-07,0.7345379590988159,0.7625903976391593,1.0193783907323006,1.0927051305770874,1.551421880722046,0.008017060229791975,0.12094136193517067,0.6544074416160583,0.11447659928375704
2015-08-10,0.7401924729347229,0.760745545521943,1.0168802247253939,1.0965032577514648,1.5494027137756348,0.008045052095321395,0.12099418277670812,0.6611133217811584,0.11407946448659585
2015-08-11,0.7413997650146484,0.7685685925238027,1.016673423394762,1.1016976833343506,1.5585306882858276,0.008024844986691279,0.12200924480296906,0.6614194512367249,0.1150759912910744
2015-08-12,0.7310475707054138,0.7633588119692684,1.0119818507912683,1.104203701019287,1.5584092140197754,0.007995522526905252,0.1209233701235866,0.6553938984870911,0.11552280388172556
2015-08-13,0.7381163239479065,0.770594099870686,1.025325526121141,1.1160963773727417,1.561597228050232,0.008047966054520133,0.12271775849467764,0.6612007021903992,0.11635618591094742
2015-08-14,0.7375174760818481,0.7654037750613246,1.0252204528633206,1.1160963773727417,1.561792254447937,0.008040976884952106,0.12189770449023017,0.655995786190033,0.11811395430149192
2015-08-17,0.7369197010993958,0.763341307129972,1.0234366850570165,1.1092993021011353,1.5651901960372925,0.008041817549423722,0.1214417595490778,0.6541934013366699,0.11742326299235947
2015-08-18,0.7370826601982117,0.7636502604215503,1.022285811882943,1.107800006866455,1.5585062503814695,0.008036130213855776,0.12186056025065313,0.6581112146377563,0.1172607896709734
2015-08-19,0.7339987754821777,0.7657554308052547,1.0231225649926323,1.1030831336975098,1.5664896965026855,0.008040459450619316,0.12081452932238965,0.6588917374610901,0.11710041305475022
2015-08-20,0.7354563474655151,0.7619628258487963,1.0355183082921193,1.1118029356002808,1.568307638168335,0.008071220242486373,0.12059962595548293,0.6601967215538025,0.11741939717432252
2015-08-21,0.7337295413017273,0.7647247851236256,1.0426441368444574,1.1236965656280518,1.569095015525818,0.00810241463973395,0.12147642531855564,0.6623393893241882,0.11743015372100057
2015-08-24,0.7258474230766296,0.756486869167648,1.055631776819274,1.1376951932907104,1.5677913427352903,0.008214766712520832,0.12175047895500726,0.662778377532959,0.11956673569525042
2015-08-25,0.7172057628631592,0.7527286229528262,1.0723860534975493,1.1583056449890137,1.5762925148010254,0.008411560659217047,0.12147701638390118,0.646120011806488,0.12089003666213194
2015-08-26,0.7105300426483154,0.7492881920811302,1.0648492931096245,1.1550945043563845,1.5695877075195312,0.00843597091510577,0.1219855835938548,0.6469979286193848,0.11983654497138989
2015-08-27,0.7124537229537964,0.7518796749870864,1.0505305120176087,1.134005427360535,1.5482032299041748,0.008329307594532417,0.11964484089131171,0.64470374584198,0.11799271412634443
2015-08-28,0.7174115777015686,0.7581501104335332,1.035947348593678,1.1247961521148682,1.541401982307434,0.008264258023512454,0.12048524745830173,0.647794246673584,0.11823349744629645
2015-08-31,0.7140816450119019,0.7554011363874794,1.0404744755553974,1.1214030981063845,1.5418059825897217,0.008244770654574603,0.12085527290162448,0.6462870836257935,0.11852020642835942
2015-09-01,0.7109341621398926,0.7608613291051811,1.036162066086859,1.1225864887237549,1.5363106727600098,0.008258388670371826,0.12109073305568592,0.6352836489677429,0.11828719470635203
2015-09-02,0.7009181976318359,0.7545461528760894,1.0416666899497313,1.1293437480926514,1.5305262804031372,0.008353172372636936,0.1205410377135626,0.6319115161895752,0.11863662735706029
2015-09-03,0.7047216296195984,0.7538635176363688,1.031140446195284,1.121604323387146,1.5308074951171875,0.008293249169137562,0.12130593232672325,0.6369832158088684,0.11855926951526737
2015-09-04,0.7019021511077881,0.7582651052671923,1.026904904884441,1.1125946044921875,1.526205062866211,0.008329446275351138,0.12104471622987525,0.6392635703086853,0.11894283421648273
2015-09-07,0.6935774683952332,0.7532389260891631,1.0289124540898882,1.115200161933899,1.5201033353805542,0.008391796076896796,0.12041328678379383,0.6294850707054138,0.11862395774600724
2015-09-08,0.6946374177932739,0.7520380115648392,1.02511533850245,1.1163954734802246,1.5283042192459106,0.008374998961687218,0.12013498596235356,0.6273919343948364,0.1183263980771238
2015-09-09,0.7037792801856995,0.7575757274724029,1.022704017284737,1.1207369565963743,1.5401912927627563,0.008327157574138492,0.12153592659182559,0.6375924348831177,0.11902409810734185
2015-09-10,0.6965728402137756,0.7530631144677106,1.025535862638034,1.1220699548721311,1.535791516304016,0.008314072407380415,0.1217266212439292,0.6266841888427734,0.1191497427017976
2015-09-11,0.7071135640144348,0.7556237100921239,1.0275379944384921,1.1290887594223022,1.54421067237854,0.008290567594451383,0.12245642513882644,0.630994439125061,0.11963053557737943
2015-09-14,0.7099751830101013,0.7548650758477331,1.0319917633637736,1.1344043016433716,1.544807195663452,0.008278419978357824,0.12296130335867,0.6323110461235046,0.12153622241336405
2015-09-15,0.7160758972167969,0.7546600569426571,1.0328444238169614,1.1307612657546997,1.5427099466323853,0.008308408066873963,0.1221059437121336,0.6341153979301453,0.12115044489088354
2015-09-16,0.7128092050552368,0.7550589241712236,1.0265780995167675,1.1271796226501465,1.53449547290802,0.0083033031844047,0.12218710366355291,0.6347997188568115,0.12039344735111705
2015-09-17,0.7199942469596863,0.7594167689122306,1.0308215800889886,1.12920343875885,1.5518070459365845,0.008297171313558215,0.12278584340266259,0.6353644132614136,0.12123122222852967
2015-09-18,0.7189072370529175,0.7590132854795122,1.0394254183297342,1.1400948762893677,1.5569047927856443,0.008330140278133592,0.12334105947995838,0.637511134147644,0.12205392378706864
2015-09-21,0.7190106511116028,0.756486869167648,1.0316723706052489,1.12920343875885,1.552891492843628,0.008333263927613925,0.12250397977645024,0.6384880542755127,0.12116805629093387
2015-09-22,0.7130124568939209,0.7547739274920693,1.0290182855243948,1.1190940141677856,1.5508204698562622,0.008298892852018822,0.12168069887120755,0.6329113841056824,0.11964441768883821
2015-09-23,0.7079144716262817,0.7534092034819927,1.0252204528633206,1.1120749711990356,1.5353907346725464,0.00832778135202679,0.12058144447595319,0.6288912296295166,0.11902353067105449
2015-09-24,0.6998880505561829,0.7504690538942298,1.0213461457448334,1.1189937591552734,1.5252039432525637,0.008319467765299507,0.12077308985891708,0.6278252005577087,0.11871549744811315
2015-09-25,0.7011638879776001,0.749681399561234,1.0224949029800312,1.1178929805755615,1.522695779800415,0.008316700081224121,0.11806041417793235,0.6327111721038818,0.11887285188461882
2015-09-28,0.7020993232727051,0.7499624956528036,1.0211375241571359,1.1201720237731934,1.5201727151870728,0.008307856169732989,0.11756559426810323,0.637511134147644,0.11901077829223683
2015-09-29,0.6972042322158813,0.7464357783413705,1.0259567319311147,1.123103380203247,1.5165071487426758,0.008344459534031404,0.11712427084674877,0.630795419216156,0.11818794770937137
2015-09-30,0.7003781795501709,0.745212017796022,1.0298661007151513,1.1255937814712524,1.5157945156097412,0.008343066868912032,0.11811716080218325,0.6354047656059265,0.11936949243922786
2015-10-01,0.7010164856910706,0.7509198952404815,1.0265886525629875,1.11720609664917,1.5124017000198364,0.008343136438020775,0.11737226519217042,0.6388959884643555,0.11944291805522522
2015-10-02,0.7036802172660828,0.7549620215387978,1.024380266160815,1.1193444728851318,1.5139129161834717,0.00834654887219194,0.11856531553840469,0.6399999856948853,0.11942437636463923
2015-10-05,0.704820990562439,0.7594744542465198,1.0297600948273036,1.1226998567581177,1.5194103717803955,0.008333680379272996,0.11934313564364595,0.6452028751373291,0.11956144596721734
2015-10-06,0.708817720413208,0.7643506733962556,1.0252204528633206,1.1195199489593506,1.5154958963394165,0.008301442061416689,0.11902211210400632,0.64939284324646,0.12014753988099323
2015-10-07,0.7159220576286316,0.7666360205079463,1.0336344904300554,1.1267986297607422,1.5226030349731443,0.008316700081224121,0.12078693231952618,0.6544074416160583,0.12144676685462816
2015-10-08,0.7194762229919434,0.765397908720962,1.027432467256332,1.1239995956420898,1.5315576791763306,0.008339240231540654,0.12192282013495767,0.6605892181396484,0.1213121073549954
2015-10-09,0.7267441749572754,0.7693195445459491,1.0349824116328132,1.1286935806274414,1.535131573677063,0.008338266748451301,0.12282867584587799,0.6668000221252441,0.12134553358713175
2015-10-12,0.7314754128456116,0.7722007977909368,1.0405826989615086,1.1369967460632324,1.5323086977005005,0.008320921233242394,0.12385649232653316,0.6681811809539795,0.12199733498482211
2015-10-13,0.7344300746917725,0.7685804227032537,1.0387451857192052,1.135550618171692,1.5337893962860107,0.008332569404279011,0.12351137470858846,0.6703311800956726,0.12226433697596738
2015-10-14,0.7222824096679688,0.768167145744298,1.0435145630512404,1.138498306274414,1.5258090496063232,0.008352823169091902,0.12280938460385278,0.664893627166748,0.12293636344131682
2015-10-15,0.7320108413696289,0.7739937749133103,1.0532968104734914,1.147552251815796,1.5480115413665771,0.008415383191037393,0.12374523051882609,0.6804109811782837,0.12334684854881217
2015-10-16,0.7329228520393372,0.7780284659128957,1.0511930765632387,1.1368157863616943,1.5471972227096558,0.008399831788036521,0.12345405169553646,0.6837139129638672,0.12140341671721398
2015-10-19,0.726005494594574,0.7741795680320975,1.0492849231261872,1.1361054182052612,1.543805480003357,0.008384338292493224,0.12322828839087976,0.6799020767211914,0.12138102963010466
2015-10-20,0.7256367206573486,0.768049128142474,1.0457297849577911,1.132900595664978,1.5471972227096558,0.008367990877132993,0.12307919117067939,0.6805961728096008,0.12032883136066495
2015-10-21,0.7267441749572754,0.7700837712936185,1.0459813126064157,1.1353960037231443,1.5449025630950928,0.00834863925689773,0.12311313588286443,0.6751282811164856,0.12034764117356211
2015-10-22,0.7215527892112732,0.7614116791069364,1.042622430430536,1.134803295135498,1.5424481630325315,0.008344319821623866,0.12222548728999517,0.6725401878356934,0.12028194292246845
2015-10-23,0.721188485622406,0.7630092840621023,1.0272213521161944,1.108094573020935,1.5383669137954712,0.008274036033012818,0.12053841879311221,0.6799020767211914,0.1182439769857628
2015-10-26,0.7223867774009705,0.7591746411331698,1.021867948367493,1.1020376682281494,1.531745433807373,0.008244295109686071,0.11913980591106486,0.6749460101127625,0.11758066250583515
2015-10-27,0.7251105904579163,0.7601094340521924,1.017873870445745,1.1065986156463623,1.535791516304016,0.008267947818419788,0.12013974843402858,0.6785181164741516,0.11764705882352941
2015-10-28,0.7192692160606384,0.753579490181314,1.0131712376847262,1.1037039756774902,1.5312998294830322,0.008300339664702297,0.11815498669740014,0.6772773265838623,0.11759448174759762
2015-10-29,0.7100759744644165,0.7580926260953839,1.0064412128201334,1.0928961038589478,1.5271838903427124,0.008274036033012818,0.11667113586167378,0.6688068509101868,0.11682652412746883
2015-10-30,0.7090187072753906,0.7599361837571519,1.0114291773877562,1.099384307861328,1.532379150390625,0.008264462809917356,0.11691544008197426,0.6706008911132812,0.11741484793219838
2015-11-02,0.7137249112129211,0.7649587473823855,1.0139108322319776,1.102596640586853,1.5441631078720093,0.008299099358528093,0.11810042505187426,0.6771856546401978,0.11737062295833572
2015-11-03,0.7159220576286316,0.7637669299413905,1.0131917351142539,1.1016006469726562,1.542400598526001,0.008278967971361663,0.11781158456163279,0.6758126616477966,0.1172463539138603
2015-11-04,0.7191140651702881,0.7654389051476598,1.0090817390193476,1.0963950157165527,1.5419248342514038,0.008257979189227127,0.11761108759433722,0.666400134563446,0.11716736768310139
2015-11-05,0.71387779712677,0.7601730111018176,1.0071507563468531,1.086802959442139,1.5390061140060425,0.00823113027890025,0.11564035797498357,0.6595001220703125,0.11594727252843709
2015-11-06,0.714796245098114,0.7597629436089892,1.0048736071910578,1.0883997678756714,1.521005153656006,0.00821895302908977,0.11694387847907915,0.6609822511672974,0.1159327481798164
2015-11-09,0.7038784027099609,0.752105909780909,0.9946290603665727,1.0733413696289062,1.5055025815963743,0.008116883317944497,0.11556284504470807,0.6536802053451538,0.11460254052739578
2015-11-10,0.7051191329956055,0.7538124392143486,0.9969294469213359,1.0759514570236206,1.5121043920516968,0.00812499469220985,0.11559785445647866,0.6538939476013184,0.11520552120210253
2015-11-11,0.7046719789505005,0.75404546453133,0.9948169618466487,1.0737563371658323,1.5138899087905884,0.0081245328635346,0.11626459882584038,0.6552221179008484,0.11526049346822102
2015-11-12,0.7071135640144348,0.7545461528760894,0.99648239176453,1.0762988328933716,1.522510290145874,0.008146174712427082,0.11621934237365983,0.6555227637290955,0.11539656012214751
2015-11-13,0.7137249112129211,0.7528986696792398,0.9996401175075921,1.0815019607543943,1.5234612226486206,0.008159269092037291,0.1154068095098004,0.6547930836677551,0.1158855979838141
2015-11-16,0.7105805277824402,0.7507507410754575,0.9920634761073485,1.06999933719635,1.5217920541763306,0.008172338375411058,0.11463867491888685,0.6532958745956421,0.11460136316009727
2015-11-17,0.7095217704772949,0.7501875780159102,0.99063850692263,1.068798542022705,1.5204963684082031,0.008112537191178828,0.11494675232365256,0.6485084295272827,0.11459662888476
2015-11-18,0.7113893628120422,0.7508860179814678,0.9859988438743796,1.064384698867798,1.5220005512237549,0.008100773643907488,0.11522064885676106,0.6480041146278381,0.11425176889452182
2015-11-19,0.7117944359779358,0.7519362209248647,0.9814505485042797,1.066996693611145,1.5239256620407104,0.008095527121207901,0.11548730568755508,0.6491820216178894,0.11471980965222013
2015-11-20,0.7191658020019531,0.7521398297676228,0.9867187263828968,1.0726161003112793,1.5288182497024536,0.008135901939141875,0.11624798437722592,0.6558666825294495,0.11528573673021014
2015-11-23,0.7229090332984924,0.7487159265451164,0.9808825947118031,1.0641014575958252,1.518994927406311,0.008135174282293005,0.11579877806633039,0.6547502279281616,0.11467942233758234
2015-11-24,0.7189072370529175,0.7484861830970735,0.9821445987191599,1.0642033815383911,1.5129051208496094,0.008135703474364733,0.11566937877084077,0.6512112617492676,0.11476048918024376
2015-11-25,0.7257947325706482,0.7517101555509655,0.9832842078513093,1.064384698867798,1.5085914134979248,0.00816293230823365,0.11572064401568434,0.655995786190033,0.11506420962488165
2015-11-26,0.725584089756012,0.7520380115648392,0.9787608651441589,1.0624960660934448,1.512355923652649,0.008151287883211806,0.11568664508001107,0.6578081846237183,0.11457378962411485
2015-11-27,0.7219173908233643,0.7521964148440958,0.976915465088343,1.0604453086853027,1.5099810361862185,0.00815434527211967,0.1154438469421323,0.6575918793678284,0.11447908639973484
2015-11-30,0.7183908224105835,0.7481110405980459,0.9706852995113137,1.05830180644989,1.5038950443267822,0.008141333429070858,0.11488574709218242,0.6526989340782166,0.11440586797919655
2015-12-01,0.7232750058174133,0.749131011177657,0.9719117246486779,1.0572947263717651,1.5057973861694336,0.008116224392749172,0.11513362108247406,0.6599788665771484,0.11473679361424687
2015-12-02,0.7323324680328369,0.748503013246865,0.9744688611923948,1.0625863075256348,1.507795333862305,0.008135703474364733,0.1159292618522307,0.6672894954681396,0.11517950333496561
2015-12-03,0.7303001284599304,0.7491815240291398,0.9819709941548398,1.0613007545471191,1.4949023723602295,0.00811517063639625,0.1156519900571865,0.6643193960189819,0.11515894791557643
2015-12-04,0.7329766154289246,0.7492376648451246,1.0063399138170963,1.0915957689285278,1.513500452041626,0.008153082280867564,0.11765356660824247,0.6675121784210205,0.11768360678993613
2015-12-07,0.7342144250869751,0.746937581985328,1.003210267402293,1.0883997678756714,1.511258840560913,0.008117541847404682,0.11737268561142036,0.6729022264480591,0.11795081250802171
2015-12-08,0.7259001135826111,0.7402801370707417,0.999600212727344,1.0834001302719116,1.5050268173217771,0.008111615914194313,0.11542545866598536,0.6640105843544006,0.11704175168833186
2015-12-09,0.7225067615509033,0.7364095840079022,1.0072522186640345,1.0893957614898682,1.5010056495666504,0.008135901939141875,0.11418354068548717,0.663790225982666,0.117553020585366
2015-12-10,0.7235366702079773,0.7370826576353346,1.0169836569429807,1.1017948389053345,1.5183953046798706,0.008216927075399106,0.11530807457609897,0.6727211475372314,0.11886492844362503
2015-12-11,0.727219820022583,0.7335142852221136,1.012145773900875,1.0948106050491333,1.516093373298645,0.008216251807757811,0.11571717043302343,0.676315426826477,0.1174777533876459
2015-12-14,0.7164863348007202,0.7280139746334853,1.0164667677445447,1.0983941555023191,1.5198955535888672,0.008271777676789905,0.11516279280228152,0.6719075441360474,0.11752124251241645
2015-12-15,0.7254788279533386,0.7284966215248028,1.0147133660651848,1.0992997884750366,1.5160702466964722,0.008258320507414922,0.115542814628324,0.6785181164741516,0.11795374478527
2015-12-16,0.7203054428100586,0.7284169792910293,1.0093974978671585,1.0936251878738403,1.5043702125549316,0.008218614957212062,0.1151051338108597,0.6770939230918884,0.11769455711386496
2015-12-17,0.7208765745162964,0.7251631887924246,1.0073942881593336,1.087453007698059,1.497790813446045,0.008165731861318621,0.11395375323524784,0.6766357421875,0.11730645418415835
2015-12-18,0.7128092050552368,0.718184416185272,1.0056315119151744,1.0844104290008545,1.4929606914520264,0.00816659881521014,0.11415942402933418,0.6701963543891907,0.11699874719435359
2015-12-21,0.7166917324066162,0.7170514669383994,1.008247486865668,1.0869920253753662,1.4908239841461182,0.008244022875855225,0.11430491244398674,0.6728116869926453,0.1169207720426513
2015-12-22,0.7199942469596863,0.7167534005296482,1.0073537014262965,1.09129798412323,1.4896912574768066,0.008250416558793503,0.11399389119650448,0.6775985956192017,0.11774319112461469
2015-12-23,0.7232226729393005,0.7184424460798264,1.0123506761247252,1.0950024127960205,1.4823379516601562,0.00826241436078621,0.11469731019572604,0.6809206008911133,0.11861425604953904
2015-12-24,0.7233796119689941,0.7219174003218616,1.0095911428157414,1.0909169912338257,1.4876967668533323,0.00826890495049205,0.11476168237954153,0.6790710091590881,0.11839643343751691
2015-12-25,0.727219820022583,0.723196510700429,1.0139417155102437,1.0969964265823364,1.491424322128296,0.008321544605452301,0.11483245204764769,0.6830601096153259,0.1192356960227515
2015-12-28,0.7282790541648865,0.7227000003532255,1.013397122308155,1.0965994596481323,1.4932059049606323,0.008317322293319883,0.11550505205722335,0.6843221783638,0.11914591129050951
2015-12-29,0.7257947325706482,0.7197351347028931,1.0122072053238627,1.0975261926651,1.4894028902053833,0.00830909856816517,0.11509731302103554,0.6855888962745667,0.11954515709044643
2015-12-30,0.7290754914283752,0.7228567489314767,1.0078511900474578,1.0928006172180176,1.4822280406951904,0.008296758502686769,0.11501471006657317,0.6864831447601318,0.1193559593520255
2015-12-31,0.7284913063049316,0.7208765870187855,1.012145773900875,1.093398094177246,1.481920599937439,0.00830220029336907,0.11386590771698625,0.684415876865387,0.11891596420418268
2016-01-01,0.7271669507026672,0.7194400164049252,0.9986417884630472,1.0859060287475586,1.4738394021987915,0.008313381079205899,0.11288617785524271,0.6841349005699158,0.11856980688600359
2016-01-04,0.7287036180496216,0.7212665168636708,1.0005002735134665,1.085399150848389,1.473708987236023,0.008311792145840905,0.11326772886848502,0.6832934617996216,0.11851429895424505
2016-01-05,0.7185972929000854,0.7176535627103162,0.9975858934358659,1.0827549695968628,1.4714103937149048,0.008370512158068008,0.11263226753085213,0.67458176612854,0.11774943187349968
2016-01-06,0.7162810564041138,0.7151030008706268,0.9916700082467675,1.0751993656158447,1.467394471168518,0.008396164817012585,0.11228573958813984,0.6701065301895142,0.11641917680676184
2016-01-07,0.708014726638794,0.7108533197613238,0.9926641895250041,1.0778998136520386,1.462993621826172,0.008430992284412197,0.11178118103795562,0.6643193960189819,0.11643463782124776
2016-01-08,0.7018036246299744,0.7091192739577746,1.0063399138170963,1.0925976037979126,1.4626940488815308,0.008507741978993786,0.11253923562151177,0.6625587940216064,0.11814256616574545
2016-01-11,0.6942998170852661,0.7050197160929678,1.0079629065774547,1.0941038131713867,1.45249605178833,0.008541168298263187,0.11272609565639835,0.6518904566764832,0.11776953369677323
2016-01-12,0.6987143754959106,0.70313600403947,0.998502236171038,1.0857999324798584,1.454397439956665,0.00849978739507313,0.11185306996022437,0.6556087136268616,0.11711534919679883
2016-01-13,0.6987143754959106,0.7015082253571491,0.9971083813199553,1.0843987464904783,1.4436262845993042,0.008486802889418653,0.11267617741563546,0.6544930934906006,0.11720031698236366
2016-01-14,0.6935774683952332,0.6968155726494294,0.9940357438256463,1.0886012315750122,1.4407975673675537,0.008516073868520376,0.11337791640441702,0.6487187743186951,0.11735298169683582
2016-01-15,0.6996921300888062,0.6971264234563214,0.9948268719931587,1.085894227027893,1.442710041999817,0.008460021955574557,0.11411903281525125,0.6490135192871094,0.1169481173888856
2016-01-18,0.6861063838005066,0.6859651385204882,0.9983028415651845,1.0920010805130005,1.4274091720581057,0.00854773927908318,0.11300265022389823,0.6443299055099487,0.11661222932854685
2016-01-19,0.6878998875617981,0.6875451148288421,0.9950248803429337,1.0895025730133057,1.4253135919570925,0.008519048397751791,0.11243573479442372,0.6454527974128723,0.11646839225844001
2016-01-20,0.6917064189910889,0.6866622496889043,0.9968101535128475,1.09129798412323,1.4182385206222534,0.008505932711551591,0.11349990252813127,0.6402868628501892,0.1171948285117425
2016-01-21,0.6937218308448792,0.690846291252797,0.9944607995914326,1.0877013206481934,1.419849514961243,0.00853723066806279,0.11264458498662329,0.6462870836257935,0.11636499226786534
2016-01-22,0.7016066908836365,0.7007315464637466,0.9921619212009917,1.0862009525299072,1.422677516937256,0.008480037731613198,0.11388458164487376,0.6545788049697876,0.1168010050062061
2016-01-25,0.7004027366638184,0.7071835724091943,0.9841357736755019,1.079901933670044,1.4260046482086182,0.008433694395298154,0.11448721089843619,0.6475006341934204,0.11657592895442806
2016-01-26,0.6939143538475037,0.6994963624322632,0.987751846395703,1.0853049755096436,1.4242985248565674,0.008458233471301039,0.11418523171987192,0.6449116468429565,0.1168435908107533
2016-01-27,0.700721800327301,0.7083156119498741,0.9830521345497858,1.086495876312256,1.434308648109436,0.008447373063029255,0.11487518732281773,0.6507874727249146,0.11704722583018812
2016-01-28,0.7016066908836365,0.7094815231433809,0.9859016179579048,1.090798020362854,1.4249074459075928,0.008441169066366334,0.11556846193879515,0.6427148580551147,0.11762934756734114
2016-01-29,0.7086167335510254,0.7125399988991596,0.9863878233910538,1.0936970710754397,1.4362038373947144,0.00840830738614301,0.11608132964099317,0.6480041146278381,0.11760236861032787
2016-02-01,0.7068636417388916,0.7156761822176744,0.9760858837469163,1.0825908184051514,1.4246028661727903,0.008241305671506204,0.11513508753475488,0.6469979286193848,0.11642582092019808
2016-02-02,0.711085855960846,0.7168458879374554,0.9808729604337417,1.0897282361984253,1.4427932500839231,0.008275405745659062,0.11520139501689278,0.6545788049697876,0.11730604736247771
2016-02-03,0.7029876708984375,0.7112375441767492,0.9816529167594557,1.0922038555145264,1.4409221410751345,0.008343345152308442,0.11468310984051945,0.6520180106163025,0.11696439765860606
2016-02-04,0.7154611349105835,0.7249423449891257,0.9948268719931587,1.1091023683547974,1.4585764408111572,0.008465966616555435,0.11677318222334279,0.6647168397903442,0.11849056782870161
2016-02-05,0.7199423909187317,0.7269977947251934,1.0066539588015806,1.119996428489685,1.4581085443496704,0.008556808849277902,0.11770092482537244,0.6729927659034729,0.1190671850208554
2016-02-08,0.7086167335510254,0.7203054395777262,1.0072522186640345,1.114504098892212,1.4512102603912354,0.008550662899483131,0.11679827286977786,0.6629980802536011,0.11817397532219374
2016-02-09,0.7079144716262817,0.7181328324460196,1.0130685794578642,1.1189812421798706,1.4436055421829224,0.00864543353677858,0.11650720170095963,0.6619009971618652,0.11836056369633849
2016-02-10,0.7067137956619263,0.7202950488370671,1.0278548950032511,1.1289994716644287,1.446591854095459,0.008681233634349264,0.11653652974811374,0.6642311811447144,0.11886083238493382
2016-02-11,0.7103786468505859,0.7182360073356138,1.0273268988402506,1.128095269203186,1.452643871307373,0.008829866224885925,0.11745222527552228,0.6684938669204712,0.11947131990345913
2016-02-12,0.7124029397964478,0.718581779310131,1.0284891568036192,1.1317979097366333,1.4482258558273315,0.008889125802031807,0.11690163660462875,0.6715014576911926,0.11943363968850411
2016-02-15,0.7116931080818176,0.7227104605963101,1.022285811882943,1.1225990056991575,1.4518002271652222,0.008797396112505615,0.1163964193572808,0.6640105843544006,0.11873509690957831
2016-02-16,0.714796245098114,0.723489540434597,1.014507445047566,1.1174057722091677,1.4459224939346311,0.008747222864185604,0.11615076461762472,0.664893627166748,0.11805427333375966
2016-02-17,0.7119971513748169,0.721230115485609,1.0118384845041497,1.1147029399871826,1.4303901195526123,0.008765778260425848,0.11590843797590451,0.6581978797912598,0.11759863606684456
2016-02-18,0.7176175117492676,0.7311330913540712,1.0075566678019074,1.112297534942627,1.4281632900238037,0.008750437615345524,0.1169817787170846,0.6633939146995544,0.11741760899086068
2016-02-19,0.7150007486343384,0.7279132773455756,1.006958106772677,1.1110987663269043,1.433321833610535,0.008830022075055188,0.11642256340017625,0.6644960045814514,0.11841143461006276
2016-02-22,0.7142857313156128,0.7252157248017904,1.009468800132083,1.1123965978622437,1.426594614982605,0.008889758235092164,0.11676649840592153,0.6626027226448059,0.1184477633520829
2016-02-23,0.7234842777252197,0.7297671752105932,1.0005002735134665,1.102803349494934,1.4148073196411133,0.00885182917790406,0.11618503693939936,0.6714112758636475,0.11770175717053137
2016-02-24,0.7195797562599182,0.7247952739999319,1.0090817390193476,1.1027060747146606,1.4013453722000122,0.008938148235156932,0.11628204330612742,0.6640105843544006,0.11796570096304111
2016-02-25,0.7194762229919434,0.7297671752105932,1.0110201403562564,1.1013944149017334,1.392951726913452,0.008920527189871958,0.1153897663023138,0.6664445400238037,0.11780435782741143
2016-02-26,0.7235890030860901,0.7383342966718129,1.0101010003706326,1.1024993658065796,1.3966480493545532,0.008840326326962846,0.11596595570366271,0.674900472164154,0.11769067341235452
2016-02-29,0.7128092050552368,0.7381708294589067,1.0033109372879834,1.0923947095870972,1.3861935138702393,0.008798169697168224,0.11506010618120417,0.6591957807540894,0.11683730250522917
2016-03-01,0.7142857313156128,0.7386942965979024,1.0023053263385744,1.0888975858688354,1.3927963972091677,0.008894423172513008,0.11512991719261909,0.6604147553443909,0.11688031865830896
2016-03-02,0.7181844115257263,0.7447680022273946,1.0034116273796927,1.0875948667526243,1.3963944911956787,0.008777319383142058,0.11573792563441807,0.6640987992286682,0.11611044364594694
2016-03-03,0.7288098335266113,0.7446570644706616,1.0036130081693777,1.086897373199463,1.408093810081482,0.008813212503099738,0.11545691418423848,0.666400134563446,0.11616924316210478
2016-03-04,0.7357810139656067,0.7459346484828782,1.0077597765165143,1.094894528388977,1.4174946546554563,0.008797396112505615,0.11650531174606193,0.6724949479103088,0.11722532943408026
2016-03-07,0.7411414980888367,0.7501875780159102,1.006137437312124,1.0993964672088623,1.4215044975280762,0.008787114466794137,0.11777064478713699,0.6789788007736206,0.11788893699543172
2016-03-08,0.7458233833312988,0.752275607778583,1.0047221994155955,1.1016006469726562,1.4261265993118286,0.008814300050550151,0.11759586648806698,0.6785181164741516,0.11801192953921061
2016-03-09,0.7433839440345764,0.7453231209787299,1.0036029222014065,1.1004005670547483,1.4208581447601318,0.008876264579213105,0.1167460485969055,0.674490749835968,0.11775304176117483
2016-03-10,0.7471049427986145,0.7548480263072646,1.0018032465124984,1.0989010334014893,1.42069673538208,0.008829788301864346,0.11723768892236129,0.6644076704978943,0.11832219218148417
2016-03-11,0.7462129592895508,0.7497488058782911,1.0157440418512398,1.1178430318832395,1.4287755489349363,0.008860535128406509,0.11754554882169829,0.6688963174819946,0.1194316535979068
2016-03-14,0.756315290927887,0.7555323784485328,1.0176045689414126,1.1167943477630615,1.4380005598068235,0.008789045343325438,0.11889970241510485,0.674081563949585,0.11997168026895506
2016-03-15,0.7521058917045593,0.7534205039108923,1.0131506799018903,1.1101982593536377,1.4282041788101196,0.008785030167039704,0.11806807119016827,0.6684938669204712,0.11983165586888567
2016-03-16,0.746324360370636,0.7488393073220696,1.0131712376847262,1.1109012365341189,1.4156285524368286,0.008841341853323924,0.11693936600818461,0.6612444519996643,0.120233491767842
2016-03-17,0.7547169327735901,0.7624275868989024,1.0225680676772022,1.1218937635421753,1.4255167245864868,0.008869022365401933,0.11837555578008466,0.674081563949585,0.12147081048463283
2016-03-18,0.7649939060211182,0.7701786550926668,1.0340726782803216,1.1317979097366333,1.4478065967559814,0.008980691636312958,0.12019447512292247,0.6839009523391724,0.12224341265347373
2016-03-21,0.7597629427909851,0.766518472871069,1.0316403977971869,1.1279042959213257,1.4468011856079102,0.00897303605131099,0.11937476519541433,0.6776904463768005,0.12157476195798514
2016-03-22,0.7571741938591003,0.7638252085206412,1.0301419320454013,1.1235954761505127,1.4370087385177612,0.00891750417378683,0.1189613751278586,0.6766815185546875,0.12154936679514301
2016-03-23,0.7620208859443665,0.7662776758695841,1.0279605089824835,1.122296690940857,1.4224953651428225,0.008908527329465848,0.1190575458732888,0.674900472164154,0.12161500442931844
2016-03-24,0.7533524632453918,0.7570022824834264,1.025325526121141,1.118105411529541,1.411691665649414,0.00889679703224702,0.11793732060429919,0.6721785664558411,0.12095306645995976
2016-03-25,0.7526719570159912,0.7546713949262372,1.024600664635243,1.1167943477630615,1.4130080938339231,0.00886289093123781,0.11785476489875228,0.670286238193512,0.12049703002382187
2016-03-28,0.7505817413330078,0.7535226968336555,1.0221813606772618,1.1159967184066772,1.413107991218567,0.008814455944465269,0.11784142739061124,0.6677796840667725,0.12031898686478101
2016-03-29,0.7556865215301514,0.759030592380077,1.0272741227671371,1.1202723979949951,1.4263300895690918,0.008821142637860302,0.11865957107079983,0.674217939376831,0.12081439012281157
2016-03-30,0.7640002965927124,0.7655209111776295,1.0347681827158624,1.12920343875885,1.438641905784607,0.008874689361835816,0.11915685109620903,0.6869075298309326,0.12204721843297375
2016-03-31,0.7661073803901672,0.7706178854723243,1.0363230986137344,1.1334655284881592,1.4374011754989624,0.008899489382019435,0.12035692395279274,0.690321683883667,0.12296342299728973
2016-04-01,0.7669888138771057,0.7697873923873837,1.0405826989615086,1.1379671096801758,1.436699151992798,0.008890469151451684,0.12087557139395572,0.6920893788337708,0.12319063288022203
2016-04-04,0.7668711543083191,0.7671065016525704,1.0431879991834672,1.1390039920806885,1.422454833984375,0.008950788554692668,0.12034461629147156,0.6897027492523193,0.12301772218428914
2016-04-05,0.7599939703941345,0.7647189291866717,1.0429703602419373,1.1389002799987793,1.4264928102493286,0.008988764044943821,0.12002640503989659,0.6813845634460449,0.12307388945162437
2016-04-06,0.7546030879020691,0.7609654816313816,1.0455766978935488,1.138200283050537,1.4156285524368286,0.009059776539981261,0.120027847647453,0.6800407767295837,0.12303179528336035
2016-04-07,0.7612088322639465,0.7644792613121153,1.046561499932817,1.1404979228973389,1.4138071537017822,0.009115853588564066,0.12024347395314915,0.6832934617996216,0.12270570995993893
2016-04-08,0.7513712644577026,0.7610350015345699,1.0459157133830104,1.1373976469039917,1.4057974815368652,0.009222794894138256,0.1200560885206647,0.6781960129737854,0.12255066901270589
2016-04-11,0.7564868927001953,0.7704694618438601,1.048932702677204,1.1403028964996338,1.4130080938339231,0.009232672836668149,0.12160152150341237,0.6817097067832947,0.12271550370214676
2016-04-12,0.7594744563102722,0.7746653656777932,1.0481520879899136,1.141291856765747,1.4234064817428589,0.009265264497104287,0.12201013919783538,0.6861063838005066,0.12331199177179962
2016-04-13,0.7685213685035706,0.7833307202413095,1.0467916128469508,1.138498306274414,1.4268999099731443,0.009204712864673333,0.12239003349287043,0.6923769116401672,0.12379195015152641
2016-04-14,0.7662248611450195,0.7801589853980968,1.0346611653192357,1.1279042959213257,1.4192047119140625,0.009139097210146104,0.1215032682995167,0.6915150880813599,0.12279521853563995
2016-04-15,0.7695859670639038,0.7788768459148232,1.0348752860874877,1.1270017623901367,1.4146071672439575,0.009147791564744013,0.12148277253527466,0.6864831447601318,0.12297340214184554
2016-04-18,0.7640002965927124,0.7704754061832324,1.0348752860874877,1.1299946308135986,1.4174344539642334,0.009257802159117909,0.1203065351257574,0.6882786154747009,0.1228896823628643
2016-04-19,0.7771215438842773,0.7831344411249842,1.03675287026747,1.1309019327163696,1.4289796352386477,0.009168171939037028,0.12171743682237553,0.6984215378761292,0.12323451585625915
2016-04-20,0.7796663045883179,0.787637281950705,1.0396631626435002,1.1359634399414062,1.4389524459838867,0.009154156165831082,0.12296296157313638,0.703234851360321,0.1237224094540904
2016-04-21,0.7802137732505798,0.7907951628865287,1.0296540475678457,1.1305055618286133,1.4338973760604858,0.0091043174797311,0.12334638424254458,0.6976906061172485,0.12312769347994233
2016-04-22,0.7742934823036194,0.7858978841504842,1.0260303929076446,1.12920343875885,1.432295322418213,0.009137677680745415,0.12194571953866108,0.6907030940055847,0.12283894971817036
2016-04-25,0.7710813879966736,0.7892535320487285,1.022233552469634,1.123406171798706,1.4446691274642944,0.008973760964482127,0.12144471324678742,0.6867188811302185,0.12268131856303496
2016-04-26,0.7717240452766418,0.7889546083958512,1.0257462227566607,1.1269001960754397,1.449065327644348,0.008997984323000398,0.12191479674433768,0.6875215172767639,0.12287125022307982
2016-04-27,0.7747734189033508,0.7931472056020803,1.0271158899584107,1.1299052238464355,1.457726001739502,0.008990380021755742,0.12257454996716385,0.6893223524093628,0.12314618818239301
2016-04-28,0.7603984475135803,0.794672480453639,1.0300570548606225,1.132900595664978,1.4542070627212524,0.008967001704641582,0.1227557146340781,0.6926167011260986,0.12374981618848924
2016-04-29,0.7634170055389404,0.7966222927916037,1.0349824116328132,1.135589361190796,1.46113383769989,0.00925274837447568,0.12293497978842179,0.6963788270950317,0.12398579345215636
2016-05-02,0.7617306113243103,0.797257435516689,1.0430791683600864,1.146302580833435,1.4602802991867063,0.009393816731130664,0.12423178252519021,0.7002801299095154,0.12466418307483886
2016-05-03,0.7663775086402893,0.798148293158753,1.0469011544468516,1.1524986028671265,1.4665981531143188,0.00939884925191479,0.12464554078870838,0.7034822702407837,0.12558964315663607
2016-05-04,0.7499625086784363,0.787395378245283,1.0484378027921195,1.1504037380218506,1.4550957679748535,0.00937382824465068,0.12323011311786726,0.6931928396224976,0.12429230530520766
2016-05-05,0.7467144727706909,0.7774840334445904,1.0449429944440667,1.1493064165115356,1.4507049322128296,0.009352787290735735,0.12264987816609087,0.6889424324035645,0.1240573184904413
2016-05-06,0.7476076483726501,0.7780890134986063,1.0331966101586363,1.1406019926071167,1.4492753744125366,0.00932183626917741,0.12237310764318425,0.6893223524093628,0.12347142329447808
2016-05-09,0.737626314163208,0.7735088902814564,1.0282776072312048,1.13879656791687,1.443084716796875,0.009314455982813965,0.12186829322605516,0.6841817498207092,0.1227371933577596
2016-05-10,0.731689453125,0.7717954776136651,1.029728240435165,1.13879656791687,1.4415452480316162,0.009230967942401667,0.12179659549467729,0.6771856546401978,0.12253743606691403
2016-05-11,0.7373000383377075,0.774215508328674,1.025430683593522,1.1374363899230957,1.4451494216918943,0.009158012324524765,0.12193292884226302,0.6800870895385742,0.12265769729759701
2016-05-12,0.7357810139656067,0.777604968598642,1.030184375883447,1.142700433731079,1.4438347816467283,0.009223815814742834,0.12264927563219159,0.6819886565208435,0.12302861953355763
2016-05-13,0.7317965626716614,0.7787555148567391,1.0299085218262043,1.1376951932907104,1.4445230960845947,0.00916590296962473,0.12306676824269519,0.6819886565208435,0.1221981533975034
2016-05-16,0.7274843454360962,0.7719146494327832,1.0249682271271514,1.1316953897476196,1.4349260330200195,0.009202933631690976,0.12204332625607059,0.6768189668655396,0.12137144772620678
2016-05-17,0.7288098335266113,0.7752598752983028,1.0224949029800312,1.1316057443618774,1.4446901082992554,0.009167583271118938,0.1225339994056626,0.678380012512207,0.12097103919800573
2016-05-18,0.731368362903595,0.7745693732278439,1.0204081434053665,1.1316057443618774,1.4455254077911377,0.009178522515012645,0.12220158548707001,0.6797172427177429,0.12113516156191459
2016-05-19,0.7226999998092651,0.7678722400069422,1.0123506761247252,1.122296690940857,1.459619641304016,0.009079353600341362,0.12037112716606407,0.6761782765388489,0.11981113146984634
2016-05-20,0.7232226729393005,0.7641754845348578,1.0097950119043773,1.1205987930297852,1.4601097106933594,0.009100754725522731,0.11977769682755467,0.6761782765388489,0.11974671494102287
2016-05-23,0.7228044867515564,0.7619628258487963,1.009071542834707,1.1221708059310913,1.449065327644348,0.009086778484955501,0.12014046421385538,0.6765899658203125,0.12021918318332916
2016-05-24,0.7223867774009705,0.760745545521943,1.0104071743345788,1.121604323387146,1.4481840133666992,0.009142940689538945,0.11968236764215089,0.6753562688827515,0.11981299330009969
2016-05-25,0.719062328338623,0.7619047619047619,1.006947953458801,1.113796591758728,1.4612619876861572,0.009076881334485486,0.11968135678803771,0.6753106117248535,0.12026776074678286
2016-05-26,0.7186489701271057,0.7672241595534984,1.0090817390193476,1.1158970594406128,1.4698317050933838,0.009081744779773995,0.12022453127296684,0.6709157824516296,0.12057926750385659
2016-05-27,0.7225955128669739,0.7706950572058119,1.0109179175587981,1.1192066669464111,1.466490626335144,0.009114690359075908,0.1209010063746013,0.6753106117248535,0.12078213231302386
2016-05-30,0.7184939980506897,0.766518472871069,1.0053585875615787,1.1110000610351562,1.4626511335372925,0.009027715358900795,0.11990263491098975,0.6693888902664185,0.11976263475603544
2016-05-31,0.7195797562599182,0.7669888097055637,1.008776367674981,1.1148396730422974,1.4635074138641355,0.009021932039257297,0.12005738063514625,0.6710057854652405,0.1201712232727226
2016-06-01,0.7236937284469604,0.7647481400499876,1.006968199853095,1.113598108291626,1.4482468366622925,0.009035872562981627,0.11946416033036025,0.6785181164741516,0.12016169371589004
2016-06-02,0.7250054478645325,0.7648124954812504,1.0116337895445313,1.1189061403274536,1.4419403076171875,0.009134338938527541,0.12046015315309312,0.6820816993713379,0.12053333370117188
2016-06-03,0.7231180667877197,0.7637085907256553,1.009723663550709,1.115200161933899,1.440548539161682,0.009186110549267344,0.12003793312980833,0.6818026900291443,0.12011651775092652
2016-06-06,0.7346999049186707,0.7716466000659182,1.0243592509921997,1.1350995302200315,1.4383935928344729,0.009370226981652664,0.12230201310735285,0.6939143538475037,0.12264776932334334
2016-06-07,0.7373543977737427,0.7804146857295591,1.0306728265013614,1.1364023685455322,1.4459224939346311,0.00930769343296042,0.1223916763351223,0.6913716793060303,0.12309525802406106
2016-06-08,0.7446016073226929,0.7839017610906397,1.036162066086859,1.1357828378677368,1.454355001449585,0.009323661779388755,0.12311979985705752,0.695313572883606,0.12315119239531615
2016-06-09,0.7496814131736755,0.7883948568200893,1.0435145630512404,1.140706181526184,1.4518423080444336,0.0093650497418238,0.1235968617984309,0.7129108309745789,0.12344017246703173
2016-06-10,0.7416747212409973,0.7855829566701114,1.0368926180092155,1.131503343582153,1.4463825225830078,0.009337940369750294,0.12264220347445853,0.7117944359779358,0.12222802330988147
2016-06-13,0.7374087572097778,0.7823318476820389,1.0369141505840531,1.1239995956420898,1.4188824892044067,0.009389318904743744,0.12088915861364193,0.7051191329956055,0.12032521370091007
2016-06-14,0.7381163239479065,0.7795326005564128,1.038896278716115,1.1291015148162842,1.4206764698028564,0.00941389132166949,0.12086097028015352,0.7044237852096558,0.12126973685275741
2016-06-15,0.7356186509132385,0.7775687129324831,1.0380982151895382,1.1213024854660034,1.4123696088790894,0.009426225823955135,0.11975976231151911,0.6987143754959106,0.1203291213351766
2016-06-16,0.7416197061538696,0.7747133708255853,1.0407993424629933,1.1262656450271606,1.41958749294281,0.009447331265143915,0.12038026154777476,0.7079144716262817,0.1204579805583308
2016-06-17,0.7387160658836365,0.7741795680320975,1.036280147445504,1.1252011060714722,1.4295722246170044,0.009547177721931163,0.11957674383226577,0.7062645554542542,0.12019736845875958
2016-06-20,0.7431076765060425,0.7783372921615201,1.0418837203929858,1.13490629196167,1.4585976600646973,0.009555844114752075,0.12070049327642807,0.7089182138442993,0.1211350356164333
2016-06-21,0.7461016178131104,0.7813720543370039,1.0401498113873144,1.1322976350784302,1.467502236366272,0.009631684621115796,0.12083319889189525,0.7116931080818176,0.12153710988661995
2016-06-22,0.7453786730766296,0.7811279459649118,1.0396091115109403,1.1250618696212769,1.4670286178588867,0.009553836032230784,0.12038953553788465,0.7132158875465393,0.12094136193517067
2016-06-23,0.7514277100563049,0.7803964625335444,1.042100906020442,1.1328235864639282,1.4789398908615112,0.009555661590245748,0.12137969481672763,0.7161784768104553,0.12174158775515843
2016-06-24,0.7535226941108704,0.7793017301139642,1.039771281771663,1.1324002742767334,1.4557948112487793,0.009533251644546279,0.1216403000312866,0.7199942469596863,0.12199987574017783
2016-06-27,0.7431076765060425,0.7679902032499708,1.0281719280871113,1.103594422340393,1.3450984954833984,0.009791730010256992,0.11718356500322022,0.7094210982322693,0.1172250542259336
2016-06-28,0.7357268929481506,0.7653627125670966,1.0219201704051417,1.1015034914016724,1.323504090309143,0.009822025250170442,0.11674251318337711,0.7016066908836365,0.11687390915838271
2016-06-29,0.7405213713645935,0.7681081324101199,1.0199918131770156,1.1073951721191406,1.3350956439971924,0.009737003875947397,0.11806793824745607,0.7078142762184143,0.1177585826420595
2016-06-30,0.7469933032989502,0.7731381076834755,1.0211688492548492,1.1128050088882446,1.3465837240219116,0.009729708704077807,0.11928844848204648,0.7124029397964478,0.11833535829936258
2016-07-01,0.7448789477348328,0.7717240489797661,1.024338299227119,1.1106051206588743,1.3328713178634644,0.009701861971117064,0.1197305122598698,0.7136231064796448,0.11833969868619162
2016-07-04,0.7463800311088562,0.7745333285567135,1.0262725949718123,1.1131023168563845,1.3289920091629028,0.00975723997076818,0.11999227344674766,0.7176175117492676,0.1184703529799094
2016-07-05,0.7530120611190796,0.7771637875335584,1.0299085218262043,1.1146035194396973,1.3279860019683838,0.009754384810748697,0.120575052443759,0.7213966250419617,0.11876738694781556
2016-07-06,0.7443799376487732,0.7688995524060376,1.0236462472502483,1.1065007448196411,1.2957899570465088,0.009887187307480194,0.1188915057864276,0.7132158875465393,0.11721254017326525
2016-07-07,0.7518796920776367,0.7716049360004327,1.0258514665445388,1.1099025011062622,1.292590856552124,0.009886307315024144,0.11857472764844627,0.7134194374084473,0.11737653521522173
2016-07-08,0.7494004368782043,0.7694083121259977,1.021763582529718,1.1065741777420044,1.2915725708007812,0.009921619118131624,0.11766338905023184,0.7234842777252197,0.11667726348056043
2016-07-11,0.7559149861335754,0.7665772421832928,1.0172940181977896,1.1043988466262815,1.2946157455444336,0.009931275440596543,0.1172629927149006,0.7298737168312073,0.11642107689407305
2016-07-12,0.7538067698478699,0.7620208986434868,1.017635615926687,1.1058032512664795,1.2981113195419312,0.009753813543745188,0.11761910861833756,0.7230135202407837,0.11672030476651843
2016-07-13,0.7605719566345215,0.7658375046754423,1.0110610230778925,1.1062926054000854,1.3278273344039917,0.009545992892651714,0.11849183985448879,0.729341447353363,0.11710739673099159
2016-07-14,0.7596474885940552,0.7707544687288214,1.015950403704438,1.1094961166381836,1.3119744062423706,0.009608363451712497,0.11873325498374598,0.7262164354324341,0.1177578949626296
2016-07-15,0.7614986300468445,0.7746953413690297,1.0189836945272344,1.1106051206588743,1.3357912302017212,0.009506516546214188,0.11935408452775519,0.7162810564041138,0.11753823611041987
2016-07-18,0.759013295173645,0.7717895838959025,1.0164667677445447,1.1053143739700315,1.3229613304138184,0.009482358105733444,0.11809122108058756,0.7074637413024902,0.11665835042474024
2016-07-19,0.7575184106826782,0.7717240489797661,1.017594199793803,1.1071866750717163,1.3268934488296509,0.00942098585838664,0.11856544960355538,0.7038784027099609,0.11701284782714466
2016-07-20,0.750750720500946,0.7676600255648499,1.014178181987661,1.1013579368591309,1.310839295387268,0.009421784959288259,0.11753091113536158,0.7047712802886963,0.11613835023502882
2016-07-21,0.747160792350769,0.7652748759711435,1.0138491938531204,1.1019526720046997,1.326453447341919,0.009328009941754737,0.11767405829140225,0.6966699361801147,0.11647911759105985
2016-07-22,0.7506943941116333,0.7648944370819624,1.015290279294124,1.1032899618148804,1.3246086835861206,0.009450813509604503,0.11795402342553478,0.7007708549499512,0.1165399231725814
2016-07-25,0.7476076483726501,0.7612957279775686,1.0120023611676945,1.097044587135315,1.3129734992980957,0.009405037656530281,0.11692802116037493,0.7010656595230103,0.1154978510805839
2016-07-26,0.7476076483726501,0.7562637867497908,1.0143016689119422,1.09911847114563,1.310787796974182,0.00947166997149943,0.11650598487365267,0.6998390555381775,0.11578429089442707
2016-07-27,0.7516536712646484,0.7589845110704362,1.0080645326040416,1.098780393600464,1.3152875900268557,0.009537525482493774,0.11665371720693948,0.706763744354248,0.1156177637319084
2016-07-28,0.7517440319061279,0.7611914159656766,1.0155583571108056,1.1073460578918457,1.323784351348877,0.00952825637022952,0.11724593439914109,0.7094714641571045,0.11603472622824396
2016-07-29,0.751258373260498,0.7603464383278921,1.0208978016386485,1.108438491821289,1.316187858581543,0.009546994832960003,0.11691722603908576,0.709069013595581,0.11585605897634862
2016-08-01,0.7587829232215881,0.7657964655412914,1.0315233713859333,1.1168068647384644,1.3216325044631958,0.009772114224706736,0.11848580132235711,0.7190106511116028,0.11680237112235323
2016-08-02,0.7528419494628906,0.7620499037468462,1.0328871542370577,1.1168068647384644,1.3185480833053589,0.00976953652019443,0.1177109005303286,0.7173600792884827,0.11640549025528532
2016-08-03,0.7599939703941345,0.7630442640931465,1.0363983197430195,1.121906280517578,1.333777904510498,0.009894328493185531,0.11859582317349374,0.7209805250167847,0.1175684942411871
2016-08-04,0.759013295173645,0.765140227688425,1.0280767913288964,1.1151504516601562,1.332800269126892,0.00986806418066315,0.11829349325770319,0.7156659364700317,0.11704682080453839
2016-08-05,0.7640002965927124,0.7683205947110439,1.0269260246342775,1.1134741306304932,1.3129217624664309,0.00988152081273458,0.11878205169595675,0.7180812358856201,0.11743567740803247
2016-08-08,0.7611798048019409,0.7587311295365339,1.0199086002957498,1.1089547872543335,1.3085750341415403,0.009790004727244561,0.11751696195449772,0.711895763874054,0.11675586309120839
2016-08-09,0.7660487294197083,0.7601499347784619,1.0175010103921194,1.108364820480347,1.3032373189926147,0.009776317655139708,0.11810810055840752,0.7146430611610413,0.11653680173286611
2016-08-10,0.7664597034454346,0.7623810922107985,1.0189421067105375,1.111580491065979,1.3007115125656128,0.009812098229080662,0.11896547811919965,0.7164350152015686,0.11719303406365138
2016-08-11,0.77154541015625,0.7659313449110117,1.0269260246342775,1.1186434030532837,1.3020155429840088,0.00988796899146443,0.12107416464592732,0.7289692759513855,0.11830609237292973
2016-08-12,0.7695859670639038,0.7701727153313582,1.0256936089601563,1.113908290863037,1.2954877614974976,0.009822410942060275,0.12139884868744766,0.721188485622406,0.11801861058549645
2016-08-15,0.7656381726264954,0.7716823765505777,1.0260409346961517,1.1166945695877075,1.290988802909851,0.009873325516850195,0.1218189946252499,0.7192692160606384,0.11831519636980901
2016-08-16,0.7676364183425903,0.7735447683328488,1.0278231583703958,1.11840558052063,1.2883111238479614,0.009877518975707794,0.1216950608965067,0.7216569185256958,0.11824063026427262
2016-08-17,0.7700778245925903,0.7774054961958268,1.0398901872249304,1.1275991201400757,1.303373098373413,0.009980040224118419,0.12207687246935871,0.7289161086082458,0.11887566846420254
2016-08-18,0.766400933265686,0.778555451813435,1.0401389776911445,1.1298924684524536,1.3044612407684326,0.010009409021648843,0.12200312635803723,0.7269026637077332,0.11893859787625202
2016-08-19,0.7678722143173218,0.7827298346439779,1.0476689151573952,1.1349449157714844,1.3166556358337402,0.00998881257868537,0.1226557460081285,0.7283321022987366,0.11982793110616191
2016-08-22,0.7608034610748291,0.7756988967712811,1.0396631626435002,1.1298158168792725,1.3056023120880127,0.009944905140542953,0.12134596890944671,0.7249528765678406,0.11896759720911014
2016-08-23,0.7630093097686768,0.772797509391877,1.0390366049301365,1.1319260597229004,1.3137152194976809,0.009974962897920327,0.12185016618530527,0.7284913063049316,0.11946304427650574
2016-08-24,0.7613826394081116,0.7740237700714416,1.0380012326917982,1.1300839185714722,1.3196094036102295,0.009968996718350972,0.12179585984490476,0.7276431918144226,0.11937333824377377
2016-08-25,0.7610350251197815,0.7733114422531342,1.0339123443181433,1.1263798475265503,1.3234516382217407,0.009945102838093434,0.12174336871820432,0.7317965626716614,0.11907880003615827
2016-08-26,0.7624857425689697,0.7744493803653829,1.0341368640358986,1.1290504932403564,1.3194352388381958,0.00994480629471519,0.12165568286934848,0.7302467823028564,0.11905895176673631
2016-08-29,0.7544322609901428,0.7683559930629479,1.022766799430984,1.1199462413787842,1.3128528594970703,0.009811617130745756,0.12072628550934798,0.7225955128669739,0.11783656730154828
2016-08-30,0.7577479481697083,0.768639508634152,1.022777274263245,1.1192818880081177,1.310787796974182,0.009822314516248088,0.12092483437323845,0.7261109352111816,0.11820750660775471
2016-08-31,0.7524454593658447,0.7641345537223809,1.0172008837656357,1.1153244972229004,1.3090718984603882,0.009721196453578898,0.11991845907085655,0.7241129279136658,0.1172114395886171
2016-09-01,0.7519927620887756,0.762823055519636,1.0167044751995054,1.116071343421936,1.3133701086044312,0.009680354505169866,0.12000091095662233,0.7245851755142212,0.11683744570962433
2016-09-02,0.7552869915962219,0.7637085907256553,1.020824813639655,1.1200717687606812,1.327492356300354,0.009684479349513194,0.12008175732439903,0.7293945550918579,0.11696863805610318
2016-09-05,0.7564868927001953,0.769585979357912,1.0204081434053665,1.1161960363388062,1.3294336795806885,0.009621490736474348,0.1203853337319481,0.7296074628829956,0.11658680373064075
2016-09-06,0.7593014240264893,0.7734430630698579,1.020366501294858,1.1153244972229004,1.3313806056976318,0.009660902128896594,0.12058362152665855,0.7311010360717773,0.11685669036581127
2016-09-07,0.7688168287277222,0.7784584929252457,1.030917225546632,1.1253657341003418,1.3421016931533811,0.009849790543909503,0.12230470922398767,0.742225170135498,0.11806862955282876
2016-09-08,0.7669299840927124,0.776270928900754,1.0312255020252374,1.1241008043289185,1.333866834640503,0.0098203849259429,0.12226837157562599,0.745156466960907,0.11849816021914637
2016-09-09,0.7650523781776428,0.7739339343772258,1.0289547966725758,1.1271415948867798,1.331026315689087,0.009774597798627415,0.12220723959856929,0.7405762076377869,0.11856616015391565
2016-09-12,0.7544892430305481,0.7664009612756197,1.025830390969825,1.1241133213043213,1.327316164970398,0.009762002044574586,0.12127386036277975,0.7336218357086182,0.11787809623978703
2016-09-13,0.7567158937454224,0.7674597240931585,1.0294632427999864,1.124353528022766,1.333866834640503,0.009827913292239232,0.12162860321094798,0.7363770008087158,0.1179973082584252
2016-09-14,0.7469375729560852,0.7600112308254448,1.0236881574954797,1.12186861038208,1.3194352388381958,0.009755717059196731,0.12085030032321223,0.7251105904579163,0.11725720990113647
2016-09-15,0.7482229471206665,0.7579432349975975,1.0274429749544631,1.1247328519821167,1.326435923576355,0.00975153132119218,0.12144958012879092,0.727219820022583,0.11771117802443883
2016-09-16,0.7513148188591003,0.7599361837571519,1.0296222629243488,1.124593734741211,1.3247665166854858,0.009803152383030178,0.12145990596198077,0.7322788834571838,0.11797809760632645
2016-09-19,0.7501875758171082,0.7576503774610112,1.0207727034887257,1.11584734916687,1.3016257286071775,0.009774502309281357,0.12026400882399729,0.7274843454360962,0.11674237021159956
2016-09-20,0.7537499070167542,0.7574610100192873,1.020366501294858,1.118067979812622,1.3044612407684326,0.009818745885040399,0.12069175476660471,0.7304602265357971,0.11681396487992317
2016-09-21,0.7558007836341858,0.7586217561616594,1.0214504885084799,1.1153992414474487,1.2985326051712036,0.009847657034186708,0.12051096162271276,0.7322788834571838,0.11636296487990792
2016-09-22,0.763242244720459,0.7643740751270219,1.027506340300672,1.1193194389343262,1.3036110401153564,0.009960854068457009,0.12123534311971368,0.7345919609069824,0.11690355247323676
2016-09-23,0.7649353742599487,0.7664655951971637,1.032098229239495,1.1210134029388428,1.3087291717529297,0.009917584743662684,0.12302861953355763,0.731368362903595,0.117043254086785
2016-09-26,0.7616146206855774,0.7603637371580085,1.031746854633186,1.123923897743225,1.297858476638794,0.00991188336295308,0.12338261063152728,0.7235366702079773,0.11723879000001565
2016-09-27,0.763382077217102,0.7560064949841595,1.0319704347383214,1.124985933303833,1.2969495058059692,0.009964228304833685,0.12332888824801459,0.7276431918144226,0.11707270888511316
2016-09-28,0.7669888138771057,0.7571741974675135,1.030322358333728,1.121956706047058,1.301236271858215,0.00995341777396465,0.12337256496562526,0.7296607494354248,0.1163844949573149
2016-09-29,0.7694082856178284,0.76545063917522,1.0303967108308119,1.1224982738494873,1.3039510250091553,0.009907366366353653,0.12462363063591358,0.7285974621772766,0.11685178094392011
2016-09-30,0.7628347277641296,0.7603001971126638,1.0350895593587255,1.121956706047058,1.2963443994522097,0.00988152081273458,0.12422359954114642,0.7245851755142212,0.11665208204146484
2016-10-03,0.7644091248512268,0.7614638617271686,1.0287113270959456,1.1234692335128784,1.293159246444702,0.009846105029827827,0.12508724754874798,0.7265858054161072,0.11652838374566314
2016-10-04,0.7686395049095154,0.7624334077957802,1.0269682038773442,1.121038556098938,1.2848516702651978,0.009821542441948728,0.1253764458347846,0.7297139763832092,0.11666869537914189
2016-10-05,0.7610929608345032,0.757776652215934,1.0221395114434653,1.121076226234436,1.273236632347107,0.00972006246789414,0.12486450176720776,0.7188039422035217,0.11631639315530136
2016-10-06,0.7623694539070129,0.7588980636203237,1.026694069300988,1.120824933052063,1.2755101919174194,0.00966557132079156,0.12464567413979322,0.7172572016716003,0.11639153561311749
2016-10-07,0.7578054070472717,0.7564296367633506,1.0197213899565087,1.1144545078277588,1.2402331829071045,0.00963716094908742,0.12406132551072056,0.716383695602417,0.11595372183916587
2016-10-10,0.7599939703941345,0.7546372462234888,1.0228191133820355,1.1196954250335691,1.2434717416763306,0.009707041700687452,0.1235400707373223,0.7172057628631592,0.1158527052601492
2016-10-11,0.7599939703941345,0.7594744542465198,1.0181743943936983,1.1140819787979126,1.2341108322143557,0.009643480655540672,0.12376329768870352,0.7128599882125854,0.11563353541912216
2016-10-12,0.7562580704689026,0.7559036272904684,1.0122481841067317,1.1061947345733645,1.2278977632522583,0.009676607499769476,0.12231488135849847,0.708365797996521,0.11345252504727928
2016-10-13,0.7558007836341858,0.7532729483532687,1.0101010003706326,1.1011881828308103,1.218769073486328,0.009587359946000878,0.12168973652512957,0.704820990562439,0.11294176849358772
2016-10-14,0.7563723921775818,0.7574437746210075,1.0135409306502141,1.1049723625183103,1.222195029258728,0.009641156156100932,0.12254420971784034,0.708666980266571,0.11368804613199174
2016-10-17,0.7596474885940552,0.7609365590181546,1.0097134543894586,1.0967799425125122,1.2183235883712769,0.009611780062478916,0.12148277253527466,0.7090187072753906,0.11307266859115304
2016-10-18,0.7640587091445923,0.7624973049110066,1.0122584445896246,1.1015641689300537,1.2218962907791138,0.009629180460298219,0.12249497818672676,0.7174115777015686,0.11366219161677166
2016-10-19,0.7674597501754761,0.7628987432636185,1.0100398243274564,1.0976948738098145,1.230466365814209,0.009627882545297995,0.12258147102301056,0.72061687707901,0.11326464567208108
2016-10-20,0.7726184129714966,0.7614232208717955,1.011040550839764,1.0975141525268557,1.2289540767669678,0.009672021851189502,0.12298156547880285,0.7232226729393005,0.11320284587629278
2016-10-21,0.7633005380630493,0.7560293204196398,1.0076582119243045,1.0930395126342771,1.2256402969360352,0.009605317396776659,0.12220158548707001,0.7191140651702881,0.11276830808929485
2016-10-24,0.7602249979972839,0.7488953968590096,1.0058237144722841,1.0882576704025269,1.2219113111495972,0.009623064578096327,0.12110173922292851,0.7156659364700317,0.11220574077226839
2016-10-25,0.7594167590141296,0.7491197721583579,1.006137437312124,1.0875475406646729,1.2217471599578855,0.009585797760671288,0.12108575506537117,0.7130124568939209,0.11219605205519496
2016-10-26,0.7650523781776428,0.7489514947990126,1.0054394430547275,1.0887316465377808,1.217581868171692,0.00960116756385829,0.12072439518698606,0.7168973088264465,0.1120177044583554
2016-10-27,0.7649939060211182,0.7477250767459024,1.0067451718168505,1.091202735900879,1.2235409021377563,0.00956361204388206,0.12095189451037008,0.7154099345207214,0.11229847445788453
2016-10-28,0.759013295173645,0.7469766246565809,1.0062589134366975,1.0900371074676514,1.2171372175216677,0.009504890299126451,0.12092965967543609,0.7126567959785461,0.11017887612662473
2016-10-31,0.7598206996917725,0.7461573192656523,1.0127710615728747,1.0984665155410769,1.2215979099273682,0.00956342922251025,0.12108297260305134,0.716589093208313,0.11102846199189366
2016-11-01,0.7607455253601074,0.7452231398644606,1.0109179175587981,1.0973334312438965,1.223690629005432,0.009540164118597854,0.12099901361506617,0.7158196568489075,0.11065447828480157
2016-11-02,0.7645260095596313,0.7467702169954469,1.0256410005608336,1.105705499649048,1.2238553762435913,0.00960688595128525,0.1216996512458019,0.7207207083702087,0.111585965939855
2016-11-03,0.7653451561927795,0.7466029269911217,1.0277069963421526,1.1097548007965088,1.230466365814209,0.009673238173895852,0.12211622502461654,0.7283851504325867,0.11206239387039088
2016-11-04,0.768580436706543,0.7467088619764026,1.0264832574702816,1.1102476119995115,1.2468827962875366,0.009703838654729555,0.12209520919617106,0.733245313167572,0.1115088224894388
2016-11-07,0.7678722143173218,0.7485422197451089,1.0263357532489865,1.1101243495941162,1.248907208442688,0.009597389538162972,0.12264611959896164,0.7320643663406372,0.11158398291574578
2016-11-08,0.7720219492912292,0.7478984044563952,1.026694069300988,1.1052166223526,1.2399256229400637,0.009575058562055178,0.12145916030485719,0.7338911294937134,0.11093214438774288
2016-11-09,0.7745933532714844,0.7521341649844697,1.020970737944765,1.1019041538238523,1.2388503551483154,0.009521089323264053,0.1217144698439289,0.737136960029602,0.11143799108603197
2016-11-10,0.7649353742599487,0.7455786912913779,1.0157027795401818,1.092060685157776,1.242081642150879,0.009447063663602887,0.12021759814508003,0.7289692759513855,0.11045647292801151
2016-11-11,0.760861337184906,0.7423684207964555,1.0129146922721828,1.0889687538146973,1.2553352117538452,0.00935838861388436,0.11952572529245489,0.7218131422996521,0.11065374262718003
2016-11-14,0.754944920539856,0.7393004634041508,1.010601206911081,1.0824854373931885,1.2573871612548828,0.009357075160146536,0.11866872955347917,0.7109847068786621,0.10979949980711873
2016-11-15,0.7571169137954712,0.7386669770932972,1.002908438872391,1.0750375986099243,1.2520345449447632,0.00924197304899299,0.11815847503340819,0.7132158875465393,0.10933012029299391
2016-11-16,0.7553440928459167,0.7432236700113443,0.99861194904734,1.0727311372756958,1.2456402778625488,0.00917111448786576,0.11854943096440462,0.7095217704772949,0.10888490417369151
2016-11-17,0.7494566440582275,0.7448012635488201,0.9991906284903774,1.0706638097763062,1.2442454099655151,0.009192443501735224,0.11815806228061773,0.709723174571991,0.10895560554923621
2016-11-18,0.7398091554641724,0.7387543415624613,0.9929500683402683,1.062304139137268,1.2410026788711548,0.009069801461082794,0.11697945572405871,0.7020993232727051,0.10823248365895687
2016-11-21,0.7323324680328369,0.7403020227454283,0.989070781820999,1.0584250688552856,1.2324377298355105,0.009011200957440102,0.11631423843766635,0.6997900605201721,0.10797701270627932
2016-11-22,0.7376807332038879,0.7458233629216802,0.9922406678710375,1.0638864040374756,1.2493752241134644,0.009037505523812571,0.11718136494270374,0.707764208316803,0.10858352419072823
2016-11-23,0.7410151958465576,0.7444907858636524,0.9891686338352045,1.0633772611618042,1.2423903942108154,0.009008522329344132,0.11741733287915099,0.7069135904312134,0.10855995025550375
2016-11-24,0.7374631762504578,0.7406584513219681,0.9828396312486138,1.0545185804367063,1.2433171272277832,0.008882414537797563,0.11599582024948854,0.6997900605201721,0.10772495830519262
2016-11-25,0.7416747212409973,0.7412349007972115,0.9836710480321028,1.0561892986297607,1.2452834844589231,0.0088267485931595,0.11639953328113772,0.7009181976318359,0.10818413224559328
2016-11-28,0.7445462346076965,0.7398638371719,0.9876542744740486,1.0612331628799438,1.248127818107605,0.008876895183462177,0.11665793510728804,0.7049700617790222,0.1083463525521802
2016-11-29,0.7494566440582275,0.7460849167737137,0.9878104685954266,1.062134861946106,1.2411566972732544,0.008953352835000703,0.11708230384301367,0.7085163593292236,0.10875948802005386
2016-11-30,0.7484470009803772,0.744535123969693,0.9884744083458521,1.0648492574691772,1.249219298362732,0.008891259795024552,0.11727412722107082,0.7134703397750854,0.1089901580237551
2016-12-01,0.7388798594474792,0.7448567497794805,0.9832842078513093,1.0592098236083984,1.2517211437225342,0.008718851883022426,0.1173546365711427,0.707764208316803,0.10836936340584821
2016-12-02,0.7421150207519531,0.7514898137420396,0.9895210147682503,1.0663141012191772,1.2589701414108276,0.008778937836396907,0.11892713159022349,0.7098239660263062,0.10850459121723911
2016-12-05,0.7443799376487732,0.7507282332558705,0.9863878233910538,1.0582010746002195,1.266784906387329,0.008810184786554737,0.11811186551294513,0.7102777361869812,0.10826319192304651
2016-12-06,0.747439980506897,0.7534659120457873,0.9930486894790871,1.0757315158843994,1.2728476524353027,0.00878248429351664,0.11932818265937238,0.7143367528915405,0.10958424233240234
2016-12-07,0.7472166419029236,0.7531821840610438,0.9901676210562748,1.072041153907776,1.2671059370040894,0.008767930267554591,0.11909709929570274,0.7127075791358948,0.1095430635485494
2016-12-08,0.748615026473999,0.756086492260815,0.9932755101327954,1.0761945247650146,1.262785792350769,0.008794069477925928,0.1197101591567353,0.7182360291481018,0.11028459461648249
2016-12-09,0.7459513545036316,0.7578628443563004,0.9843585405747989,1.062134861946106,1.258494853973389,0.008766162846830645,0.11867886999193925,0.7180297374725342,0.10962027195565745
2016-12-12,0.7448234558105469,0.7616784039690121,0.9822797308364536,1.054741144180298,1.2597631216049194,0.008664610073376038,0.1179434492870928,0.7129108309745789,0.10871952406176978
2016-12-13,0.7497376203536987,0.7618060942613133,0.986874624713653,1.0641694068908691,1.2675877809524536,0.008695501030879137,0.1186225486874351,0.7199942469596863,0.10915922673190138
2016-12-14,0.7494566440582275,0.7613595036382959,0.9883181206445375,1.062925100326538,1.2663036584854126,0.00867874755671856,0.11864155366741022,0.7204091548919678,0.10910003107850957
2016-12-15,0.7410700917243958,0.7526833036382351,0.9783587064581457,1.051414132118225,1.253824234008789,0.008531622565266862,0.11637961221372385,0.7117944359779358,0.10777789598054074
2016-12-16,0.7368110418319702,0.7500131207019642,0.9711000592365147,1.0418837070465088,1.2423903942108154,0.008457303496354776,0.1154961082229692,0.7049203515052795,0.10635469117485372
2016-12-19,0.7291286587715149,0.7496645163781067,0.9739943320146428,1.0449975728988647,1.248907208442688,0.008489612932151105,0.11523790809506038,0.6963788270950317,0.1069071599258015
2016-12-20,0.7251105904579163,0.7460681951892406,0.973539245712641,1.0405826568603516,1.2390038967132568,0.00854430631421577,0.11518322306863214,0.6929046511650085,0.106693409480892
2016-12-21,0.7269555330276489,0.7478760006618775,0.9718456290854122,1.039047360420227,1.2365524768829346,0.008483563096500531,0.11486713349989412,0.6930007338523865,0.10696674896269666
2016-12-22,0.7235366702079773,0.7445018864140028,0.9740892234965153,1.0428615808486938,1.2354830503463743,0.008503112408237104,0.11522861304255996,0.6904169917106628,0.10842341854682619
2016-12-23,0.7221781015396118,0.741762724225923,0.9750485629188522,1.0437650680541992,1.2285012006759644,0.008507597297627977,0.11479369450055991,0.6906077861785889,0.1084741049647022
2016-12-26,0.7179266214370728,0.7396340152673802,0.974563845163392,1.045478343963623,1.2289540767669678,0.00852442264778432,0.11506023243664547,0.6885629892349243,0.10856467096780074
2016-12-27,0.7180812358856201,0.7395082379813276,0.973871079866733,1.0456969738006592,1.227596402168274,0.008533005568145494,0.11515297873179252,0.6883260011672974,0.10868962669244485
2016-12-28,0.7191140651702881,0.7366102385792637,0.9732359781165397,1.046233057975769,1.227596402168274,0.008512086920543832,0.1148881261401012,0.6897027492523193,0.10845304623405605
2016-12-29,0.7184939980506897,0.7378657890558721,0.9726112894270045,1.0416991710662842,1.2224938869476318,0.008540657948382425,0.11479501406451746,0.6927126049995422,0.10881286042620418
2016-12-30,0.7234842777252197,0.741944322830293,0.9831875165332423,1.0575296878814695,1.2288031578063965,0.008600892899092534,0.11643232357867368,0.6972042322158813,0.11030089396681536
2017-01-02,0.7209805250167847,0.7443799306715545,0.9816529167594557,1.052698016166687,1.234903335571289,0.008562010494263533,0.1158453200888514,0.6934331655502319,0.11011020933809712
2017-01-03,0.7196833491325378,0.7439700929380821,0.9763813840797588,1.0460032224655151,1.228199481964111,0.008511000269150512,0.11554721996017574,0.6931928396224976,0.10963229473716347
2017-01-04,0.7229925990104675,0.7450565422112152,0.974563845163392,1.0419923067092896,1.2245597839355469,0.008499137584458366,0.11573738909855993,0.6923769116401672,0.10926872374314904
2017-01-05,0.7287036180496216,0.7519362209248647,0.9802768064597289,1.0500892400741575,1.2326807975769043,0.008538761784428707,0.11652377379424138,0.6963303089141846,0.10996406737513979
2017-01-06,0.7338372468948364,0.7558921841384981,0.9903049701017574,1.0605915784835815,1.2425447702407837,0.00867566048058997,0.11792717386108995,0.7021485567092896,0.11115062611374449
2017-01-09,0.7312079668045044,0.7551843365162868,0.98287820903231,1.0531858205795288,1.2260912656784058,0.008536064762910788,0.11715994486228028,0.6967670321464539,0.11035323525709756
2017-01-10,0.7359976172447205,0.7567674263562955,0.9861543988609026,1.0588620901107788,1.2173447608947754,0.008621804498320198,0.11726189118258964,0.7018036246299744,0.11068950924240552
2017-01-11,0.7361602187156677,0.7550589241712236,0.9834485921572729,1.055241942405701,1.2174336910247805,0.008630212525699461,0.11627745282454999,0.6984215378761292,0.11012354262291382
2017-01-12,0.7447125315666199,0.759693724703616,0.9871375462584221,1.0597710609436035,1.2214486598968506,0.00868824830763367,0.11712894151930639,0.7067137956619263,0.11090274211878161
2017-01-13,0.7488393187522888,0.7604215664509787,0.989804968984701,1.0616837739944458,1.2165449857711792,0.008721132938192482,0.11733522756964267,0.711186945438385,0.1117605698278138
2017-01-16,0.7497938275337219,0.7618467068093606,0.9902656902293784,1.0628687143325806,1.2039345502853394,0.008754497824299703,0.11752566827861864,0.7131599187850952,0.1120430556077946
2017-01-17,0.7473283410072327,0.7590132854795122,0.9890218047703049,1.0602991580963137,1.204021453857422,0.008760249459117821,0.11725776062073112,0.7100709080696106,0.1117541973795247
2017-01-18,0.7550702691078186,0.7655971352606583,0.9970785149551529,1.0696789026260376,1.2388043403625488,0.008859122367506368,0.11823475062676225,0.7202794551849365,0.11239616836701115
2017-01-19,0.7509198784828186,0.7538635176363688,0.9922603858345106,1.062778353691101,1.225970983505249,0.008713685636000595,0.1177176929049386,0.7128193378448486,0.11171050315834959
2017-01-20,0.7566586136817932,0.7506662261550098,0.9937098037506154,1.0659730434417725,1.2338367700576782,0.008697164470379165,0.11842223994819388,0.7193416953086853,0.11172147707569
2017-01-23,0.7573462724685669,0.7516649587868713,0.9990907837101406,1.071375012397766,1.2386969327926636,0.008786574303238707,0.1191966195856146,0.7189692854881287,0.1126620978343262
2017-01-24,0.7582650780677795,0.7554182109232689,1.0026570637855474,1.0760787725448608,1.2517211437225342,0.008866820454191838,0.11975545390308814,0.7236099243164062,0.11321553293064564
2017-01-25,0.7592437863349915,0.7602481738554667,0.9989311211415093,1.0728693008422852,1.2533055543899536,0.00878425889115352,0.1197385378500514,0.7256894111633301,0.11298375306871156
2017-01-26,0.7574036121368408,0.765140227688425,1.0009609148797425,1.0751993656158447,1.2634079456329346,0.008826670725153776,0.12038475324234582,0.7300815582275391,0.11344389624114098
2017-01-27,0.7533524632453918,0.7639419315073882,1.000100026598253,1.068296194076538,1.2595410346984863,0.00873705809271739,0.11993859497516016,0.7245011925697327,0.11311705682660234
2017-01-30,0.7553611993789673,0.7615275964297947,1.002606791905744,1.0713980197906494,1.2591921091079712,0.008720828883274547,0.12011391724435917,0.7272674441337585,0.11319836086403655
2017-01-31,0.7565441131591797,0.763224767596342,1.0056719599884743,1.0708587169647217,1.25,0.00879894400856909,0.12041808517540893,0.7295223474502563,0.1133713581888192
2017-02-01,0.7580351233482361,0.7671065016525704,1.0111223228911905,1.0803803205490112,1.2589701414108276,0.008869730569211873,0.12130002453588028,0.7294318675994873,0.11437185118448365
2017-02-02,0.7583800554275513,0.7663598617326828,1.0069378003496778,1.0767391920089722,1.2661433219909668,0.008825268741727909,0.12147715711459314,0.7254314422607422,0.114301261681102
2017-02-03,0.7654623985290527,0.7674420306720358,1.007607437304766,1.0761713981628418,1.252003192901611,0.008866112715003503,0.12122490126985008,0.7285602688789368,0.11430152333211718
2017-02-06,0.7676010727882385,0.7681553282838504,1.007708991661296,1.0782949924468994,1.2484238147735596,0.008877919730660475,0.12186027701011302,0.7314700484275818,0.11410575754311165
2017-02-07,0.764584481716156,0.7642338254819799,1.0087254803108665,1.0743216276168823,1.2468360662460327,0.008942383940277495,0.12110642479322158,0.7317376136779785,0.11327132614311489
2017-02-08,0.7622532248497009,0.7581328436615271,1.0022048581429752,1.0678056478500366,1.2496250867843628,0.00889782617889646,0.12013816548969969,0.7297991514205933,0.11265155558535028
2017-02-09,0.7631723284721375,0.7606992557512603,1.0047928426754946,1.0692213773727417,1.252803087234497,0.008932399322246569,0.12021225067223987,0.723552405834198,0.11311309108498283
2017-02-10,0.7625904083251953,0.7614406378500247,0.9986019633462979,1.0658594369888306,1.2498124837875366,0.00881569914382015,0.12001343686817963,0.7195383310317993,0.11236333600942648
2017-02-13,0.7670122981071472,0.7623171452946776,0.9956192604419102,1.061954379081726,1.248455047607422,0.008778552128279164,0.11912844967463306,0.7194244861602783,0.11195312168021929
2017-02-14,0.7642396688461304,0.7650231382662684,0.9944312095048784,1.059849739074707,1.2523010969161987,0.008794687866817164,0.11919945152901293,0.7180503606796265,0.11193069062261725
2017-02-15,0.7669299840927124,0.7644558531403389,0.9937789068537224,1.057831645011902,1.2470382452011108,0.008748829652466438,0.11908447991394286,0.717288076877594,0.11193595997797524
2017-02-16,0.7721471190452576,0.7652456248555803,0.9953417632243131,1.0607378482818604,1.246976017951965,0.008763320284273037,0.11995743392752099,0.7222719788551331,0.11215162785086209
2017-02-17,0.7698229551315308,0.7648066382009274,1.0027676317207113,1.0672245025634766,1.2489228248596191,0.008825735821954893,0.12072920450574559,0.721547544002533,0.11292544553047959
2017-02-20,0.7668006420135498,0.7640469987826046,0.9981434307158638,1.062665343284607,1.2433944940567017,0.008856532777421572,0.1199105464688589,0.7181895971298218,0.11231601217830783
2017-02-21,0.7688758969306946,0.76305585540612,0.9967505767319336,1.0609403848648071,1.2473337650299072,0.00882768371094616,0.11991413923669919,0.7176175117492676,0.1119017598304467
2017-02-22,0.7676364183425903,0.7606702843946218,0.9909821021852006,1.0542073249816897,1.248704433441162,0.00879747346485021,0.11975617878821242,0.7164401412010193,0.11146631521622313
2017-02-23,0.7697044014930725,0.7596128935395657,0.9893153898272304,1.055408954620361,1.2453765869140625,0.008817020390368682,0.11947858924529074,0.7181792259216309,0.11145662345028326
2017-02-24,0.7713074088096619,0.7633238030934758,0.9939172596601922,1.0584474802017212,1.255618929862976,0.008874531930934487,0.11996448805132758,0.7230396866798401,0.1112044022085704
2017-02-27,0.767047643661499,0.7622358241954351,0.9912079796620944,1.055275321006775,1.2399563789367676,0.00891360901741252,0.11930326934393305,0.7192174792289734,0.1105557541232673
2017-02-28,0.7676364183425903,0.7583283741516997,0.9906188533650258,1.0584250688552856,1.2439358234405518,0.00886957271399167,0.11945261970739932,0.7185301780700684,0.11035457084760375
2017-03-01,0.7642280459403992,0.7512414107842793,0.9934333697652681,1.0569148063659668,1.2378076314926147,0.008843531126872138,0.1190955437075657,0.717221200466156,0.11053986879336214
2017-03-02,0.7657554149627686,0.7489514947990126,0.9897951586383398,1.0535852909088137,1.227219820022583,0.008762628970532826,0.1187324079859393,0.7114703059196472,0.11038514728901201
2017-03-03,0.7572315335273743,0.7466754300616194,0.9869427804097352,1.0509721040725708,1.227475881576538,0.008745692526907423,0.11790269622854532,0.706239640712738,0.11015157270548373
2017-03-06,0.7594744563102722,0.7472724705551177,0.992132350419213,1.062044620513916,1.23001229763031,0.008783718489971353,0.11872409998143124,0.703759491443634,0.11135596674451993
2017-03-07,0.7589211463928223,0.7461907047993361,0.9880642294140526,1.0579211711883545,1.224289894104004,0.008778321072424298,0.11774956409991222,0.6994082927703857,0.11085061665370421
2017-03-08,0.7594974637031555,0.7456843357992409,0.9871083903662474,1.0570154190063477,1.220449924468994,0.008777627390011953,0.11834683096703853,0.6963981986045837,0.11097584246361428
2017-03-09,0.7528986930847168,0.7415096973121869,0.9858724191623816,1.054741144180298,1.217730164527893,0.008740418078619085,0.11719070267302845,0.6916777491569519,0.11050688897544722
2017-03-10,0.750750720500946,0.740367818222337,0.9878201233154813,1.0578428506851196,1.2157316207885742,0.008684400055390612,0.11643083682332188,0.6896598935127258,0.110551103433014
2017-03-13,0.7543753385543823,0.7430248592358701,0.9905893744907478,1.0690041780471802,1.2171372175216677,0.008715963988396714,0.11636973172422917,0.6923577785491943,0.11117398320816697
2017-03-14,0.7566586136817932,0.7434281215248495,0.992654322419345,1.0651443004608154,1.220598816871643,0.008702084079824254,0.11675695513695594,0.691811740398407,0.11184793964041014
2017-03-15,0.7565498352050781,0.7422527454636318,0.990677699380399,1.0612443685531616,1.2157464027404783,0.008721513616984809,0.11615454735078823,0.6929382681846619,0.11155596687543905
2017-03-16,0.7705941200256348,0.7520606654160724,1.0,1.0737909078598022,1.2284257411956787,0.008818186594878964,0.11767087580287579,0.7027407288551331,0.11272088494047404
2017-03-17,0.7669888138771057,0.750604229296372,1.003915260996955,1.077470064163208,1.2351168394088743,0.008823010696231075,0.11764290108244942,0.698319137096405,0.11351639199711688
2017-03-20,0.7704753875732422,0.7500187535802798,1.002707280779167,1.0742985010147097,1.2384514808654783,0.008875161688054778,0.1181977263494305,0.7028592228889465,0.11329326957100672
2017-03-21,0.7730364799499512,0.7497544347870854,1.0014019566272057,1.073767900466919,1.2367054224014282,0.008883124882075216,0.11792327479282265,0.7049203515052795,0.11333846823326511
2017-03-22,0.7674126029014587,0.7486710891107489,1.0066742537778899,1.081244707107544,1.2482056617736816,0.008966036839608825,0.11810530693102317,0.7041410803794861,0.11368816939426216
2017-03-23,0.7669417858123779,0.7500750199486894,1.0080645326040416,1.0790164470672607,1.2475050687789917,0.008979159105366875,0.11816071193740112,0.7040418982505798,0.1136779641833581
2017-03-24,0.7634170055389404,0.7491478703389398,1.0068263109247502,1.0783880949020386,1.251877784729004,0.00900868455005651,0.11782545814038495,0.702928364276886,0.11332523920862027
2017-03-27,0.7633005380630493,0.7504971862421327,1.0120945460406903,1.0849517583847046,1.2514548301696775,0.00904551688194673,0.11824259027339404,0.7045577764511108,0.11387342601896841
2017-03-28,0.7628929018974304,0.7469096493589934,1.0144354292378572,1.0860947370529177,1.2557923793792725,0.009027633282978547,0.11780574751513613,0.7047911882400513,0.11382326509172448
2017-03-29,0.7652397751808167,0.7475294463193705,1.0079832543675509,1.0817711353302002,1.2421433925628662,0.008990703780208463,0.11737778343448807,0.7008199691772461,0.11328658651145711
2017-03-30,0.767047643661499,0.7501312947599329,1.0033411181921459,1.0759629011154177,1.244044065475464,0.008996527394786954,0.11759448174759762,0.7033783197402954,0.11273016762088857
2017-03-31,0.7655209302902222,0.750046852177446,0.9995601920284298,1.0687072277069092,1.2478474378585815,0.008946464279122697,0.11681574773816096,0.7003585696220398,0.11194786266076459
2017-04-03,0.7629918456077576,0.7504240062455657,0.997804821969337,1.0668829679489136,1.2540757656097412,0.008987552289449212,0.11652852619379184,0.7004910707473755,0.11162396574345382
2017-04-04,0.7605140805244446,0.7471273130945503,0.9986019633462979,1.067008137702942,1.249219298362732,0.009032689332465017,0.11657592895442806,0.7017495036125183,0.11165948253600824
2017-04-05,0.756887674331665,0.7463856350575805,0.9984025289126557,1.0680338144302368,1.2439976930618286,0.009020874606112724,0.11638299650565541,0.6976419687271118,0.11120761014296858
2017-04-06,0.7567788362503052,0.7443577371745135,0.9964129121857764,1.0672472715377808,1.248907208442688,0.0090595304432764,0.11624986599252174,0.6977198123931885,0.11135944361059241
2017-04-07,0.7541478276252747,0.7452453187896061,0.9947179891931273,1.0644639730453491,1.246867299079895,0.009017376226411876,0.11599596139854551,0.6973792314529419,0.11082972629948344
2017-04-10,0.7507225871086121,0.7458790015513124,0.990677699380399,1.0582010746002195,1.2375165224075315,0.008990784569286118,0.1154531767526636,0.6941697001457214,0.11017000884343113
2017-04-11,0.7506943941116333,0.750609871057112,0.9922603858345106,1.0597598552703855,1.2425447702407837,0.009032036399922574,0.11602785706049985,0.6964515447616577,0.11021566859956677
2017-04-12,0.7503620386123657,0.750435284433989,0.9931177006611189,1.0611318349838257,1.2492347955703735,0.00912517012400699,0.11636133785532024,0.6958893537521362,0.1104664803042059
2017-04-13,0.7539090514183044,0.7551444311594587,0.9979541519223917,1.0670650005340576,1.2549885511398315,0.009182567777238103,0.1170831274617358,0.6993593573570251,0.11147414805798149
2017-04-14,0.7566013336181641,0.7498275512691396,0.9945696260912145,1.0616387128829956,1.250781774520874,0.009165819002766838,0.11658680373064075,0.6995795369148254,0.11067432137599005
2017-04-17,0.7580926418304443,0.7511454854754143,0.9949556038579845,1.0610530376434326,1.253509759902954,0.009231649954585511,0.11646880622739172,0.7014787197113037,0.11066157846746141
2017-04-18,0.7591862082481384,0.7504408565212413,0.9958275144721666,1.0644525289535522,1.2557765245437622,0.009164894828021172,0.11687308848050361,0.7012278437614441,0.11112382822402127
2017-04-19,0.7559149861335754,0.7472668788520362,1.003673468191283,1.0728693008422852,1.2844555377960205,0.0092136174161213,0.11755149189329049,0.7046024799346924,0.11159892264025296
2017-04-20,0.7496252059936523,0.741674712387581,1.0021546315977792,1.0715012550354004,1.2782330513000488,0.00918830515615394,0.11660787209004655,0.7038981914520264,0.11149751092006266
2017-04-21,0.751908004283905,0.7420654817361446,1.0013016694432828,1.0714898109436035,1.2801966667175293,0.009142857142857144,0.11597174011693219,0.6990220546722412,0.11127381508873935
2017-04-24,0.7555723190307617,0.741674712387581,1.0071507563468531,1.087393879890442,1.2826268672943115,0.009092727898841182,0.11730108698959547,0.7042204141616821,0.11314648521379198
2017-04-25,0.755972146987915,0.7380618482322949,1.0041370368158091,1.0864840745925903,1.2776614427566528,0.009120675756121847,0.11688250742905322,0.7013508081436157,0.11289867246813602
2017-04-26,0.7536931037902832,0.7367079218376879,1.006613431699425,1.0928245782852173,1.283235788345337,0.009005277285412368,0.1167106261524826,0.6950622797012329,0.1140413375051565
2017-04-27,0.7480326294898987,0.7342359252544585,1.0070493749165281,1.090893268585205,1.2848351001739502,0.008993533496267024,0.11656329394998646,0.6902597546577454,0.11421131231975717
2017-04-28,0.746720016002655,0.7337887777467826,1.0056618928762389,1.0864251852035522,1.2893576622009275,0.008990703780208463,0.11674209726645117,0.688349723815918,0.11315852462770468
2017-05-01,0.7483405470848083,0.7330303496086374,1.0058439759852371,1.0907504558563232,1.293159246444702,0.00898456436049687,0.11674373495648618,0.6873891949653625,0.11308175320631206
2017-05-02,0.753409206867218,0.7314218750613071,1.0043488096761062,1.090893268585205,1.2897402048110962,0.008943584156089125,0.11653096081565094,0.6922618746757507,0.11310938184297219
2017-05-03,0.7543184757232666,0.7295702309607756,1.0090512117720845,1.0935654640197754,1.2941633462905884,0.00893104327261902,0.11647545600695981,0.6962576508522034,0.1136647790033389
2017-05-04,0.7428869009017944,0.7284753650232465,1.005854046743283,1.0888975858688354,1.287166953086853,0.008866584728506504,0.11555030134568602,0.6886577606201172,0.11309147353171854
2017-05-05,0.7412348985671997,0.7272092385982801,1.0140856784681986,1.098152995109558,1.2924906015396118,0.008885966190861974,0.11522914487160327,0.6875687837600708,0.1132275870439451
2017-05-08,0.7415812015533447,0.7314593125164476,1.0102336549978164,1.0965152978897097,1.296562910079956,0.008874374505618489,0.11614955522430748,0.6900882720947266,0.11336004551802975
2017-05-09,0.7388798594474792,0.7302628302963635,1.0018032465124984,1.0927767753601074,1.2943308353424072,0.008831581474458778,0.11580748745785924,0.6920893788337708,0.11315135683840578
2017-05-10,0.7342413067817688,0.7295542414442526,0.9933939589730083,1.0886842012405396,1.2948503494262695,0.008795229618622868,0.11523352631672648,0.6897978782653809,0.1126455893773401
2017-05-11,0.7361059784889221,0.7293573486773618,0.9910803327699741,1.087074637413025,1.2930588722229004,0.00874676347329365,0.11584331076844893,0.6833588480949402,0.11208098405209074
2017-05-12,0.7378984093666077,0.7297192463419908,0.9922209506912102,1.086495876312256,1.2891582250595093,0.008786651465394951,0.11628475134444152,0.684387743473053,0.11260652814937684
2017-05-15,0.7392895221710205,0.7289904882674323,0.9989311211415093,1.0927289724349976,1.2886598110198977,0.008828384733344349,0.11675655211769455,0.6866387128829956,0.11315301743789849
2017-05-16,0.7420544624328613,0.7337672112927581,1.004338769036665,1.0981770753860474,1.2903059720993042,0.00879956367397896,0.117043254086785,0.6890279054641724,0.1132950567498485
2017-05-17,0.7421150207519531,0.7346297013922185,1.0159401297603528,1.1093976497650146,1.2916892766952517,0.008877367744511807,0.11815442751765343,0.6890421509742737,0.11394920852606487
2017-05-18,0.7431076765060425,0.7353536033572051,1.0212835378846756,1.115635633468628,1.2970168590545654,0.008998794206065055,0.11891313222953051,0.6939721703529358,0.11449507401130542
2017-05-19,0.742225170135498,0.7351049293240127,1.020970737944765,1.1113580465316772,1.2958402633666992,0.008976580023822124,0.11800384157098376,0.689560055732727,0.11369295217673966
2017-05-22,0.7452120184898376,0.7398529397497488,1.02786541134366,1.120485782623291,1.3012192249298096,0.008986018032366998,0.11938773163355439,0.6934283971786499,0.11462093063700898
2017-05-23,0.7471049427986145,0.7411854538141865,1.0277492397651076,1.123885989189148,1.2995283603668213,0.00901786448366169,0.11980610755489288,0.7004714012145996,0.11506314901446804
2017-05-24,0.747160792350769,0.7395793043891485,1.0243592509921997,1.11793053150177,1.2956557273864746,0.008932000620398969,0.11936450549281674,0.700908362865448,0.1148313957053871
2017-05-25,0.7497488260269165,0.7455509264674148,1.0283199606059905,1.123090744018555,1.2980270385742188,0.00896667965094857,0.12002797130114283,0.7046322226524353,0.11545704131201663
2017-05-26,0.7456009387969971,0.7416526799058166,1.0275907976285297,1.121076226234436,1.293326497077942,0.008950147408529039,0.1190929872205507,0.7018578052520752,0.11507864344569543
2017-05-29,0.7444353699684143,0.7433065172836366,1.025662068354175,1.1176055669784546,1.281427025794983,0.008988279550086796,0.11922361659463361,0.7051589488983154,0.11512354655391635
2017-05-30,0.7438815832138062,0.7422031625932652,1.021200114115833,1.1129041910171509,1.281410574913025,0.008994908590215936,0.11851823720488583,0.7051589488983154,0.11453179116376729
2017-05-31,0.7459346652030945,0.7423794581465238,1.0247581859576524,1.117168664932251,1.2809016704559326,0.00902209536430241,0.1183530022857348,0.7086418867111206,0.11453310471335376
2017-06-01,0.7426661252975464,0.7412678472837346,1.033068543526342,1.124353528022766,1.2875481843948364,0.009025596785843078,0.11854197941600177,0.7083407044410706,0.1150413098377163
2017-06-02,0.7379528880119324,0.7398912452813081,1.0297600948273036,1.1215791702270508,1.2888258695602417,0.008973680481053684,0.11831295361294915,0.7061997056007385,0.11520233160969005
2017-06-05,0.7428702712059021,0.7408285179584465,1.0385941366646496,1.128082513809204,1.2870012521743774,0.009052805221718169,0.11871690871574823,0.7137197852134705,0.11596595570366271
2017-06-06,0.7487271428108215,0.7419663726435562,1.0362694582147647,1.1256824731826782,1.2907389402389526,0.0090595304432764,0.11844973023433612,0.7130582332611084,0.1155676594919249
2017-06-07,0.7509763240814209,0.7435165500212633,1.0389394470265363,1.1271415948867798,1.2906723022460938,0.009131669319201837,0.11820903908371581,0.7180606722831726,0.11531830825071561
2017-06-08,0.7542046904563904,0.7401650462538742,1.0365594257175132,1.125517725944519,1.2962098121643066,0.009099180947368078,0.11768097848709705,0.7189692854881287,0.11511400455504443
2017-06-09,0.7528306245803833,0.7395300780382186,1.031821349417001,1.118480563163757,1.2722970247268677,0.009102576843445082,0.11745581696277352,0.71986985206604,0.11451565572743733
2017-06-12,0.7530120611190796,0.7431573659868912,1.0318426718802844,1.1201971769332886,1.2739177942276,0.009067169426748772,0.11766643909371204,0.7208298444747925,0.11477854054092514
2017-06-13,0.7547739148139954,0.7512357595259784,1.0319065810890868,1.1196202039718628,1.2669775485992432,0.009097442905862303,0.11800566093516957,0.7206116914749146,0.11431000895009207
2017-06-14,0.7538067698478699,0.7552641598839923,1.0321835066618874,1.1208877563476562,1.2750548124313354,0.009086365882759177,0.1185599665862643,0.7206584215164185,0.11507215219809193
2017-06-15,0.7588980793952942,0.7551558516825846,1.0295056307286876,1.1215791702270508,1.2754452228546145,0.009136926043961699,0.11866112871881183,0.7245693802833557,0.11486739774803918
2017-06-16,0.7585526704788208,0.7543753612317478,1.0253571086976385,1.1146905422210691,1.275835633277893,0.009012906199474225,0.11764152843246312,0.720352053642273,0.11426390772111951
2017-06-19,0.7621369957923889,0.7568991436417004,1.0277598169034265,1.120824933052063,1.277955174446106,0.009012743826687862,0.11843569588550217,0.7264379858970642,0.11501828038360341
2017-06-20,0.7591918706893921,0.756086492260815,1.0245586796413522,1.1144545078277588,1.273236632347107,0.008954716280152705,0.11754196482067603,0.7226007580757141,0.11433314208317005
2017-06-21,0.7576102018356323,0.7535851767567265,1.0260093099804708,1.1136974096298218,1.263248324394226,0.008981982173363934,0.1170247576753079,0.7239190340042114,0.11395881847453186
2017-06-22,0.7550873756408691,0.7504690538942298,1.0283304864650968,1.1167196035385132,1.2675718069076538,0.008983918982422028,0.11727041548407531,0.7248687744140625,0.11432412951783355
2017-06-23,0.7541478276252747,0.7558007875868088,1.0290077455802058,1.1149640083312988,1.267812728881836,0.008985533217481342,0.11780644898901081,0.7261900305747986,0.11427264927356307
2017-06-26,0.7567674517631531,0.7540511581415082,1.0316723706052489,1.1198835372924805,1.2743399143218994,0.008989653037745815,0.1184622154387388,0.7284117341041565,0.11477129167833268
2017-06-27,0.7584375739097595,0.7542957256166717,1.02845744403693,1.118355631828308,1.2724589109420776,0.008939905815604075,0.11787295486697959,0.7284382581710815,0.11474337264162557
2017-06-28,0.7586677670478821,0.7585526764352634,1.0412328355811682,1.1339154243469238,1.281295657157898,0.00891360901741252,0.11880012526075219,0.7266808152198792,0.1161899033693627
2017-06-29,0.7635919451713562,0.7669535372116476,1.042459369648587,1.1382650136947632,1.2941465377807615,0.008900439976659704,0.1186844983473094,0.7304922342300415,0.11712714908831194
2017-06-30,0.7685213685035706,0.7696688764447105,1.0467916128469508,1.144164800643921,1.3011176586151123,0.008927853797675456,0.11940155744825538,0.7309620976448059,0.11826901006933772
2017-07-03,0.7688285708427429,0.7707366938802999,1.042861639645562,1.1423088312149048,1.301642656326294,0.008907733612062466,0.11991845907085655,0.7336810827255249,0.118713951812535
2017-07-04,0.7666183710098267,0.7698051941199147,1.0382706447158727,1.1371389627456665,1.2948671579360962,0.008819430846879871,0.11976564413141765,0.728868305683136,0.11786851615586517
2017-07-05,0.7612088322639465,0.7733055253597804,1.0373444127075127,1.1360150575637815,1.2934937477111816,0.008852534638466232,0.11990983342603706,0.7291924953460693,0.11751847657780515
2017-07-06,0.7600921392440796,0.7716525625829905,1.0371292049648035,1.134687423706055,1.2931759357452393,0.008834937150697717,0.11909810030433975,0.7284275889396667,0.1177565064036479
2017-07-07,0.7579776644706726,0.7705050584840576,1.0415256524769703,1.1424784660339355,1.2973533868789673,0.008837903840596234,0.11974039742480311,0.7284382581710815,0.11852343502475926
2017-07-10,0.7605140805244446,0.7763372383684181,1.0379904437062781,1.140380859375,1.2891249656677246,0.008773084130765753,0.11970328522603217,0.7276802062988281,0.11871973135168214
2017-07-12,0.7639011144638062,0.7745453430743418,1.0383137610480713,1.1473942995071411,1.2859586477279663,0.00879136327971938,0.1208600926538411,0.7222875952720642,0.11908603521306792
2017-07-13,0.7679194211959839,0.7843260600186606,1.0363768085861327,1.1418914794921875,1.2893743515014648,0.008823399727163398,0.12078693231952618,0.7256314754486084,0.11896831258771647
2017-07-14,0.774053692817688,0.7857434431989317,1.0343401183659005,1.140393853187561,1.294716238975525,0.008816942693908566,0.12118861406564399,0.732429027557373,0.11971501101446694
2017-07-17,0.7825216054916382,0.7910266287338362,1.0381090064155634,1.147539138793945,1.311131477355957,0.008897034367130281,0.12223534701422899,0.7358406186103821,0.12038895500776013
2017-07-18,0.7791013717651367,0.7875937993031972,1.0384539299314755,1.1474337577819824,1.3053126335144043,0.008882493392446044,0.12255983636496456,0.72798752784729,0.12053246082662837
2017-07-19,0.7918283343315125,0.7916528017929239,1.0470436516158603,1.1549744606018066,1.303865909576416,0.00892896982433012,0.12367437111393105,0.7352291941642761,0.12043245498093665
2017-07-20,0.7960199117660522,0.7936507996578126,1.0473178439825508,1.1528440713882446,1.3032711744308472,0.008938387781402844,0.12423240070806743,0.7364312410354614,0.12040214271574477
2017-07-21,0.7947861552238464,0.7938902515866717,1.0510826350064963,1.1628718376159668,1.2965459823608398,0.008937748410483169,0.1243239891390088,0.7403404116630554,0.1216325959618585
2017-07-24,0.7925311923027039,0.7977980543621735,1.0585370987333558,1.1681697368621826,1.3004746437072754,0.009013475170135602,0.1245531674597818,0.7452787160873413,0.12150476070627331
2017-07-25,0.7927699685096741,0.7996545376724571,1.055798984804796,1.1638869047164917,1.3031013011932373,0.008990218459592407,0.12480187576061438,0.7439811825752258,0.12171684341511431
2017-07-26,0.7932730913162231,0.7995841853558783,1.0496263479660803,1.164456129074097,1.3027619123458862,0.008928332408180481,0.1254110322254288,0.7421976327896118,0.12183859885425406
2017-07-27,0.8000128269195557,0.8030838174734658,1.0511157584513582,1.1728004217147827,1.311475396156311,0.008998632341347717,0.12667720360981513,0.7525699734687805,0.12233179110394427
2017-07-28,0.7973591089248657,0.7974608587559429,1.0376781099249228,1.1688660383224487,1.3076680898666382,0.009001143135289229,0.12584393938230165,0.7504127025604248,0.12179970795743394
2017-07-31,0.7985944747924805,0.8024780501617659,1.031810751972912,1.1747292280197144,1.3144922256469729,0.009048954670793115,0.12634238848004797,0.7520097494125366,0.123353842584848
2017-08-01,0.7998719811439514,0.7995522526905252,1.0338054401608616,1.182410478591919,1.3195397853851318,0.009061336089415986,0.12692497244257303,0.750750720500946,0.12380251735972751
2017-08-02,0.7956082820892334,0.7970350317493966,1.0358293430616194,1.1811256408691406,1.3207945823669434,0.00905534634150453,0.12624126744028835,0.7426385879516602,0.12331049814300911
2017-08-03,0.7955195903778076,0.7954183883837128,1.0304604410426919,1.1851149797439575,1.3228389024734497,0.009028774396503115,0.1266007082726812,0.7410097122192383,0.12343393872987972
2017-08-04,0.7959882616996765,0.7956525689804871,1.033346093189655,1.1884952783584597,1.314405918121338,0.009099180947368078,0.12666725697262676,0.7447125315666199,0.12357670227680495
2017-08-07,0.7930842638015747,0.7910766831393208,1.0280133556069757,1.1778424978256226,1.3046995401382446,0.00902641102578531,0.12589733621265348,0.7409108877182007,0.12279552051924278
2017-08-08,0.791671633720398,0.7889546083958512,1.0272635556233982,1.1800941228866575,1.3037809133529663,0.009029345372460496,0.12626916298222654,0.7359488606452942,0.1227751615222314
2017-08-09,0.7898269891738892,0.7892161820492298,1.0277492397651076,1.1754610538482666,1.2986170053482056,0.009082487364780789,0.12573634669395534,0.7324987649917603,0.12234480837069528
2017-08-10,0.7891601324081421,0.7876992604163987,1.037796537093774,1.1761523485183716,1.3014055490493774,0.009086861009891404,0.12583064255077486,0.7355104684829712,0.12234466562248561
2017-08-11,0.7866582870483398,0.7849663451825529,1.03982528532229,1.177024483680725,1.2976733446121216,0.009165398550648629,0.12579091226830763,0.7273890972137451,0.12290614636223003
2017-08-14,0.7904075980186462,0.7890418050854329,1.0387343812629268,1.182550311088562,1.300593018531799,0.009154993767896127,0.12614285746938356,0.7316519618034363,0.12315224824942107
2017-08-15,0.7853608131408691,0.7856014964679995,1.028235320363161,1.1775789260864258,1.2965123653411863,0.009096532467504527,0.1256897225563017,0.7296394109725952,0.12323313996671713
2017-08-16,0.7825950980186462,0.7841353655312796,1.0285949642350665,1.174122333526611,1.2867032289505005,0.009041918278503527,0.12579091226830763,0.7233220934867859,0.1238937802150125
2017-08-17,0.7932101488113403,0.7921105913222775,1.0360546962154695,1.1774264574050903,1.2891582250595093,0.009090991690889637,0.12627378555942037,0.7316573262214661,0.12386032544614244
2017-08-18,0.7875256538391113,0.7883948568200893,1.0392417900521986,1.171550154685974,1.2865046262741089,0.009146787403069399,0.12536512861517976,0.7282685041427612,0.12280003607026206
2017-08-21,0.7927510738372803,0.7945525756205216,1.0358400871682447,1.1756268739700315,1.2873657941818235,0.009147457032487948,0.1263580319774117,0.7310903072357178,0.12328221303574055
2017-08-22,0.79377681016922,0.7962798164436571,1.0392309752626943,1.1811953783035278,1.289823293685913,0.00917902773680998,0.12655793169239563,0.7327295541763306,0.12382352559129271
2017-08-23,0.7913270592689514,0.7958424892543435,1.0324818662591029,1.176221489906311,1.2823965549468994,0.009113194761859799,0.12644143032816438,0.728141188621521,0.12344642136691492
2017-08-24,0.79107666015625,0.7972383414956905,1.0363230986137344,1.1816558837890625,1.28037691116333,0.009181892997657731,0.12721658992772414,0.7235314249992371,0.12417100986996206
2017-08-25,0.7900142073631287,0.7991752743107494,1.036097628696589,1.1802195310592651,1.280393362045288,0.009131252630324228,0.12751019399601238,0.7207207083702087,0.12393878092556707
2017-08-28,0.794060468673706,0.8018088904488045,1.0469011544468516,1.1951857805252075,1.2905224561691284,0.009145281892890267,0.12932260463117734,0.7251210808753967,0.125881171864566
2017-08-29,0.7924558520317078,0.7990922177793324,1.0499239054338447,1.1963869333267212,1.2927078008651731,0.009196501692068745,0.1286114065695121,0.7244381904602051,0.12535098121724494
2017-08-30,0.7956715226173401,0.7990731118907998,1.0463643780913567,1.1970456838607788,1.292657732963562,0.00910829758321436,0.12895588232942992,0.7258895635604858,0.125950770811496
2017-08-31,0.7907013297080994,0.7919286530419118,1.0376673276553987,1.1893434524536133,1.292056441307068,0.009053050953180479,0.12817226277015373,0.7203884720802307,0.1254547704921377
2017-09-01,0.7939658164978027,0.8017960152441076,1.0423181174574325,1.191043257713318,1.2941633462905884,0.009080260603035935,0.12895788062477256,0.7179111242294312,0.1259788559486034
2017-09-04,0.796470046043396,0.8078523567104957,1.040766866012591,1.1882835626602173,1.2965123653411863,0.00910788302451871,0.12843400565938304,0.7167790532112122,0.12534312959050134
2017-09-05,0.7945336103439331,0.8056135323276059,1.0429486402429888,1.1893434524536133,1.2924071550369265,0.009106638942109144,0.127990992821367,0.7161579728126526,0.1255901169837752
2017-09-06,0.8006982207298279,0.8085316460137207,1.0488776834437006,1.1924067735671997,1.304121017456055,0.009207933778073425,0.12872663292967948,0.7259106040000916,0.12570078201557774
2017-09-07,0.8010895252227783,0.8174475967145431,1.0464520293965842,1.1927765607833862,1.3049719333648682,0.009163047037515418,0.12829196915612331,0.7203417420387268,0.12550058957662988
2017-09-08,0.8058017492294312,0.8258524674442977,1.0531969675198036,1.2029062509536743,1.3104785680770874,0.009236169123535665,0.12938284230232203,0.7248477339744568,0.12628398988018882
2017-09-11,0.8051530122756958,0.8229504520258487,1.0553309757009035,1.2017642259597778,1.3197661638259888,0.009239496762101708,0.1290439135929941,0.7241286635398865,0.12591683114623986
2017-09-12,0.8023750185966492,0.825948011384811,1.0457844744300977,1.1959433555603027,1.3169677257537842,0.009141185892283505,0.12766174779458553,0.7254314422607422,0.12494064706819454
2017-09-13,0.8020082116127014,0.8214227346243854,1.0418837203929858,1.1974613666534424,1.3289213180541992,0.009072269871234846,0.1276666361068163,0.7283321022987366,0.12554139919965823
2017-09-14,0.797957181930542,0.8217466925084723,1.0377103938931433,1.1890605688095093,1.3206027746200562,0.009048545496292755,0.12693254717121027,0.7249581217765808,0.1245303580276296
2017-09-15,0.8001792430877686,0.822165576928656,1.040128144220649,1.1921650171279907,1.3399077653884888,0.009097608344878983,0.12702026011040088,0.7229612469673157,0.12520972751155673
2017-09-18,0.7996801733970642,0.8198065287364948,1.040766866012591,1.193716287612915,1.3575152158737185,0.00899304848714011,0.12728654585861937,0.7289320230484009,0.12548720751542686
2017-09-19,0.7971112728118896,0.8143255775123419,1.0401389776911445,1.1959290504455566,1.3516618013381958,0.008968931444113468,0.12780859134485908,0.7265593409538269,0.12572606485915624
2017-09-20,0.8005764484405518,0.8136894787138819,1.0389394470265363,1.199256420135498,1.3515340089797974,0.008962340010962237,0.12816585525287302,0.7314593195915222,0.12574456432516518
2017-09-21,0.8016674518585205,0.8100183158247644,1.029283117250261,1.1872113943099976,1.3489633798599243,0.008885255994439664,0.1269878331826585,0.7333690524101257,0.12458963256504867
2017-09-22,0.7930591702461243,0.8114314158480957,1.0307153140993368,1.194557547569275,1.3579760789871216,0.008892682825226067,0.1282638317501105,0.7300122380256653,0.12551319325153043
2017-09-25,0.7964954376220703,0.809978974709303,1.0301950032040819,1.1927196979522705,1.3507307767868042,0.008893315764547511,0.12795578090628104,0.729091465473175,0.1251674149508176
2017-09-26,0.7936822772026062,0.8083943568372601,1.0348752860874877,1.185564637184143,1.347781538963318,0.008947664979740916,0.12794432110537834,0.7273097634315491,0.12443475884369148
2017-09-27,0.7877613306045532,0.8088193876577978,1.0316723706052489,1.1786059141159058,1.3448090553283691,0.008898618131613353,0.12664463801492606,0.7203624844551086,0.12306723044625743
2017-09-28,0.785071074962616,0.8011793330197486,1.0289653986396883,1.1749638319015503,1.3398897647857666,0.008860535128406509,0.12582256464438202,0.7216413021087646,0.12278541206596277
2017-09-29,0.7846275568008423,0.8040976484149027,1.0303117916582483,1.178175449371338,1.343021035194397,0.008891496834568245,0.1259398261447743,0.7222824096679688,0.12322540659086513
2017-10-02,0.7845598459243774,0.8017188493205619,1.032951129302058,1.1807351112365725,1.3394052982330322,0.00887799850552247,0.12554312773329843,0.7219278216362,0.12274472189127186
2017-10-03,0.7827175855636597,0.7989134497921481,1.026293625940395,1.173378348350525,1.3275628089904783,0.008867606896940387,0.12494408606301778,0.7192278504371643,0.12243978115869497
2017-10-04,0.783631443977356,0.8006277046546904,1.0276013715058512,1.17475688457489,1.3241175413131714,0.008861477419059545,0.12538037361241128,0.7163323760032654,0.12299728944648311
2017-10-05,0.7861697673797607,0.801346255840577,1.025430683593522,1.175723671913147,1.323276400566101,0.0088634411184901,0.1256913045122545,0.7157222628593445,0.12355288057067043
2017-10-06,0.7790589332580566,0.79562087410658,1.022285811882943,1.1712344884872437,1.3112690448760986,0.008867291943166308,0.12492661019146162,0.7113589644432068,0.12292502128904712
2017-10-09,0.7779377102851868,0.7976835002644964,1.0225994182772131,1.1742464303970337,1.3084039688110352,0.00888486088765232,0.12519561516379737,0.7071185111999512,0.12329604226637093
2017-10-10,0.7759155631065369,0.796635002372258,1.0209290499043921,1.1741636991500854,1.314405918121338,0.008876422672720718,0.12530700081357007,0.7066088914871216,0.123111618158804
2017-10-11,0.7786524295806885,0.79948831881451,1.0260935841323215,1.1814883947372437,1.3211086988449097,0.008901152602557614,0.1258700806416424,0.7073786854743958,0.12399563131847055
2017-10-12,0.7804573774337769,0.8033160720997656,1.027633031499239,1.1865493059158323,1.32397723197937,0.00889410691453163,0.12636410010878454,0.7098491191864014,0.12436511377901167
2017-10-13,0.7827788591384888,0.8016032431808461,1.0258514665445388,1.1831799745559692,1.326435923576355,0.008909559191891453,0.12651181825508628,0.7129921317100525,0.12311813740984319
2017-10-16,0.7885688543319702,0.8014747289104077,1.0261883541813197,1.181404709815979,1.3288860321044922,0.00893798793529833,0.12675845723472381,0.7177205085754395,0.12319154467945674
2017-10-17,0.7844183444976807,0.7985306881811365,1.025535862638034,1.1794538497924805,1.3252933025360107,0.00891305319060607,0.12663196666867943,0.7185094952583313,0.12342235930900258
2017-10-18,0.7851697206497192,0.8001280417303108,1.0226098896812146,1.1771907806396484,1.319487452507019,0.008911623634024028,0.12602553583862594,0.7176586985588074,0.12267470196946188
2017-10-19,0.7842522263526917,0.8021948019670135,1.0193056198212138,1.179523468017578,1.321300745010376,0.008848539510316727,0.12573049699815464,0.7154815793037415,0.12290732767613799
2017-10-20,0.7875069975852966,0.8012371090694269,1.0243277923959675,1.184805989265442,1.3150626420974731,0.008874689361835816,0.12614953477234037,0.7030519843101501,0.12306919485012996
2017-10-23,0.7807010412216187,0.7913270502167596,1.0141370467950186,1.175364375114441,1.3189828395843506,0.008768238202377376,0.12504486113901112,0.6942178606987,0.12227510125300448
2017-10-24,0.78125,0.7912018095590397,1.0157440418512398,1.1759172677993774,1.3206549882888794,0.008823010696231075,0.12500265991387302,0.698319137096405,0.12198544168267912
2017-10-25,0.7775444984436035,0.7892037080854118,1.0094892087672862,1.1759034395217896,1.3131976127624512,0.008776086984177575,0.12489072109546176,0.6903693079948425,0.121599476760064
2017-10-26,0.770790159702301,0.7816774954885345,1.0113472947335629,1.182075023651123,1.327351450920105,0.008806072771839594,0.12484223216733861,0.6893603801727295,0.12179585984490476
2017-10-27,0.7659724950790405,0.7783312258923158,1.0019337304945835,1.163724422454834,1.3130252361297607,0.008762398752117614,0.12219934962260211,0.6837607026100159,0.11955073161226962
2017-10-30,0.7668123245239258,0.7793442295498517,1.0020140360190053,1.160456299781799,1.313404560089111,0.008792059134969029,0.12255036823219795,0.6861392855644226,0.11952101137652693
2017-10-31,0.7697636485099792,0.7797696239650419,1.0053080444220952,1.1652703285217283,1.3212482929229736,0.00884987061979613,0.12271158314555394,0.6882407069206238,0.11978329305814454
2017-11-01,0.7659900188446045,0.7757229985568602,1.002606791905744,1.165175199508667,1.3292216062545776,0.00879894400856909,0.1224897266778825,0.6904885172843933,0.11946718194666693
2017-11-02,0.7676953673362732,0.7767412307659828,0.9974465174719441,1.1628718376159668,1.3255391120910645,0.008760249459117821,0.12283352478433356,0.6892321705818176,0.119085899968053
2017-11-03,0.7713906764984131,0.7807924822989452,1.0007405396580609,1.1661807298660278,1.30532968044281,0.008770698938491953,0.12297552219761326,0.6912999749183655,0.11915245056156679
2017-11-06,0.7651694416999817,0.7836990455035677,0.9998000068174077,1.1614941358566284,1.30804443359375,0.00875825454733037,0.12248132806158642,0.6909417510032654,0.11866337126664675
2017-11-07,0.768994152545929,0.7865592505387513,1.0023053263385744,1.1612648963928225,1.3175057172775269,0.008789585810752317,0.12299669792171174,0.6941311359405518,0.1191278947769641
2017-11-08,0.7655092477798462,0.7836130988045068,1.0018032465124984,1.1601063013076782,1.317210674285889,0.008790358611918464,0.12257605447803861,0.6910611391067505,0.11930611993190543
2017-11-09,0.7678722143173218,0.785681772117849,1.000200013580654,1.15968918800354,1.3113033771514893,0.008777550386267935,0.12257305982137075,0.6955699324607849,0.1193085362512368
2017-11-10,0.7682615518569946,0.7887492714141706,1.0061475742872124,1.164686679840088,1.3144404888153076,0.008820286659316428,0.12303982200003778,0.6944589018821716,0.1194275183883408
2017-11-13,0.7647013664245605,0.7879102673948079,1.0036130081693777,1.166112780570984,1.312026023864746,0.008796158069655623,0.12289918859596946,0.6925399899482727,0.1196588765273802
2017-11-14,0.7614986300468445,0.785132752506992,1.003673468191283,1.1664936542510986,1.312335968017578,0.00880397946965078,0.12239601936530037,0.6898311972618103,0.11928619581631007
2017-11-15,0.7631257772445679,0.7852375555233545,1.0105909799967967,1.1792869567871094,1.3157894611358645,0.008818186594878964,0.12221337853365997,0.6878809332847595,0.11904138048475904
2017-11-17,0.7587311267852783,0.7838280741484243,1.0065222425533191,1.177745342254639,1.3200448751449585,0.008847365264182333,0.12185105824941597,0.6855512857437134,0.11910306501476953
2017-11-20,0.7554011344909668,0.7817386123766122,1.0105092938614382,1.1731857061386108,1.3202714920043943,0.0089255429588401,0.12095481047460796,0.6801009178161621,0.11826370115659945
2017-11-21,0.7555723190307617,0.7804390814596354,1.006947953458801,1.174122333526611,1.3245033025741575,0.00888486088765232,0.1206214481945135,0.6811988949775696,0.11794956533926687
2017-11-22,0.7584893703460693,0.7828401337562927,1.0094892087672862,1.173722743988037,1.3245558738708496,0.008901469361809631,0.12171846823447882,0.6846595406532288,0.11860933200581952
2017-11-23,0.7613826394081116,0.7870917304498164,1.0182366216221466,1.1814744472503662,1.3316820859909058,0.008983676373805708,0.12261679060569708,0.6874411702156067,0.11989343578133754
2017-11-24,0.7625671029090881,0.7866211332187183,1.018776036840391,1.1853959560394287,1.330672025680542,0.00898844104256919,0.12296342299728973,0.6889899373054504,0.12056210406957579
2017-11-27,0.7611972093582153,0.7865345444412315,1.020095879387391,1.1926485300064087,1.3324450254440308,0.008954876568813115,0.12293319261619569,0.6872379779815674,0.12071579218817635
2017-11-28,0.7607165575027466,0.7837973143152613,1.0190563575797635,1.1904903650283811,1.3322319984436035,0.008995232674919158,0.1227521076478444,0.6920223832130432,0.12064108524696955
2017-11-29,0.7605488300323486,0.7803538482619454,1.0161569109712159,1.184805989265442,1.3365410566329956,0.008956720912985284,0.12137689882912482,0.6901120543479919,0.11989401154237812
2017-11-30,0.7566586136817932,0.7774840334445904,1.0157956398303982,1.18519926071167,1.3417235612869265,0.008928412080222195,0.1212079878886336,0.688477635383606,0.11949344377822166
2017-12-01,0.7563438415527344,0.7757109474768565,1.0164667677445447,1.1898245811462402,1.3529969453811646,0.008884466418219012,0.1202042992534232,0.6831814646720886,0.11929644206088809
2017-12-04,0.759013295173645,0.7862809357752142,1.0182988564572772,1.1859863996505735,1.349400281906128,0.008860221275698271,0.12041678528515924,0.6855278015136719,0.11925261947228541
2017-12-05,0.7604100108146667,0.7888301916883936,1.0156408616170365,1.1867746114730835,1.347527265548706,0.008888967858533357,0.1201911548472554,0.6867990493774414,0.11877641408449109
2017-12-06,0.7604620456695557,0.7877737510235011,1.0127607906953975,1.1832919120788574,1.341525673866272,0.008891734489953482,0.12106098306631422,0.6875120401382446,0.11957531204784765
2017-12-07,0.7566872239112854,0.7820503916074958,1.0108974511154796,1.1804285049438477,1.3392258882522583,0.008905433175755251,0.12098129777390933,0.6886008977890015,0.1188057651233536
2017-12-08,0.7512019276618958,0.7777259413806991,1.0053181044511883,1.1772184371948242,1.348435878753662,0.008836030066717177,0.12025315439523528,0.6827196478843689,0.1178351768866056
2017-12-11,0.7508071064949036,0.777604968598642,1.007181229173913,1.176996827125549,1.3392080068588257,0.008807236081930302,0.12052258298473204,0.6842519640922546,0.11817578661783548
2017-12-12,0.7529497146606445,0.7780284659128957,1.0086847862447879,1.1777591705322266,1.334935188293457,0.008807468662467162,0.11937091929892626,0.6909608244895935,0.11765591645184002
2017-12-13,0.7556580305099487,0.7771215255676037,1.0086745980804825,1.1742602586746216,1.331948161125183,0.008807081035063164,0.11990709103267458,0.6938276886940002,0.11882270138931462
2017-12-14,0.7633005380630493,0.7802746576081497,1.014682435762907,1.1835860013961792,1.340967893600464,0.008866663302342315,0.12022568916946523,0.7024297118186951,0.11894850113063785
2017-12-15,0.7665008306503296,0.781585801661355,1.0114291773877562,1.1774957180023191,1.3432915210723877,0.008897113481571949,0.12053100606381623,0.6989585757255554,0.11848748830042045
2017-12-18,0.7651109099388123,0.7767352612712665,1.0090410162043513,1.1743566989898682,1.3317352533340454,0.008871854658400563,0.11912844967463306,0.6998488306999207,0.1176650526907099
2017-12-19,0.7665772438049316,0.7773088235021582,1.0146721874477045,1.1784253120422363,1.3380789756774902,0.008883519232386727,0.11966876352381561,0.6994816660881042,0.11857008844450033
2017-12-20,0.7653451561927795,0.7765060445614406,1.0148162965410252,1.1841325759887695,1.3386881351470947,0.008850888937928441,0.1197088745053305,0.6970924139022827,0.11901787011477553
2017-12-21,0.767224133014679,0.7796420003635836,1.0139519490749689,1.1878176927566528,1.3372023105621338,0.00883072406385782,0.1189743869036678,0.7016312479972839,0.11916153633032707
2017-12-22,0.7707723379135132,0.7851758903326939,1.0115928604905569,1.185733199119568,1.338043212890625,0.008824334135480243,0.11948385802905236,0.7014294862747192,0.11927836642911688
2017-12-25,0.7714858651161194,0.7857928311998968,1.011040550839764,1.1856067180633545,1.3365052938461304,0.008825502275661472,0.12018075434117927,0.7015082240104675,0.1199429028516889
2017-12-26,0.7725587487220764,0.7864417076398287,1.011224587033359,1.187253713607788,1.3376137018203735,0.008825891526350915,0.12028339167926387,0.702799916267395,0.12013166897250817
2017-12-27,0.7730425000190735,0.7882084000501004,1.0104071743345788,1.1857894659042358,1.337470531463623,0.008833687924525454,0.12035836070134971,0.7032496929168701,0.11977798415184257
2017-12-28,0.7774840593338013,0.7905326162009556,1.0144045158770372,1.1900794506072998,1.3403927087783811,0.00883259558778588,0.12103489396045602,0.7069686055183411,0.12098817967121292
2017-12-29,0.7794293165206909,0.795829880449173,1.021763582529718,1.1941723823547363,1.344085931777954,0.008859357696566999,0.12123518893166531,0.7093405723571777,0.12127503856000696
2018-01-01,0.7802137732505798,0.7948620083877068,1.026978702081397,1.200494647026062,1.351607084274292,0.008875792135600694,0.12188284124402385,0.7113893628120422,0.12225088073131157
2018-01-02,0.7801042199134827,0.7964954461670105,1.0259356520309801,1.2011579275131226,1.3511322736740112,0.008867606896940387,0.12203351168602943,0.708817720413208,0.12225760848337516
2018-01-03,0.783392071723938,0.799750444082924,1.0293784774131731,1.2063454389572144,1.359619379043579,0.008909161920782466,0.12315362233324494,0.7100205421447754,0.12259558781405169
2018-01-04,0.7828401327133179,0.7970095874596191,1.0233947953996199,1.2010425329208374,1.3511322736740112,0.008880442423164546,0.12338214605598755,0.7090187072753906,0.12224041997761478
2018-01-05,0.7863799333572388,0.8006212859538848,1.0262725949718123,1.2068840265274048,1.3552889823913574,0.008866584728506504,0.12397825849715663,0.7155993580818176,0.12296962372028801
2018-01-08,0.786101758480072,0.8068940773380966,1.025577927758969,1.2037460803985596,1.3575890064239502,0.00883751352964446,0.12434669353672931,0.7170412540435791,0.12276534388254345
2018-01-09,0.7848061919212341,0.8055032200989407,1.023153949602709,1.1970456838607788,1.3571282625198364,0.008838529005840137,0.12385987189671414,0.7175402641296387,0.12189919243133539
2018-01-10,0.7810669541358948,0.8017188493205619,1.0164873987357839,1.1929330825805664,1.353234887123108,0.008868786522627377,0.12326747396993597,0.7144489884376526,0.12142405444035327
2018-01-11,0.7847322225570679,0.7980463931212397,1.0228609559240214,1.195614457130432,1.351278305053711,0.008973116523180232,0.12394629643157466,0.7206479907035828,0.12207030670197155
2018-01-12,0.7885813117027283,0.7987858725322324,1.0249367311164392,1.2042099237442017,1.3541878461837769,0.008985210447254014,0.12489134585356244,0.7260793447494507,0.1230904028491514
2018-01-15,0.7908889651298523,0.8025424631197333,1.0331646064298259,1.2192296981811523,1.3733056783676147,0.009000900213629917,0.1261675214794112,0.7249003052711487,0.12434098717097977
2018-01-16,0.7962924242019653,0.8048613633716373,1.0383461488449452,1.2268433570861816,1.379824161529541,0.009043144739232374,0.1269454401167547,0.7296607494354248,0.12481013511012312
2018-01-17,0.797130286693573,0.8048160354400402,1.0426441368444574,1.227129340171814,1.3798813819885254,0.009058955643518154,0.12712133891923535,0.7268921136856079,0.12450352105108739
2018-01-18,0.7972510457038879,0.8040201159150419,1.036215759368315,1.218397855758667,1.382800817489624,0.008978595073733027,0.1268710305766666,0.7272886037826538,0.12425648519108694
2018-01-19,0.8005764484405518,0.8057173741011375,1.0430030391984928,1.2236607074737549,1.3894678354263306,0.009006899205629313,0.12750060447443007,0.72965008020401,0.12476139699316485
2018-01-22,0.8002112507820129,0.8008905777107341,1.0401498113873144,1.2255502939224243,1.3891589641571045,0.00903472965464313,0.12741125950783935,0.7288311123847961,0.12464475550477408
2018-01-23,0.8008328676223755,0.8030838174734658,1.0394469918288263,1.2256253957748413,1.3984841108322144,0.009011769093218236,0.12729124322786226,0.7319090366363525,0.12464786706522564
2018-01-24,0.8004482388496399,0.8055226347169688,1.045390889969056,1.2310267686843872,1.401738166809082,0.009082074522872697,0.12790455559712338,0.7362902760505676,0.1250432954134379
2018-01-25,0.8048937320709229,0.8095527246210877,1.0567250008896734,1.239111304283142,1.4220906496047974,0.009146955279977909,0.1288701329625846,0.733718752861023,0.1260906850388583
2018-01-26,0.8029226064682007,0.8080155341960467,1.0617965617144771,1.239234209060669,1.4150274991989136,0.00911543770784908,0.12909889286485754,0.731079638004303,0.12615765471811072
2018-01-29,0.8116883039474487,0.81214976280614,1.0710537361750971,1.2428072690963743,1.4149274826049805,0.009204797545649502,0.13011752291068865,0.7362686395645142,0.12707432897407672
2018-01-30,0.8095985651016235,0.8107538294662141,1.0670080980782588,1.2381141185760498,1.4076577425003052,0.009180544378993313,0.1297185089700002,0.7325094938278198,0.1268810092437944
2018-01-31,0.8101101517677307,0.8106289446807105,1.069987929706837,1.2409565448760986,1.4155884981155396,0.009196924357416203,0.12956221154882158,0.7339880466461182,0.1268156851590082
2018-02-01,0.806126594543457,0.8128759205966551,1.0741138626703854,1.241865873336792,1.420051097869873,0.0091574256002836,0.12977069194385996,0.7375882267951965,0.126963170272454
2018-02-02,0.8040524125099182,0.815620747117848,1.0799369644719023,1.2510008811950684,1.4266760349273682,0.00914026667804737,0.13087549045108768,0.7397927045822144,0.12752142107306272
2018-02-05,0.7906388640403748,0.8043758402879281,1.0740215851424977,1.244694471359253,1.411133885383606,0.00908801714653235,0.12928632953800348,0.7282207608222961,0.12652061844008428
2018-02-06,0.7874636054039001,0.7977089876020778,1.0738831298377565,1.2367818355560305,1.3943694829940796,0.009166322826991532,0.12754923365922022,0.7266914248466492,0.1253223889460876
2018-02-07,0.7893905639648438,0.7997249023701811,1.0683075741248629,1.238129496574402,1.395868182182312,0.009121840513938656,0.12802113630210554,0.7331593036651611,0.12582097938263395
2018-02-08,0.7817386388778687,0.795861516471185,1.0607828257696914,1.2268133163452148,1.3879250288009644,0.009157844681355607,0.12653374848518947,0.7227522134780884,0.12378382500537716
2018-02-09,0.7787495255470276,0.7942433084785766,1.0694272241419083,1.2260762453079224,1.3934950828552246,0.009214127156670039,0.12635707270259033,0.7226112484931946,0.1233934129991805
2018-02-12,0.7820197939872742,0.7944704771146485,1.0643959844676445,1.2252799272537231,1.3827433586120603,0.009191176212782686,0.12541544218058504,0.7246691584587097,0.12361000398682626
2018-02-13,0.7859163880348206,0.7951021918510397,1.0655301158425972,1.2303755283355713,1.3852334022521973,0.009200478218215982,0.1264663790252531,0.726300835609436,0.12417731827934093
2018-02-14,0.786101758480072,0.7943442395609492,1.069255672010603,1.235376238822937,1.3886960744857788,0.00927953677078039,0.127097425206132,0.7282685041427612,0.12460298673754679
2018-02-15,0.7928327918052673,0.8010766576133485,1.0781787451721325,1.2467273473739624,1.401581048965454,0.009382007363908032,0.12850183480212274,0.73744136095047,0.1259181012854544
2018-02-16,0.7943821549415588,0.8011536234436393,1.0845987091392217,1.2503595352172852,1.4104173183441162,0.009424093632373638,0.12877951535988164,0.7398912310600281,0.1261565391122195
2018-02-19,0.7912018299102783,0.796381265814565,1.0785043612105476,1.241187572479248,1.403154373168945,0.009410790271744898,0.1286771098847414,0.7387925386428833,0.12555510853114163
2018-02-20,0.7908889651298523,0.7957348365067458,1.075962955849018,1.2398641109466553,1.3992668390274048,0.009371280805104213,0.12849456762261044,0.7363878488540649,0.1251486143973254
2018-02-21,0.7880903482437134,0.7907013176363287,1.0679196966808475,1.233532428741455,1.4001091718673706,0.009312634736997219,0.12751816439688218,0.7342305779457092,0.12350558473329556
2018-02-22,0.7798426151275635,0.787544184664036,1.0653484464350051,1.2281843423843384,1.3910139799118042,0.009297568659407812,0.1271459014424527,0.7316787838935852,0.123160898256504
2018-02-23,0.7839509844779968,0.7866583117630653,1.0717424498770263,1.2326656579971311,1.3953033685684204,0.009362068380555451,0.12734019220356826,0.7324022054672241,0.12314101084102562
2018-02-26,0.7838403582572937,0.7906075691700852,1.0671675256522093,1.228712558746338,1.3968042135238647,0.009339335631162935,0.12737604087593865,0.7279079556465149,0.12226134327552468
2018-02-27,0.7849909663200378,0.7883948568200893,1.0654165736600942,1.2315573692321775,1.3966480493545532,0.009339771527891194,0.12786578930793893,0.7291393280029297,0.12268222283841634
2018-02-28,0.7793624997138977,0.783017919524324,1.0645545648098338,1.2230321168899536,1.390607833862305,0.009308733236883441,0.12706480489725705,0.7235209345817566,0.12157907539814407
2018-03-01,0.7765783667564392,0.7792409936516155,1.0589854964976038,1.2191256284713743,1.375421166419983,0.009377344389755033,0.12661080498108884,0.7207622528076172,0.12058783718590353
2018-03-02,0.776469886302948,0.779295648802073,1.062146178731887,1.2270842790603638,1.377543330192566,0.009419477417063043,0.12755199541454312,0.7261425852775574,0.12129665693163331
2018-03-05,0.7754703164100647,0.7759095511168754,1.0670878398456423,1.2315422296524048,1.3795006275177002,0.0094736443434092,0.12846353979548153,0.7230605483055115,0.121247399035757
2018-03-06,0.7766990065574646,0.7704219811873796,1.064169407347032,1.2336541414260864,1.3852334022521973,0.009411764705882352,0.1279475917792706,0.7225120067596436,0.12110056439051449
2018-03-07,0.7786343097686768,0.7722663426108131,1.0658253846390857,1.2416653633117676,1.390008568763733,0.009475349647139518,0.12859156515189382,0.7283002734184265,0.12188982609320333
2018-03-08,0.7827115058898926,0.7748214220563331,1.0599732966236144,1.2414649724960327,1.390627145767212,0.009417437592196183,0.1280417948925223,0.7286983132362366,0.12155084624439745
2018-03-09,0.7790589332580566,0.7754282132435721,1.0510936320221007,1.2306632995605469,1.3805670738220217,0.009397966436428247,0.12755752704257747,0.7260476350784302,0.12093507116602484
2018-03-12,0.7862686514854431,0.7805061049613441,1.0517458963976238,1.2308752536773682,1.38554048538208,0.00935532468448298,0.12859090282543464,0.730833888053894,0.12132123070628946
2018-03-13,0.7872899770736694,0.7786888639411313,1.0557544041168416,1.2339584827423096,1.3907625675201416,0.009410878786901881,0.1291489081827054,0.7301188707351685,0.12141256786626943
2018-03-14,0.7857990264892578,0.7717836192611379,1.0600968677343197,1.239234209060669,1.397233486175537,0.00938896580189262,0.12930755796298324,0.7329873442649841,0.1217937802676551
2018-03-15,0.7879785895347595,0.772081537608405,1.0588397305733463,1.2375624179840088,1.3971552848815918,0.009420187570055602,0.1294577108918206,0.7315502762794495,0.12224385444184599
2018-03-16,0.7789375185966492,0.7661836807762847,1.0511930765632387,1.2309207916259766,1.3938642740249634,0.009406541476243983,0.12965628304542698,0.727087676525116,0.12223309566538186
2018-03-19,0.7716049551963806,0.7638252085206412,1.0495382297682794,1.228078842163086,1.3943500518798828,0.009436721902601874,0.1294833605566208,0.7227522134780884,0.12207179885981445
2018-03-20,0.7708317637443542,0.7644908962641542,1.0516352727355924,1.233684539794922,1.4025245904922483,0.00943431808059075,0.12949459397711624,0.7243017554283142,0.12249453458137476
2018-03-21,0.7690532803535461,0.7648534292181646,1.046090749900923,1.2251899242401123,1.4004818201065063,0.009392405144927252,0.12917877206397688,0.7179318070411682,0.12171698470203265
2018-03-22,0.777478039264679,0.7753620589639149,1.0542184406489634,1.234766125679016,1.414627194404602,0.00944028539808126,0.1300796064226508,0.7230814695358276,0.12216425584991557
2018-03-23,0.7693490982055664,0.7733294073516097,1.0566691611891932,1.2324985265731812,1.4114724397659302,0.009526712692481069,0.12920580783911279,0.7216100692749023,0.12136188138138121
2018-03-26,0.7708614468574524,0.7763553443304717,1.0560777160462198,1.235437273979187,1.4147672653198242,0.00953661573103589,0.12891581847804545,0.7240920066833496,0.12136953714622505
2018-03-27,0.7756146788597107,0.7790528358839087,1.0584250419244983,1.2457488775253296,1.423892855644226,0.009478672985781991,0.1303458109010177,0.7302681803703308,0.12228974656426872
2018-03-28,0.768757700920105,0.7764879315696017,1.0565240321959541,1.240787148475647,1.417635440826416,0.0094793022842405,0.1297185089700002,0.7270084023475647,0.12158040050330754
2018-03-29,0.766007661819458,0.7740596959036958,1.0453252996494151,1.2310267686843872,1.4080342054367063,0.009362244252918308,0.12720364184865113,0.7211625576019287,0.11969195794545182
2018-03-30,0.768580436706543,0.775975798858118,1.0460251369504043,1.2302846908569336,1.4029377698898315,0.009391523539533611,0.1275754285998635,0.7229194045066833,0.11969310560607123
2018-04-02,0.768302857875824,0.7756207197401322,1.047559212839038,1.231420874595642,1.403823971748352,0.009406276180474312,0.1273316023481233,0.7235890030860901,0.11975013378837751
2018-04-03,0.7654623985290527,0.7739339343772258,1.0471204371473377,1.229271411895752,1.4046719074249268,0.009451884856785614,0.126662605543011,0.7203105688095093,0.11911710913448977
2018-04-04,0.768202543258667,0.7808717781017833,1.0433839259499869,1.2278525829315186,1.406865477561951,0.00939531763781793,0.12767935213483034,0.726379930973053,0.11921082130700615
2018-04-05,0.7719981074333191,0.7840370119400892,1.041547313246676,1.228682279586792,1.4088078737258911,0.009365575707237728,0.12792157152185443,0.731898307800293,0.11918766394220119
2018-04-06,0.7668300271034241,0.7831344411249842,1.0396091115109403,1.2251598834991455,1.400874137878418,0.009341254546905823,0.12766484083259688,0.7262796759605408,0.1187379069649201
2018-04-09,0.768226146697998,0.7825521796575249,1.0425137175751928,1.227144479751587,1.4091651439666748,0.009348590029891923,0.1276304605841558,0.7274684906005859,0.1191555647524636
2018-04-10,0.7699592709541321,0.787277585331495,1.0458828516569834,1.2322403192520142,1.4138271808624268,0.00936776920490244,0.1284637050486191,0.7307590842247009,0.11964699790527383
2018-04-11,0.7763975262641907,0.7940667032054759,1.045653203236977,1.2363078594207764,1.4182183742523191,0.00933593503764197,0.12830612883803758,0.7370989322662354,0.12052069903605371
2018-04-12,0.7765181064605713,0.7957348365067458,1.044495482554498,1.2371643781661987,1.4189025163650513,0.009360753893773527,0.12888939503998018,0.7368653416633606,0.12013151757900237
2018-04-13,0.7757349610328674,0.7943568765553016,1.0391553424018296,1.2329696416854858,1.4238117933273315,0.009326444189266363,0.1287803456995057,0.7379420399665833,0.11896491124170398
2018-04-16,0.7774477601051331,0.7935374333705795,1.0383461488449452,1.233258605003357,1.4246840476989746,0.00930249855606588,0.1286978069875328,0.7348726391792297,0.11804006677307702
2018-04-17,0.7772907018661499,0.7957981714475447,1.0422855461575526,1.2385127544403076,1.4342057704925537,0.009341778508649548,0.12873641567074545,0.736680805683136,0.1188660602990968
2018-04-18,0.7766990065574646,0.79628609013328,1.0347681827158624,1.237317442893982,1.429653882980347,0.009344397200758746,0.12886149382720147,0.7340688705444336,0.1190382722594517
2018-04-19,0.778889000415802,0.7920165084007336,1.0325245031397523,1.237914800643921,1.4204343557357788,0.009315670763191758,0.1288776010863035,0.7324827313423157,0.11906803680179068
2018-04-20,0.7723379135131836,0.7895838212183484,1.029325490346693,1.2345526218414309,1.4086490869522097,0.009308213636399469,0.12834993060609398,0.726000189781189,0.11897737029484846
2018-04-23,0.7659900188446045,0.7832877849203566,1.0246951590999387,1.2273402214050293,1.4001679420471191,0.009270503754047605,0.12772207352506618,0.7204195857048035,0.11831659813602523
2018-04-24,0.7603406310081482,0.7785736613921537,1.0223380766398178,1.22089684009552,1.3938252925872805,0.009194472149108254,0.1267237593271474,0.7150518298149109,0.11740961542488171
2018-04-25,0.7606297731399536,0.7799521091303382,1.021867948367493,1.2241400480270386,1.3993842601776123,0.009190922925817335,0.12667688223250223,0.7117691040039062,0.117553020585366
2018-04-26,0.7571169137954712,0.7790589134067454,1.0176977773140694,1.2171669006347656,1.3939224481582642,0.00914377687822673,0.12555763426089572,0.7076590061187744,0.11688442267070187
2018-04-27,0.7556865215301514,0.7769826766169062,1.0110916720554302,1.2109616994857788,1.391943335533142,0.009149130577118659,0.1252222728303007,0.7065489888191223,0.11554896436071452
2018-04-30,0.7575184106826782,0.7788283234168663,1.0120330672435045,1.2122827768325806,1.37710702419281,0.009166070907955856,0.12549633884834904,0.7084109783172607,0.11534224464049432
2018-05-01,0.7532389163970947,0.7793382199785613,1.0095911428157414,1.2081234455108645,1.3772207498550415,0.00914720614935226,0.12483475623926153,0.7037693858146667,0.11438768407200677
2018-05-02,0.7482901811599731,0.778500900436042,1.0034216494898387,1.1991558074951172,1.3609329462051392,0.009101499790676338,0.1236624402769036,0.7000986933708191,0.1131038794353651
2018-05-03,0.7486711144447327,0.7762769630966653,1.0007004872872056,1.19510018825531,1.3573862314224243,0.009105228844663638,0.12314452502248091,0.6995012760162354,0.112180567989442
2018-05-04,0.7528419494628906,0.7781737526397595,1.002667070828071,1.1989257335662842,1.3572388887405396,0.009166238852441052,0.1242946331487837,0.7040815353393555,0.11357053865575371
2018-05-07,0.7524227499961853,0.7778589972188086,0.9994602733804686,1.195500135421753,1.3531982898712158,0.009162039524017397,0.12414803150538557,0.7020007371902466,0.11346203912160237
2018-05-08,0.7518796920776367,0.7764578169973069,0.9981534072486054,1.1933743953704834,1.3570362329483032,0.009179111945850298,0.1241033487604057,0.7022915482521057,0.11331702161988261
2018-05-09,0.7449344992637634,0.7725587283507213,0.9988612996806092,1.1867886781692505,1.35534405708313,0.009172292164713294,0.12300985708545838,0.6969126462936401,0.11355377521339198
2018-05-10,0.7459346652030945,0.7782282581771593,0.9946290603665727,1.184721827507019,1.3544628620147705,0.009103571320916585,0.12380528003940701,0.6931399703025818,0.11482769866051727
2018-05-11,0.7526153922080994,0.7830975949126617,0.9969792103066012,1.1917530298233032,1.352338194847107,0.009137761132794594,0.12501984404591884,0.6963788270950317,0.11564985988466073
2018-05-14,0.7551102638244629,0.7824113835030239,1.0001400309164896,1.1952143907546997,1.355380892753601,0.009145951301884357,0.12516553240018458,0.6968204379081726,0.11645768183490685
2018-05-15,0.7525983452796936,0.7812500174622987,0.9997200557695624,1.1931180953979492,1.3562448024749756,0.009113194761859799,0.12448324204234593,0.6918021440505981,0.11575816433332711
2018-05-16,0.7468482851982117,0.7768740218005353,0.9986817356516278,1.1820889711380005,1.3500195741653442,0.009066429971457126,0.12307449616472031,0.6863606572151184,0.11501934016700892
2018-05-17,0.7517666816711426,0.7823501613783361,0.999600212727344,1.1816978454589844,1.354830026626587,0.009061336089415986,0.1239818059688804,0.6904789805412292,0.11500730520397483
2018-05-18,0.7506380081176758,0.7790892300856732,0.9984822693566601,1.179523468017578,1.3515340089797974,0.009022990341479211,0.12299775112830674,0.688477635383606,0.11445706855705258
2018-05-21,0.752428412437439,0.7765723942043089,1.002104410086642,1.1766643524169922,1.3477089405059814,0.009018759242160553,0.12321234605154498,0.691438615322113,0.11417037471191355
2018-05-22,0.7582650780677795,0.7827236997119211,1.003210267402293,1.1792453527450562,1.3431833982467651,0.009010795190026089,0.12426836893499357,0.69533771276474,0.11529237886299057
2018-05-23,0.7578915357589722,0.7802746576081497,1.0081356466694995,1.1788560152053833,1.3441040515899658,0.009031302663707864,0.12423873007718357,0.6942033767700195,0.11519715522650119
2018-05-24,0.7567158937454224,0.7791802666557681,1.0058844411519612,1.1710150241851809,1.337130784988403,0.009101748172838221,0.1237677386092064,0.6929094791412354,0.1143307984301671
2018-05-25,0.7571971416473389,0.7762166971837997,1.008776367674981,1.1722642183303833,1.3383476734161377,0.009148126759959805,0.1234834627175863,0.6931399703025818,0.11416959156271109
2018-05-28,0.7556865215301514,0.7706475487412109,1.0081661185431132,1.1688934564590454,1.3309022188186646,0.009122173175137346,0.12264972035902123,0.6920798420906067,0.11448458593429793
2018-05-29,0.7547739148139954,0.769722197039739,1.0066641061874455,1.162696123123169,1.3315579891204834,0.009141687012020993,0.12211891295608138,0.6940010786056519,0.11334784066124186
2018-05-30,0.7481670379638672,0.7674597240931585,1.0093872953004321,1.1539349555969238,1.32538104057312,0.009225603132110283,0.12060965515845246,0.6889424324035645,0.11149601711076648
2018-05-31,0.7571169137954712,0.7756086718377561,1.011551934748294,1.1667250394821167,1.328356385231018,0.009198616698501428,0.12218814305079524,0.698460578918457,0.11348200545020465
2018-06-01,0.7562122941017151,0.7725527518216944,1.0155377023429946,1.1693171262741089,1.3289390802383425,0.009195486808603005,0.12228766434894789,0.7006579041481018,0.11347555798927444
2018-06-04,0.7568819522857666,0.7719623142577308,1.011531442625315,1.1668611764907837,1.3356484174728394,0.009124254127797058,0.12225566990260246,0.69808030128479,0.11344685419040791
2018-06-05,0.7654037475585938,0.7737542541639083,1.012145773900875,1.1700559854507446,1.3316465616226196,0.009093968183044972,0.12317516329657924,0.7031705975532532,0.11427395688571383
2018-06-06,0.7624624371528625,0.7728572455182504,1.0162601345308293,1.1726216077804563,1.3406083583831787,0.009102576843445082,0.12341261219611921,0.7029679417610168,0.11440600528531619
2018-06-07,0.7665772438049316,0.7724513072339592,1.0143016689119422,1.178550362586975,1.3421558141708374,0.009080590238365494,0.12388488059473665,0.7039080858230591,0.11463946451671024
2018-06-08,0.761440634727478,0.7702973280939526,1.0195550659906831,1.179523468017578,1.3419216871261597,0.009116268873177643,0.12405391346053626,0.7018824815750122,0.11489260757732227
2018-06-11,0.7601903676986694,0.7710754067753018,1.0154243005089463,1.1783976554870603,1.341381549835205,0.009137176363495546,0.12422128907355998,0.7033783197402954,0.11500995419348986
2018-06-12,0.7604620456695557,0.7699889108705137,1.0139931305373182,1.177412509918213,1.3374348878860474,0.009059119685684376,0.12426836893499357,0.7017495036125183,0.11543345119131677
2018-06-13,0.7575757503509521,0.7682911103035135,1.0133765553577525,1.17482590675354,1.3372559547424316,0.009053706302304353,0.12424551646604771,0.7005499601364136,0.11582117446419331
2018-06-14,0.7570710182189941,0.7708138894123964,1.0156408616170365,1.1807769536972046,1.3382760286331177,0.00907095326049322,0.12486655370545752,0.7025925517082214,0.11620474978669634
2018-06-15,0.7465472221374512,0.7624217660909047,1.0030996018384999,1.1566576957702637,1.3256621360778809,0.009037914323644794,0.12293771829829012,0.6961994171142578,0.11435367808822797
2018-06-18,0.743992269039154,0.7577479714909409,1.0025062632680088,1.159595012664795,1.3275099992752075,0.00904020204167368,0.12270390072996801,0.693899929523468,0.11366089796766064
2018-06-19,0.7403568625450134,0.7569334973658133,1.0058439759852371,1.163074612617493,1.3258730173110962,0.00907951838209012,0.12311904813623482,0.6931304335594177,0.11342485123329363
2018-06-20,0.738825261592865,0.753080083471997,1.0058945127203218,1.1588560342788696,1.317332148551941,0.009085045177777074,0.122222495491733,0.6904789805412292,0.11247645111190226
2018-06-21,0.7374087572097778,0.7515067792411747,1.0039757574422927,1.1579033136367798,1.3175230026245115,0.009061911191306837,0.12231158557282815,0.6869311332702637,0.11264483910788316
2018-06-22,0.7378984093666077,0.7508973100615005,1.0084508136056216,1.1605775356292725,1.3247840404510498,0.009094877477070775,0.12309509906881815,0.687096357345581,0.11250694735035031
2018-06-25,0.743837296962738,0.753080083471997,1.0122789661794451,1.1661399602890017,1.3262423276901243,0.009096118979057247,0.12363384772762484,0.6915677189826965,0.11287764713075807
2018-06-26,0.7409602999687195,0.7520154264944304,1.013273916719221,1.1702749729156494,1.3278449773788452,0.009120509477092507,0.123350185852965,0.6889187097549438,0.11306474360909714
2018-06-27,0.7391692996025085,0.7517892461242149,1.0093872953004321,1.1650259494781494,1.3221042156219482,0.009082899614805557,0.12302196542588326,0.6850581765174866,0.11264736828196048
2018-06-28,0.7343222498893738,0.7502213251858358,1.0032404422501047,1.1563634872436523,1.3120431900024414,0.009073175459120454,0.12218485409144521,0.6791402101516724,0.11150136418438064
2018-06-29,0.7346459031105042,0.7544208845402414,1.0024158167074282,1.1562966108322144,1.307514190673828,0.009050920473612726,0.12209311938409446,0.6752604842185974,0.11072566144415924
2018-07-02,0.7398638129234314,0.7605835214858339,1.0098867950559345,1.1678558588027954,1.3207770586013794,0.009032607788543034,0.12265874470652119,0.6778420209884644,0.1117555670968136
2018-07-03,0.7338911294937134,0.7582995831010524,1.0067451718168505,1.1642121076583862,1.314405918121338,0.009019490941560756,0.12244682998967364,0.6710913777351379,0.11159231921625194
2018-07-04,0.7378440499305725,0.7609191650923427,1.0080747084480224,1.1659224033355713,1.3194352388381958,0.009057314922671252,0.12289148267291225,0.6753106117248535,0.11324053646097189
2018-07-05,0.7381708025932312,0.7610871325353324,1.0078613010392545,1.166235089302063,1.3229262828826904,0.009049610051783664,0.12327325613314945,0.6761919260025024,0.11392687413508498
2018-07-06,0.738661527633667,0.7612667802555069,1.0070493749165281,1.1695905923843384,1.3225764036178589,0.00904330820927636,0.12405717171805605,0.6795509457588196,0.11406528020767623
2018-07-09,0.7436326146125793,0.7635977777164855,1.0109179175587981,1.1752262115478516,1.329787254333496,0.009056166583939233,0.12459662020070425,0.683531641960144,0.11473811187035939
2018-07-10,0.7470491528511047,0.7627590344432396,1.0086949746149068,1.1756960153579712,1.325556755065918,0.009012825012349727,0.12472902991281377,0.6849784255027771,0.11474034669754492
2018-07-11,0.7413997650146484,0.7608613291051811,1.0075262327579633,1.1727042198181152,1.3257324695587158,0.009022746239185794,0.12456713533461047,0.681742250919342,0.11427852753662233
2018-07-12,0.7365885972976685,0.7571741974675135,1.004419460569575,1.1676785945892334,1.3210039138793943,0.008931920884300509,0.12335932808920662,0.6755707263946533,0.11345715298477263
2018-07-13,0.7406858801841736,0.759578296179656,0.9973072990160686,1.1665889024734497,1.3180439472198486,0.008875870872710225,0.12331216578915771,0.6772085428237915,0.11268913422328908
2018-07-16,0.7421150207519531,0.7601094340521924,0.9978247616985819,1.1679104566574097,1.3227688074111938,0.008896876142467853,0.12320885695260604,0.6765716671943665,0.11248973612260482
2018-07-17,0.7414712309837341,0.7612493712298176,1.0032404422501047,1.170946478843689,1.3236442804336548,0.008898855563668755,0.12341914883800201,0.6785181164741516,0.11340465971226181
2018-07-18,0.7377406358718872,0.7573806532521534,0.9997200557695624,1.1653246879577637,1.3106160163879397,0.008848617764650612,0.1226557460081285,0.6774150133132935,0.1131349732417688
2018-07-19,0.7398912310600281,0.7594225439263953,1.0014019566272057,1.164564609527588,1.3078221082687378,0.00886595558824011,0.12239541932304422,0.6793293356895447,0.11285203840027552
2018-07-20,0.7362794280052185,0.754147827073527,1.0012615721448404,1.1655147075653076,1.3023037910461426,0.008899726860570969,0.12161026531963727,0.6748321056365967,0.11239491542319487
2018-07-23,0.7433009743690491,0.7622996881958616,1.0092141260487824,1.1741912364959717,1.314716935157776,0.009004709349221648,0.12257155538400807,0.6821607947349548,0.1130812410146831
2018-07-24,0.7380073666572571,0.759359092340172,1.006846552427632,1.1694128513336182,1.3102725744247437,0.00897182853233406,0.12205839916850322,0.6783201694488525,0.11288694349613246
2018-07-25,0.7426220178604126,0.760438937634657,1.0067451718168505,1.1685519218444824,1.3152183294296265,0.008989491501709808,0.12231967554564212,0.6805036067962646,0.11337932621338984
2018-07-26,0.7459402084350586,0.7670417595986654,1.0091020713121697,1.1737502813339231,1.3199577331542969,0.009021606648809568,0.12306026887277335,0.6844814419746399,0.1143385029273333
2018-07-27,0.7380073666572571,0.7651694707468856,1.006015990513338,1.16429340839386,1.3108737468719482,0.00899717458570006,0.12215948806943049,0.6786194443702698,0.11350840469627688
2018-07-30,0.7400829195976257,0.7656381530327451,1.0060564695218346,1.16604483127594,1.3111830949783323,0.00901436905778207,0.12213158622697823,0.6796618103981018,0.11321349156520749
2018-07-31,0.7407297492027283,0.7675774903810424,1.0120637751827324,1.170740842819214,1.3135426044464111,0.009009495741261843,0.12297627216681621,0.6823609471321106,0.11424967754180843
2018-08-01,0.7419498562812805,0.768167145744298,1.0097950119043773,1.168961763381958,1.3121638298034668,0.008943903942559,0.12259409715670119,0.6803415417671204,0.11380448775032595
2018-08-02,0.7405816912651062,0.7693195445459491,1.0083897766689125,1.1665889024734497,1.3126115798950195,0.00895896770644562,0.12237999168553294,0.679500162601471,0.11360331730145752
2018-08-03,0.7360084652900696,0.7677838264897707,1.0046212461394557,1.1586008071899414,1.3018121719360352,0.008953352835000703,0.12138441597259145,0.673768162727356,0.11252340311782595
2018-08-06,0.7395902872085571,0.7684150444907362,1.0056315119151744,1.1562297344207764,1.3003562688827517,0.008990056903235693,0.12106273019445872,0.6745999455451965,0.11211855455923227
2018-08-07,0.738552451133728,0.7691716205779391,1.0036935831202174,1.1558021306991575,1.2944984436035156,0.008981498409297912,0.12121506374976274,0.6730290055274963,0.11191189943366117
2018-08-08,0.7424456477165222,0.7657671745394479,1.0050251208117253,1.1602946519851685,1.2946659326553345,0.008981094696993576,0.12199733498482211,0.6740588545799255,0.11228385185045582
2018-08-09,0.7427765130996704,0.7681081324101199,1.006947953458801,1.1610760688781738,1.2881617546081543,0.009017783207185825,0.12170483522580211,0.6694694757461548,0.11174557488691443
2018-08-10,0.7372456192970276,0.7665302400213458,1.0060666048654572,1.1523923873901367,1.2828407287597656,0.009001629017946667,0.12020343113794078,0.660689651966095,0.11105312031884391
2018-08-13,0.7288098335266113,0.7604562406740265,1.005429320343444,1.1394712924957275,1.2758845090866089,0.009039221360236199,0.11946859753120684,0.6585012674331665,0.10941278236834115
2018-08-14,0.7267969846725464,0.7614870178960081,1.006846552427632,1.1402509212493896,1.2762752771377563,0.00903660704196522,0.11948444347815484,0.6575486660003662,0.10962748072353286
2018-08-15,0.7235890030860901,0.7659313449110117,1.0059249095746485,1.134571552276611,1.271779179573059,0.008989087070533664,0.11882977081398782,0.6571381688117981,0.10937448172144315
2018-08-16,0.7233691811561584,0.7608381419662068,1.006947953458801,1.134429931640625,1.2693899869918823,0.009043554049400496,0.11822735191392095,0.6558194160461426,0.10854227371145539
2018-08-17,0.7259528040885925,0.7599072704937019,1.0026570637855474,1.1371389627456665,1.2714558839797974,0.00900868455005651,0.11794122060147125,0.6584882140159607,0.10880446002657189
2018-08-20,0.7308178544044495,0.7657085293638161,1.0048332233103932,1.1437721252441406,1.2747135162353516,0.009051821804136537,0.11831659813602523,0.6625719666481018,0.1092657291648431
2018-08-21,0.7336488366127014,0.7667829707176497,1.0095911428157414,1.149134635925293,1.2804261445999146,0.009095208805654306,0.11852189438627854,0.6640812158584595,0.10932474006890348
2018-08-22,0.7359814047813416,0.7672065471595249,1.015950403704438,1.1576753854751587,1.290555715560913,0.009079847963532086,0.11903032675174173,0.6703221797943115,0.10998607468483433
2018-08-23,0.7332990765571594,0.7687753914394249,1.016993952003862,1.1584800481796265,1.2904725074768066,0.009042572640615826,0.11975487947205231,0.6697115898132324,0.11031585184387183
2018-08-24,0.7243227958679199,0.7632771990375834,1.013931420875115,1.154334545135498,1.281065821647644,0.00897932088542275,0.11923854338245621,0.6626027226448059,0.10940680040491665
2018-08-27,0.7344084978103638,0.7687104378326209,1.0180914777731895,1.164890170097351,1.2860909700393677,0.008986179443593473,0.12032217613935751,0.6701918840408325,0.10988950643328393
2018-08-28,0.7348618507385254,0.7714085296076916,1.0210333074584013,1.1683608293533323,1.2896735668182373,0.008997903404480924,0.12014769131488537,0.6704300045967102,0.11001475045563368
2018-08-29,0.7341066002845764,0.773425092690418,1.0239606890091928,1.1691256761550903,1.2867693901062012,0.00899587967956022,0.11988007145409074,0.6713212132453918,0.1094848913447738
2018-08-30,0.7311919331550598,0.7749414586541237,1.0306090700170583,1.1709738969802856,1.303593993186951,0.008951589963745487,0.12008262368329527,0.671312153339386,0.10954102659193832
2018-08-31,0.7261636853218079,0.7700660273660235,1.0324179493060206,1.1664663553237915,1.301100730895996,0.009009090127398976,0.11980754487172895,0.6648715138435364,0.1096693194573263
2018-09-03,0.7193209528923035,0.7656967874282942,1.0316723706052489,1.1601063013076782,1.292306900024414,0.008997337015593089,0.11917673202329125,0.6609079837799072,0.10933382520430701
2018-09-04,0.7208245992660522,0.763667709912149,1.03168296520696,1.161548137664795,1.2869019508361816,0.00900187259718502,0.11968422547261855,0.6608948111534119,0.10996805756476107
2018-09-05,0.718339204788208,0.7590536007913564,1.0270103865854348,1.1586545705795288,1.2858428955078125,0.008971748083564738,0.11916195612362263,0.6553938984870911,0.11012294122570711
2018-09-06,0.719610869884491,0.7590478313870495,1.0298025072056705,1.1635212898254397,1.2914891242980957,0.008972714178267113,0.11906448103514662,0.6598482728004456,0.11052288132136365
2018-09-07,0.719062328338623,0.7601787976234988,1.0357864328109112,1.162006974220276,1.2925406694412231,0.0090501830412501,0.11874792475154775,0.6583191752433777,0.10974467295474985
2018-09-10,0.7117944359779358,0.759359092340172,1.0324179493060206,1.1561094522476196,1.2930254936218262,0.009015506820301892,0.11853537298122947,0.653710126876831,0.11048441666243444
2018-09-11,0.7109847068786621,0.7597456032955426,1.0259251124057496,1.159595012664795,1.302643060684204,0.008997012779242402,0.11922403682544808,0.6520817875862122,0.11036674363184788
2018-09-12,0.7110706567764282,0.7655502532073801,1.0278443159078685,1.1596084833145142,1.3015578985214231,0.00896001128751422,0.1201273337640114,0.6516355872154236,0.11049845787579293
2018-09-13,0.7170617580413818,0.7692307974459868,1.0309278046442463,1.1629259586334229,1.304546356201172,0.008991188536454128,0.121124037387824,0.656150758266449,0.11136130039331
2018-09-14,0.7188039422035217,0.7689113927763499,1.035196665397857,1.169180393218994,1.311131477355957,0.008927614815704815,0.12173151074746902,0.6573800444602966,0.11169915063666565
2018-09-17,0.7145919799804688,0.7667123967531334,1.0341261552329304,1.1628988981246948,1.307326316833496,0.008932319579029548,0.12120169737118297,0.6542319059371948,0.11057543355399015
2018-09-18,0.7145919799804688,0.7654916412509862,1.0387667953060753,1.1669156551361084,1.3146305084228516,0.008953352835000703,0.12220964667130761,0.6564005613327026,0.1120774619848725
2018-09-19,0.7226007580757141,0.7709149043497936,1.0377103938931433,1.167992353439331,1.3168463706970217,0.008906543603718607,0.12268538073002164,0.6589351296424866,0.11235122443779708
2018-09-20,0.7259528040885925,0.7741076260131511,1.0339123443181433,1.167460560798645,1.3141123056411743,0.008903371600423704,0.12273552686068673,0.6643679738044739,0.112748592088816
2018-09-21,0.7286505103111267,0.7746653656777932,1.0429377481661952,1.1775927543640137,1.327087163925171,0.008889283751143187,0.1227686785416021,0.6681990623474121,0.11400233119772486
2018-09-24,0.7278549671173096,0.7744133468608899,1.043623484753104,1.1751019954681396,1.30804443359375,0.008886992833153407,0.12284136734966672,0.6685832738876343,0.11390040362464884
2018-09-25,0.7253209352493286,0.7722782869001065,1.0367958606317607,1.175295352935791,1.311733365058899,0.008866348415591413,0.12289089216540325,0.6642178893089294,0.11369915313553247
2018-09-26,0.7249003052711487,0.7717716902681842,1.0360117672921643,1.1763184070587158,1.3179919719696045,0.008851985804351746,0.12298912402199358,0.6644606590270996,0.11345651462611944
2018-09-27,0.725789487361908,0.767065256263798,1.036215759368315,1.1748534440994265,1.3172800540924072,0.008872799358314212,0.1234107820604682,0.6663512587547302,0.11363120141900292
2018-09-28,0.7205129861831665,0.767082932315873,1.0235624370538865,1.1637378931045532,1.3078734874725342,0.008821687060154884,0.12261514171458854,0.661808967590332,0.11296958434946518
2018-10-01,0.7223920226097107,0.7787798069642452,1.0191602329854008,1.1605371236801147,1.3039000034332275,0.008787655285931673,0.12279521853563995,0.6623481512069702,0.11250112922132974
2018-10-02,0.7228567600250244,0.7805122051798137,1.0168802247253939,1.157755732536316,1.3043591976165771,0.008776086984177575,0.12269591778085441,0.6604583859443665,0.1118455655354177
2018-10-03,0.7187522649765015,0.7800981152436102,1.0164977453392388,1.1551746129989624,1.2981956005096436,0.008804599253094948,0.1224072641023435,0.6589916348457336,0.11102475889732505
2018-10-04,0.7096225023269653,0.7765181203588053,1.0083186267474513,1.147631287574768,1.294062852859497,0.008734692446822115,0.12150963240235232,0.650199294090271,0.11037284264889097
2018-10-05,0.7080999612808228,0.7739937749133103,1.0087254803108665,1.1518083810806274,1.3024225234985352,0.008780093987840826,0.12129048347613573,0.6481595635414124,0.11044268666463036
2018-10-08,0.7052882313728333,0.772320023716645,1.0086644101219857,1.1522595882415771,1.31271493434906,0.0087939148942908,0.12107504538397464,0.6437202095985413,0.11026573746605514
2018-10-09,0.7073636651039124,0.7719623142577308,1.0079629065774547,1.1494120359420776,1.309311866760254,0.008841967505067846,0.12085615045794072,0.6451613306999207,0.11014065049804965
2018-10-10,0.7114905714988708,0.7729169908803696,1.0084711810994844,1.1506949663162231,1.3157029151916504,0.00884971406819071,0.1211020329345937,0.6488029360771179,0.11003630462641578
2018-10-11,0.7064142823219299,0.7662307104347432,1.0119101930861676,1.1533360481262207,1.3206725120544434,0.00892124303614937,0.1216635310265929,0.6460908055305481,0.10957774920939402
2018-10-12,0.7124537229537964,0.7673890255039559,1.0103051362849578,1.1590440273284912,1.3234164714813232,0.008922198283930828,0.12175493211072451,0.6527585387229919,0.11143799108603197
2018-10-15,0.710782527923584,0.7678545275602083,1.0093872953004321,1.1551345586776731,1.3103927373886108,0.00891329139360622,0.12240202011146473,0.6500893831253052,0.11150932053580573
2018-10-16,0.713541567325592,0.769627425669086,1.0131404013233156,1.1583458185195925,1.315477967262268,0.008941264558069376,0.12275511105986117,0.6572980284690857,0.11180554304180094
2018-10-17,0.7139134407043457,0.7730603746988342,1.0096726805721306,1.1575279235839844,1.318721890449524,0.00890139016988309,0.12280184813633449,0.658301830291748,0.11223696735323739
2018-10-18,0.7111009955406189,0.7677543129966405,1.0049746111950826,1.1500862836837769,1.3104442358016968,0.00887878693248384,0.12174469740711298,0.6545187830924988,0.11154589166418451
2018-10-19,0.709723174571991,0.764590260639116,1.004288328382791,1.1460003852844238,1.3024225234985352,0.008913847856329489,0.12088828057790671,0.6538811326026917,0.11059622814564399
2018-10-22,0.7113286256790161,0.7631606790764387,1.0038144698079627,1.1509466171264648,1.3065404891967771,0.008890469151451684,0.12159385054537586,0.6594479084014893,0.11128793956478691
2018-10-23,0.7072685956954956,0.7635336265400635,1.0039051689530243,1.1467890739440918,1.2965964078903198,0.008868628701007615,0.1211856868176287,0.6554110646247864,0.11113049409583216
2018-10-24,0.7091192603111267,0.7644851135790528,1.0053686486022637,1.147315263748169,1.2981280088424685,0.008893315764547511,0.1206898655254388,0.6553595662117004,0.11083684899037431
2018-10-25,0.7062994837760925,0.7664303708091961,1.0031398464893515,1.139925837516785,1.2888258695602417,0.008927614815704815,0.11986168152893327,0.6510798335075378,0.10978153226322332
2018-10-26,0.7081149816513062,0.7650699557790972,1.0003300802304838,1.1377859115600586,1.2824623584747314,0.008900756685193386,0.11984055789422314,0.6528608202934265,0.10973093747589838
2018-10-29,0.709773600101471,0.7636210638542299,1.002606791905744,1.1398738622665403,1.2831040620803833,0.008935911870769066,0.119675920325011,0.6529119610786438,0.10953934444331043
2018-10-30,0.7063294053077698,0.7616842134319105,0.9982730224012034,1.137617588043213,1.2802459001541138,0.008902817049595616,0.11922346748118572,0.6527883410453796,0.10930562859732523
2018-10-31,0.7099247574806213,0.7625438137753536,0.9950248803429337,1.1346358060836792,1.2708903551101685,0.008845486879698355,0.11895698901919953,0.6559011340141296,0.10905957830440613
2018-11-01,0.7083156108856201,0.7600227990313945,0.9921127548801657,1.1316697597503662,1.276943564414978,0.008861241977375547,0.11860735981959866,0.6525498628616333,0.10917495640346182
2018-11-02,0.7205129861831665,0.763930243689563,0.9980040176624864,1.140328884124756,1.3003731966018677,0.008871933926185445,0.11968307798228385,0.6651280522346497,0.11057298490200264
2018-11-05,0.7198283672332764,0.7633179685930344,0.9976057057768812,1.1397570371627808,1.3005592823028564,0.008838685161964226,0.11968020935270997,0.6649201512336731,0.11058889141538038
2018-11-06,0.7212925553321838,0.762823055519636,0.9958175843795704,1.141291856765747,1.3058068752288818,0.00883033379189915,0.11971460098310702,0.666058361530304,0.11045573990080035
2018-11-07,0.7243595123291016,0.7624101247415419,0.9984224925379636,1.1438506841659546,1.311251878738403,0.008821220408359674,0.11969955477504393,0.6741496920585632,0.11068411123089439
2018-11-08,0.7275902032852173,0.7624449805571535,0.9982032929039529,1.1434059143066406,1.3128528594970703,0.008806925993654971,0.11988754140307992,0.6785089373588562,0.11089559922855677
2018-11-09,0.7266808152198792,0.7608728541911186,0.9944312095048784,1.1368415355682373,1.3066771030426023,0.008775547587956333,0.11933971283153208,0.6751784682273865,0.11088958302510869
2018-11-12,0.7226999998092651,0.7579834367141902,0.9941345807546035,1.132502794265747,1.2938451766967771,0.008783795601977024,0.11861410845645419,0.6730290055274963,0.11011129623262893
2018-11-13,0.7175660133361816,0.7551729151315764,0.9898931540420778,1.123342990875244,1.2857933044433594,0.008795384248483563,0.11738893975187668,0.6718308329582214,0.10935487386514085
2018-11-14,0.7231390476226807,0.7561665064691812,0.9942334373402177,1.1311193704605105,1.3014055490493774,0.008788195582408374,0.11794400647165905,0.6770022511482239,0.11063537771145178
2018-11-15,0.7234842777252197,0.7548879003425816,0.9941345807546035,1.131183385848999,1.2986170053482056,0.008805607178902391,0.11755536641431558,0.6792555451393127,0.11009966526247705
2018-11-16,0.7271669507026672,0.7591861838853143,0.9933445528449893,1.1324899196624756,1.276650071144104,0.008806305290938567,0.11784684414752164,0.6824913620948792,0.1103229202427833
2018-11-19,0.7317965626716614,0.7606586964698492,1.0006203921627568,1.141396164894104,1.2833181619644165,0.008870752862782504,0.11860004854501804,0.686238169670105,0.11107408321531133
2018-11-20,0.7295010089874268,0.7592092017305602,1.0070493749165281,1.1455016136169434,1.2859750986099243,0.008893394812869394,0.11800663040031115,0.6840881109237671,0.11113827981011305
2018-11-21,0.7216569185256958,0.7515971401597503,1.0053080444220952,1.1372424364089966,1.2789195775985718,0.008872878042334633,0.1165243176459371,0.6791079044342041,0.10994580384531823
2018-11-22,0.7262164354324341,0.7561436727494503,1.0059350422676747,1.1388354301452637,1.277726650238037,0.008847912928198667,0.11736083619774869,0.6827803254127502,0.11073853606556595
2018-11-23,0.725021243095398,0.7581156461902615,1.0057326683446046,1.1403158903121948,1.287597894668579,0.008851281028983029,0.1172456590942381,0.6808881163597107,0.11062975153841757
2018-11-26,0.7233796119689941,0.756086492260815,1.002687205363199,1.133735418319702,1.2812299728393557,0.008855905661146073,0.11641727678147158,0.67728191614151,0.11002576315462811
2018-11-27,0.7223502397537231,0.7545176482990135,1.0017831474621692,1.1333370208740234,1.2812299728393557,0.008810262363956219,0.11653571380147398,0.677639901638031,0.1100451388498981
2018-11-28,0.7229612469673157,0.7521398297676228,1.0018032465124984,1.1298797130584717,1.2743724584579468,0.008789895268591011,0.11635687022816056,0.6798697113990784,0.10989615173352416
2018-11-29,0.7302521467208862,0.7532389260891631,1.0070493749165281,1.1368545293807983,1.2824130058288574,0.008806305290938567,0.11693034211104132,0.6869311332702637,0.11071156243288895
2018-11-30,0.7321876883506775,0.7532956766674057,1.0041169041086986,1.1392766237258911,1.2784454822540283,0.00881748659788724,0.11723205277732064,0.686582088470459,0.11032656505854774
2018-12-03,0.7373108863830566,0.7543981561212212,1.0017028789407174,1.1342240571975708,1.2753475904464722,0.00879020415871512,0.11691271562477318,0.6911088824272156,0.11030830857493679
2018-12-04,0.7356890439987183,0.7577077947468859,1.0021847429746125,1.135486125946045,1.2725884914398191,0.008803824537423408,0.11732903064823927,0.6927990317344666,0.11096722222451513
2018-12-05,0.7345919609069824,0.7544322831883875,1.0028078497379596,1.1342884302139282,1.2720541954040527,0.008873193393061576,0.1175251150396138,0.6941118240356445,0.11087752912769448
2018-12-06,0.7266386151313782,0.748503013246865,1.0029889007258828,1.13490629196167,1.2727665901184082,0.008845565080047869,0.11760279067962533,0.6894412636756897,0.11145290358678023
2018-12-07,0.7231180667877197,0.7466196725542813,1.006846552427632,1.1374752521514893,1.2778573036193848,0.008873980365966384,0.11741637307235829,0.6882786154747009,0.11126713201288929
2018-12-10,0.7184939980506897,0.7503339271704684,1.010386789415508,1.1400948762893677,1.2721028327941897,0.008888730953809277,0.11768582575005948,0.6845095753669739,0.11063292640389177
2018-12-11,0.7190985083580017,0.7463856350575805,1.010611434032355,1.1356538534164429,1.2561235427856443,0.008835405254919831,0.11685519275307372,0.6874600052833557,0.11004853434057789
2018-12-12,0.7212925553321838,0.7474735611976353,1.006887098303612,1.1323105096817017,1.249297261238098,0.008819586328887564,0.11662392804964204,0.6888000965118408,0.11008087129439632
2018-12-13,0.7221259474754333,0.7492881920811302,1.0074551441431354,1.1373459100723269,1.2628655433654783,0.008827293707670786,0.11668026261337945,0.6859416365623474,0.11006306571175725
2018-12-14,0.7224911451339722,0.7492320436931034,1.0064412128201334,1.1363636255264282,1.2655024528503418,0.008805917765928341,0.11693717510744671,0.6857017874717712,0.11044195382038798
2018-12-17,0.7175660133361816,0.7469431022515746,1.0024961995324773,1.1305949687957764,1.25855815410614,0.008819119899310024,0.11605505602557122,0.6792417168617249,0.11038868000604278
2018-12-18,0.7177205085754395,0.7455842577579183,1.0074450412988902,1.1349835395812988,1.2615749835968018,0.008862969439619634,0.11573699308718884,0.6809901595115662,0.11043597510531206
2018-12-19,0.7188039422035217,0.7431076621886779,1.0076582119243045,1.137539982795715,1.2655024528503418,0.008886992833153407,0.11461015642360035,0.6852694153785706,0.11042232186832188
2018-12-20,0.7113893628120422,0.7421205610796239,1.006137437312124,1.138952136039734,1.262785792350769,0.008896005403628282,0.11473758456427936,0.6777822971343994,0.11003230948266002
2018-12-21,0.7115918397903442,0.7408285179584465,1.0131712376847262,1.1456853151321411,1.2669775485992432,0.008995151805882824,0.11533014201242396,0.6774609088897705,0.11153083564205461
2018-12-24,0.7050197124481201,0.7355429119776427,1.0064412128201334,1.1372811794281006,1.2648941278457642,0.009004628309701725,0.11402638151951733,0.6717901825904846,0.1106049075062959
2018-12-25,0.7052186131477356,0.7348618309348101,1.0144045158770372,1.140393853187561,1.2710840702056885,0.009065279320391768,0.11431837119521034,0.673582136631012,0.11052043499629675
2018-12-26,0.7046124339103699,0.7360518069911606,1.0140959149391384,1.1415525674819946,1.2688745260238647,0.009057806888734692,0.11429916851610428,0.6730200052261353,0.11044366380541587
2018-12-27,0.7074787616729736,0.7367567731830135,1.0057326683446046,1.1361312866210938,1.2648781538009644,0.00899232045459956,0.11431145449665507,0.6739816665649414,0.10999877787994165
2018-12-28,0.7035317420959473,0.7342683167541181,1.013273916719221,1.143105387687683,1.2646220922470093,0.009020792654528872,0.11412945401857852,0.6700212359428406,0.11093324756951073
2018-12-31,0.7044734358787537,0.7341065805592073,1.016673423394762,1.1439945697784424,1.269357681274414,0.00906371778667486,0.11484351965877793,0.6707717776298523,0.1113573385432967
2019-01-01,0.7044734358787537,0.7341065805592073,1.016673423394762,1.1439945697784424,1.269357681274414,0.00906371778667486,0.11484351965877793,0.6707717776298523,0.1113573385432967
2019-01-02,0.7047911882400513,0.7339234041778807,1.018329945822898,1.14617121219635,1.2754288911819458,0.00911843023195953,0.11565440094590392,0.6713616847991943,0.11282225311174791
2019-01-03,0.6918978691101074,0.733611149031818,1.0114291773877562,1.1318106651306152,1.2521913051605225,0.009307433683505359,0.11389768178262316,0.6633586883544922,0.11064394646846111
2019-01-04,0.7006235718727112,0.7419058044261184,1.0130685794578642,1.1391078233718872,1.2628813982009888,0.009275749596089624,0.11506619200867527,0.6688515543937683,0.11109382992401881
2019-01-07,0.7123776078224182,0.7479822972520153,1.014445734110164,1.1410444974899292,1.2734960317611694,0.009214721169477698,0.11620110543181124,0.6743497252464294,0.11168692010357319
2019-01-08,0.7145919799804688,0.752105909780909,1.0213461457448334,1.1479737758636477,1.278608798980713,0.009206746931622878,0.11728197116962867,0.675369918346405,0.1124612755305326
2019-01-09,0.7163323760032654,0.7548879003425816,1.0196070518925116,1.1456066370010376,1.2737879753112793,0.009193204300785664,0.11720031698236366,0.6740497946739197,0.11224982334111121
2019-01-10,0.7175660133361816,0.7569163542627914,1.0267467229533107,1.1554949283599854,1.279967188835144,0.0092430836069887,0.11821239734389175,0.6791079044342041,0.11282594354549494
2019-01-11,0.7187005877494812,0.7553440681424403,1.016249854321426,1.151012897491455,1.2753963470458984,0.009233781160541845,0.1180275242524199,0.6785181164741516,0.11241765347060194
2019-01-14,0.7205129861831665,0.753727165869596,1.0165701158652032,1.146013617515564,1.2849836349487305,0.009220158939974353,0.11711933891623151,0.682174801826477,0.11187446727447566
2019-01-15,0.7199423909187317,0.7532332447381653,1.0193472373171675,1.1472889184951782,1.2874983549118042,0.009237875288683603,0.11703983128734037,0.6826870441436768,0.11181930201446774
2019-01-16,0.7207674384117126,0.7541705404110541,1.0126890226394076,1.1416828632354736,1.2872166633605957,0.009204374156348802,0.11714265477740934,0.6823609471321106,0.11157227619782006
2019-01-17,0.7173087000846863,0.7542217351884573,1.0100907835776056,1.1398088932037354,1.28857684135437,0.009171198551774604,0.11714650239415125,0.6773782968521118,0.11124089158549376
2019-01-18,0.7190313339233398,0.7530007210796824,1.0063399138170963,1.13926362991333,1.2983977794647217,0.009161452283660014,0.11701668692130598,0.6763291358947754,0.11093582957005828
2019-01-21,0.716383695602417,0.7532956766674057,1.0046616129830048,1.1365574598312378,1.2853471040725708,0.0091190119697468,0.1168360787728967,0.674040675163269,0.11079473532279559
2019-01-22,0.7158913612365723,0.75216248975356,1.002707280779167,1.136932134628296,1.2891747951507568,0.009118264034795659,0.11688661159515865,0.6729927659034729,0.11095478748169404
2019-01-23,0.7122101187705994,0.7487271534498264,1.003009048188533,1.1364023685455322,1.295773148536682,0.009144529004640148,0.1162790646096578,0.6752012372016907,0.1108610589239063
2019-01-24,0.714796245098114,0.7495633672006339,1.0054596288315387,1.1388224363327026,1.308215618133545,0.009133087618677984,0.11678449704334445,0.6793893575668335,0.11097177880530208
2019-01-25,0.7091192603111267,0.7490356240274426,1.004419460569575,1.1313496828079224,1.3121638298034668,0.009124337334837534,0.11658544265234728,0.6760091185569763,0.1102792360248421
2019-01-28,0.7179421186447144,0.7563724130182924,1.0076582119243045,1.1413049697875977,1.3208470344543457,0.009140767697004528,0.11751406452304122,0.683947741985321,0.11060173424872796
2019-01-29,0.7165992856025696,0.7541307421212624,1.0084711810994844,1.143000841140747,1.3160146474838257,0.009152983141226274,0.11756821741939817,0.6833588480949402,0.11049968053838582
2019-01-30,0.7159220576286316,0.7535000225009627,1.005530436098036,1.1435366868972778,1.30804443359375,0.009139347648660305,0.1177426358357903,0.6823004484176636,0.11032973415459985
2019-01-31,0.7254682779312134,0.7609770789052812,1.0065425322189057,1.1487650871276855,1.3117163181304932,0.009175911161005624,0.11880012526075219,0.6899882555007935,0.11071745412025968
2019-02-01,0.7271669507026672,0.7618525188399066,1.0063399138170963,1.1449507474899292,1.3109424114227295,0.009187460803884598,0.1186225486874351,0.6914194822311401,0.11058289678137982
2019-02-04,0.7249003052711487,0.7634170282806032,1.0045506270052806,1.1455278396606443,1.3077365159988403,0.009137593593199453,0.11857895151688069,0.6898407340049744,0.11042525226155271
2019-02-05,0.7214018106460571,0.7623984837476749,1.0022048581429752,1.1436283588409424,1.3031013011932373,0.00909413349570743,0.1182047082759168,0.687809944152832,0.10980793957011187
2019-02-06,0.7243752479553223,0.7619628258487963,1.0002900607076493,1.140992522239685,1.2957228422164917,0.009095787584158346,0.11792814203704778,0.690212070941925,0.10977068331249569
2019-02-07,0.7109948396682739,0.7568303772654094,0.9979044098753495,1.1365960836410522,1.2934435606002808,0.009093058439994361,0.11708642205250296,0.6769701838493347,0.10871231022471699
2019-02-08,0.709541916847229,0.7512640166677533,0.9975957401896224,1.1338768005371094,1.2949174642562866,0.009111119483484496,0.11636296487990792,0.6747183203697205,0.1079917139231344
2019-02-11,0.7101768255233765,0.7533524357977046,1.0007105150016964,1.1324259042739868,1.293677806854248,0.009106638942109144,0.11573551126223026,0.6760411262512207,0.10786649266633022
2019-02-12,0.7063493728637695,0.7518796749870864,0.9961151001908963,1.1279042959213257,1.2864052057266235,0.009057970889299214,0.11480423929228344,0.673768162727356,0.10748469799450243
2019-02-13,0.7104795575141907,0.7559378907040617,0.9939271518894506,1.1334655284881592,1.2892080545425415,0.009048545496292755,0.11572681269298131,0.6741496920585632,0.10807866855906587
2019-02-14,0.7092198729515076,0.7541990187672077,0.9913750242419007,1.12649405002594,1.2856775522232056,0.009015263122744026,0.11551079058073095,0.6808093190193176,0.1079156044842708
2019-02-15,0.710328221321106,0.7520493383198563,0.9950743357280764,1.1295350790023804,1.2798361778259275,0.009046662521291979,0.1156229779850399,0.6832607984542847,0.10764205231671303
2019-02-18,0.7145408987998962,0.7553440681424403,0.9955201280933148,1.1298030614852903,1.290555715560913,0.00904453504712478,0.11580574803268744,0.6865491271018982,0.10786904484640397
2019-02-19,0.7132158875465393,0.7556294275612161,0.9955499011702322,1.131196141242981,1.2924071550369265,0.009042326853845333,0.11619462857369546,0.6856594681739807,0.108101097767753
2019-02-20,0.7166917324066162,0.7570653407973049,0.9987216860362326,1.1343011856079102,1.3061310052871704,0.009043881024996182,0.11669414372515909,0.6879944801330566,0.10741564999684998
2019-02-21,0.7170000672340393,0.7593014245283471,1.0,1.1346358060836792,1.30451238155365,0.009028122651652858,0.11645469413339665,0.6858381032943726,0.10748411405631432
2019-02-22,0.710883617401123,0.7561207722545061,0.999140763108127,1.1343011856079102,1.3041380643844604,0.009032770877859324,0.11595278581119434,0.681430995464325,0.1067778283992348
2019-02-25,0.7159220576286316,0.7615566331287078,1.0003000801982662,1.1342240571975708,1.306557536125183,0.009027551830319053,0.11634265615941727,0.686582088470459,0.10721331234142834
2019-02-26,0.7174115777015686,0.7584261429385002,0.9999100050862026,1.1367511749267578,1.31271493434906,0.009005277285412368,0.11641091796428325,0.6885914206504822,0.10745397824002012
2019-02-27,0.719398558139801,0.7597629436089892,1.0002900607076493,1.139315485954285,1.3258028030395508,0.009045189788055812,0.11685805778487952,0.6895790696144104,0.10779765158993353
2019-02-28,0.7148473858833313,0.760745545521943,0.9995002860784753,1.1380189657211304,1.3318239450454712,0.009020223380458641,0.11705626777764382,0.6853587031364441,0.10795021163811452
2019-03-01,0.7102777361869812,0.7596302277955794,1.0027475538880968,1.1373459100723269,1.3264886140823364,0.008980126796880058,0.11684563498130382,0.6821980476379395,0.10827783700415236
2019-03-04,0.7100305557250977,0.7528079955552728,1.0017028789407174,1.1375917196273804,1.32397723197937,0.00893351648568853,0.11681423816123096,0.6822911500930786,0.1080634759145671
2019-03-05,0.7092198729515076,0.751207571781108,1.0014019566272057,1.133735418319702,1.3178529739379885,0.008946384284581731,0.11555123088680382,0.6823703050613403,0.10701677035875828
2019-03-06,0.7087423801422119,0.7488785490592382,0.9956192604419102,1.1307101249694824,1.3156682252883911,0.00893926683716965,0.1154162603725391,0.6800916790962219,0.10745490321100351
2019-03-07,0.7034822702407837,0.7438815565329403,0.9959167759804374,1.1314009428024292,1.3182177543640137,0.008958727055872433,0.1154907782038383,0.6771397590637207,0.10765143462217547
2019-03-08,0.7023458480834961,0.743787501445262,0.9894132902495599,1.1198333501815796,1.3092432022094729,0.008957844168831088,0.11397179943156269,0.6764801144599915,0.1058234613137568
2019-03-11,0.7039278745651245,0.745267565246609,0.9922603858345106,1.1232421398162842,1.2988362312316897,0.009002520557399106,0.11441137296462627,0.6806888580322266,0.10615373713036172
2019-03-12,0.7073386311531067,0.7465695045613711,0.9898638351469885,1.1259232759475708,1.3248542547225952,0.008981336550768514,0.1155892912437289,0.6837139129638672,0.10677600171236537
2019-03-13,0.7064142823219299,0.7486710891107489,0.992654322419345,1.1287446022033691,1.3066771030426023,0.008984241659869354,0.11580293436730073,0.6853821277618408,0.10679994931826135
2019-03-14,0.7087172269821167,0.75216248975356,0.99672073179759,1.133105993270874,1.3285682201385498,0.008993129318361801,0.11677127062545109,0.6858381032943726,0.10761806801543676
2019-03-15,0.706813633441925,0.7504859061930192,0.9965618257761256,1.1308379173278809,1.3258554935455322,0.008948305770282262,0.11671553671174999,0.6837139129638672,0.10752133351653873
2019-03-18,0.7082905769348145,0.7495689933253162,0.9976057057768812,1.1319772005081177,1.329716444015503,0.008963706194888529,0.11717422841027161,0.684359610080719,0.10824971300678048
2019-03-19,0.7099751830101013,0.7497938395153472,0.9990009523642798,1.133619785308838,1.326435923576355,0.008978836792899136,0.11700423036993197,0.6846032738685608,0.1083975608233193
2019-03-20,0.7089684009552002,0.7506380139636469,1.0014019566272057,1.135486125946045,1.3271400928497314,0.008976580023822124,0.11730342277429952,0.6855888962745667,0.10871810376191289
2019-03-21,0.7135212421417236,0.7526719577787736,1.0090817390193476,1.1427918672561646,1.320533037185669,0.009036688658111854,0.11776953369677323,0.6918978691101074,0.10960826326822402
2019-03-22,0.710782527923584,0.7482229432161533,1.0081661185431132,1.1375011205673218,1.313232183456421,0.009024782071397902,0.11837821520039973,0.68822181224823,0.10907266969114648
2019-03-25,0.7083156108856201,0.7448789730436933,1.0060463343824215,1.129586100578308,1.3206549882888794,0.009084219696009374,0.1168360787728967,0.6877484321594238,0.10795405701270099
2019-03-26,0.7116121053695679,0.7467144453314324,1.0077496070295653,1.131580114364624,1.3215277194976809,0.009085292662637738,0.11723054552804872,0.6912713050842285,0.1082848702870193
2019-03-27,0.713699460029602,0.7474343999658565,1.0064412128201334,1.127484679222107,1.321143627166748,0.009045353332044214,0.11712482031830398,0.690817654132843,0.10829895077955133
2019-03-28,0.7084510922431946,0.7456176583027193,1.0053282249231303,1.1251758337020874,1.3152703046798706,0.009050592988814849,0.11586921970803073,0.6798281073570251,0.10786787970573594
2019-03-29,0.7083156108856201,0.7445739158838024,1.005196855356689,1.1230024099349976,1.30565345287323,0.009038567483044583,0.11582386107887878,0.6781821846961975,0.10769479791203293
2019-04-01,0.7113893628120422,0.7492320436931034,1.0050251208117253,1.1223849058151243,1.3022867441177368,0.0090094146155674,0.116185847982751,0.6824122071266174,0.10780276064042024
2019-04-02,0.710989773273468,0.7512583650693404,1.0008006540762788,1.1205737590789795,1.3068991899490356,0.008972553250404485,0.11643069461393003,0.6790249347686768,0.10770175565275114
2019-04-03,0.7058408260345459,0.7494566207924295,1.0018433872081707,1.1203854084014893,1.312766671180725,0.008984322332852993,0.1162723083054215,0.6752285361289978,0.10725586253751127
2019-04-04,0.7117488384246826,0.7495128028469416,1.0027173487531191,1.1246949434280396,1.3176966905593872,0.008977063873023092,0.11678150555587977,0.6789788007736206,0.10799369366660061
2019-04-05,0.7110353112220764,0.7482397615296881,1.0000799958321098,1.1225864887237549,1.3077024221420288,0.00895591919693545,0.11633723481387669,0.6757989525794983,0.10773609293092855
2019-04-08,0.7101768255233765,0.7478872023913538,1.000100026598253,1.121956706047058,1.3038150072097778,0.008951670051407633,0.11619125522781198,0.6731740236282349,0.1075990737607199
2019-04-09,0.7121593952178955,0.7511116551132374,1.000890809390892,1.1256444454193115,1.306335687637329,0.008972150341839394,0.1168943907579302,0.6739407777786255,0.10791362760280951
2019-04-10,0.7129108309745789,0.7503113772251564,1.0003501210159425,1.126697063446045,1.305721640586853,0.009000494755284971,0.11690437357900686,0.6752604842185974,0.10811628984572402
2019-04-11,0.7166917324066162,0.7508747934527891,0.9977948524035561,1.127650022506714,1.3099292516708374,0.009010226557648278,0.11773432035112263,0.6768510341644287,0.10802169590114934
2019-04-12,0.7122507095336914,0.7475014694093741,0.9972674617043407,1.1260753870010376,1.3056023120880127,0.008958887488151374,0.11722353405183487,0.6724587678909302,0.10773191994367319
2019-04-15,0.7173087000846863,0.750046852177446,0.9976057057768812,1.1305055618286133,1.3083868026733398,0.008926339853337033,0.11780921525986705,0.6768693327903748,0.10800885556920149
2019-04-16,0.7176175117492676,0.7480550684860411,0.9963434422952531,1.1304928064346311,1.3102725744247437,0.008933117684106687,0.11782032135818052,0.6767594218254089,0.10794706663655143
2019-04-17,0.7164915204048157,0.7485422197451089,0.9925557795914417,1.128502607345581,1.3046314716339111,0.008929129800875336,0.11779811125514479,0.6710193157196045,0.10803102207660241
2019-04-18,0.7174115777015686,0.7491759037194763,0.9897069910392468,1.129713773727417,1.3039339780807495,0.008925702204792541,0.11774874430094151,0.6726487278938293,0.10820754322699284
2019-04-19,0.714796245098114,0.7476076595533823,0.9853769986121381,1.1235954761505127,1.2994438409805298,0.008929448554503276,0.11751157548010954,0.6687307953834534,0.1074533946355693
2019-04-22,0.715103030204773,0.7473339182332696,0.9858141426106904,1.1244546175003052,1.299376368522644,0.008935751651115183,0.117400098190199,0.6686279773712158,0.10743470062470518
2019-04-23,0.7137249112129211,0.7493274808798225,0.9849305279798388,1.1258978843688965,1.2981449365615845,0.008934235027256258,0.11772780363010978,0.6683107018470764,0.10748770592757112
2019-04-24,0.7096678018569946,0.744729190087581,0.9802480544281027,1.122435212135315,1.2938116788864136,0.008938387781402844,0.11693088976452148,0.6654378771781921,0.10686900287694759
2019-04-25,0.7014589905738831,0.741125013020432,0.980103861513931,1.1153494119644165,1.2904890775680542,0.008918220141751747,0.1157407361416171,0.6595479249954224,0.10605578645867414
2019-04-26,0.7017790079116821,0.7419498351607433,0.9804883174541504,1.113684892654419,1.289607048034668,0.008965473842037148,0.115382046446353,0.6633191108703613,0.10493840256997888
2019-04-29,0.7044287323951721,0.7429420747341305,0.9810461769338471,1.1150261163711548,1.2920230627059937,0.008961135368850346,0.11514768033499231,0.6667200326919556,0.10516020901746867
2019-04-30,0.7055171132087708,0.7432347328075188,0.981065452485396,1.1185182332992554,1.2932428121566772,0.008954395108311891,0.11556698442620439,0.6670224070549011,0.1051516987863355
2019-05-01,0.705129086971283,0.7469431022515746,0.9813446887164654,1.121604323387146,1.3039849996566772,0.008977063873023092,0.11586921970803073,0.6656016707420349,0.10533722143664534
2019-05-02,0.7014589905738831,0.7441085475269764,0.9828975566431584,1.1200841665267944,1.3053126335144043,0.008972472174431452,0.11537632070729967,0.6627915501594543,0.10486147987475537
2019-05-03,0.6995453238487244,0.7424345841109982,0.9810172650266731,1.1173559427261353,1.3033220767974854,0.008969011842377445,0.11421756995305492,0.6616294384002686,0.10441846813226974
2019-05-06,0.69733065366745,0.7422692964526206,0.9837484525965653,1.1185808181762695,1.3150626420974731,0.009039711362634142,0.11435196959036062,0.6607595086097717,0.10451155180083227
2019-05-07,0.6992518305778503,0.743555235865342,0.9831875165332423,1.1201846599578855,1.3099292516708374,0.009024863474083572,0.11463946451671024,0.6607987880706787,0.1045718782570383
2019-05-08,0.7008494734764099,0.7424456234285686,0.9807767427313728,1.1191065311431885,1.3068820238113403,0.00906971861812452,0.11433013773684167,0.6596697568893433,0.10428289695488165
2019-05-09,0.6994963884353638,0.7422637793742785,0.980103861513931,1.1198333501815796,1.3012022972106934,0.009088595640286544,0.11413961621390031,0.65845787525177,0.10405577739611872
2019-05-10,0.6987094879150391,0.7426496470456585,0.9850275624507182,1.1222084760665894,1.3009653091430664,0.009106887604851458,0.11385890966360253,0.6587311625480652,0.10362340381124653
2019-05-13,0.6985093951225281,0.7440808260862855,0.9897069910392468,1.1236460208892822,1.3010668754577637,0.009119594416280068,0.11464734855811204,0.6591610312461853,0.10401389132055334
2019-05-14,0.6945891380310059,0.7420599676871699,0.9946487554333849,1.1232547760009766,1.2963106632232666,0.009161368398325495,0.1141943591966353,0.6576784253120422,0.10383677032723589
2019-05-15,0.6939143538475037,0.7429420747341305,0.9913357765917066,1.1204482316970823,1.2906556129455566,0.0091181809384856,0.11437198840896372,0.6571295261383057,0.1041005185686576
2019-05-16,0.6927126049995422,0.7439590742194384,0.9918175074552361,1.1207244396209717,1.2847524881362915,0.009134505722202783,0.11474521842032291,0.6563402414321899,0.10413162554617968
2019-05-17,0.6893223524093628,0.7428316802364421,0.9901186521859522,1.1173559427261353,1.2797706127166748,0.009101582583224013,0.1142465406562909,0.6535306572914124,0.10373982414282588
2019-05-20,0.690321683883667,0.7436658455434303,0.9896091492337573,1.1165324449539185,1.2731555700302124,0.009077704854361402,0.11390300186793902,0.6528011560440063,0.1037360576131158
2019-05-21,0.6920607089996338,0.7447568937400919,0.9917683752623037,1.1168566942214966,1.2729123830795288,0.009085127671232497,0.11384594204733259,0.6540393233299255,0.10351859729583807
2019-05-23,0.6877579092979431,0.7442414411118168,0.9910606616776182,1.1155484914779663,1.2664159536361694,0.00907268119422544,0.11420087616272788,0.6495193243026733,0.10384054417414079
2019-05-24,0.689959704875946,0.7421921304846947,0.9971083813199553,1.1184556484222412,1.2664639949798584,0.009127585500431546,0.11432098854267277,0.6522603631019592,0.10405719207853194
2019-05-27,0.6932889819145203,0.744324515454395,0.9982331079022726,1.1209630966186523,1.2724751234054563,0.009140684190030718,0.11517685918059993,0.655750572681427,0.10493729987925828
2019-05-28,0.6919936537742615,0.7441583853110872,0.9960655413018421,1.11938214302063,1.2682307958602903,0.009131669319201837,0.11493856247436404,0.6546516418457031,0.10440374647370416
2019-05-29,0.6926167011260986,0.7414272500725861,0.9931177006611189,1.1170687675476074,1.2659670114517212,0.009145281892890267,0.11477630422568388,0.6545487642288208,0.1043961169649564
2019-05-30,0.691840410232544,0.7400828977456546,0.9917683752623037,1.1137346029281616,1.2629451751708984,0.00912891860356352,0.11442053663215968,0.6514403223991394,0.10474264494717046
2019-05-31,0.6906077861785889,0.739377029217202,0.9931473302102211,1.1131147146224976,1.2609704732894895,0.009144361854744374,0.11395297305503654,0.6506688594818115,0.10488722015097063
2019-06-03,0.6929622888565063,0.7396340152673802,1.0004702036115811,1.1174057722091677,1.2639508247375488,0.00924111945637355,0.11417610570209785,0.6534196734428406,0.1054209590631375
2019-06-04,0.6972042322158813,0.7439646165281383,1.0077597765165143,1.124631643295288,1.2664159536361694,0.00925694498639235,0.11496763542035908,0.6592783331871033,0.10591313025613264
2019-06-05,0.6991393566131592,0.7468036573990077,1.007587104684652,1.1254037618637085,1.2702767848968506,0.009237534135434407,0.115004921217742,0.660969078540802,0.10598811159350092
2019-06-06,0.6971070170402527,0.7451564786251172,1.006137437312124,1.1229015588760376,1.2688584327697754,0.009231223441357728,0.11452260966806578,0.6627344489097595,0.10597711040114459
2019-06-07,0.6975446939468384,0.7488393073220696,1.0089799078043473,1.127650022506714,1.269841194152832,0.009220498811033168,0.1150203999699444,0.6619009971618652,0.10614550588105721
2019-06-10,0.6995893716812134,0.7536419795234108,1.010203058015148,1.1320157051086426,1.2722970247268677,0.0092209243337866,0.11604967429314712,0.665708065032959,0.10631240014607897
2019-06-11,0.6961122155189514,0.7538522039142833,1.011224587033359,1.1318106651306152,1.2691160440444946,0.009228582667779404,0.11563501463390964,0.6614194512367249,0.10619995683439101
2019-06-12,0.6960880160331726,0.7530007210796824,1.0080645326040416,1.1329518556594849,1.2724426984786987,0.009218799057863944,0.11590923234960776,0.6584188938140869,0.1058644663530371
2019-06-13,0.6930487751960754,0.7500187535802798,1.0053282249231303,1.1295605897903442,1.2693415880203247,0.009217609409005328,0.11549291524073269,0.6577087044715881,0.10563454205682797
2019-06-14,0.6913239359855652,0.750339497752633,1.0065425322189057,1.128044366836548,1.268005609512329,0.00923182031082171,0.11528573673021014,0.6558710336685181,0.10553199163937223
2019-06-17,0.6878904104232788,0.7457677988927022,1.001201462092179,1.1217050552368164,1.2596044540405271,0.009210138825950426,0.1148687190070015,0.6498908400535583,0.10547310942466954
2019-06-18,0.6854009628295898,0.7457121768514754,1.001351810524259,1.1224603652954102,1.2541544437408447,0.009213278052165463,0.11459478788331828,0.6497599482536316,0.10555415184804524
2019-06-19,0.6880418062210083,0.7477194782672563,0.9993104923808693,1.1198208332061768,1.2566603422164917,0.009210393173155841,0.11444829876775894,0.6534580588340759,0.10494798120141066
2019-06-20,0.688548743724823,0.7535965501650237,1.0073537014262965,1.1238480806350708,1.2656625509262085,0.009249410532848104,0.11506049757397409,0.6554583311080933,0.10551528733750339
2019-06-21,0.6922379732131958,0.7585469146432529,1.01931602387661,1.1295605897903442,1.270793318748474,0.009321662574618568,0.11695933567896862,0.6584709286689758,0.10632619872198784
2019-06-24,0.6944299936294556,0.7575528085670592,1.0252204528633206,1.1384724378585815,1.2750873565673828,0.00931862264227941,0.11775899260861791,0.6597480773925781,0.10707097111488695
2019-06-25,0.696567952632904,0.758667793431578,1.0290182855243948,1.140029788017273,1.2739664316177368,0.009317319664064109,0.11792758500236288,0.6624096035957336,0.10779811703652226
2019-06-26,0.6961848735809326,0.7588174703159511,1.025830390969825,1.1369967460632324,1.2690677642822266,0.00933131773680803,0.1170736761529107,0.6633411049842834,0.10772159402021547
2019-06-27,0.6986606121063232,0.7621370015498752,1.0231330471134596,1.1374752521514893,1.269841194152832,0.009281776250076567,0.11777355488506931,0.66806960105896,0.10800349335334833
2019-06-28,0.7003781795501709,0.7636910698410776,1.0239082582200276,1.1372941732406616,1.267748475074768,0.009281000721183718,0.11753643113071716,0.6701918840408325,0.10789814823770899
2019-07-01,0.702331006526947,0.7639186257965219,1.0210333074584013,1.1364928483963013,1.2694543600082395,0.009226624025066864,0.1173750242484709,0.6723185777664185,0.10763799710317204
2019-07-02,0.6964758634567261,0.7614986310721211,1.0131712376847262,1.1287446022033691,1.2644623517990112,0.009227986866565079,0.11650612726702436,0.6675121784210205,0.10687688919366951
2019-07-03,0.699594259262085,0.7635919390270335,1.0150223429695588,1.1293054819107056,1.25982666015625,0.009276007580067596,0.11671961616778445,0.6678822040557861,0.10717918693230322
2019-07-04,0.7031310796737671,0.7658668709804147,1.0146103951081615,1.128795504570007,1.2582731246948242,0.009278245356046082,0.11730342277429952,0.6709157824516296,0.10750376210265193
2019-07-05,0.702538251876831,0.7663775052894761,1.0155171098841103,1.128579020500183,1.2583048343658447,0.009275749596089624,0.11726628432166679,0.669178307056427,0.10730200403307588
2019-07-08,0.6982752084732056,0.76478327970149,1.0088781578075112,1.1227376461029053,1.2525520324707031,0.009218799057863944,0.11611165222490787,0.6631079912185669,0.10600519099669199
2019-07-09,0.6973987221717834,0.7632364338369831,1.0059451148493683,1.121604323387146,1.2516427040100098,0.009197855003400285,0.11576887428588147,0.6628003716468811,0.10572612958190235
2019-07-10,0.6927126049995422,0.7619047619047619,1.0064513559173385,1.120824933052063,1.2458575963974,0.009180712854279788,0.11563099788879828,0.6601400971412659,0.10562003937825984
2019-07-11,0.6961848735809326,0.7649353795908184,1.0122481841067317,1.125885248184204,1.2508130073547363,0.009230712457588457,0.116612631352078,0.664548933506012,0.10628347788257708
2019-07-12,0.6972576975822449,0.7652572831467492,1.0095911428157414,1.1252391338348389,1.2523481845855713,0.009209120930557388,0.11708094424380906,0.6663779020309448,0.10661322123674981
2019-07-15,0.7017790079116821,0.7672830371303133,1.0162601345308293,1.1272051334381104,1.2571974992752075,0.009273684928479025,0.11717435934799235,0.6694919466972351,0.10676483636025598
2019-07-16,0.7040022611618042,0.7664303708091961,1.0161569109712159,1.126176834106445,1.251799464225769,0.009268785516278043,0.11715240518186132,0.6724406480789185,0.10697841498352387
2019-07-17,0.701655924320221,0.7641462477928086,1.0121559712451742,1.121227145195007,1.2412029504776,0.009242059068597708,0.11666160817357545,0.670218825340271,0.10653825157237945
2019-07-18,0.7010164856910706,0.7661074098258849,1.0135820174970387,1.12296462059021,1.2434717416763306,0.009264663950242015,0.11650259342530797,0.6733598709106445,0.10683988587453905
2019-07-19,0.7067188024520874,0.7671300022843965,1.0176666648064983,1.1261515617370603,1.2541857957839966,0.009310900186286199,0.11698903540187534,0.6777317523956299,0.10733932820380321
2019-07-22,0.7043097019195557,0.7661661161198234,1.0174596052147453,1.1218308210372925,1.2512825727462769,0.009275577614743095,0.11667386205331114,0.6760868430137634,0.10657117930630189
2019-07-23,0.7031854391098022,0.7618467068093606,1.017915309347439,1.1206114292144775,1.2474894523620603,0.009267497092064005,0.11606583383521572,0.6739906668663025,0.1062292856509681
2019-07-24,0.6997410655021667,0.7610871325353324,1.014836921973976,1.11512553691864,1.243904948234558,0.009239411441483387,0.1151682317317817,0.6699494123458862,0.10558659094117606
2019-07-25,0.697934091091156,0.7608728541911186,1.0155583571108056,1.1142433881759644,1.2485953569412231,0.0092430836069887,0.1157461020344118,0.6701694130897522,0.10616162571328656
2019-07-26,0.6952168941497803,0.759993948030981,1.0091020713121697,1.1146159172058103,1.2453454732894895,0.009202510413836342,0.11529370991676145,0.6660494804382324,0.10587163855407089
2019-07-29,0.6906220316886902,0.759359092340172,1.0067451718168505,1.1132138967514038,1.2376697063446045,0.009205305664228133,0.1147586554696895,0.6637197732925415,0.1052398944405447
2019-07-30,0.6899406909942627,0.7596763875496,1.0084711810994844,1.1143054962158203,1.2217471599578855,0.009185604547502174,0.11497424094814802,0.6630904078483582,0.10545853436637992
2019-07-31,0.6875215172767639,0.7605951071202609,1.0104071743345788,1.1157974004745483,1.2161602973937988,0.009211326547120133,0.11423649631283082,0.6617783308029175,0.10455581010969936
2019-08-01,0.6846501231193542,0.7579776835665307,1.006238695554308,1.107174515724182,1.215376853942871,0.009189487252383836,0.11288338274651147,0.6552779078483582,0.10349266627233406
2019-08-02,0.6803507804870605,0.75677882775084,1.0100296087719312,1.1078859567642212,1.2124298810958862,0.009308300232451846,0.1124222094160848,0.6554496884346008,0.10352899174316164
2019-08-05,0.6793016791343689,0.7574093745640674,1.0178116875454808,1.1108025312423706,1.215214490890503,0.009382887183509565,0.11219339905524704,0.6522731781005859,0.10387883286101693
2019-08-06,0.6763520240783691,0.7567674263562955,1.03026933732065,1.1243788003921509,1.2158203125,0.009470324529420851,0.11223974255557097,0.6559914946556091,0.10449538763783099
2019-08-07,0.6763017177581787,0.7529950433214548,1.0248736822949593,1.1206992864608765,1.2169743776321411,0.009404064614774653,0.11236018145202338,0.6532403826713562,0.10445795431259543
2019-08-08,0.6758126616477966,0.7512301083527008,1.0259567319311147,1.12043559551239,1.2143291234970093,0.00942320539096611,0.11176180866848522,0.6451280117034912,0.10388207460203468
2019-08-09,0.6811710596084595,0.7559721572239628,1.026767836197112,1.1187183856964111,1.2143733501434326,0.00944518951594917,0.11206541195989535,0.6485715508460999,0.10422963728130757
2019-08-12,0.6776812076568604,0.7565784317359664,1.0294208583616251,1.1208499670028689,1.2021976709365845,0.009489286254681406,0.11273702760722708,0.6462787389755249,0.10482740970600467
2019-08-13,0.6755889058113098,0.7555038673536558,1.031746854633186,1.1218308210372925,1.207875370979309,0.009491448051208865,0.11225977373453007,0.6448201537132263,0.1046325040939427
2019-08-14,0.6797772645950317,0.7568876703291131,1.0248001873044548,1.1177055835723877,1.2064181566238403,0.009381743450201431,0.1127908213749845,0.6462202668190002,0.10484049003202675
2019-08-15,0.6754018664360046,0.7513148175896311,1.0272635556233982,1.1143302917480469,1.2060399055480957,0.009441444130654857,0.1113926858394092,0.6438900828361511,0.10391273191992531
2019-08-16,0.6772773265838623,0.7509255417475121,1.0242753240067703,1.1113580465316772,1.209160566329956,0.009426581057039689,0.11090777436235034,0.6435089111328125,0.10379150555073562
2019-08-19,0.6786608695983887,0.7537556107502847,1.0211375241571359,1.109385371208191,1.2161011695861816,0.00939584700866875,0.11109012246785056,0.6426693797111511,0.10346247066062389
2019-08-20,0.6755843758583069,0.7503113772251564,1.0191082926356356,1.1083157062530518,1.2131506204605105,0.009383151833287553,0.11135609682743615,0.6404796242713928,0.10327473905689666
2019-08-21,0.6775205135345459,0.7510326397976193,1.022704017284737,1.1097793579101562,1.21623432636261,0.009409639050691242,0.11128669939613432,0.6411406993865967,0.1032556505353346
2019-08-22,0.678499698638916,0.7526719577787736,1.0184336731832146,1.10907781124115,1.213224172592163,0.009381127037860754,0.11192655673646029,0.6405287981033325,0.10399767442944524
2019-08-23,0.6755843758583069,0.7521454946361065,1.0166114486778102,1.108401656150818,1.2251899242401123,0.00939249331457013,0.11140199958735908,0.6388307213783264,0.10338139636502457
2019-08-26,0.6708078384399414,0.7511454854754143,1.027907667791038,1.1143054962158203,1.2262415885925293,0.009537252747020863,0.11119141904112331,0.6362982988357544,0.1037968892094794
2019-08-27,0.6769564151763916,0.754591696800621,1.0213461457448334,1.1103708744049072,1.222195029258728,0.009435920945365937,0.11107938989472217,0.6386919617652893,0.1034104738292337
2019-08-28,0.6754383444786072,0.752717275727058,1.0194719243525963,1.109004020690918,1.2283201217651367,0.009457338041318276,0.11102475889732505,0.636448085308075,0.10343614940404479
2019-08-29,0.6739588975906372,0.7514841587458828,1.0190252238446524,1.1085859537124634,1.2218515872955322,0.00942773642761494,0.11063379018558964,0.6337296366691589,0.10289389067524116
2019-08-30,0.673582136631012,0.7529553689958899,1.0144045158770372,1.1061947345733645,1.218650221824646,0.009395140520686554,0.10997881868130427,0.6317797899246216,0.10232723174789178
2019-09-02,0.672766387462616,0.7509198952404815,1.0108157154304511,1.099178910255432,1.21592378616333,0.009422584195763044,0.10975502277317076,0.630079984664917,0.10188383500076469
2019-09-03,0.6712490320205688,0.7500187535802798,1.0097644414859364,1.0968520641326904,1.2066656351089478,0.00941681648063583,0.10978045186902721,0.6305209994316101,0.10173230228787467
2019-09-04,0.6763977408409119,0.7497207296073628,1.0133457677035755,1.0974539518356323,1.2090436220169067,0.009446349452805477,0.1098503995237123,0.6338903307914734,0.1018869435199548
2019-09-05,0.6799945831298828,0.7561264972481982,1.0195342483318155,1.10349702835083,1.2248897552490234,0.009405126063504979,0.11077876954361399,0.6356592178344727,0.10278336992489369
2019-09-06,0.6811803579330444,0.7559150026718234,1.0139622441269576,1.1036310195922852,1.232392191886902,0.009339509984971649,0.1110198335765499,0.637259304523468,0.10327484077276877
2019-09-09,0.6846688985824585,0.7594167689122306,1.012145773900875,1.1020619869232178,1.228305101394653,0.009350600802782523,0.11135571840525106,0.6427106857299805,0.10373982414282588
2019-09-10,0.6865302920341492,0.7593648664771591,1.00766837956674,1.1048381328582764,1.2345373630523682,0.00931645209727146,0.11207306570137263,0.6428015828132629,0.10355611707619806
2019-09-11,0.6858522295951843,0.7607050502874111,1.0084711810994844,1.1050333976745603,1.2354830503463743,0.009293680429191738,0.11173821585597951,0.6418073177337646,0.10333567221955046
2019-09-12,0.6873797178268433,0.758466395900166,1.006319692679669,1.101345777511597,1.233471393585205,0.009257458878673061,0.1117128715329038,0.6420587301254272,0.10339444453647545
2019-09-13,0.6863889098167419,0.7569163542627914,1.009529967767303,1.1058276891708374,1.2329391241073608,0.009244194431915998,0.11141838230746949,0.6402294635772705,0.10381251936752713
2019-09-16,0.6879944801330566,0.7568303772654094,1.013314981920077,1.1083402633666992,1.2497344017028809,0.009279450709077411,0.11204984419414966,0.6385411024093628,0.10420411515305218
2019-09-17,0.686294674873352,0.7552413806266717,1.0071305026108999,1.100594401359558,1.2428536415100098,0.0092454763844708,0.11165450073983714,0.6343004107475281,0.10355719093060799
2019-09-18,0.6866245269775391,0.7553440681424403,1.0075160679839095,1.1074687242507937,1.2502655982971191,0.009251806587606467,0.11208249357723538,0.6362010836601257,0.1034715775247406
2019-09-19,0.6825705766677856,0.7522190782397304,1.003210267402293,1.1031439304351809,1.247053861618042,0.009222964923714503,0.11179054794933851,0.6321112513542175,0.10286890742106379
2019-09-20,0.6792786121368408,0.7543014230068099,1.0073131179635113,1.1048502922058103,1.25250506401062,0.009255745472648761,0.11145786740908419,0.6296594738960266,0.10323167022446363
2019-09-23,0.6769014596939087,0.7538067492085737,1.0087051025439517,1.1019041538238523,1.2471938133239746,0.009289191060372584,0.11036674363184788,0.6267313361167908,0.1031427588063613
2019-09-24,0.6775985956192017,0.7541080311808441,1.010284694645879,1.0993722677230835,1.243456244468689,0.009292471376831578,0.11061212967928709,0.6297784447669983,0.10303330264666835
2019-09-25,0.6799483299255371,0.7552528040824632,1.0143016689119422,1.1016855239868164,1.2485953569412231,0.009331578821092222,0.11100873851232818,0.6318396925926208,0.10342010195092295
2019-09-26,0.6755387783050537,0.7543184478639894,1.0092243251151116,1.0952903032302856,1.2359564304351809,0.009285740700621718,0.11056199062531799,0.6273998022079468,0.10263673604185279
2019-09-27,0.6754018664360046,0.7536931025637454,1.0066539588015806,1.0922753810882568,1.2331976890563965,0.00928022597894022,0.11013700638748337,0.629830002784729,0.10245103542301688
2019-09-30,0.6760868430137634,0.7555723248188689,1.0091835907910371,1.0942714214324951,1.2293167114257812,0.00926406282644951,0.11026817252873652,0.6286382675170898,0.10222230887714714
2019-10-01,0.6753106117248535,0.7551729151315764,1.002405754787715,1.0899657011032104,1.2289994955062866,0.009253347377516975,0.1099137881334417,0.626228928565979,0.10163015160161774
2019-10-02,0.6708707809448242,0.7566013599618228,1.0073739641405426,1.0934937000274658,1.2292261123657229,0.009281862354921329,0.10960741542600275,0.6244106888771057,0.1013059354695598
2019-10-03,0.6709608435630798,0.7502832588053509,1.0032806982030942,1.0963709354400637,1.230436086654663,0.009331578821092222,0.1095890410958904,0.6266999244689941,0.10131609586890251
2019-10-04,0.6745316982269287,0.7498106615026321,1.0018534378411599,1.0975382328033447,1.2342326641082764,0.009361017296442047,0.10970229467803008,0.6303898096084595,0.1014720558858091
2019-10-07,0.6764526963233948,0.7515237455063473,1.0060463343824215,1.098659634590149,1.2334411144256592,0.009366453116890366,0.10996503606507867,0.6316680312156677,0.10163221033599779
2019-10-08,0.6732510924339294,0.7517440398492248,1.0052676256162405,1.0972130298614502,1.2288031578063965,0.009323922435425158,0.10947746128422528,0.6291682124137878,0.10089208696777506
2019-10-09,0.6728116869926453,0.7506718688477646,1.0074551441431354,1.0960105657577517,1.2219561338424685,0.009349202173643855,0.10916876173596254,0.6298617720603943,0.1006189077676005
2019-10-10,0.6718172430992126,0.7499062461643619,1.0071710713600064,1.098780393600464,1.2212995290756226,0.009330272881580948,0.10901558523974621,0.628788411617279,0.10055607265750102
2019-10-11,0.6763200163841248,0.7526776306657476,1.0038850455425372,1.1011033058166504,1.2433171272277832,0.009269559005001895,0.10967918470288668,0.632611095905304,0.10169008601766166
2019-10-14,0.679638683795929,0.7576331334439534,1.0022048581429752,1.1030004024505615,1.261899709701538,0.009220073976124545,0.11010305255782302,0.6328593492507935,0.10193991648629583
2019-10-15,0.6775398254394531,0.7562008618875077,1.0023856914436426,1.1029006242752075,1.2611771821975708,0.009226113550347474,0.10979695893367812,0.6306005120277405,0.10185705415585514
2019-10-16,0.6753197908401489,0.7574610100192873,1.0014821769269167,1.1034727096557615,1.2760635614395142,0.009189740460224603,0.10955686649742045,0.6295484900474548,0.10200751016596299
2019-10-17,0.6756391525268555,0.7575757274724029,1.0058135840219125,1.107493281364441,1.2823801040649414,0.009201578825585602,0.1089848225339125,0.6288082003593445,0.10231539995201233
2019-10-18,0.6825472712516785,0.7612783176278879,1.012863386549683,1.1127183437347412,1.286860466003418,0.009209714298040694,0.10892878049226425,0.6354814767837524,0.10304073425327906
2019-10-21,0.6847720146179199,0.7614986310721211,1.0153211852204738,1.1155734062194824,1.2900229692459106,0.00922441172664038,0.10914480806062123,0.6385998129844666,0.10351162795059562
2019-10-22,0.6870585680007935,0.7641404007128545,1.0142810652298808,1.1151753664016724,1.297168254852295,0.009208018518323376,0.10948261649604381,0.6411982774734497,0.1037457361960398
2019-10-23,0.6861298680305481,0.7637085907256553,1.0107748525442648,1.112928867340088,1.2884771823883057,0.009218034016818524,0.1093594130458566,0.6411818265914917,0.10373153198142247
2019-10-24,0.6850300431251526,0.7649353795908184,1.0099989633451611,1.1132385730743408,1.2923235893249512,0.009204543507395123,0.10960044986756919,0.6421700119972229,0.10374822028054019
2019-10-25,0.6816632747650146,0.7650758170933714,1.007708991661296,1.1103955507278442,1.2840267419815063,0.009207594185851611,0.10938285627018246,0.6377795338630676,0.10357349579908295
2019-10-28,0.682400107383728,0.7655209111776295,1.0058338451267237,1.108426213264465,1.283202886581421,0.009196755286615205,0.10876906614132129,0.6358693838119507,0.10332926714262022
2019-10-29,0.6839599013328552,0.7659548435325564,1.0052676256162405,1.1099148988723757,1.2857435941696167,0.009177343237832397,0.10847163628336179,0.6353886127471924,0.10301207683623279
2019-10-30,0.6855888962745667,0.764000306379441,1.005914777085752,1.1114816665649414,1.2866700887680054,0.009184929321551221,0.10838111334736829,0.6352109909057617,0.10309065706510129
2019-10-31,0.6897883415222168,0.7595667415010842,1.011009904961351,1.1154489517211914,1.290172815322876,0.009192105695750501,0.10900691553787453,0.6409598588943481,0.10369023460081708
2019-11-01,0.6892986297607422,0.7594455761065392,1.0137772102046658,1.1157102584838867,1.2939623594284058,0.009259602019095103,0.10880564548823421,0.6414985060691833,0.10364713619057117
2019-11-04,0.6917997598648071,0.7610350015345699,1.0143633623224575,1.1166571378707886,1.2937614917755127,0.009240436044355671,0.11001463503021273,0.6435089111328125,0.10462001840021495
2019-11-05,0.6890279054641724,0.7603637371580085,1.0118487366829798,1.1128545999526978,1.2891582250595093,0.00920013982146091,0.10945852490666425,0.6402294635772705,0.10398242155077574
2019-11-06,0.6890848875045776,0.7603984750347585,1.0076582119243045,1.107419729232788,1.288062334060669,0.009162039524017397,0.10902295273685482,0.637421727180481,0.10358711440058822
2019-11-07,0.6877300143241882,0.7584031039836512,1.007587104684652,1.1070396900177002,1.2856775522232056,0.009181640222073637,0.10908479961217105,0.6366385221481323,0.10396090599749977
2019-11-08,0.6860997080802917,0.7560235968973917,1.005429320343444,1.1019697189331057,1.2779992818832395,0.009151307548083253,0.10982856150514031,0.6380997896194458,0.10389934671518056
2019-11-11,0.6858004927635193,0.756132222328585,1.0028380603256382,1.102244257926941,1.2796396017074585,0.00915532949113853,0.10946212425686501,0.6332681179046631,0.10306876935962515
2019-11-12,0.6850253343582153,0.7557436589432284,1.0070392197620364,1.1035456657409668,1.2858428955078125,0.009170778247640541,0.10954546679701824,0.6364886164665222,0.10317414868555724
2019-11-13,0.6843999624252319,0.755475290372648,1.0073942881593336,1.1012367010116575,1.285214900970459,0.009174901458987968,0.10913825331291516,0.6336613297462463,0.10297398948690656
2019-11-14,0.6839500665664673,0.7546088026455091,1.0104378445386377,1.101321578025818,1.2853800058364868,0.009191345723053067,0.10889936734936134,0.6415314674377441,0.10282565200810269
2019-11-15,0.6788313388824463,0.7547283615682169,1.0113575369610643,1.1020498275756836,1.2881784439086914,0.009217269750918109,0.10909765868527134,0.6381784081459045,0.10333002063987047
2019-11-18,0.6815982460975647,0.7562923552300524,1.0111366435010853,1.105509877204895,1.2921231985092163,0.009199716860520818,0.1100788142877719,0.6401802897453308,0.10385542629290138
2019-11-19,0.680522084236145,0.7571856794684776,1.0110201403562564,1.1072357892990112,1.2950851917266846,0.009202848985005911,0.10974538508837343,0.6397216320037842,0.1037533838615764
2019-11-20,0.6824899911880493,0.753505707877094,1.0097848013002986,1.1080001592636108,1.2929502725601196,0.009221264261276283,0.10955302055017645,0.6431405544281006,0.103812190479434
2019-11-21,0.6798997521400452,0.7517666759928686,1.0097134543894586,1.1078859567642212,1.2927078008651731,0.009218459312098356,0.10955302055017645,0.6410995721817017,0.10380766847946502
2019-11-22,0.6789419054985046,0.7531254505811161,1.0073537014262965,1.1065863370895386,1.2919896841049194,0.009209375221544733,0.10940320469207133,0.6406999230384827,0.10398058614422515
2019-11-25,0.6792001724243164,0.7521228356741475,1.002405754787715,1.1022562980651855,1.2853471040725708,0.009197093434433626,0.10920977327986243,0.6409311294555664,0.10389394212917506
2019-11-26,0.677639901638031,0.75170449723817,1.0032706789083607,1.1014429330825806,1.289723515510559,0.009174985592335438,0.10891584806525045,0.6415109038352966,0.10373659127371881
2019-11-27,0.6789000034332275,0.7536362920906986,1.0024158167074282,1.1022562980651855,1.2860909700393677,0.009166154879429173,0.1091131321794437,0.6426982879638672,0.10435689561484
2019-11-28,0.6767200231552124,0.7526946498397589,1.0015323360881239,1.1004853248596191,1.2929919958114624,0.009143526196915497,0.10909527504478463,0.6413010954856873,0.10440309158111079
2019-11-29,0.6769000291824341,0.7530290435572567,1.0016427158908687,1.101176142692566,1.29128897190094,0.009131419301311826,0.10912384018142902,0.6420091986656189,0.10472849071664452
2019-12-02,0.6764801144599915,0.7527909712552149,0.9998899819310519,1.1019041538238523,1.29128897190094,0.009129501680437909,0.10861619837504957,0.6432108879089355,0.10450041757273638
2019-12-03,0.6818817257881165,0.7517101555509655,1.0086440954619416,1.1079105138778689,1.294062852859497,0.00917246033725475,0.10906897111259968,0.6498781442642212,0.10480960768064303
2019-12-04,0.6848700046539307,0.7523378810542082,1.013273916719221,1.1085245609283447,1.2997816801071167,0.009203611507491627,0.10890161802470003,0.6518301367759705,0.10499018160132616
2019-12-05,0.684960126876831,0.757994943271516,1.011889686445497,1.108303427696228,1.311131477355957,0.009188473916404741,0.10918460784585271,0.6550204157829285,0.10526648661395459
2019-12-06,0.6833000183105469,0.7589556701767782,1.0131712376847262,1.1105434894561768,1.3158414363861084,0.009196417163661102,0.10943912677142073,0.6544117331504822,0.10540040152782815
2019-12-09,0.683531641960144,0.7547283615682169,1.0096114956422138,1.105888843536377,1.3139568567276,0.009205814485476076,0.10956394099837333,0.6559183597564697,0.10527545935326497
2019-12-10,0.6827998757362366,0.7554524983780743,1.012391666525363,1.106499433517456,1.314578652381897,0.009209629526575914,0.10934339073627765,0.6548788547515869,0.10493432798061943
2019-12-11,0.6811400055885315,0.7558007875868088,1.015774975409686,1.1092746257781982,1.3131287097930908,0.009194218680456499,0.1089901580237551,0.6545016765594482,0.10535265211227558
2019-12-12,0.687049150466919,0.7591457857883512,1.017915309347439,1.1135857105255127,1.32000994682312,0.00921242910414061,0.10980684715711986,0.6580800414085388,0.10658708199240882
2019-12-13,0.6927126049995422,0.7603001971126638,1.0152387326411056,1.1186057329177856,1.347527265548706,0.009139681588030833,0.11063819101256732,0.6620499491691589,0.1070615694690907
2019-12-16,0.6874789595603943,0.7585296983815137,1.0163015037034224,1.1124460697174072,1.335327386856079,0.009140767697004528,0.11079424363922304,0.6592696905136108,0.1066083327004399
2019-12-17,0.6874316930770874,0.7597052144440393,1.0170870485449877,1.1136974096298218,1.3272457122802734,0.009126086304151586,0.11095577370514421,0.6593601107597351,0.10677030459049505
2019-12-18,0.6852600574493408,0.759924618187751,1.0207205986576695,1.115138053894043,1.3122154474258425,0.00913108596542083,0.11079632747097526,0.6569180488586426,0.10663515471146273
2019-12-19,0.6854700446128845,0.7625496364470852,1.02039777910488,1.1115927696228027,1.3087291717529297,0.009128168407018588,0.11102105604976432,0.6584492325782776,0.10619408441053187
2019-12-20,0.6893000602722168,0.7620208986434868,1.022285811882943,1.1125946044921875,1.3017443418502808,0.009142188186704252,0.11156356305533695,0.6612619757652283,0.10632302904471753
2019-12-23,0.6903898119926453,0.760664490388103,1.0180396462993397,1.1079840660095217,1.3005423545837402,0.009132503447368158,0.11151094514654677,0.6607507467269897,0.10634790638614221
2019-12-24,0.6925197839736938,0.7605603512758047,1.0188798551031457,1.109385371208191,1.2944984436035156,0.009142271721160713,0.11166895987663525,0.6634599566459656,0.10603475544100385
2019-12-25,0.6921852231025696,0.7596474940513082,1.020095879387391,1.1090162992477417,1.2934937477111816,0.009142188186704252,0.11217552758793774,0.6642999649047852,0.10627670217649249
2019-12-26,0.6924728155136108,0.7601672246682303,1.0210333074584013,1.1095454692840576,1.2973533868789673,0.009143358445852292,0.11224743214473507,0.6647000312805176,0.10641468089377387
2019-12-27,0.6946374177932739,0.7628929152592716,1.0188798551031457,1.110111951828003,1.300220966339111,0.00912891860356352,0.11262275903934862,0.6672716736793518,0.10633376789948783
2019-12-30,0.6982996463775635,0.7649119434786728,1.0269998248668613,1.1182304620742798,1.3091918230056765,0.009138428804066557,0.11356151062576034,0.6706413626670837,0.1072266440278219
2019-12-31,0.7001398801803589,0.7656616336673202,1.032385930269157,1.120229721069336,1.3113033771514893,0.009185013638909948,0.1134278081894675,0.6734777688980103,0.10701276212016668
2020-01-01,0.7001398801803589,0.7656616336673202,1.032385930269157,1.120229721069336,1.3113033771514893,0.009185013638909948,0.1134278081894675,0.6734777688980103,0.10701276212016668
2020-01-02,0.7019514441490173,0.770831738653684,1.0335917618307986,1.1220825910568235,1.3250298500061035,0.009198532131209898,0.11402547634944835,0.6737182140350342,0.10707325618286642
2020-01-03,0.6985191702842712,0.7702379870222286,1.0296540475678457,1.1171437501907349,1.3152703046798706,0.009212938713208201,0.11375399262762657,0.6700212359428406,0.10682163323074378
2020-01-06,0.694420337677002,0.7700244631194378,1.0293572566696914,1.1161960363388062,1.308010220527649,0.009262346975211815,0.11319644231610015,0.665530800819397,0.10627353544956226
2020-01-07,0.693731427192688,0.7713727785099423,1.0325245031397523,1.1197994947433472,1.317002534866333,0.009224581815837591,0.11374623097153176,0.6669512391090393,0.10634338726957561
2020-01-08,0.6860399842262268,0.7690473717364038,1.032172838275727,1.1154738664627075,1.31137216091156,0.009257887819731112,0.11288452507857205,0.6631211638450623,0.10560877408833551
2020-01-09,0.6873801350593567,0.7670770402079993,1.0275379944384921,1.1113210916519165,1.3105130195617676,0.009171703609378015,0.11279845318649477,0.6654289960861206,0.10580297070383289
2020-01-10,0.6853210926055908,0.7655502532073801,1.0276225199133373,1.1111111640930176,1.3070186376571655,0.009131836005401406,0.1126455893773401,0.6607987880706787,0.10542295166288254
2020-01-13,0.6900601387023926,0.765380310239404,1.0276013715058512,1.111666917800903,1.3045634031295776,0.009126918777093712,0.11247455695637698,0.6637682318687439,0.10524542940736614
2020-01-14,0.6898902058601379,0.7659548435325564,1.030184375883447,1.1135733127593994,1.2988194227218628,0.0090915705634045,0.11250745435275188,0.6626817584037781,0.10565653243566554
2020-01-15,0.6896551251411438,0.7653744442587209,1.0340513272876697,1.113089919090271,1.3022528886795044,0.009102991551438755,0.1127001801352519,0.660969078540802,0.10569148467579509
2020-01-16,0.6907795071601868,0.7669888097055637,1.0376673276553987,1.1154004335403442,1.304121017456055,0.009100588540182197,0.11292544553047959,0.6619185209274292,0.1057496085228511
2020-01-17,0.6901001930236816,0.7669299772735293,1.0363983197430195,1.1139578819274902,1.3078734874725342,0.009076469002049602,0.11253404216592315,0.6638211011886597,0.10542184936435282
2020-01-20,0.6881791353225708,0.7654857735636729,1.0328338053473471,1.1094592809677124,1.3007283210754397,0.00907605733554372,0.11225234682465571,0.6619710922241211,0.10509114404942103
2020-01-21,0.6876397132873535,0.7665537053578567,1.0326524984735381,1.109693169593811,1.3005592823028564,0.009076634307658376,0.11202472933592686,0.6608904600143433,0.10507954902344732
2020-01-22,0.684689998626709,0.764906084675021,1.0322047805902472,1.108561396598816,1.3048017024993896,0.009098518998621463,0.11131890549545372,0.6595305800437927,0.10509611563443234
2020-01-23,0.6842987537384033,0.7610929329822228,1.033698558108582,1.1096439361572266,1.3144749402999878,0.009113444416416103,0.11139702890546037,0.659639298915863,0.10530516802514045
2020-01-24,0.6839804649353027,0.7617886605605697,1.0314595096336043,1.1055220365524292,1.311991572380066,0.009128085130090812,0.11120007414921937,0.6614719033241272,0.10495932657932068
2020-01-27,0.680188775062561,0.7599361837571519,1.0309916005715762,1.102535843849182,1.3061821460723877,0.009191007353254663,0.11035821775502926,0.6572720408439636,0.10443232026219626
2020-01-28,0.6761700510978699,0.7582823095200109,1.0310872775842104,1.101976990699768,1.3060115575790403,0.009181050466498397,0.10939482702733777,0.6545788049697876,0.10394362371665941
2020-01-29,0.6764206886291504,0.7596474940513082,1.0277703312983615,1.1022562980651855,1.3024563789367676,0.009163214871208707,0.10975273668526798,0.6540094017982483,0.1040999811571346
2020-01-30,0.6752194762229919,0.7577479714909409,1.027559140237386,1.1016855239868164,1.3022021055221558,0.009175406282218785,0.1091667273104528,0.6527202129364014,0.10402039187598615
2020-01-31,0.6708257794380188,0.7569277601452821,1.031555273514801,1.1029127836227417,1.3089004755020142,0.009184676378763069,0.10881985045697393,0.6485421061515808,0.10372582675906646
2020-02-03,0.66936194896698,0.7552641598839923,1.038033536769283,1.1089794635772705,1.31816565990448,0.009227475591422035,0.10861761601354074,0.6459489464759827,0.10381401994589588
2020-02-04,0.6690497994422913,0.7522190782397304,1.0355183082921193,1.1062926054000854,1.2997479438781738,0.009207085814602873,0.10771138071872852,0.6461117267608643,0.10366668746111546
2020-02-05,0.6731785535812378,0.7528759653152889,1.031704281951182,1.1047282218933103,1.3032711744308472,0.009136842607164913,0.10855995025550375,0.6493801474571228,0.10432533215534341
2020-02-06,0.6751797795295715,0.752768273386195,1.027432467256332,1.100231051445007,1.2997140884399414,0.00910630678024261,0.10860947072231403,0.6481889486312866,0.10434601237054966
2020-02-07,0.6733997464179993,0.7527852966596362,1.0261672647621194,1.0982975959777832,1.2930254936218262,0.009093554296786271,0.10847281450362103,0.6463000178337097,0.10395983406099941
2020-02-10,0.6672316193580627,0.7513373605966267,1.0238977602090027,1.0949305295944214,1.2891582250595093,0.00912034320412592,0.10754203193864284,0.6399590373039246,0.10353145523672726
2020-02-11,0.6690099835395813,0.7509198952404815,1.0234366850570165,1.0913456678390503,1.2918227910995483,0.009110289256827346,0.10769340425964587,0.6388592720031738,0.10354217944390867
2020-02-12,0.6720998883247375,0.7524227728267698,1.0250102456938148,1.091941475868225,1.2956557273864746,0.00910390265091987,0.10819126499078145,0.6406519412994385,0.10386372798689342
2020-02-13,0.6713197827339172,0.7543696627246185,1.0229551297548556,1.0875948667526243,1.295756459236145,0.009103654151156415,0.10823506435984245,0.6447120904922485,0.10376748110400993
2020-02-14,0.6721997857093811,0.753926054094318,1.0215756906477007,1.0845986604690552,1.3046824932098389,0.009110952919398249,0.10809291832922005,0.6443091630935669,0.10342384557123059
2020-02-17,0.6725989580154419,0.7549904917513727,1.0186515199582271,1.0841753482818604,1.3052955865859983,0.009108214668456177,0.10822861842376881,0.6446580290794373,0.1030179062305351
2020-02-18,0.6711999773979187,0.7555723248188689,1.0199918131770156,1.0840108394622805,1.3008975982666016,0.009104980272496434,0.10804783106480247,0.6438984274864197,0.10324605300781164
2020-02-19,0.6696000099182129,0.7545063149346254,1.0173974729183644,1.079540491104126,1.300220966339111,0.009097608344878983,0.10721871697588443,0.6394516229629517,0.10226475885113653
2020-02-20,0.6684000492095947,0.7564067871497713,1.0167768135447934,1.081009864807129,1.2928247451782229,0.008991997196586811,0.10795172308215298,0.6389816999435425,0.10229331127300821
2020-02-21,0.6613800525665283,0.754159217471779,1.0165080921533274,1.078799843788147,1.2883278131484983,0.008932239837236317,0.10728796201718675,0.6332480907440186,0.10192069404857391
2020-02-24,0.6606900691986084,0.7545461528760894,1.0216174315150033,1.0839051008224487,1.29537034034729,0.008964027421968775,0.10719135956123117,0.6323310732841492,0.10263431494284508
2020-02-25,0.6612007021903992,0.7525926813782429,1.0206372668273556,1.0849199295043943,1.292657732963562,0.009020629997462535,0.1069602240850642,0.6344292163848877,0.1027786248109123
2020-02-26,0.6605198383331299,0.7530574357685332,1.0246951590999387,1.0881996154785156,1.3003394603729248,0.00906733376652764,0.1068400056202838,0.6321592330932617,0.10288933726701571
2020-02-27,0.6546516418457031,0.7493274808798225,1.0241809069546342,1.088589429855347,1.2906889915466309,0.009061007850472355,0.10638649089936386,0.6286817193031311,0.10274968003903125
2020-02-28,0.6580203175544739,0.7470380236879738,1.032258064516129,1.0997228622436523,1.2888922691345217,0.009119095081204417,0.1065313242890375,0.6311696767807007,0.10350713209681958
2020-03-02,0.6516313552856445,0.7458734306828559,1.0373658999087425,1.1051311492919922,1.2807048559188845,0.009285309832537562,0.10621585650827081,0.6229403614997864,0.10396847202409712
2020-03-03,0.6547498106956482,0.7504634142501134,1.0437323642638154,1.114404797554016,1.2767152786254885,0.009217694327438561,0.10772971735661428,0.6265585422515869,0.10485917288759329
2020-03-04,0.6582195162773132,0.7475182553040721,1.0464082345411185,1.118067979812622,1.2820841073989868,0.009342563562605054,0.10784717768913159,0.6269199252128601,0.10579939446975138
2020-03-05,0.6626901030540466,0.7471273130945503,1.0453690039027148,1.113908290863037,1.2874983549118042,0.009287034202859118,0.10806628244510355,0.6300284266471863,0.10560442392555916
2020-03-06,0.6615506410598755,0.7466140906164317,1.0573059772089435,1.1223849058151243,1.295068383216858,0.009411941774524998,0.107659083129376,0.6313091516494751,0.10590864801375328
2020-03-09,0.6613581776618958,0.7340957878312402,1.078225239811571,1.1386020183563232,1.3099292516708374,0.009621119955558694,0.10549635935663254,0.6329394578933716,0.1065816325130412
2020-03-10,0.6597998738288879,0.7321716086559314,1.0771683568646144,1.139796018600464,1.3075313568115234,0.009698192302888561,0.10479731010749518,0.6341515779495239,0.1056709386476773
2020-03-11,0.6499098539352417,0.7282366309291142,1.0674522926164838,1.1316505670547483,1.2909722328186035,0.009521451742441941,0.10427387484859756,0.6268099546432495,0.10512881130741086
2020-03-12,0.647939920425415,0.7260582172010009,1.0650194341167605,1.1261515617370603,1.2818212509155271,0.009564801251176884,0.10312148787866987,0.6264290809631348,0.10493938976037924
2020-03-13,0.6274116039276123,0.7172160763771209,1.058593136035953,1.1184931993484497,1.257023572921753,0.009559315497232166,0.09902245432288803,0.6114487648010254,0.10270262169966249
2020-03-16,0.6177682876586914,0.7247531931151018,1.0567472984855393,1.115536093711853,1.239987015724182,0.009373125063913197,0.09869895311391219,0.6050997972488403,0.1032008750721173
2020-03-17,0.6099420189857483,0.7137453146841604,1.055375587024275,1.1163206100463867,1.2266627550125122,0.009418412726699181,0.0973831238780508,0.6044706702232361,0.10224666993520264
2020-03-18,0.5992200374603271,0.7022866278762635,1.0420466011252616,1.101552128791809,1.2121652364730835,0.009312981460010495,0.09643062418324996,0.5949299931526184,0.10126890348647861
2020-03-19,0.5809798836708069,0.6922810807384852,1.0345220183803037,1.0961546897888184,1.1625338792800903,0.00922849754860993,0.09277194786709438,0.5730692148208618,0.09806421155121103
2020-03-20,0.5742902159690857,0.689740775591327,1.0114086902380877,1.0657345056533811,1.149438500404358,0.008985452522750528,0.1292771324526687,0.5684757828712463,0.09980966624391428
2020-03-23,0.5753309726715088,0.6915916205089377,1.0151562934523293,1.0694386959075928,1.162304162979126,0.009052887130723367,0.08503473601689511,0.5626100301742554,0.0957967243092447
2020-03-24,0.5876600742340088,0.6907556127648445,1.0186411294633888,1.0764610767364502,1.1595547199249268,0.009023071711845474,0.08713343870023117,0.574418842792511,0.09726424822597211
2020-03-25,0.597550094127655,0.6925687426619082,1.0204394237684329,1.080263614654541,1.1792036294937134,0.008999279835157843,0.09070656808957094,0.5829713940620422,0.0990186298288032
2020-03-26,0.5908098220825195,0.7033783190040591,1.024338299227119,1.0889569520950315,1.1851149797439575,0.009019084427237013,0.093355601726949,0.5812196135520935,0.09938312997679333
2020-03-27,0.60791015625,0.7123826103941047,1.0398685308731672,1.1048258543014526,1.2200626134872437,0.00916514668241367,0.09616558688075479,0.5979001522064209,0.10060676304770823
2020-03-30,0.618058443069458,0.7119008326463496,1.0521110932733986,1.113908290863037,1.245319128036499,0.00930985989822881,0.0953416110100532,0.6058292984962463,0.10081397175567426
2020-03-31,0.6168993711471558,0.7052832547892391,1.0416666899497313,1.1030466556549072,1.2371643781661987,0.009256259231754212,0.0949431346782802,0.6009796261787415,0.09973251557012763
2020-04-01,0.6136998534202576,0.7103281922102934,1.040030782084772,1.102657437324524,1.2408487796783447,0.009301633086937612,0.09606249280270614,0.5951389074325562,0.10104664595705873
2020-04-02,0.6091395616531372,0.7066438492619233,1.034993138176992,1.0953621864318848,1.238236665725708,0.009323400474734306,0.09565442038261185,0.5936902165412903,0.09973171876989911
2020-04-03,0.6063215136528015,0.7077491395075949,1.0264622187291428,1.0847399234771729,1.2394952774047852,0.00925917357326521,0.0963382806062266,0.5914394855499268,0.09911382499364574
2020-04-06,0.5994700789451599,0.7016559150793563,1.0233319985519707,1.0806955099105835,1.2220158576965332,0.009200224418315965,0.0946190179916505,0.5854012370109558,0.09826715595821292
2020-04-07,0.6117599606513977,0.7086017322654393,1.0225367189994103,1.0803803205490112,1.2240501642227173,0.009164642987470006,0.09610810108281279,0.5950610041618347,0.09896129784776429
2020-04-08,0.6152199506759644,0.7135721573913121,1.0317894308288094,1.0895144939422607,1.2338672876358032,0.00920378083047494,0.09763117475914733,0.5962993502616882,0.09961846565430858
2020-04-09,0.6235308051109314,0.7140918815050924,1.028997142740435,1.0863661766052246,1.23931086063385,0.009180881978820762,0.0978062031035292,0.6016702651977539,0.09929599178189912
2020-04-10,0.6332600712776184,0.7149956049027005,1.034275907377861,1.0927408933639526,1.2454850673675537,0.009211411349828913,0.0982984492094462,0.6077216863632202,0.1005583966984329
2020-04-13,0.6335208415985107,0.715901618624314,1.0353681961843497,1.0932666063308716,1.2461059093475342,0.00923054214223621,0.09779855871134999,0.6075407862663269,0.10063227227804394
2020-04-14,0.6401106119155884,0.7208194129373753,1.0347681827158624,1.0922993421554563,1.2523951530456543,0.009291694059744109,0.09730891899436364,0.6102696061134338,0.10012314684150839
2020-04-15,0.6434298753738403,0.7204143748492268,1.0417534912760402,1.098538875579834,1.26262629032135,0.009336719774816598,0.09712547043621413,0.6101199388504028,0.10076247206770747
2020-04-16,0.6308901309967041,0.7082604129024415,1.036162066086859,1.0905101299285889,1.252097249031067,0.009292902909824628,0.09508957132991967,0.5995994806289673,0.09959356234361572
2020-04-17,0.6358600854873657,0.7122760904005422,1.0317787705871868,1.0858471393585205,1.2487823963165283,0.009263977051527551,0.09651652600299036,0.5998692512512207,0.1000125042336512
2020-04-20,0.6340188980102539,0.7118450734140978,1.0332393060923875,1.0866966247558594,1.248751163482666,0.009287638311564721,0.09676888263805063,0.601550817489624,0.10014079816697842
2020-04-21,0.6345701217651367,0.7077541554340916,1.0331646064298259,1.0864840745925903,1.2442762851715088,0.009287724525206252,0.09591203770272697,0.6045108437538147,0.09983357516347338
2020-04-22,0.6293998956680298,0.7047712952703763,1.0311723246425748,1.0856467485427856,1.22986102104187,0.009283240907226589,0.09444717011841475,0.5964096188545227,0.09907072069126985
2020-04-23,0.6298998594284058,0.7050296707897996,1.0280662076653522,1.080964207649231,1.232392191886902,0.00927531899831197,0.09270761774163458,0.5924205780029297,0.0988660037985931
2020-04-24,0.6376798748970032,0.7109847229882045,1.024243870565129,1.077702283859253,1.235223650932312,0.009287896957291137,0.09403799290026499,0.6005717515945435,0.09934936331480115
2020-04-27,0.6397543549537659,0.7088177020558617,1.0272213521161944,1.08236825466156,1.2366595268249512,0.009302758030133605,0.09410878617978241,0.6021702289581299,0.09967108549391311
2020-04-28,0.6449116468429565,0.7124435364873235,1.0247686390261836,1.0824854373931885,1.2422668933868408,0.009321141529777453,0.09533524844647084,0.6024604439735413,0.09994652747925198
2020-04-29,0.6502699255943298,0.7151540892757595,1.0269682038773442,1.0836584568023682,1.2435646057128906,0.009368471582236157,0.0960902752418005,0.607810378074646,0.10125044164105171
2020-04-30,0.6555013060569763,0.7207571078529508,1.0267994448487519,1.087725043296814,1.2471472024917605,0.00937998306232917,0.09703932588792877,0.6142000555992126,0.10161795851186657
2020-05-01,0.6495501399040222,0.7166968785875499,1.0346932618326756,1.094546914100647,1.2581465244293213,0.009320967198262559,0.09760134958409108,0.6120288372039795,0.10249241332541345
2020-05-04,0.6376819014549255,0.7074637668264528,1.0389610646968959,1.0959625244140625,1.2454230785369873,0.009368734749770253,0.09587130459365353,0.6016412973403931,0.10091265197031987
2020-05-05,0.642611563205719,0.7100406762537218,1.0358400871682447,1.0904293060302734,1.244555115699768,0.00937233486561913,0.096923366026076,0.605029821395874,0.10146691068568951
2020-05-06,0.6436000466346741,0.7121391311021202,1.0281719280871113,1.0838581323623655,1.244420289993286,0.009393904927277721,0.09754099168882611,0.6053100228309631,0.1018465772366039
2020-05-07,0.6390756368637085,0.7060700621899278,1.025430683593522,1.0798553228378296,1.232559323310852,0.009416993739414846,0.09735922607021463,0.6006998419761658,0.1015317056128972
2020-05-08,0.6503299474716187,0.7158452309372233,1.0278020646689119,1.0837171077728271,1.237593173980713,0.009402119135161705,0.09772706218047618,0.6095698475837708,0.10196974543058406
2020-05-11,0.653710126876831,0.7181792513292802,1.0299488598943802,1.0839520692825315,1.2417423725128174,0.009352874718131834,0.09790866927065242,0.6143185496330261,0.10223590338788252
2020-05-12,0.6484664082527161,0.7133685076414105,1.02786541134366,1.080940842628479,1.2333498001098633,0.009296617726883625,0.09720638799456018,0.6077697277069092,0.10131024213373567
2020-05-13,0.6455298662185669,0.7101818799068568,1.0311191527440433,1.0846810340881348,1.2254902124404907,0.009333756421087774,0.09839130383378301,0.6069986820220947,0.1022965546071331
2020-05-14,0.6454944014549255,0.7097735708888702,1.0290182855243948,1.08236825466156,1.224155068397522,0.009351650216089958,0.0984746319184567,0.5999088287353516,0.10194927270761532
2020-05-15,0.6471235156059265,0.7126059763158087,1.0276436062457532,1.0806955099105835,1.22339129447937,0.00931402244583336,0.09858627097873794,0.6013012528419495,0.102117929138118
2020-05-18,0.6425785422325134,0.7096728127706129,1.028901853213773,1.0821340084075928,1.2085760831832886,0.00932766209883641,0.09770166617485496,0.5936691164970398,0.10139375608644793
2020-05-19,0.652600109577179,0.717411560076597,1.0290924499188,1.0915124416351318,1.2200031280517578,0.009312634736997219,0.09981902508869542,0.6040598750114441,0.10309172128771842
2020-05-20,0.6540094017982483,0.7174630402456645,1.0296964512110178,1.0927767753601074,1.2255953550338743,0.009275577614743095,0.1002888319431162,0.6086501479148865,0.10329191153415639
2020-05-21,0.65923011302948,0.7191916282148226,1.036591704160277,1.0982975959777832,1.223690629005432,0.00929445741959676,0.10102479991120868,0.614809513092041,0.10435298029319622
2020-05-22,0.6566894054412842,0.7170000458135634,1.030205630743981,1.0952903032302856,1.2223445177078247,0.009291003805801348,0.10058136322616687,0.6123398542404175,0.10395983406099941
2020-05-25,0.6545788049697876,0.7150058433086381,1.0296328154611458,1.0907801389694214,1.218605637550354,0.00928203456940359,0.10006984817684232,0.6105006337165833,0.1035486109444677
2020-05-26,0.6547399163246155,0.7157274136238583,1.0293784774131731,1.0902997255325315,1.220137119293213,0.009286172266600543,0.0994678452823169,0.6106609106063843,0.10338941856171438
2020-05-27,0.6646699905395508,0.7255577710314983,1.0358969451096531,1.0981770753860474,1.23350191116333,0.009303104678381666,0.10114393846881589,0.6198398470878601,0.10401010486355082
2020-05-28,0.6620806455612183,0.7270189020747571,1.0330258617037733,1.1016855239868164,1.2264822721481323,0.009276610255045208,0.10151830755058484,0.618739128112793,0.10425897623614493
2020-05-29,0.6633498668670654,0.7260054962283423,1.0373444127075127,1.1079105138778689,1.2321492433547974,0.009289967958711128,0.10229132545609015,0.6199781894683838,0.10509169174335833
2020-06-01,0.6659784913063049,0.7257947516764401,1.040994372919876,1.1118524074554443,1.23479962348938,0.009284361405837844,0.10280873500103783,0.6199012994766235,0.10616274353648888
2020-06-02,0.6786000728607178,0.7362414753181701,1.0404744755553974,1.1125946044921875,1.248704433441162,0.009298174139438987,0.10379559461458199,0.6281801462173462,0.1067003578603921
2020-06-03,0.6914199590682983,0.7401924766847003,1.0399226089851452,1.118943691253662,1.2581465244293213,0.009190416393764243,0.10503528819704294,0.6385492086410522,0.10726322451516906
2020-06-04,0.6929046511650085,0.7410810801260135,1.0401930839365554,1.1235954761505127,1.2575136423110962,0.00917439604914131,0.10582458270694296,0.6428387761116028,0.10767994520376324
2020-06-05,0.6939899921417236,0.7406529581634692,1.0464520293965842,1.1337867975234983,1.2609069347381592,0.00916170394888089,0.10698104537340769,0.6463789939880371,0.10876209391426578
2020-06-08,0.700239896774292,0.7466698472900244,1.0405826989615086,1.1319515705108645,1.2725722789764404,0.009121257780473527,0.10797503357435198,0.6537613868713379,0.1092894967429713
2020-06-09,0.7024494409561157,0.7480550684860411,1.044364599751502,1.1305567026138306,1.2735283374786377,0.00922432668439392,0.10822041967695784,0.6567497253417969,0.10885064438336609
2020-06-10,0.6942998170852661,0.7450454251149505,1.0514141611011225,1.1332215070724487,1.2711325883865356,0.00927669626406877,0.10777488286176715,0.6497303247451782,0.10857610353630087
2020-06-11,0.6968300938606262,0.7446903819927956,1.0596251083643304,1.1365444660186768,1.2710679769515991,0.009347453975527687,0.10715816799282106,0.6510586142539978,0.10871668349916479
2020-06-12,0.6830880641937256,0.7332507014676188,1.0591649352422763,1.1288082599639893,1.257703423500061,0.009363032750541596,0.10380443138054245,0.6413010954856873,0.10713497896127776
2020-06-15,0.6825007200241089,0.7332937108362517,1.0510494478036343,1.1252011060714722,1.2508755922317505,0.009318709432114838,0.1032471204412217,0.6417208313941956,0.10700050991205981
2020-06-16,0.695820152759552,0.7388853293975948,1.0538518458030515,1.1337740421295166,1.2637752294540403,0.009305442091918359,0.10518996874424118,0.6499203443527222,0.10794286617825331
2020-06-17,0.6895315051078796,0.7389071326764513,1.05138101884697,1.1265701055526731,1.258510708808899,0.00931011978312376,0.10465484170967167,0.6460198760032654,0.10681250380717977
2020-06-18,0.6875702142715454,0.7366048699856677,1.0540628583301088,1.1242902278900146,1.2552721500396729,0.009355062269775982,0.10490702169792189,0.6446402072906494,0.10722238980719774
2020-06-19,0.6857205629348755,0.735705217234812,1.0507513179159154,1.1211000680923462,1.2426837682724,0.009345270646515736,0.10498423198061502,0.642937958240509,0.10633207498418315
2020-06-22,0.6822911500930786,0.7343761161918022,1.0501995428557835,1.1177555322647097,1.234811782836914,0.009360578745890125,0.10345862216521969,0.6402007341384888,0.10566904314924738
2020-06-23,0.6931601762771606,0.7406419720909109,1.0561223240435171,1.1279679536819458,1.250156283378601,0.009354274446384847,0.10464848094053653,0.649599552154541,0.10706695881524014
2020-06-24,0.6940299272537231,0.7384324377569372,1.0586827813397337,1.1312345266342163,1.2524893283843994,0.009395670545090396,0.10511080140951538,0.6500301957130432,0.10774677592298694
2020-06-25,0.685678243637085,0.7329336391021287,1.0546743246968329,1.1250872611999512,1.2412954568862915,0.009341952953682025,0.10338161041001517,0.6404016613960266,0.10666745877324325
2020-06-26,0.6888190507888794,0.7334066745137009,1.0547410935343449,1.1222084760665894,1.2425447702407837,0.00933227578173616,0.10357821227974186,0.6430785655975342,0.10730764822425624
2020-06-29,0.6861910820007324,0.7310849829051114,1.055297586062225,1.1225864887237549,1.234217405319214,0.00932679194135347,0.10302523439121167,0.6419391632080078,0.10715128030623527
2020-06-30,0.6871907711029053,0.7322467049104285,1.0514694467669814,1.1247202157974243,1.2310571670532229,0.009294544418976097,0.1034591529751502,0.6427395939826965,0.1072598890081261
2020-07-01,0.69020015001297,0.7366916826265775,1.056189276351259,1.1235954761505127,1.238927125930786,0.0092602025641051,0.10393389787601671,0.6451113224029541,0.10731570924657652
2020-07-02,0.6913239359855652,0.7357810401354904,1.0573394940616565,1.1251378059387207,1.2464786767959597,0.009313935743280098,0.1051102535163773,0.6479201316833496,0.10741450563355162
2020-07-03,0.6919199228286743,0.7369359933845725,1.0575967049954649,1.1237848997116089,1.2466403245925903,0.009302585045813485,0.10497695880215807,0.65091872215271,0.10734462467115614
2020-07-06,0.694840133190155,0.7380563935220096,1.0582346398371234,1.1247202157974243,1.247551679611206,0.009295494268149677,0.10553755737465342,0.6538383364677429,0.10729729367437994
2020-07-07,0.6976999044418335,0.7386124742147131,1.061773983334597,1.1312856674194336,1.249547004699707,0.009314542695053264,0.10654938040716695,0.6558882594108582,0.10824642761063513
2020-07-08,0.6942322850227356,0.7350779390777772,1.0612331285429197,1.1275228261947632,1.2542802095413208,0.00929558062770133,0.10541273508678754,0.6549388766288757,0.10799369366660061
2020-07-09,0.6989096999168396,0.7397981964801458,1.0659844589510725,1.1339154243469238,1.2613521814346311,0.009321141529777453,0.10675411894937127,0.6574016809463501,0.1091262250703415
2020-07-10,0.695894181728363,0.7363770033173188,1.0634111841882168,1.128795504570007,1.2605094909667969,0.009325226597698844,0.10565687311373075,0.6569395661354065,0.10831184899458046
2020-07-13,0.6950284838676453,0.7354022752510799,1.0632529442829548,1.1310042142868042,1.2627506256103516,0.009353661638255243,0.10601215720165175,0.6574997901916504,0.1087784202576072
2020-07-14,0.6940106749534607,0.7347322656430443,1.0618416541504043,1.134549617767334,1.255177617073059,0.009321749421088864,0.10583052114700868,0.6538383364677429,0.10888762915385024
2020-07-15,0.6988999247550964,0.7353265303904171,1.0644639223896066,1.1410704851150513,1.25692880153656,0.009324443791222435,0.10681934800810362,0.654360294342041,0.1100254052649715
2020-07-16,0.7009181976318359,0.7403623293739882,1.0593107907255146,1.1417193412780762,1.2591001987457275,0.00935304957782761,0.10781648322056009,0.6573001742362976,0.1102881209002561
2020-07-17,0.6978002190589905,0.7369794361795534,1.0578204916175882,1.139211654663086,1.255950093269348,0.009321575729766473,0.10756122672663262,0.6542105078697205,0.11038295107563204
2020-07-20,0.7004998922348022,0.7366590769702006,1.0657345256888135,1.1442956924438477,1.2571184635162354,0.009337940369750294,0.10781962061760687,0.6562497615814209,0.11077252026456706
2020-07-21,0.7025925517082214,0.739377029217202,1.0651896295026493,1.1458691358566284,1.266175389289856,0.009328706369372988,0.10849987572827267,0.6581414937973022,0.11160589508890892
2020-07-22,0.7135599255561829,0.7436160737080385,1.0723515759440705,1.15340256690979,1.273074507713318,0.009360491174406278,0.10996382520532172,0.6646903157234192,0.11282670836953175
2020-07-23,0.7140816450119019,0.745311995925781,1.075962955849018,1.1568717956542969,1.2729934453964231,0.009330533907398837,0.10918460784585271,0.6657390594482422,0.1127484708555306
2020-07-24,0.7100104689598083,0.746057114234695,1.080742267191195,1.1596084833145142,1.273074507713318,0.009359965779910264,0.10852107619438532,0.663561224937439,0.11290352277605602
2020-07-27,0.7098188996315002,0.7453341801402918,1.0858942489704622,1.1652567386627195,1.2795906066894531,0.009434585639638157,0.10920690704192376,0.6644695401191711,0.11320797902397935
2020-07-28,0.7159000635147095,0.7496870274579337,1.0875712054369433,1.1769275665283203,1.2889753580093384,0.009500194610767593,0.11029675196715802,0.6688382029533386,0.1147665559142959
2020-07-29,0.71602463722229,0.7474064967619187,1.0895619850957219,1.171879529953003,1.292373776435852,0.00951411398398079,0.1097344284422744,0.6660600900650024,0.11397310016753973
2020-07-30,0.7171697616577148,0.7495128028469416,1.0959865277115355,1.1782865524291992,1.298246145248413,0.009520908124021102,0.11072235264725509,0.6656593084335327,0.11457772073407034
2020-07-31,0.7203676700592041,0.7455564925193788,1.1007154459874002,1.1872254610061646,1.311785101890564,0.009552649549850922,0.11049845787579293,0.6696891784667969,0.11519277654671484
2020-08-03,0.7146890163421631,0.7464246200477542,1.095050347386984,1.1782310009002686,1.3101695775985718,0.009445903551351867,0.11028763370288845,0.6637109518051147,0.11406020550016426
2020-08-04,0.7117944359779358,0.7466029269911217,1.0897995053256062,1.1763322353363037,1.3078734874725342,0.009431293138855126,0.10955422237968376,0.6615402102470398,0.1144721377435045
2020-08-05,0.7177102565765381,0.75211723858132,1.0958063494684391,1.181544303894043,1.3086093664169312,0.009468441826136719,0.11007190423294208,0.664548933506012,0.1147129697872204
2020-08-06,0.7199097275733948,0.7538748994479444,1.1012852319597695,1.187281847000122,1.31268048286438,0.00947391345296144,0.1118580694920561,0.664818525314331,0.11556685705619812
2020-08-07,0.7230997681617737,0.7508409202630367,1.0989131595989519,1.1876484155654907,1.3138015270233154,0.009471400989383911,0.11146917093570975,0.6684491634368896,0.11510208875665275
2020-08-10,0.7157120108604431,0.747004495772001,1.0956082718959494,1.178272724151611,1.3052273988723757,0.009447331265143915,0.11049235661165316,0.6601095795631409,0.11431641449468502
2020-08-11,0.7158001661300659,0.7488393073220696,1.0922993076420708,1.1737778186798096,1.3077194690704346,0.009434674602987796,0.11093977322104809,0.6593479514122009,0.1142295770739935
2020-08-12,0.7145199775695801,0.7512865566262693,1.0902747148877672,1.1736538410186768,1.3050740957260132,0.009387819913892939,0.11098039975237871,0.6569395661354065,0.11412672121858695
2020-08-13,0.7164863348007202,0.7550816924233656,1.096719734353674,1.179380178451538,1.3048017024993896,0.009361367631588702,0.11194108642559959,0.6576480865478516,0.11520630597016565
2020-08-14,0.7148800492286682,0.7564525559714481,1.0993238822532279,1.1816558837890625,1.3070528507232666,0.009347017361425826,0.1126265695015607,0.6547288298606873,0.11511175514864093
2020-08-17,0.7192589044570923,0.754580293334871,1.1007154459874002,1.1852554082870483,1.3107001781463623,0.0093849127388992,0.11266462778347955,0.6543817520141602,0.11528440586053104
2020-08-18,0.7218131422996521,0.7563266538938354,1.1035091692295063,1.1876484155654907,1.310787796974182,0.009434407038894543,0.11313343523415736,0.6554712057113647,0.11519543408722557
2020-08-19,0.7257947325706482,0.7603232825602656,1.10773866023517,1.1947859525680542,1.325398564338684,0.009503535403337607,0.11340259925658276,0.6610389947891235,0.11586411124800415
2020-08-20,0.7188039422035217,0.7568761973643525,1.0932665500322172,1.1843500137329102,1.311079978942871,0.009426936316899606,0.11234338822171645,0.6561594009399414,0.11499725276834312
2020-08-21,0.7206116914749146,0.7591630987320144,1.1029006103247312,1.1873664855957031,1.3220343589782717,0.009463871587901072,0.11233304994103611,0.6542105078697205,0.11506090159511023
2020-08-24,0.7161374688148499,0.7587311295365339,1.0967317070683473,1.1798018217086792,1.309414625167847,0.009444922035725428,0.11083194032737712,0.6538811326026917,0.11378117294081583
2020-08-25,0.7168900370597839,0.7565669681441471,1.0966355025829462,1.1794538497924805,1.307138204574585,0.009434585639638157,0.11124386558683597,0.6529998183250427,0.11390066344364368
2020-08-26,0.7199320793151855,0.7597052144440393,1.101357960755347,1.183501958847046,1.3152183294296265,0.00939805471051393,0.11169415340263798,0.6552993655204773,0.11436164759577652
2020-08-27,0.7245011925697327,0.7611508732502534,1.1020741218565475,1.1842728853225708,1.3219819068908691,0.009446795396359344,0.11294074664955965,0.6633411049842834,0.11478894432148996
2020-08-28,0.7269898653030396,0.7621021738869735,1.1001100358159008,1.1819632053375244,1.3199577331542969,0.009377608056020104,0.11226317505854713,0.6645312905311584,0.1146159441794678
2020-08-31,0.7373000383377075,0.7645084538682025,1.10668440118175,1.1918240785598757,1.3356484174728394,0.009475529116402861,0.11400948324883362,0.6745316982269287,0.11606718280811527
2020-09-01,0.738099992275238,0.7671652910119491,1.1063170370893995,1.193901538848877,1.3364516496658323,0.009433606474549444,0.11461843735400462,0.6732601523399353,0.1156443753704267
2020-09-02,0.7378494143486023,0.7661074098258849,1.099662397437663,1.1923214197158811,1.339943766593933,0.009443226985358287,0.11427787990172705,0.6768602132797241,0.11528839856175366
2020-09-03,0.7331109642982483,0.7666007103976348,1.0974779722254058,1.184735894203186,1.335131287574768,0.009415486576114537,0.11303394426887214,0.6767502427101135,0.11475707299947009
2020-09-04,0.725584089756012,0.7610524007566786,1.0988527723913994,1.1839784383773804,1.3262248039245603,0.009426314629716251,0.1118941175277941,0.6689102053642273,0.11440050081640143
2020-09-07,0.7282207608222961,0.764777422868652,1.0946068877334818,1.183445930480957,1.3245735168457031,0.009406364610734803,0.11203339496415138,0.6712896227836609,0.11445720598609825
2020-09-08,0.7280998229980469,0.7636036164952279,1.0912384444006633,1.182172775268555,1.3162224292755127,0.009406895227216437,0.11182555070758528,0.6691021919250488,0.11406149584752699
2020-09-09,0.7209399938583374,0.7553383549908596,1.0895619850957219,1.177024483680725,1.2968486547470093,0.00943681090624401,0.10920488256769613,0.6612619757652283,0.113211816967089
2020-09-10,0.727660059928894,0.7603117052053378,1.0963229187155341,1.1806375980377195,1.2999167442321775,0.009413447803095538,0.11102586392190952,0.6682080030441284,0.11448052372708467
2020-09-11,0.7262997627258301,0.7581788216090611,1.0985751774054604,1.1824384927749634,1.2808295488357544,0.009421252661748982,0.1103255899886968,0.6646991968154907,0.11411708293256491
2020-09-14,0.728151798248291,0.7586562664372655,1.1002068509143494,1.1842728853225708,1.2806557416915894,0.009421075242601384,0.11070764667805583,0.6685296297073364,0.11391856906484903
2020-09-15,0.7286000847816467,0.7589153652666863,1.1009335799186317,1.187000036239624,1.2849671840667725,0.009459395872310858,0.1106966139214682,0.6699718832969666,0.11410706133857415
2020-09-16,0.7296819686889648,0.7579891899491845,1.1006791228060506,1.1844412088394165,1.2884771823883057,0.00948937693963829,0.11072443377559003,0.6710913777351379,0.11379594117073157
2020-09-17,0.7295500040054321,0.7586389766025494,1.098201171342771,1.1803449392318726,1.2959998846054075,0.009518189580388369,0.11066720787821642,0.6721695065498352,0.1135239994101727
2020-09-18,0.7313095927238464,0.7604447282055866,1.1009699198967253,1.1848200559616089,1.297555446624756,0.009551281004936539,0.1106255848040054,0.6762696504592896,0.1139758256153868
2020-09-21,0.729341447353363,0.7577364724305264,1.0975502708121527,1.1845533847808838,1.2932761907577517,0.00956599075425741,0.1099096751552853,0.6758995056152344,0.11410445377744334
2020-09-22,0.7231180667877197,0.7518796749870864,1.0928233235470985,1.176800012588501,1.2820513248443604,0.009552010475495865,0.10775955401363171,0.6666000485420227,0.11310502623447319
2020-09-23,0.717442512512207,0.7520493383198563,1.0870746819179569,1.1708368062973022,1.2744048833847046,0.009520726931674956,0.10707039166338977,0.6632398962974548,0.11232433789682378
2020-09-24,0.7069001197814941,0.7471886703481836,1.0823096294641956,1.1658544540405271,1.2717468738555908,0.009496315352555199,0.10542184936435282,0.6545187830924988,0.11121874499830346
2020-09-25,0.7057162523269653,0.7489851308477187,1.0790513089141276,1.1673243045806885,1.2757054567337036,0.009484516746389324,0.10542339682843857,0.6549903750419617,0.10994472021542363
2020-09-28,0.7041906118392944,0.7474511828484326,1.0774584868816608,1.1635348796844482,1.2766826152801514,0.009472029322590773,0.10453810020434545,0.6551792025566101,0.10958976266469542
2020-09-29,0.7095197439193726,0.748682314670825,1.0825556631121374,1.167883276939392,1.2873492240905762,0.009484696563085548,0.10568210003988114,0.6568015217781067,0.11076945439671629
2020-09-30,0.714360237121582,0.747171965802526,1.0876185841977544,1.1742050647735596,1.2866535186767578,0.00946396110441376,0.10631556918963904,0.6600921154022217,0.11153681485220183
2020-10-01,0.716650664806366,0.7515801705805644,1.0861301023002652,1.1726078987121582,1.2917560338974,0.009483077772133662,0.10723630499374065,0.6622779369354248,0.11208111583441202
2020-10-02,0.7182875871658325,0.7527852966596362,1.0881629604396856,1.1744946241378784,1.2886265516281128,0.009474811280137566,0.10742176835275714,0.6651412844657898,0.11243534899879745
2020-10-05,0.7177205085754395,0.752388827315511,1.0894432638019425,1.1720443964004517,1.2931090593338013,0.00947777442662581,0.1074667971138058,0.6639797687530518,0.11211591721066834
2020-10-06,0.7193209528923035,0.7543184478639894,1.0928364214884947,1.1792453527450562,1.2992581129074097,0.009460111374565615,0.10874411465787236,0.6653802394866943,0.11253150600135264
2020-10-07,0.7110099792480469,0.7506775116253513,1.0897520071522457,1.1737639904022217,1.2883278131484983,0.009466111376161074,0.10698093622602693,0.6590003371238708,0.11181554597967738
2020-10-08,0.713820219039917,0.7542729369167632,1.0907789889947623,1.176747441291809,1.2917560338974,0.009437078606706121,0.1076466824845004,0.6574103236198425,0.11266082685011986
2020-10-09,0.7177998423576355,0.7580293965410051,1.0908694163478367,1.1767003536224363,1.29404616355896,0.009432360743469105,0.10810810810810811,0.6589394807815552,0.1129790297674126
2020-10-12,0.7224597930908203,0.7616146440218038,1.0983579769471525,1.181683897972107,1.3031693696975708,0.009466827894727189,0.10937927354060445,0.6664400696754456,0.11365328451527976
2020-10-13,0.721188485622406,0.7626310938562827,1.1000979170930145,1.1816140413284302,1.3065747022628784,0.009493160458616874,0.1094990455424535,0.6649290323257446,0.11370989237978803
2020-10-14,0.7164401412010193,0.7609307609545269,1.092681188364883,1.1742188930511477,1.2935272455215454,0.009481368999962674,0.10830423051005994,0.6655396819114685,0.11336133232776813
2020-10-15,0.7141479849815369,0.7605372514300972,1.0949064890631168,1.1743981838226318,1.301236271858215,0.009511218487721195,0.10807387862796834,0.665619432926178,0.11331958106890715
2020-10-16,0.7088397741317749,0.7561379474956684,1.0937328811038285,1.1707134246826172,1.2902060747146606,0.009491267978426251,0.10706649966115935,0.6598917841911316,0.11265219702058953
2020-10-19,0.7095997929573059,0.758765649764038,1.0927648137516854,1.171550154685974,1.292774677276611,0.009485236054086224,0.10728577754604411,0.6617783308029175,0.11309530357929051
2020-10-20,0.7056167125701904,0.7581673779920721,1.0982131764246903,1.176885962486267,1.2948671579360962,0.009481368999962674,0.1070895387486925,0.6593087911605835,0.1132613179659072
2020-10-21,0.7049998641014099,0.7621660847409473,1.1029006103247312,1.1829839944839478,1.2954038381576538,0.009480740112842738,0.10785962457284873,0.6580809354782104,0.11440862664717115
2020-10-22,0.7105603218078613,0.7602712561439023,1.1040086903455066,1.1853959560394287,1.3131976127624512,0.009553288013426732,0.10829191566752196,0.6646196842193604,0.11436779697342682
2020-10-23,0.7126100659370422,0.761226160434118,1.101806980901886,1.1815024614334106,1.307805061340332,0.009530980668191028,0.10813523297921654,0.667159914970398,0.11412489528425705
2020-10-26,0.7132006287574768,0.7606182104806645,1.1055098250863091,1.184848070144653,1.3054660558700562,0.009552649549850922,0.10804759726154999,0.6684402823448181,0.11419526704999082
2020-10-27,0.7117098569869995,0.7572258008607989,1.101442919573315,1.180944323539734,1.301574945449829,0.00953907197242612,0.10821059175397017,0.6678001284599304,0.11440770291547744
2020-10-28,0.7123100757598877,0.7580466586011818,1.1002613259155458,1.1784114837646484,1.303186297416687,0.009565259146917714,0.10872874564118507,0.6700795888900757,0.11444318992318073
2020-10-29,0.7055200934410095,0.7512865566262693,1.0981890946389596,1.1748672723770142,1.2989881038665771,0.009586348814607949,0.10685884170150155,0.6649687886238098,0.11306423157154252
2020-10-30,0.7037599682807922,0.7510157629361549,1.0925259993355194,1.1678695678710938,1.2931926250457764,0.009564435524487484,0.1050102534053754,0.6629716753959656,0.11218043597315011
2020-11-02,0.7008199691772461,0.7480606719912337,1.0903223294969238,1.1642121076583862,1.2926744222640991,0.009562057587410114,0.10453253517536519,0.6598482728004456,0.11225864401172715
2020-11-03,0.7053698301315308,0.756401057910892,1.088408132289871,1.1642799377441406,1.2923903465270996,0.009548818472860737,0.10465286759512366,0.6632398962974548,0.11232673237098921
2020-11-04,0.7196833491325378,0.7632364338369831,1.0981287869802887,1.176221489906311,1.3121638298034668,0.009565167703868619,0.10727772101956887,0.6729022264480591,0.11398180966950062
2020-11-05,0.7180498242378235,0.7618235287600232,1.0972130545548602,1.17326819896698,1.2966804504394531,0.009575058562055178,0.10739247039265414,0.6700077652931213,0.11388614014354587
2020-11-06,0.7262701988220215,0.7644032596501878,1.1059867345267183,1.1817537546157837,1.3139395713806152,0.009652230443467085,0.10901855478801614,0.6764892935752869,0.11506896998623992
2020-11-09,0.7286717891693115,0.7679135019306754,1.111951244180342,1.1893010139465332,1.318061351776123,0.009684948775922285,0.1095386235382851,0.6797495484352112,0.11594323406097874
2020-11-10,0.7282000184059143,0.768810902172879,1.0956622924549304,1.182732105255127,1.3169677257537842,0.009511399318327462,0.110725298986797,0.6825193166732788,0.1160343153392665
2020-11-11,0.7281697988510132,0.7674008193980622,1.0929200706385855,1.1818794012069702,1.3261544704437256,0.00950028481574389,0.11112679596924581,0.6828222870826721,0.11617991346691854
2020-11-12,0.7284275889396667,0.7658023379926916,1.0910039148698858,1.1780297756195068,1.3224189281463623,0.00948631590679712,0.11020134012352793,0.6902502179145813,0.11581447126435385
2020-11-13,0.7240185737609863,0.7612667802555069,1.093111194697101,1.1803393363952637,1.3121638298034668,0.00951565358119102,0.10905601672050254,0.6839009523391724,0.11576164037755983
2020-11-16,0.729080855846405,0.7619860123751075,1.0963950651943781,1.1845253705978394,1.3220518827438354,0.009553288013426732,0.10952399007346923,0.6871482729911804,0.11535754782480698
2020-11-17,0.7320997714996338,0.764800781010319,1.096046528689532,1.1859441995620728,1.322209119796753,0.00956562493659869,0.11047697836125155,0.690808117389679,0.1161448336851209
2020-11-18,0.7296000123023987,0.7630675164834926,1.0976948247466443,1.186366319656372,1.3259083032608032,0.009598679244232898,0.11028981452459437,0.6893000602722168,0.11600793465525959
2020-11-19,0.7301988005638123,0.7642806160668422,1.096659587964079,1.1847639083862305,1.325644612312317,0.009625195170306884,0.1108868741875759,0.6922091841697693,0.11627636973005988
2020-11-20,0.7269100546836853,0.7641929580368406,1.0977635604639298,1.1866477727890017,1.3249244689941406,0.009631591903619414,0.11093484370111907,0.6906601786613464,0.11633345307913497
2020-11-23,0.7317001819610596,0.7643974086363904,1.0982614869524132,1.1866477727890017,1.3305126428604126,0.009632333693575794,0.11117312275761457,0.6946905255317688,0.11616291141095747
2020-11-24,0.7298204302787781,0.7648534292181646,1.0959624718851715,1.1842728853225708,1.332906723022461,0.009567089073444444,0.11089720600542313,0.6931111812591553,0.11597793559416217
2020-11-25,0.7366699576377869,0.7694438107786055,1.097935904456658,1.1900511980056765,1.3363267183303833,0.009568187644867466,0.11243648228098377,0.6979097723960876,0.11722120144755735
2020-11-26,0.736485481262207,0.7691124528141351,1.1010548188559428,1.1920002698898315,1.3385447263717651,0.009578543921305574,0.1133249820081936,0.7004076242446899,0.1178342102365054
2020-11-27,0.7357999682426453,0.7680255711638837,1.1032413322001862,1.191599726676941,1.3354523181915283,0.009593062595040827,0.11263670779622623,0.7003389596939087,0.11729915806898748
2020-11-30,0.7400281429290771,0.7702617506446389,1.105913320240346,1.1971460580825806,1.333191156387329,0.00960780915973012,0.1133744471977187,0.7035019993782043,0.1176915056125295
2020-12-01,0.7356798052787781,0.7697043991455689,1.1009941960496492,1.193816065788269,1.3336889743804932,0.009587819302903682,0.11257482972747808,0.7018824815750122,0.11676036141087515
2020-12-02,0.7380890846252441,0.7732157850313582,1.1117163468107465,1.2074378728866575,1.3422638177871704,0.009586900633111978,0.11348933802467968,0.7069985866546631,0.11786837041281065
2020-12-03,0.7418001294136047,0.7741615634124613,1.1178055395189508,1.2114603519439695,1.3370771408081057,0.009573225585853547,0.11372553017634911,0.7071500420570374,0.11826118025690083
2020-12-04,0.7438998222351074,0.7773269027815963,1.1226242236263821,1.2145650386810305,1.345496654510498,0.009631777340397264,0.11422945263492505,0.7073386311531067,0.118409054491206
2020-12-07,0.7431573867797852,0.7824971397735418,1.121403069264146,1.212135910987854,1.3417415618896484,0.009597113368244708,0.11367033612218312,0.7041400671005249,0.11825432502030533
2020-12-08,0.7417599558830261,0.7811279459649118,1.122877656702229,1.2113136053085327,1.3357375860214231,0.009615569428604588,0.11450543896903871,0.7040518522262573,0.11908178866621143
2020-12-09,0.7410997152328491,0.7802624646916828,1.1254569489581625,1.2110936641693115,1.3365589380264282,0.009602919090468637,0.11421171039926543,0.7040716409683228,0.11819213074427354
2020-12-10,0.7434999346733093,0.7797636078315014,1.1244040524134298,1.207875370979309,1.3367018699645996,0.00959030199441873,0.11339643060181834,0.7016411423683167,0.11773348754535105
2020-12-11,0.7524397969245911,0.7849786120996974,1.1288490940559328,1.2144293785095217,1.3305658102035522,0.009598587161084127,0.1141084893392199,0.70940101146698,0.11844047173956507
2020-12-14,0.7551102638244629,0.7842767828919635,1.125441698483447,1.213340401649475,1.3318239450454712,0.00962102744134709,0.11397712644326595,0.7098491191864014,0.11864662806055847
2020-12-15,0.7539203763008118,0.7836806686026823,1.1279298098793467,1.214889645576477,1.3330844640731812,0.00961445995059415,0.11456197287967822,0.7085816264152527,0.11905186856445547
2020-12-16,0.7555609345436096,0.7874263472270343,1.1293820124349572,1.2154301404953003,1.3444474935531616,0.009649342629699114,0.11470692126512182,0.7086820602416992,0.11938302859565639
2020-12-17,0.7569999694824219,0.7844982852735151,1.1294458018069957,1.2199585437774658,1.3502929210662842,0.009664170231904842,0.11538683314325505,0.7110403180122375,0.11984616000045718
2020-12-18,0.7615299224853516,0.7854842396257442,1.1303010771508641,1.226271629333496,1.3570178747177124,0.009696405852346714,0.11674455381873429,0.7147911787033081,0.12081862193333347
2020-12-21,0.7587425708770752,0.7806035746223587,1.1293310013288334,1.221612811088562,1.3401951789855957,0.009665851444759841,0.11587083299952207,0.7104896903038025,0.1207213374379067
2020-12-22,0.7575200796127319,0.7780163430948078,1.1293310013288334,1.223690629005432,1.3449536561965942,0.009676795388402198,0.11580668168823191,0.7096678018569946,0.12119581373651801
2020-12-23,0.7551700472831726,0.7755966243096599,1.126303696359361,1.2186651229858398,1.339943766593933,0.009658663173575917,0.1145895407275914,0.7054275274276733,0.1200968997774961
2020-12-24,0.7579599022865295,0.7784827665056917,1.1262529629463047,1.2191405296325684,1.350530028343201,0.009656983748635503,0.1158225177559564,0.709679901599884,0.12065767416941527
2020-12-25,0.7606801390647888,0.778319165852265,1.1224604133239828,1.2184720039367676,1.3552008867263794,0.009647574128849937,0.11670627454716573,0.713749885559082,0.12183665938217199
2020-12-28,0.7611914277076721,0.7788404715524253,1.1243155899893575,1.2205095291137695,1.3572388887405396,0.009658756413004687,0.11607094725071268,0.7115614414215088,0.12111743381328245
2020-12-29,0.758892297744751,0.7788161756602676,1.125745804542259,1.2223445177078247,1.3466018438339231,0.009644224277954267,0.11589982868848372,0.7107997536659241,0.1210578942671437
2020-12-30,0.7609898447990417,0.7799034525705151,1.1310937421731404,1.225295066833496,1.3499903678894043,0.00965633134996134,0.11607121706655663,0.7148601412773132,0.12188224622288317
2020-12-31,0.7689290642738342,0.7842706970097967,1.1343270100222724,1.2299896478652954,1.36306631565094,0.00969734562981697,0.11722641717416381,0.7215397357940674,0.12211845784825287
2021-01-01,0.7689290642738342,0.7842706970097967,1.1343270100222724,1.2299896478652954,1.36306631565094,0.00969734562981697,0.11722641717416381,0.7215397357940674,0.12211845784825287
2021-01-04,0.7712300419807434,0.7860337510873007,1.1323746238768615,1.2250697612762451,1.3684196472167969,0.00968626212353147,0.11697958622683893,0.7198387980461121,0.12201206999971492
2021-01-05,0.7670999765396118,0.7824113835030239,1.134764636597944,1.2251598834991455,1.3571596145629885,0.009696969696969697,0.11690574211425629,0.7178286910057068,0.12122490126985008
2021-01-06,0.7766000628471375,0.7889733076794514,1.1387186786825267,1.230027437210083,1.3629549741744995,0.009739184502308665,0.11818850720644035,0.7256894111633301,0.12233313266787066
2021-01-07,0.781700074672699,0.7895526079890005,1.1388613705124437,1.2341108322143557,1.3625277280807495,0.009706475965378615,0.11908447991394286,0.7305775880813599,0.12257454996716385
2021-01-08,0.7768999934196472,0.7884072311289637,1.1297519998346168,1.227144479751587,1.3569625616073608,0.00963483949493247,0.11867042174459472,0.7265488505363464,0.12212443140842998
2021-01-11,0.7716525793075562,0.7854965962876646,1.1265828496773598,1.218620538711548,1.3516253232955933,0.009606978193730954,0.11819492848062499,0.7199320793151855,0.1210697751267388
2021-01-12,0.7707497477531433,0.782999501466711,1.124075440256096,1.2160701751708984,1.3524113893508911,0.009603564995257639,0.11731512934384145,0.7174013257026672,0.1205669004663307
2021-01-13,0.7776049971580505,0.7869244917748992,1.1287955488740582,1.220889449119568,1.3670539855957031,0.009638368519055323,0.11841214331562494,0.7229298949241638,0.12133581688263494
2021-01-14,0.774713397026062,0.7875194166545094,1.1275228225168052,1.2162491083145142,1.364926815032959,0.009630478725284114,0.1181852835102847,0.7190313339233398,0.11998277224904078
2021-01-15,0.777580201625824,0.7906575705536275,1.125809183805896,1.2151259183883667,1.3683634996414185,0.009631313054120879,0.11811535130321296,0.7217714786529541,0.12034418812410036
2021-01-18,0.7688876986503601,0.7834105324657544,1.1208500205467595,1.2068113088607788,1.357533574104309,0.009623898329364616,0.11667249894156728,0.7122507095336914,0.1189636425354562
2021-01-19,0.7686986327171326,0.7844368094887156,1.1224604133239828,1.207729458808899,1.3581236600875854,0.009642922304554845,0.11639356399677962,0.7115817070007324,0.11912107401818575
2021-01-20,0.7711800932884216,0.7859967051997016,1.1261261116131862,1.213886857032776,1.3644241094589231,0.009624916691070663,0.11744078070450625,0.7128803133964539,0.12011276149980583
2021-01-21,0.7755701541900635,0.7920165084007336,1.1245051909083883,1.2115631103515625,1.3668484687805176,0.009656704138409616,0.1179593045708983,0.7186385989189148,0.11994319096912107
2021-01-22,0.7761022448539734,0.7907200998112797,1.129484048473274,1.2166293859481812,1.3729474544525146,0.009661275982480092,0.11895443847704884,0.7216001749038696,0.12093594988159286
2021-01-25,0.7715799808502197,0.7859843327984505,1.1295312710917573,1.216944694519043,1.3688204288482666,0.009636046483161364,0.11812372070073776,0.7183701395988464,0.12053129701356934
2021-01-26,0.7718997597694397,0.7850834474420142,1.1261007901263638,1.214624047279358,1.3678992986679075,0.009637625090707513,0.11723893419028764,0.719990074634552,0.12072628550934798
2021-01-27,0.7753139734268188,0.7877799653751286,1.1277771836209631,1.216299295425415,1.374154806137085,0.009652230443467085,0.11701367046897264,0.7236900925636292,0.12050457706074036
2021-01-28,0.765099823474884,0.7802746576081497,1.1249859604873969,1.2105072736740112,1.3669419288635254,0.009602181823882687,0.11545983819396684,0.7142704129219055,0.11951557584836515
2021-01-29,0.7669699192047119,0.7793685583999538,1.1253543559547194,1.2120037078857422,1.3725008964538574,0.00958855506696231,0.11630746514467445,0.717442512512207,0.11985089959954298
2021-02-01,0.761997640132904,0.7811157263663506,1.1218811893833704,1.2123857736587524,1.3697690963745115,0.009552375948727692,0.11624798437722592,0.7163375020027161,0.11935994015247141
2021-02-02,0.7634601593017578,0.7784524247666529,1.115473823603154,1.2068694829940796,1.3678767681121826,0.009534615720913464,0.11647884587549809,0.7165479063987732,0.11881140552146892
2021-02-03,0.760820746421814,0.7821604993007406,1.114206154772446,1.203905463218689,1.3659336566925049,0.009521270529404203,0.11627095456025764,0.7196678519248962,0.11909539491430807
2021-02-04,0.7636000514030457,0.7822278188093319,1.1131642971397149,1.2042388916015625,1.364908218383789,0.009524262810998912,0.11658965561678462,0.7219695448875427,0.11913271308525455
2021-02-05,0.7603002190589905,0.7798548020810983,1.1061579508867445,1.1966731548309326,1.3676148653030396,0.009472208666096767,0.11585860639435698,0.7160297632217407,0.11826230064349878
2021-02-08,0.7679199576377869,0.7837973143152613,1.112371772575446,1.2048773765563965,1.373871684074402,0.009487665896802378,0.11728856981849721,0.7211625576019287,0.11942736876441552
2021-02-09,0.7710998058319092,0.7850711037750779,1.1128434019921742,1.2053595781326294,1.374570369720459,0.00950480000667146,0.11775304176117483,0.7226702570915222,0.11920869354354076
2021-02-10,0.7740501165390015,0.7875814505151064,1.1205737007002676,1.2119992971420288,1.3817994594573977,0.0095625152204875,0.11839811787171632,0.7243799567222595,0.12016630682417224
2021-02-11,0.7725348472595215,0.787649632489676,1.123285057314117,1.2121212482452393,1.3832597732543943,0.009558858867465714,0.1182047082759168,0.7218199968338013,0.12025662980593121
2021-02-12,0.7753999829292297,0.7873644116994173,1.1234439928494786,1.2131506204605105,1.381024718284607,0.00954735992247432,0.11804605995652256,0.7231180667877197,0.12021152025540546
2021-02-15,0.7764095664024353,0.788152487620946,1.1213792339174184,1.2122093439102173,1.3871549367904663,0.009518461226642018,0.11833899084753467,0.7219487428665161,0.1204546457086562
2021-02-16,0.7786197066307068,0.7914146974718642,1.1238051309346406,1.2132196426391602,1.3914785385131836,0.009488836290570997,0.11923626548381341,0.723358690738678,0.12078359314418201
2021-02-17,0.773790180683136,0.7868439619918504,1.119547547660568,1.2092483043670654,1.388811707496643,0.009424804481614181,0.11821867460371147,0.718989908695221,0.12048890243772117
2021-02-18,0.7758697867393494,0.7874077951100902,1.113052782450176,1.2048004865646362,1.3866355419158936,0.009446349452805477,0.11774680062964427,0.719398558139801,0.12021109303457873
2021-02-19,0.7767997980117798,0.7885875547943081,1.1163081356703133,1.209189772605896,1.3967455625534058,0.00946503611816246,0.11815862149476894,0.721870481967926,0.12037577018837184
2021-02-22,0.7888488173484802,0.7937326537324494,1.1152126015739736,1.2126356363296509,1.403114914894104,0.009477415324776386,0.11836715065934247,0.7312721014022827,0.12097632877702315
2021-02-23,0.7915400266647339,0.7930842919049623,1.116457673210252,1.2166796922683716,1.4071228504180908,0.00952526088693382,0.11784420854833988,0.7329819798469543,0.12095277347043319
2021-02-24,0.7908827066421509,0.7941171431008406,1.1048503074535507,1.215214490890503,1.412030577659607,0.009498209846291062,0.1181115861264483,0.7338700890541077,0.12080752798130448
2021-02-25,0.7977026104927063,0.7993604817312961,1.1030222829065501,1.2171372175216677,1.4148274660110474,0.009438948856901467,0.11950700806229186,0.7445295453071594,0.12097369090802951
2021-02-26,0.7870000004768372,0.7930276856075434,1.1042769001371229,1.2160420417785645,1.40081524848938,0.009400351767313754,0.11763459967870188,0.7365506291389465,0.12041678528515924
2021-03-01,0.7752419114112854,0.787649632489676,1.1020497980575743,1.208956003189087,1.397252917289734,0.009389407016452737,0.11587216463904154,0.7271193265914917,0.11879871201393351
2021-03-02,0.7772001028060913,0.7910453517713634,1.0930156243128837,1.2051095962524414,1.392951726913452,0.009358826959236637,0.11693088976452148,0.7274197936058044,0.11893364686741725
2021-03-03,0.7825197577476501,0.7914146974718642,1.092896149233872,1.208546757698059,1.3954981565475464,0.009366979239954878,0.11798018166618472,0.7292988300323486,0.11946460947986931
2021-03-04,0.7758102416992188,0.7892223449268856,1.0873110483560409,1.2050660848617554,1.3926994800567627,0.009340731309593734,0.11741085120112617,0.7231912612915039,0.11861903289677679
2021-03-05,0.7715603113174438,0.7887741910126317,1.0761019480100067,1.1967735290527344,1.3894098997116089,0.009263118735016656,0.11655500169234266,0.7178286910057068,0.11782560377733754
2021-03-08,0.7709101438522339,0.7916465261901064,1.0750376485806956,1.1925631761550903,1.385367751121521,0.009223475699112535,0.11737888714521766,0.7178596258163452,0.11738426146190746
2021-03-09,0.7656674981117249,0.7900204704820469,1.0686043844635826,1.185171127319336,1.3823610544204712,0.009179448797462934,0.1171915278175311,0.7132616639137268,0.11657185953603205
2021-03-10,0.7717835903167725,0.7909452572229105,1.0774236824013967,1.1897906064987185,1.389043211936951,0.009210053399506233,0.11809721945974973,0.7179575562477112,0.11767724095207847
2021-03-11,0.773200273513794,0.7923867617524836,1.0756157704001172,1.1926058530807495,1.3931456804275513,0.009222369847623896,0.11858176759635498,0.7192174792289734,0.11793356676901082
2021-03-12,0.7787615656852722,0.7979954528590862,1.0814785659277337,1.1986095905303955,1.3989927768707275,0.009211920198873798,0.1189074821688559,0.7227522134780884,0.11839504314698202
2021-03-15,0.7762998938560486,0.8019696353931695,1.0761192727869828,1.1950000524520874,1.392951726913452,0.009164475101458288,0.11877401927069316,0.7187315821647644,0.1178689268882307
2021-03-16,0.7750135660171509,0.801571072452645,1.078050853632818,1.1925773620605469,1.3899120092391968,0.009163047037515418,0.11834697789571864,0.720352053642273,0.1174853481683922
2021-03-17,0.77455735206604,0.803684109122581,1.0813149037589274,1.190164566040039,1.3902212381362915,0.009171871760337827,0.11795235160369262,0.7193002700805664,0.11764511850778685
2021-03-18,0.7813000679016113,0.8071025262460089,1.0843164247554713,1.1982792615890503,1.3975849151611328,0.009183495519829972,0.1190702947562563,0.7251210808753967,0.11840414746949662
2021-03-19,0.7753699421882629,0.8005828523153855,1.0783763924162262,1.1918240785598757,1.3925055265426636,0.009180123217828176,0.11752842137873655,0.7168099284172058,0.11755232212629507
2021-03-22,0.7722502946853638,0.7985370734043029,1.0752225689112214,1.1883116960525513,1.3832597732543943,0.009185182278271668,0.11686816465525332,0.7152001261711121,0.11685614340714444
2021-03-23,0.7745501399040222,0.7986710346019997,1.0831888949420374,1.193303108215332,1.3862512111663818,0.009193204300785664,0.1176957988956366,0.7133176326751709,0.11755232212629507
2021-03-24,0.7604701519012451,0.79427489369011,1.0700680492522185,1.1840205192565918,1.373041749000549,0.009214891549334492,0.11546704714623257,0.6990220546722412,0.11623109123163439
2021-03-25,0.7591003179550171,0.7951211083192473,1.068387510247842,1.1813069581985474,1.3688879013061523,0.00919202124813359,0.11664582730771798,0.6969515085220337,0.1161073451701461
2021-03-26,0.7594000697135925,0.7935374333705795,1.064384639814769,1.1776621341705322,1.374910593032837,0.009159270484007683,0.11591380661650179,0.6967815160751343,0.1156667120769467
2021-03-29,0.7637377381324768,0.7946472620569603,1.0643393311426805,1.1788004636764526,1.3791011571884155,0.009108214668456177,0.11654332974781563,0.6994082927703857,0.11568303314925417
2021-03-30,0.7641170620918274,0.7942559422617402,1.0650761598686858,1.177100658416748,1.3775053024291992,0.009104483168875828,0.11702887183750584,0.7009722590446472,0.11519556063983227
2021-03-31,0.7608798146247864,0.7923428279752688,1.0619205583261708,1.1723604202270508,1.3746649026870728,0.009065772152063332,0.11703695733555909,0.6992420554161072,0.11470744828939669
2021-04-01,0.7594098448753357,0.795905841333799,1.0594342743066532,1.1728830337524414,1.3786258697509766,0.009029345372460496,0.11703092249621086,0.6983581781387329,0.11455396291386243
2021-04-02,0.7619001269340515,0.7970667636607988,1.0614471747818532,1.177994966506958,1.383508563041687,0.009040528774921858,0.11731292434049406,0.7024997472763062,0.1147474535243573
2021-04-05,0.7620998620986938,0.7959248715800744,1.0615711569698492,1.176816701889038,1.383125901222229,0.00903530076125056,0.11729930240778941,0.7031112313270569,0.1146857439163814
2021-04-06,0.7658727169036865,0.7987092848937488,1.0683304312332826,1.1818934679031372,1.3914011716842651,0.009074986549049285,0.11772461823387924,0.7066688537597656,0.11504143605191049
2021-04-07,0.7666947841644287,0.7954563277482527,1.0736525648203712,1.1874228715896606,1.383125901222229,0.009108048843468474,0.11795971593624315,0.7063693404197693,0.11611381230103732
2021-04-08,0.7613884806632996,0.7928516204644481,1.0760787571498474,1.1873664855957031,1.3743815422058103,0.009103157192325517,0.11803895059327581,0.7013409733772278,0.11591246120640816
2021-04-09,0.7659003138542175,0.7960389210905322,1.082063707623533,1.1915684938430786,1.373437762260437,0.009146620170603113,0.11825544527701572,0.7061498761177063,0.11714663326991376
2021-04-12,0.7626002430915833,0.7980336384661627,1.080742267191195,1.1900511980056765,1.3712154626846311,0.009116268873177643,0.11760140577608162,0.703982412815094,0.11708834398274298
2021-04-13,0.7627707123756409,0.7962417229087901,1.0844810669444638,1.1914690732955933,1.3753834962844849,0.009142940689538945,0.11794956533926687,0.7032397985458374,0.11665153699649347
2021-04-14,0.7647499442100525,0.7976326063181084,1.0868384182231507,1.1954143047332764,1.3759700059890747,0.009180712854279788,0.11814200710355498,0.706119954586029,0.11757886940720885
2021-04-15,0.772509753704071,0.7989134497921481,1.0837758893750182,1.1986095905303955,1.3779228925704956,0.009183242656005198,0.1192378383092902,0.7140001058578491,0.11821938100376482
2021-04-16,0.7751697301864624,0.7972129599869537,1.0847245822955727,1.1971746683120728,1.3785498142242432,0.009200562821294412,0.11936492671740988,0.7175711989402771,0.11846431663753383
2021-04-19,0.7714025974273682,0.7988751799434011,1.0863071122965635,1.1969454288482666,1.3818453550338743,0.009198024114637899,0.11928448601839158,0.7127177715301514,0.11841452355866035
2021-04-20,0.7767002582550049,0.7986136280183013,1.0932546528539235,1.204529047012329,1.3993842601776123,0.009250864992436455,0.12070603712066114,0.7190881967544556,0.11915983010414849
2021-04-21,0.7723796963691711,0.7929270887950641,1.09182226088704,1.2032392024993896,1.3938837051391602,0.009247870401120876,0.11962223787915847,0.7165479063987732,0.11860764155647192
2021-04-22,0.7754402756690979,0.7997632536755171,1.0908337400798442,1.2037750482559204,1.3931845426559448,0.009255916719346977,0.11997456288831584,0.7204403877258301,0.11899265408375091
2021-04-23,0.7705348134040833,0.7998144198910145,1.0904649856506612,1.2014753818511963,1.3840255737304688,0.009261146061172515,0.1196833648528047,0.7154299020767212,0.11869042280157917
2021-04-26,0.7743114233016968,0.8007943976711822,1.0942235886706237,1.2089852094650269,1.3866355419158936,0.009270074298791146,0.1204398417591465,0.7191709280014038,0.11916607296299028
2021-04-27,0.7799704074859619,0.8067118795197546,1.093326324804516,1.2081671953201294,1.3895643949508667,0.00924197304899299,0.1205999172366138,0.7230082750320435,0.11926073032775614
2021-04-28,0.7770001888275146,0.8060485775301898,1.0940439895619494,1.2090305089950562,1.390356421470642,0.009195402298850575,0.1209197166267032,0.7204195857048035,0.11945433432873295
2021-04-29,0.7801297307014465,0.8128164539024135,1.100473216412812,1.213592290878296,1.395673394203186,0.009216165386967921,0.12241190833862949,0.727300226688385,0.120024962467017
2021-04-30,0.777762234210968,0.8145843139018043,1.1001100358159008,1.2127091884613037,1.3952839374542236,0.009182399233865981,0.12225970393026257,0.7247374653816223,0.11952443097214935
2021-05-03,0.7722997665405273,0.81439190653307,1.0954102659193832,1.2027760744094849,1.3819791078567505,0.009150554306248539,0.1202763000025235,0.7169898152351379,0.11815121899332767
2021-05-04,0.7758914828300476,0.8143255775123419,1.0970445958547457,1.2061271667480469,1.3903758525848389,0.0091669953199171,0.12067690636990931,0.7198076248168945,0.11877867444677617
2021-05-05,0.7713799476623535,0.8129948800929159,1.0948106045107808,1.2015043497085571,1.388811707496643,0.009146703786071863,0.12012806315815039,0.7162697911262512,0.11811143978166794
2021-05-06,0.7751199007034302,0.8151886192057463,1.0951582838123892,1.2007973194122314,1.3909753561019895,0.009155915946802755,0.11987690557311184,0.7219278216362,0.1179129846128242
2021-05-07,0.7787312865257263,0.8227744084310021,1.1018191373084607,1.2068549394607544,1.389854073524475,0.009170105199587894,0.1204753911949385,0.7232906818389893,0.11877161110026871
2021-05-10,0.7858793139457703,0.8254911454089565,1.1105558440155467,1.2171076536178589,1.4041197299957275,0.009210477958679476,0.12187823706522204,0.7296074628829956,0.12043346473048347
2021-05-11,0.7838999032974243,0.8268767919663524,1.1106421543413256,1.2140932083129885,1.413127899169922,0.009187460803884598,0.12119287213339242,0.7271299362182617,0.12022640597371285
2021-05-12,0.7838096022605896,0.8266922211811026,1.10639050498753,1.2144500017166138,1.4138271808624268,0.009198363001291555,0.12117642980134746,0.7262691855430603,0.12020198430666766
2021-05-13,0.7732301950454712,0.8250416818457563,1.1005943539718304,1.2078505754470823,1.4063708782196045,0.009118762644463428,0.11989631464184072,0.7164093852043152,0.11870183004918552
2021-05-14,0.7726202011108398,0.8218074731251794,1.1038258650104864,1.207729458808899,1.4050863981246948,0.00913108596542083,0.1197094348286167,0.7182979583740234,0.11898075885272963
2021-05-17,0.7778711318969727,0.8256956606774605,1.1096316066527303,1.2150373458862305,1.4101786613464355,0.009139765076686528,0.12167966809909868,0.7243909239768982,0.12018436331947961
2021-05-18,0.7773698568344116,0.8290842386577478,1.1070151206539889,1.215687274932861,1.4148674011230469,0.009153988663809724,0.12115191464498591,0.7219122052192688,0.12007079827609839
2021-05-19,0.7789981961250305,0.8283151062250952,1.1142930334435701,1.2223997116088867,1.41880202293396,0.009185435892634564,0.12149974861745393,0.7237984538078308,0.12072657740263593
2021-05-20,0.772030234336853,0.8242460115446998,1.106096837772025,1.217285394668579,1.4106162786483765,0.00915139124927536,0.12012791177373276,0.7163118720054626,0.11971216818814352
2021-05-21,0.7770001888275146,0.8290155768128855,1.1144544683754616,1.222538709640503,1.4185603857040403,0.009186110549267344,0.12042085099272531,0.7196574807167053,0.12061285986123567
2021-05-24,0.7730000615119934,0.8287064117252075,1.1143302607341161,1.2183235883712769,1.4142870903015137,0.009181134712656303,0.1193559593520255,0.7173189520835876,0.12021325673260089
2021-05-25,0.7750802040100098,0.8298892819178273,1.1148271834121273,1.2214635610580444,1.415608525276184,0.009186870300360587,0.12004268790957233,0.7214798927307129,0.12035084578073746
2021-05-26,0.7753139734268188,0.8289124415502465,1.116569871237066,1.2249093055725098,1.4143872261047363,0.009191007353254663,0.12040214271574477,0.7224389910697937,0.12116218992209321
2021-05-27,0.7739902138710022,0.8243955435943222,1.113920675421491,1.21925950050354,1.4116119146347046,0.009160025801708419,0.11951471765226963,0.7278285026550293,0.12023826205294044
2021-05-28,0.774250328540802,0.8284866557934851,1.1147650345827196,1.2193188667297363,1.4203739166259766,0.009106721828181077,0.11981141895456374,0.7284275889396667,0.12082096069265202
2021-05-31,0.7710099816322327,0.827965355497403,1.1109753174221626,1.2190067768096924,1.4180374145507812,0.009098601736947728,0.11961149898220673,0.7242912650108337,0.12034548644745215
2021-06-01,0.7743498086929321,0.8291393074480333,1.1130899269146484,1.223286509513855,1.422677516937256,0.009133004251969798,0.12037894865420694,0.7277278900146484,0.12079439047778351
2021-06-02,0.7755900025367737,0.8285690608384199,1.11485207451717,1.2217769622802734,1.4157087802886963,0.009133004251969798,0.12028223267103559,0.7253314852714539,0.12097163931167569
2021-06-03,0.7744301557540894,0.8307028000815195,1.1133378170644346,1.220986247062683,1.4171934127807615,0.009124503753471324,0.12051967397107392,0.7233482599258423,0.12093389956513084
2021-06-04,0.7665772438049316,0.8259684240624934,1.1068068370847095,1.213300704956055,1.4109944105148315,0.00906897874700274,0.11939157861345699,0.7148601412773132,0.1200709357674496
2021-06-07,0.7744001746177673,0.8281025062895394,1.112223327485126,1.2168411016464231,1.4164307117462158,0.009122672847374034,0.12042679793021036,0.7209701538085938,0.12086491279049998
2021-06-08,0.7756296992301941,0.8273556747228712,1.114206154772446,1.2193634510040283,1.41765558719635,0.009151307548083253,0.1210243469256273,0.7225485444068909,0.1210989420403687
2021-06-09,0.7736998200416565,0.8256683536128099,1.1150758480419163,1.217285394668579,1.414987564086914,0.009135006109774099,0.12098379638443314,0.7190313339233398,0.12089938936685941
2021-06-10,0.7729498147964478,0.825450287002275,1.116569871237066,1.218200445175171,1.4112334251403809,0.009123255126645443,0.12088054605226525,0.7171800136566162,0.12097969257578883
2021-06-11,0.7747998237609863,0.826924638990949,1.117755568785487,1.2172558307647705,1.4170126914978027,0.009140016189164418,0.12089018997349371,0.7189486026763916,0.12120609646173205
2021-06-14,0.7708911895751953,0.8225036695241728,1.1139430113641042,1.2110203504562378,1.411930799484253,0.00911502249895652,0.1197877403135184,0.7138981223106384,0.12022698493722966
2021-06-15,0.7712002992630005,0.8236553803881915,1.112223327485126,1.212224006652832,1.4109944105148315,0.009087521893403823,0.12033260113833161,0.7143775820732117,0.12023132734135115
2021-06-16,0.7686217427253723,0.8206407695072462,1.1129660232306193,1.2127091884613037,1.4081531763076782,0.009083972269600032,0.1202564780973031,0.7122507095336914,0.12015504320111545
2021-06-17,0.7616726756095886,0.8144648888449602,1.1006791228060506,1.1995586156845093,1.3990709781646729,0.009027715358900795,0.11803031420127634,0.7071185111999512,0.11845169718191247
2021-06-18,0.7556899189949036,0.8100314564522807,1.0897401155601998,1.1913414001464844,1.3938642740249634,0.009064128961355325,0.11710973788753143,0.7015377879142761,0.11697574956665774
2021-06-21,0.7503997683525085,0.8032193086514182,1.0840225901790899,1.1873664855957031,1.381711721420288,0.009074328115691591,0.11542545866598536,0.6949077248573303,0.11618409717316934
2021-06-22,0.7534897923469543,0.8084074448273961,1.088553889990708,1.1912561655044556,1.392540454864502,0.009060104689719824,0.11657865069853178,0.6986313462257385,0.11715459106570214
2021-06-23,0.7554810047149658,0.8123477200520297,1.0886249468980167,1.1936734914779663,1.3949919939041138,0.00903717900905021,0.11713167606351707,0.7017987370491028,0.11793564925589517
2021-06-24,0.7574437856674194,0.8127900708048906,1.0891940898494028,1.193317413330078,1.3967455625534058,0.009008035083173747,0.11716489330498935,0.7045577764511108,0.11792230669678182
2021-06-25,0.7582076191902161,0.8115368414698162,1.0891704019790096,1.1930327415466309,1.3916915655136108,0.009015425586318718,0.1176245049556318,0.7063194513320923,0.1180105349828326
2021-06-28,0.7594998478889465,0.8135438838163538,1.0908813325993696,1.1942152976989746,1.389506459236145,0.009023479206901497,0.11782990684976455,0.70689857006073,0.11779964636828724
2021-06-29,0.756840169429779,0.8107669939686903,1.0874174644113075,1.1928904056549072,1.387905836105347,0.009041346335051303,0.11739017509292016,0.7048904895782471,0.11750674256032276
2021-06-30,0.7513599991798401,0.8066988463734744,1.0858942489704622,1.1901928186416626,1.3842746019363403,0.009046907919385115,0.1168714471593213,0.6989800930023193,0.11739996674748408
2021-07-01,0.7497701644897461,0.8069266767669481,1.081139516819278,1.1856770515441897,1.3829153776168823,0.008998956076605646,0.11618719974683331,0.6996676325798035,0.11720595007623144
2021-07-02,0.7465806603431702,0.8038132559398146,1.0800302613154196,1.1846235990524292,1.3759511709213257,0.008962822326229582,0.11592186691763379,0.6963691115379333,0.11653924965276932
2021-07-05,0.7518599033355713,0.811029981763783,1.085069463083472,1.1856207847595217,1.383125901222229,0.008998065242975289,0.11616695232692074,0.7025876045227051,0.1170097010024611
2021-07-06,0.7543002963066101,0.810379368780707,1.0844810669444638,1.186380386352539,1.3856172561645508,0.009015831770874389,0.11683826588701395,0.7052086591720581,0.11703161477301809
2021-07-07,0.7494998574256897,0.8026905984070598,1.0814669239240327,1.1824523210525513,1.3805670738220217,0.009041428036828754,0.1149332837901011,0.7017691731452942,0.11644127076912963
2021-07-08,0.7484413981437683,0.8011729054710279,1.0806137668047866,1.17933988571167,1.3801099061965942,0.009038730787645752,0.11452786320477179,0.7013409733772278,0.1159542603826556
2021-07-09,0.7433286309242249,0.7982120128861742,1.0932067817956208,1.184800386428833,1.3790820837020874,0.009107384971077702,0.11385865003506179,0.6949077248573303,0.11638326777421618
2021-07-12,0.749007523059845,0.8034064723741295,1.0940439895619494,1.187295913696289,1.3899506330490112,0.009073175459120454,0.11523963050379092,0.7006186246871948,0.11654467688954855
2021-07-13,0.7480998039245605,0.8028775157852867,1.0928723000662866,1.186521053314209,1.3886960744857788,0.009064128961355325,0.11515271316807893,0.6986606121063232,0.11651127955224688
2021-07-14,0.7441999316215515,0.7986582599727935,1.0883761470877604,1.1775373220443726,1.3806052207946775,0.009041999990618043,0.11399519243679053,0.6944106817245483,0.11554522096738665
2021-07-15,0.7480382323265076,0.7990092546149727,1.0932665500322172,1.1833338737487793,1.385809302330017,0.009092231501455035,0.11446467762544217,0.7038784027099609,0.1160123755266923
2021-07-16,0.7423000931739807,0.7943442395609492,1.0895619850957219,1.1811814308166504,1.3829728364944458,0.009109293311155007,0.11333242904536914,0.7011492252349854,0.11542040196410702
2021-07-19,0.7390999794006348,0.7925877067294114,1.0886960837295598,1.1814005374908447,1.376386642456055,0.00910133421009964,0.11304799507174497,0.6994816660881042,0.11522768868471385
2021-07-20,0.7339202165603638,0.784559844072083,1.0887316203060207,1.1793843507766724,1.3669979572296145,0.009129585619119529,0.1117047552096078,0.693600058555603,0.11507480417575483
2021-07-21,0.7338911294937134,0.7889483754982886,1.085505227044435,1.1784114837646484,1.3633265495300293,0.009097525624618512,0.11111777545726657,0.6923816800117493,0.11501126611919349
2021-07-22,0.7352616786956787,0.7956145354348124,1.0898351139742255,1.179273009300232,1.3714035749435425,0.009069883677939138,0.11259612929329547,0.696097731590271,0.11512938627913093
2021-07-23,0.7380498647689819,0.7959248715800744,1.0879971984935417,1.177273869514465,1.377389669418335,0.009079353600341362,0.11299843677966698,0.69810950756073,0.11524415207168909
2021-07-26,0.7368219494819641,0.795703210554957,1.0875121287770984,1.177343249320984,1.3757808208465576,0.009046171765042197,0.11295988496486324,0.6983678936958313,0.11504196615455034
2021-07-27,0.738825261592865,0.7974481986182749,1.0923470281342311,1.1807769536972046,1.3829153776168823,0.009066018587994166,0.11343012723806788,0.7004797458648682,0.11601251671604264
2021-07-28,0.7366374135017395,0.7942054847331973,1.0936133204650569,1.1823126077651978,1.3882719278335571,0.009106970495449989,0.11269205294347825,0.6963497400283813,0.1160090127546454
2021-07-29,0.7377101182937622,0.7987411502600481,1.0995052191910835,1.1845955848693848,1.3906852006912231,0.009099926386627594,0.11372036232141043,0.6960588693618774,0.11638869341100157
2021-07-30,0.739609956741333,0.803257995849943,1.1040939859668613,1.189299702644348,1.3964334726333618,0.009140016189164418,0.11456879474933815,0.7011098861694336,0.11693731855676909
2021-08-02,0.7342305779457092,0.8021368877240834,1.103862396181555,1.186704158782959,1.3896223306655884,0.009115271619752861,0.11329788452470634,0.6974901556968689,0.1163157222167005
2021-08-03,0.7360599637031555,0.7999295868865303,1.1046428376254533,1.1874650716781616,1.389274835586548,0.00915172670834862,0.11327671024632145,0.6987192630767822,0.11638042597587099
2021-08-04,0.7396799921989441,0.7978744673375504,1.1064150207770815,1.1869436502456665,1.391788363456726,0.009175069727225916,0.11346358607674928,0.7045776844024658,0.11626136321176096
2021-08-05,0.7382999658584595,0.7971303108117264,1.1032656360753816,1.1837401390075684,1.389043211936951,0.009130002155865225,0.1131081007468261,0.7044088840484619,0.11616114842424449
2021-08-06,0.7402998805046082,0.7999167719651972,1.103143982337299,1.1835720539093018,1.3927576541900637,0.009111451363165494,0.11353443514567789,0.7048507928848267,0.11612514115906529
2021-08-09,0.7337833642959595,0.7954880095133015,1.0921799891011255,1.1749500036239624,1.3868471384048462,0.009069554191887166,0.11208249357723538,0.6993300318717957,0.11520949578266021
2021-08-10,0.733100175857544,0.795304516600257,1.086248102554175,1.17384672164917,1.384907364845276,0.009065690009730233,0.11181841962171324,0.6991980075836182,0.11488139205339137
2021-08-11,0.7343798875808716,0.7987858725322324,1.0834705924861698,1.172333002090454,1.3836042881011963,0.00904175485870499,0.11204920960007797,0.7006480693817139,0.11469073644928997
2021-08-12,0.7374087572097778,0.7995650559349963,1.0852343340513584,1.1741899251937866,1.386693239212036,0.009060104689719824,0.11298924379415057,0.7041807174682617,0.11519648448228509
2021-08-13,0.734149694442749,0.7987220611553189,1.0833531948757285,1.173626184463501,1.3811582326889038,0.009057724890679415,0.11303522368572255,0.7005204558372498,0.11514674463060834
2021-08-16,0.736572265625,0.7989772917547291,1.0924185811256044,1.179467797279358,1.3863856792449951,0.009122090007563,0.11363817150848318,0.703982412815094,0.11581447126435385
2021-08-17,0.7341066002845764,0.7955702430116429,1.0958903823254105,1.177994966506958,1.3842746019363403,0.009149382204496287,0.11334051410816884,0.7028493285179138,0.11562203454008921
2021-08-18,0.7255598902702332,0.7919851025446295,1.0931948859181084,1.1709738969802856,1.3740416765213013,0.009129335079444969,0.11217678764585001,0.6927894949913025,0.11418914864628965
2021-08-19,0.7230997681617737,0.7896960605984724,1.0898470076396791,1.1703298091888428,1.3743815422058103,0.00910398548718915,0.11223193389488403,0.6874505877494812,0.11446912608801924
2021-08-20,0.714620053768158,0.7793442295498517,1.0882340369045205,1.1676595211029053,1.36308491230011,0.009110123356291439,0.11063452557793513,0.6820305585861206,0.11362397362511141
2021-08-23,0.7139797210693359,0.7796662753437072,1.0903698774007715,1.1697548627853394,1.3625277280807495,0.009104151796616894,0.11077607782012705,0.6830880641937256,0.11356848446829323
2021-08-24,0.7209597229957581,0.7904513462894637,1.0961306700037778,1.1744533777236938,1.37247633934021,0.00911759867248342,0.11216421233644172,0.6894079446792603,0.1147647094490752
2021-08-25,0.724879801273346,0.7939027990048731,1.0951702939486174,1.175309181213379,1.3725517988204956,0.009113277767313695,0.11323873877279055,0.6938084959983826,0.1151727476984694
2021-08-26,0.727660059928894,0.7943631952032577,1.0945229801851943,1.177440166473389,1.3766520023345947,0.00909289316641385,0.11350621760070768,0.6972820162773132,0.1151393227575346
2021-08-27,0.7238398790359497,0.788338917935713,1.0893957966759211,1.1756407022476196,1.3702384233474731,0.009086944166304832,0.11327336959474839,0.694531261920929,0.11487532575777162
2021-08-30,0.731598436832428,0.792958494448464,1.0974539226718685,1.1799006462097168,1.3762996196746826,0.009102080002222188,0.11481438372686209,0.7012377381324768,0.11580829323869954
2021-08-31,0.7291233539581299,0.7930905903237103,1.0902985216724992,1.1796904802322388,1.376045823097229,0.009095539527208481,0.1153626117126426,0.6998194456100464,0.11594740073836057
2021-09-01,0.7317901849746704,0.7926379588992013,1.0925379518065226,1.1810280084609983,1.3753398656845093,0.009086283366816265,0.11512633994162963,0.7051689028739929,0.11604832572719453
2021-09-02,0.7368001937866211,0.7922863274684027,1.092279040140168,1.1840906143188477,1.3771638870239258,0.009082982069301396,0.11506990442702249,0.7065889835357666,0.11609628971636361
2021-09-03,0.7399300932884216,0.7966984806936663,1.0935056883463528,1.1876484155654907,1.383680820465088,0.00909545684456513,0.11571436107017598,0.7110706567764282,0.11671975908383467
2021-09-06,0.7445018887519836,0.7980655258683209,1.0942834681445117,1.1885942220687866,1.3859245777130127,0.009110455163405652,0.11533692881284939,0.7151899337768555,0.11701955987764336
2021-09-07,0.7436713576316833,0.7978108014878074,1.0930395509481021,1.187507390975952,1.3839489221572876,0.009105809531769008,0.11554548834458071,0.7136587500572205,0.11686352778118937
2021-09-08,0.7386598587036133,0.7907388828785484,1.0876067391205557,1.184356927871704,1.3779798746109009,0.00906651212720011,0.11519807909453073,0.7097585201263428,0.11640359067670933
2021-09-09,0.7363770008087158,0.7877737510235011,1.0847869336357792,1.1819101572036743,1.3767657279968262,0.009072928005923098,0.11485935759879516,0.7098290324211121,0.11596018469122434
2021-09-10,0.7370826601982117,0.7897272108240895,1.0910955858185023,1.182592272758484,1.3839681148529053,0.00910904451702195,0.11527151702701291,0.7105098962783813,0.11615413561278026
2021-09-13,0.7368110418319702,0.7886745962143354,1.0891585230766916,1.1811953783035278,1.3840830326080322,0.00909793924096427,0.11547517260001947,0.711657702922821,0.11586276699128358
2021-09-14,0.7365902066230774,0.7906388658679606,1.0845987091392217,1.1811953783035278,1.3838149309158323,0.009091404713308484,0.11573337801189876,0.7114601731300354,0.11630097642483325
2021-09-15,0.7317097783088684,0.7880220314539664,1.0868620047665316,1.180498123168945,1.381024718284607,0.009114191560875538,0.11570431232978713,0.7095721364021301,0.11622919734065588
2021-09-16,0.7341200709342957,0.7925123778570253,1.0872992804422865,1.1819995641708374,1.3848881721496582,0.009142188186704252,0.11675300306820464,0.7132006287574768,0.11658680373064075
2021-09-17,0.7291499972343445,0.7885502677990711,1.0783298847403149,1.176747441291809,1.3797005414962769,0.009115853588564066,0.1158678753327714,0.7070900201797485,0.1160388994842868
2021-09-20,0.7264010310173035,0.7834534812447564,1.0729153530119133,1.1729930639266968,1.3729662895202637,0.009093306361630565,0.11497173227091144,0.7033585906028748,0.11529171968583551
2021-09-21,0.7259702086448669,0.7811035071500988,1.0779695342758673,1.1730204820632937,1.366269588470459,0.009137677680745415,0.1148150500287975,0.7017691731452942,0.11532429458761878
2021-09-22,0.7227997779846191,0.7799824953669813,1.082837031349203,1.17229163646698,1.3657469749450684,0.009161787840360432,0.1152233076834915,0.6997313499450684,0.11510261941840781
2021-09-23,0.7233999967575073,0.7821115668228973,1.0795638687616769,1.168770432472229,1.3617113828659058,0.009105643794345222,0.1154855758672575,0.6991002559661865,0.11506764411657938
2021-09-24,0.7299802899360657,0.7897646835639078,1.081665778668126,1.1740258932113647,1.3722503185272217,0.009064046848796343,0.11665575473917897,0.7065390348434448,0.11591515205782846
2021-09-27,0.7266121506690979,0.7905513158596584,1.0817008577609086,1.172305464744568,1.3669044971466064,0.009028204114613393,0.1167705944289374,0.7016608715057373,0.11578362608033421
2021-09-28,0.7280601263046265,0.7920039457594038,1.080393104248124,1.1696795225143433,1.3701633214950562,0.009011932050505376,0.11628718868676975,0.700790524482727,0.11486330832959886
2021-09-29,0.7244277596473694,0.7888301916883936,1.0762409070457237,1.1686338186264038,1.354224443435669,0.008966358233757677,0.11553227375274955,0.6960008144378662,0.11453966040168666
2021-09-30,0.7179998159408569,0.7840800294391925,1.070377311278966,1.1601601839065552,1.3426424264907837,0.008933676625197872,0.11406137177439654,0.6872379779815674,0.11372269334818726
2021-10-01,0.7231180667877197,0.7883948568200893,1.0724090854642212,1.1574475765228271,1.346982717514038,0.008971748083564738,0.1143211256451289,0.6896799206733704,0.11411969107094737
2021-10-04,0.7275214195251465,0.792079178004532,1.0757661922143795,1.160725712776184,1.3570915460586548,0.009013312776848099,0.11613188037057173,0.6941889524459839,0.11444934807347192
2021-10-05,0.7289697527885437,0.7942937708134293,1.0811278124459103,1.1618449687957764,1.3607479333877563,0.009011606761400193,0.11666147837930511,0.6961801052093506,0.11464694743602513
2021-10-06,0.7290754914283752,0.7947419710635601,1.0771219533271996,1.1596084833145142,1.3627691268920898,0.008969655694203939,0.1172456590942381,0.6956700682640076,0.11440325922554226
2021-10-07,0.728141188621521,0.7945209683209147,1.0779346967722063,1.1555349826812744,1.3592127561569214,0.008975613096511877,0.11659904190000074,0.6915820240974426,0.1136479877310255
2021-10-08,0.7316797971725464,0.7970033023644427,1.0771219533271996,1.1559758186340332,1.3620266914367676,0.00895559793880223,0.11665480734272378,0.6938180923461914,0.11395842215595446
2021-10-11,0.729490339756012,0.8010189047003644,1.0777604045548392,1.1566041707992554,1.361655831336975,0.008907099224196496,0.1169648151610216,0.6921613216400146,0.11437891243518998
2021-10-12,0.7348402738571167,0.8012563951157086,1.078108976091119,1.1553747653961182,1.3590649366378784,0.008819275370354124,0.11654305773259102,0.6943287253379822,0.11400922293314412
2021-10-13,0.7335088849067688,0.8015325475736909,1.0747372542427776,1.15340256690979,1.3578838109970093,0.008809098254323732,0.11686064945739241,0.6925591230392456,0.11385761153273921
2021-10-14,0.7386069893836975,0.8040653542347056,1.0824853962812069,1.1599582433700562,1.366923213005066,0.008826047236240933,0.11782588181251952,0.6972284913063049,0.1151553688603355
2021-10-15,0.741379976272583,0.8081069174737756,1.0818178975139527,1.159151554107666,1.3668859004974363,0.008784721640433098,0.1183461364000349,0.7035713195800781,0.11586665902013193
2021-10-18,0.7424786686897278,0.8081656970280386,1.0828018785276767,1.1597026586532593,1.376159429550171,0.008747069923104773,0.11863029221325794,0.7084611654281616,0.11619057285723436
2021-10-19,0.7417000532150269,0.8082636559967795,1.0830974289662632,1.161386251449585,1.373645305633545,0.008750054407458054,0.11885773358074202,0.7091901898384094,0.11547171373812275
2021-10-20,0.7477194666862488,0.8094544529601905,1.0834236443817615,1.1631964445114136,1.3793197870254517,0.008730345864821912,0.1197633460492953,0.7155686020851135,0.115913140314266
2021-10-21,0.7515299320220947,0.8113985299158792,1.0883761470877604,1.1655012369155884,1.3822999000549316,0.00874209933239713,0.12027326491005107,0.71986985206604,0.11648087730348262
2021-10-22,0.7463700175285339,0.8083878130011102,1.0891940898494028,1.1625338792800903,1.379120111465454,0.008783487162077627,0.11957288491068775,0.7155993580818176,0.11628177250923312
2021-10-25,0.7469096779823303,0.8083224583555723,1.0910443560365446,1.164008855819702,1.3762730360031128,0.008797860246978017,0.11969740952941495,0.7150722742080688,0.11650665800902164
2021-10-26,0.7491798400878906,0.8078196824462567,1.087086515408704,1.161170482635498,1.37644362449646,0.008790049710939397,0.1198026581351877,0.7166198492050171,0.11619665010000942
2021-10-27,0.7512978315353394,0.807011292336642,1.0874293053660773,1.159823656082153,1.3766140937805176,0.008757487380444115,0.11961235856878016,0.7168099284172058,0.1161665533704803
2021-10-28,0.7500750422477722,0.8084270776072293,1.0893246391062055,1.1600120067596436,1.3732868432998655,0.008789199755807877,0.11877852644423256,0.7163888216018677,0.11649715716432808
2021-10-29,0.7531600594520569,0.8099724051936054,1.0970445958547457,1.1683608293533323,1.380071759223938,0.008801577450685192,0.12005868652378524,0.7195124626159668,0.11770092482537244
2021-11-01,0.7518287897109985,0.8075653025854368,1.0915362043850994,1.1556684970855713,1.36832594871521,0.008753807901762228,0.11828859580913068,0.7176483869552612,0.11632302554173092
2021-11-02,0.7520498633384705,0.808152616864387,1.0996986535436033,1.1599582433700562,1.365541934967041,0.008764702652955503,0.11877189361799974,0.7179214954376221,0.11745456708331546
2021-11-03,0.7438998222351074,0.8059316420051332,1.0933741350777044,1.1579434871673584,1.3617392778396606,0.008774854931239915,0.11732958204268025,0.7125806212425232,0.11669836454950629
2021-11-04,0.746900200843811,0.8078980273134108,1.0973214177678492,1.1615750789642334,1.3694878816604614,0.008766546880646426,0.11780700487990117,0.7176278233528137,0.1172643696593921
2021-11-05,0.740932822227478,0.8031483277189788,1.0956743136482612,1.1555349826812744,1.3508602380752563,0.008784490259699134,0.11700176287732286,0.7109695672988892,0.11647246739340515
2021-11-08,0.7395902872085571,0.8031612463913981,1.0965272747925892,1.1568851470947266,1.349127173423767,0.00881251388805313,0.11704283602421188,0.7109189629554749,0.11671743349341626
2021-11-09,0.7414799928665161,0.8037163726850517,1.0949544376378055,1.159151554107666,1.3564507961273191,0.008829710380218085,0.11765674816054734,0.7162498235702515,0.11661739100261667
2021-11-10,0.7376197576522827,0.8041170724169587,1.0980564121591376,1.1595547199249268,1.3560001850128174,0.00885645438303003,0.11758991892883291,0.712520182132721,0.11664255746496083
2021-11-11,0.7334120869636536,0.8008649631221159,1.0895382812207763,1.148593544960022,1.3412736654281616,0.008779245956866273,0.11579100338745577,0.7066788077354431,0.11495310341017075
2021-11-12,0.7291999459266663,0.7943758328007418,1.0855288259933995,1.145081877708435,1.3366482257843018,0.008768622418055741,0.11521467327497897,0.7024001479148865,0.11479737678815294
2021-11-15,0.7332506775856018,0.7971112986233058,1.0856584277963288,1.144164800643921,1.341705560684204,0.00877339184046178,0.1150787697418219,0.7043195366859436,0.11416945482347589
2021-11-16,0.734489917755127,0.7991050062948297,1.0806721659548915,1.1366478204727173,1.3408420085906982,0.008761784309780201,0.11469994492395184,0.704170823097229,0.11366930105221851
2021-11-17,0.7301614880561829,0.7958171965452956,1.0749105010939253,1.1321182250976562,1.3424620628356934,0.00870291726870277,0.11432503943573644,0.6991999745368958,0.11239478290192478
2021-11-18,0.7268604040145874,0.7929459768612297,1.0769711521549288,1.1321182250976562,1.34916353225708,0.008757334080215343,0.11445563181860802,0.7003781795501709,0.11289943827852303
2021-11-19,0.7279000878334045,0.7934304032827554,1.0803803028799488,1.1368415355682373,1.3499648571014404,0.008750284561828192,0.11349578705165919,0.7042104601860046,0.11283676130637098
2021-11-22,0.7231698036193848,0.7902951851354629,1.0760787571498474,1.1275737285614014,1.3434540033340454,0.008761323973803728,0.11195575137524229,0.6991393566131592,0.11165212295090346
2021-11-23,0.7228044867515564,0.7873209591742476,1.0726161433907635,1.12421452999115,1.3397642374038696,0.00871156017095852,0.11198710207143502,0.6949608325958252,0.1112167632084066
2021-11-24,0.7222198247909546,0.788898590054128,1.0713634998811599,1.124492645263672,1.337595820426941,0.008685003691749424,0.11237470351732513,0.6952894330024719,0.11065888075784178
2021-11-25,0.7202001214027405,0.7897833469096929,1.070893145427421,1.1202975511550903,1.333066701889038,0.008664910793503195,0.11165636737510701,0.6875309348106384,0.10964671638421482
2021-11-26,0.7173703908920288,0.789658594370259,1.0691985001970825,1.1209630966186523,1.331416130065918,0.008690437892727937,0.11138933705786896,0.6844392418861389,0.10976224927529192
2021-11-29,0.7142806053161621,0.7858669616545705,1.0818764268887424,1.1293182373046875,1.334098219871521,0.00879360515336177,0.11039965146350267,0.6826311349868774,0.10933048507311735
2021-11-30,0.714580237865448,0.7850525890024425,1.083576258095151,1.1293437480926514,1.3315047025680542,0.008787037296505791,0.11097424515201523,0.6830694675445557,0.11035894948841783
2021-12-01,0.7124998569488525,0.7828217240613445,1.0875475881024073,1.1330289840698242,1.3295927047729492,0.00882620295162524,0.11047428964438391,0.6824913620948792,0.11079178528681846
2021-12-02,0.7107598185539246,0.7805852699682001,1.086248102554175,1.1319515705108645,1.3280000686645508,0.008858808016129044,0.10991547028042399,0.6814100742340088,0.11003581965129833
2021-12-03,0.70878005027771,0.780171175080676,1.0871928875158983,1.1306205987930298,1.3299994468688965,0.008847834686330922,0.10998837050377107,0.6812081933021545,0.11049968053838582
2021-12-06,0.7017898559570312,0.7802137694028998,1.088743489898087,1.13047993183136,1.3237318992614746,0.008846269542469174,0.10918723415199948,0.6757396459579468,0.10932534417784386
2021-12-07,0.7049203515052795,0.7835762075381144,1.0804970570246122,1.128668189048767,1.326435923576355,0.008813834179926833,0.10997229025000863,0.6749687790870667,0.10996587791662432
2021-12-08,0.712259829044342,0.7907763771454663,1.0817828108297851,1.127650022506714,1.3246086835861206,0.00880863234141461,0.1109951782785742,0.6786198616027832,0.10992453863082635
2021-12-09,0.7170000672340393,0.7903763484677675,1.0869565020211482,1.1345586776733398,1.3210039138793943,0.00879631273216472,0.11272685912733267,0.6808279156684875,0.11076822575685343
2021-12-10,0.7146124243736267,0.7868810877908227,1.0824971300678048,1.1293309926986694,1.3224014043807983,0.008814611251110972,0.11118028965641259,0.6795694231987,0.11032838755674372
2021-12-13,0.7166095972061157,0.7861697386887343,1.0856938365973188,1.131183385848999,1.3257148265838623,0.008810495104358107,0.11182892576931872,0.6795879006385803,0.11041829864526514
2021-12-14,0.7133176326751709,0.7807863776986044,1.0841519026081345,1.1285407543182373,1.3213530778884888,0.008804599253094948,0.1105448798131637,0.6752012372016907,0.10999648162651658
2021-12-15,0.7106002569198608,0.7771758837974649,1.0822510532088843,1.1261261701583862,1.323050618171692,0.008791750114464732,0.10993118816884374,0.673632025718689,0.10946668377361989
2021-12-16,0.7166501879692078,0.7790285267407605,1.0817359391290386,1.1290758848190308,1.3263126611709597,0.008761477413754541,0.11118844784330192,0.6778098344802856,0.11015157270548373
2021-12-17,0.717560887336731,0.7824910084885911,1.088328772902889,1.1334141492843628,1.3323739767074585,0.008797937607484797,0.11131109445428555,0.6796294450759888,0.11074074645153645
2021-12-20,0.7116981744766235,0.7752839498094555,1.0830833048637865,1.124353528022766,1.3229438066482544,0.008809175812591559,0.11059121246960808,0.6731604337692261,0.10929737979436488
2021-12-21,0.7109498381614685,0.7730365093204139,1.0849281448866444,1.127751708030701,1.3210004568099976,0.008798014969352069,0.11046428085327656,0.671312153339386,0.10935631085143752
2021-12-22,0.7147799134254456,0.7738141382975369,1.083400136874612,1.128757357597351,1.3269639015197754,0.008772391275743367,0.11193808697850346,0.6765991449356079,0.10955290609159861
2021-12-23,0.72139972448349,0.7781374439165714,1.0876185841977544,1.1328877210617063,1.3352025747299194,0.008762628970532826,0.11275456921306133,0.6805823445320129,0.11013021625969226
2021-12-24,0.7233200073242188,0.7797939793819494,1.0886130798905314,1.132733702659607,1.3406623601913452,0.00873682921595903,0.1133258760908919,0.6822212934494019,0.11015047344462994
2021-12-27,0.7233200073242188,0.7797939793819494,1.0886130798905314,1.132733702659607,1.3406623601913452,0.00873682921595903,0.1133258760908919,0.6822212934494019,0.11015047344462994
2021-12-28,0.7236999869346619,0.7820442673215424,1.0903223294969238,1.1330032348632812,1.344266653060913,0.008711408474415523,0.11325388027086507,0.6817998886108398,0.11002346577442722
2021-12-29,0.7233999967575073,0.780457379258141,1.0906315004671707,1.1314777135849,1.3433277606964111,0.008712850384088784,0.11366089796766064,0.6805600523948669,0.11053229485833865
2021-12-30,0.7258790135383606,0.7823134618853134,1.0945708951754884,1.1360150575637815,1.349879264831543,0.008699586047529136,0.11399441168905404,0.6839711666107178,0.11079644454250039
2021-12-31,0.7249801754951477,0.7846583288886927,1.0944511512627224,1.132502794265747,1.349837303161621,0.008690890809677368,0.11361531872069214,0.6830414533615112,0.11053619821830882
2022-01-03,0.7268181443214417,0.7899643006841247,1.0965212548010175,1.1373459100723269,1.3522284030914309,0.008684928304549224,0.11371324649748461,0.6840693950653076,0.11056150100531448
2022-01-04,0.7197999358177185,0.7842337438015153,1.0889331558644595,1.1302244663238523,1.3483266830444336,0.008670920978399966,0.11282135481901635,0.6789695620536804,0.10989433197001577
2022-01-05,0.7238802313804626,0.7871288796340284,1.0914528379327577,1.1283625364303589,1.353143334388733,0.008607777721372714,0.11297137350197187,0.6813613176345825,0.10996019278604356
2022-01-06,0.7220800518989563,0.783692895369073,1.090048956387558,1.1313496828079224,1.3555645942687988,0.008611187777201022,0.11298924379415057,0.6793201565742493,0.1097411698513196
2022-01-07,0.7162600159645081,0.7855335950465152,1.0853049582279088,1.1296881437301636,1.353363037109375,0.008630734203057329,0.11252112099613196,0.674040675163269,0.10934578523145318
2022-01-10,0.7179111242294312,0.79070757826217,1.088328772902889,1.1353960037231443,1.3592311143875122,0.008649172557300966,0.11316121125629086,0.6775985956192017,0.11042927599136133
2022-01-11,0.71809983253479,0.7895775783750489,1.0785159395172295,1.1330417394638062,1.3580313920974731,0.008674682082087834,0.11295172027489929,0.6766495108604431,0.10988745657218742
2022-01-12,0.7209799885749817,0.7950705408097152,1.082837031349203,1.1366478204727173,1.3633265495300293,0.008670695553549676,0.11405122350635813,0.678380012512207,0.11067553625192296
2022-01-13,0.7282207608222961,0.7998976266274516,1.0939243609000202,1.144164800643921,1.3709993362426758,0.008720296258014109,0.11558582554209791,0.6846923232078552,0.1119413373826436
2022-01-14,0.7282260060310364,0.799501120011498,1.0976466358711954,1.1457115411758425,1.3713659048080444,0.008762859786889324,0.11488231086357298,0.6861910820007324,0.11206767563371094
2022-01-17,0.7216517329216003,0.7973082815963258,1.0935032650855816,1.1410704851150513,1.367353081703186,0.008748447169316146,0.11397049872527504,0.6808279156684875,0.1107904390924443
2022-01-18,0.7210798263549805,0.7989964691640005,1.0941996815337511,1.1410574913024902,1.364800214767456,0.008728212265391673,0.11477366598829054,0.6797999143600464,0.11090346936118414
2022-01-19,0.7187501788139343,0.8001600204050817,1.0904293358306878,1.1329647302627563,1.3600261211395264,0.008729507416071931,0.11356654105395542,0.6771718859672546,0.1095787111049896
2022-01-20,0.721700131893158,0.7993029759967314,1.0921799891011255,1.1343399286270142,1.360858917236328,0.008745310318000972,0.11394972861065412,0.6780300140380859,0.1097441905469009
2022-01-21,0.7217090129852295,0.7999807743878226,1.0907028288801806,1.1313753128051758,1.359767198562622,0.008772468776123078,0.11319682113251445,0.6750781536102295,0.10847446405498538
2022-01-24,0.7187884449958801,0.796114921887597,1.095722329497756,1.1341469287872314,1.3555830717086792,0.008788504353082883,0.11238354382597665,0.6722598671913147,0.10880126505377152
2022-01-25,0.715449869632721,0.7920478419629731,1.0939842076280566,1.132413029670715,1.3489269018173218,0.008771083369859439,0.11159581085748008,0.6704614758491516,0.10805308633820565
2022-01-26,0.7158800363540649,0.7926505416619736,1.0896260968617524,1.130454421043396,1.3510775566101074,0.008781558726673985,0.11216270060933572,0.6690887808799744,0.10803803446230477
2022-01-27,0.7122999429702759,0.7899830478610461,1.0823108164145288,1.124353528022766,1.3468012809753418,0.008716799837411252,0.1118730946410857,0.666058361530304,0.1075313895063534
2022-01-28,0.7035500407218933,0.7845783356098298,1.0742638646735658,1.1147029399871826,1.3388315439224243,0.008669117334352244,0.11190701451910953,0.6584405303001404,0.1066547213899485
2022-01-31,0.6997998356819153,0.7837543278312872,1.0739639025516252,1.1152374744415283,1.3403388261795044,0.008675886163678584,0.11123470806002271,0.6551920771598816,0.1061324416627648
2022-02-01,0.7068301439285278,0.7863242735745203,1.078655592088915,1.12296462059021,1.3445378541946411,0.00868651228631983,0.11231790099752705,0.657799482345581,0.10717642628860985
2022-02-02,0.7133991122245789,0.7880469051203177,1.0858470905957092,1.1273956298828125,1.352539300918579,0.008715660293787812,0.11328864275349346,0.6637285947799683,0.10831407545013451
2022-02-03,0.7120797634124756,0.7882456547208058,1.088186675089946,1.1299946308135986,1.3565024137496948,0.008742634041337816,0.11343282677915445,0.66118985414505,0.10869447136126408
2022-02-04,0.7145000696182251,0.7887368122053912,1.0865195723194876,1.14357590675354,1.359841227531433,0.008698904752461632,0.11471205368375681,0.666640043258667,0.10992453863082635
2022-02-07,0.7080298066139221,0.7846029189640064,1.080940855507573,1.145514726638794,1.3533447980880735,0.00867874755671856,0.11388769868487435,0.6619886159896851,0.10937567963687192
2022-02-08,0.7129998207092285,0.7895401977001649,1.0833649474832738,1.1442956924438477,1.353780746459961,0.008690890809677368,0.1140176776026903,0.663790225982666,0.10967558253543201
2022-02-09,0.7145919799804688,0.7870669170436426,1.0810810671486588,1.142126202583313,1.3547565937042236,0.008655685619623585,0.1133991285392212,0.6649501919746399,0.10949352291203883
2022-02-10,0.7177411317825317,0.7888862003164908,1.0819934348602485,1.142152190208435,1.3533265590667725,0.008650369567161436,0.1134787877685984,0.667931318283081,0.10979889044666007
2022-02-11,0.7161697745323181,0.7854225356860095,1.0803219352690918,1.1415525674819946,1.3551788330078125,0.008617198421723081,0.11331187857910179,0.6667110919952393,0.10737505102121277
2022-02-14,0.7144796252250671,0.7859472915687779,1.081408438847775,1.1365057229995728,1.3569625616073608,0.008651716527965404,0.11288210676463069,0.6646682024002075,0.1074827368687346
2022-02-15,0.7132098078727722,0.7856323244977019,1.0816540628974676,1.1306334733963013,1.3532898426055908,0.008655310665574453,0.11257281140122648,0.6618002653121948,0.1065433610210839
2022-02-16,0.7149087190628052,0.7859349207231089,1.0805670659481357,1.1356796026229858,1.3541145324707031,0.00864790056233918,0.11235652142419812,0.6640812158584595,0.10768528639848042
2022-02-17,0.7194502949714661,0.7876869083210348,1.085069463083472,1.1375269889831543,1.3584926128387451,0.008666487481325218,0.11241260379321354,0.6681097745895386,0.10781786897412744
2022-02-18,0.71893310546875,0.7871040638855481,1.0874293053660773,1.1366478204727173,1.3618782758712769,0.008705796522729308,0.1121704996386949,0.6691021919250488,0.10728727044132234
2022-02-21,0.7171697616577148,0.7839079145037872,1.0858942489704622,1.131721019744873,1.359342098236084,0.008698602245475364,0.11140944460493844,0.6689589619636536,0.10635808928786424
2022-02-22,0.718450129032135,0.7839448370114764,1.0920488256769614,1.1309658288955688,1.3596007823944092,0.0087253181676965,0.11108186102711864,0.6695995330810547,0.10607108503411579
2022-02-23,0.7226895689964294,0.7832632107729168,1.0851165539361698,1.13291335105896,1.3589357137680054,0.008688399198640475,0.11248897586023156,0.6741815805435181,0.10716608609376296
2022-02-24,0.7227997779846191,0.7853053322561288,1.0900132629458605,1.1305694580078125,1.3545730113983154,0.00870337148738794,0.11245735563656331,0.6770801544189453,0.10651543823532608
2022-02-25,0.7160200476646423,0.7806706263813484,1.080100209759623,1.11906898021698,1.337327480316162,0.008652689752564708,0.11161013599909483,0.6687889695167542,0.10543462260257938
2022-02-28,0.7186489701271057,0.7839939991609218,1.0792178270569426,1.118105411529541,1.337327480316162,0.008651641717530948,0.11204243306257039,0.6693216562271118,0.1049046077547349
2022-03-01,0.7262001037597656,0.789484096173049,1.0899182334729802,1.1215918064117432,1.3422818183898926,0.0086897580296992,0.11355868197437215,0.6769197583198547,0.10577197759188633
2022-03-02,0.7261425852775574,0.7859472915687779,1.0886604788305403,1.1132758855819702,1.3335111141204834,0.008708298123409324,0.11271326362135388,0.6767502427101135,0.1039218049309577
2022-03-03,0.729341447353363,0.7907575922969127,1.0863424930828063,1.1112345457077026,1.33969247341156,0.008656584841492537,0.11299715819543955,0.6783018112182617,0.10338899040795214
2022-03-04,0.7336999773979187,0.7892472944271777,1.0894432638019425,1.1066844463348389,1.3350956439971924,0.008659958159040047,0.11229343548136123,0.680971622467041,0.10264168910230809
2022-03-07,0.7394808530807495,0.786528349722841,1.0867675239411927,1.087453007698059,1.3212482929229736,0.008699434767712639,0.11149900476938711,0.6874505877494812,0.10079415422819815
2022-03-08,0.7328498363494873,0.7811645343109659,1.0805553739660805,1.0865312814712524,1.311229586601257,0.008667539116409882,0.11059157404964055,0.683821439743042,0.10016336382371074
2022-03-09,0.7267916798591614,0.7758553698794411,1.0757777807843567,1.0898232460021973,1.3099292516708374,0.008641399206245499,0.11140062668801948,0.6804294586181641,0.10061374252444179
2022-03-10,0.731689989566803,0.781341559738305,1.0793424542826158,1.107382893562317,1.3185653686523438,0.008627458001435453,0.11225095288638533,0.6838401556015015,0.10343497602672364
2022-03-11,0.7365999817848206,0.7839509911009134,1.075986141718063,1.1013944149017334,1.3103240728378296,0.008607407471617395,0.11203376603617472,0.6874411702156067,0.10355654661528949
2022-03-14,0.72965008020401,0.7852128588849737,1.069781885140942,1.093206763267517,1.3050298690795898,0.00850853836680751,0.11121552462558564,0.6812685132026672,0.10285484138500363
2022-03-15,0.71986985206604,0.7799642923490009,1.0657572051234458,1.0943193435668943,1.3011853694915771,0.00845894855589552,0.11065129050575213,0.674900472164154,0.10398253497690188
2022-03-16,0.7191000580787659,0.7831589340773238,1.0629477848274695,1.0969363451004028,1.304648518562317,0.008453657065126222,0.11118425070745594,0.6762194037437439,0.10418729023084185
2022-03-17,0.7288799285888672,0.7882208425703119,1.0620672410251346,1.1021955013275146,1.3141123056411743,0.008412551332499685,0.11242094383863162,0.6830694675445557,0.10626552253461334
2022-03-18,0.738099992275238,0.7916653532970548,1.068353221288337,1.1099518537521362,1.3160406351089478,0.008439815670078107,0.11386020782406707,0.6892321705818176,0.10623233135358041
2022-03-21,0.7409987449645996,0.7932856658809093,1.0718917902208847,1.1043134927749634,1.316083908081055,0.008384830130936206,0.11427357082567978,0.689869225025177,0.10614449586790245
2022-03-22,0.7395793199539185,0.7944073533227646,1.0708014204323155,1.101722002029419,1.3168290853500366,0.00836162336906336,0.11450293820434405,0.6879708170890808,0.10549625321772949
2022-03-23,0.7462301850318909,0.794735646388355,1.0713405812163341,1.1029735803604126,1.3266470432281494,0.008241305671506204,0.11423609806052386,0.6964321732521057,0.10591570851968247
2022-03-24,0.7499175071716309,0.7962290258737644,1.0744370277344255,1.1006306409835815,1.3206027746200562,0.008255797708769226,0.11532894964774151,0.6976322531700134,0.1060074415166427
2022-03-25,0.7514277100563049,0.7986965090409073,1.0758588387748462,1.1009578704833984,1.3195745944976809,0.008173540569470138,0.11545864314600843,0.696548581123352,0.10650591753149263
2022-03-28,0.7518231272697449,0.8008264296336236,1.0738024380000202,1.098189115524292,1.317627191543579,0.008178621309029922,0.1159558760431402,0.6957489848136902,0.10623786357108829
2022-03-29,0.7499501705169678,0.7988369137609111,1.0710422491584892,1.099384307861328,1.3103584051132202,0.008086689069914768,0.11491743805182537,0.6907795071601868,0.10546420903754215
2022-03-30,0.7514672875404358,0.8001344525246953,1.0739408037521192,1.1091516017913818,1.3093804121017456,0.008121827411167513,0.11543905551384931,0.6943190693855286,0.10724987276187734
2022-03-31,0.7503001093864441,0.8011344188548237,1.0834588375863996,1.116183519363403,1.3138878345489502,0.00819531039319195,0.11681846767783166,0.6970681548118591,0.10827655120861845
2022-04-01,0.7491927742958069,0.8000959892992533,1.083200643985063,1.1072357892990112,1.314699649810791,0.008213147829016238,0.11386253222342152,0.6934000253677368,0.10669284496480867
2022-04-04,0.7486487030982971,0.7983075735702069,1.0800302613154196,1.1047282218933103,1.3103755712509155,0.00815594156285791,0.11422239738321674,0.6907699704170227,0.10673497209772408
2022-04-05,0.7543901801109314,0.8008841547943019,1.0796804465032852,1.0975863933563232,1.3114582300186155,0.00814272582145257,0.11481070034816271,0.6948497891426086,0.10615035206259431
2022-04-06,0.7585699558258057,0.8009996300849239,1.0757314969768084,1.090643286705017,1.3077365159988403,0.00808695101179127,0.11410445377744334,0.6947677135467529,0.10611542862162356
2022-04-07,0.7505084872245789,0.7959375589165064,1.0717539519180457,1.0898232460021973,1.307206630706787,0.008082571578875772,0.11361054246754398,0.6911519169807434,0.10542418117689899
2022-04-08,0.7478480935096741,0.7944894387823864,1.0701138469877454,1.0864840745925903,1.3069332838058472,0.008058277419012536,0.11351098508594329,0.6884918212890625,0.10567863847806377
2022-04-11,0.7446514964103699,0.7951654261196701,1.070388784036898,1.0884946584701538,1.303220272064209,0.008039554470600625,0.11486595068976468,0.6835409998893738,0.10594600449336122
2022-04-12,0.7415317296981812,0.7911330112444409,1.073767869313438,1.087795972824097,1.3024225234985352,0.007969905628563433,0.11346590658856393,0.6817794442176819,0.1051333437339454
2022-04-13,0.7454997897148132,0.7914898924876468,1.0722250630036756,1.0826143026351929,1.3002548217773438,0.00797346428749147,0.11411591551877025,0.6856500506401062,0.10503329970374442
2022-04-14,0.7451497912406921,0.7957854885543927,1.0708357983770507,1.089656949043274,1.312026023864746,0.007975944621123766,0.11435890366497811,0.6800777912139893,0.10561781591539582
2022-04-15,0.7410151958465576,0.7934618488193949,1.0605465881934244,1.0820988416671753,1.3070015907287598,0.007925248997281137,0.11414222538238956,0.6783432364463806,0.10497420534729979
2022-04-18,0.7393824458122253,0.7927070941292236,1.0611880877746913,1.081525444984436,1.3057557344436646,0.007897771484990967,0.1136466944052162,0.6760411262512207,0.1045468449580467
2022-04-19,0.7357593774795532,0.7936381851184893,1.0586491792719197,1.0781787633895874,1.3009822368621826,0.007867944447289088,0.1131599289858249,0.673632025718689,0.10425354453759471
2022-04-20,0.7393988370895386,0.7934177957485045,1.0503539867110052,1.0794472694396973,1.301371693611145,0.007731979135831935,0.11331393573939143,0.6746591329574585,0.10491363437211815
2022-04-21,0.7446997761726379,0.8008841547943019,1.0537407787092459,1.0849870443344116,1.3068820238113403,0.007811706593749777,0.113582545453285,0.6783478260040283,0.10605488541794884
2022-04-22,0.7361114025115967,0.7943379964323666,1.0485477547448565,1.0835175514221191,1.302626132965088,0.007787676491533861,0.11246379646825995,0.6724497079849243,0.1051344505486297
2022-04-25,0.7236937284469604,0.7861017390068997,1.0464629297291446,1.0811045169830322,1.2830876111984253,0.00777574770204563,0.11182180617785363,0.6625105142593384,0.10499128540370453
2022-04-26,0.717849850654602,0.7852005111483278,1.0435254671795344,1.0714209079742432,1.2739989757537842,0.007828156110652497,0.10966812657116835,0.6618615388870239,0.10296445435642108
2022-04-27,0.714600145816803,0.7808778840376129,1.0392525406910418,1.0643619298934937,1.2583998441696167,0.007857558256817677,0.10833321107772213,0.6575616598129272,0.10164770769769749
2022-04-28,0.7125704288482666,0.7803964625335444,1.03234330483191,1.0555092096328735,1.2541857957839966,0.0077885261138931705,0.10728485548442175,0.6542190313339233,0.10177392142263901
2022-04-29,0.710883617401123,0.7809693391204788,1.0291242018593434,1.050420165061951,1.2463854551315308,0.007644616771824473,0.10625298862369845,0.6493085026741028,0.1011808790972753
2022-05-02,0.7065390348434448,0.7780284659128957,1.0265148486027873,1.0535964965820312,1.2573871612548828,0.00769165676591982,0.10649400822925231,0.6456194519996643,0.10184129507486128
2022-05-03,0.7050997614860535,0.776759355577215,1.0226621875813946,1.0509058237075806,1.249828219413757,0.00768568620690464,0.10605927277236543,0.6441307067871094,0.10101602131885667
2022-05-04,0.7103786468505859,0.779192425773089,1.02170092348346,1.052853226661682,1.2500405311584473,0.007685450064862403,0.10645772345821099,0.643430233001709,0.10151768835660535
2022-05-05,0.7252898812294006,0.7851018901914113,1.02754856722915,1.0622477531433103,1.261813759803772,0.00773856004167789,0.10836525320804041,0.6551019549369812,0.10279341569869603
2022-05-06,0.712100088596344,0.7796055545007294,1.0150223429695588,1.0539740324020386,1.2364147901535034,0.007672830399375646,0.10545186343118007,0.6430289149284363,0.10055203236073595
2022-05-09,0.7046997547149658,0.7741016254955901,1.0107850831803902,1.053219199180603,1.2326656579971311,0.007648242465717934,0.10500561591619546,0.6389204859733582,0.1002849090041383
2022-05-10,0.6957392692565918,0.7687340368432248,1.0073537014262965,1.056579828262329,1.2338824272155762,0.007670064569874936,0.1035691991624195,0.6323590874671936,0.09926110034479964
2022-05-11,0.693600058555603,0.7673890255039559,1.0043185681188842,1.0532968044281006,1.2309207916259766,0.007671594509593766,0.1027696395110186,0.6289980411529541,0.09939379393543693
2022-05-12,0.692750096321106,0.7695622574134949,1.0055708760407258,1.05124831199646,1.2234212160110474,0.007702083015282763,0.10257672447002934,0.6284801959991455,0.09922702216354305
2022-05-13,0.6871907711029053,0.7678663357672358,0.9969593043563417,1.0379581451416016,1.220613718032837,0.007776775592867002,0.10139468751619683,0.6247188448905945,0.09847753588276342
2022-05-16,0.6946181058883667,0.7747734035172237,0.997774913869648,1.0400632619857788,1.2258507013320925,0.007726064243657733,0.10240603035510781,0.6288912296295166,0.09932853660689893
2022-05-17,0.6972820162773132,0.7782101369459655,0.9982830015246869,1.0438958406448364,1.2324832677841189,0.007756567624141654,0.10241914357820397,0.6311417818069458,0.09943382302877843
2022-05-18,0.7032843232154846,0.7807559287962739,1.006238695554308,1.0547856092453003,1.2484394311904907,0.0077247519624531035,0.10355461371743896,0.6359097957611084,0.10075160921855086
2022-05-19,0.695900022983551,0.7761444478883794,1.0130275342253923,1.0472739934921265,1.2345831394195557,0.00781775246296898,0.10122871261856464,0.6295603513717651,0.09953715020116248
2022-05-20,0.7041500210762024,0.780055533547954,1.0286160904949788,1.057898759841919,1.2462146282196045,0.007822767337368062,0.10315658910824077,0.6381499171257019,0.10075851198776034
2022-05-23,0.7062894701957703,0.7805182328702948,1.0256515343493167,1.056981921195984,1.2504063844680786,0.007818424907581509,0.10283411259955602,0.6421493887901306,0.100665902038872
2022-05-24,0.7088980674743652,0.7820381431315075,1.0352502586703947,1.0682048797607422,1.256754994392395,0.007821910695277701,0.10408145418797485,0.6447494626045227,0.1017667701859436
2022-05-25,0.7103200554847717,0.7798851807360753,1.0414496852568145,1.0736525058746338,1.2542959451675415,0.007888364049156391,0.10462111443293577,0.6448908448219299,0.10248516076493641
2022-05-26,0.708939790725708,0.7800190490129448,1.0400091198767254,1.0686614513397217,1.258610486984253,0.007864602968414803,0.1045374436251536,0.6479789614677429,0.10143222366365595
2022-05-27,0.7098793983459473,0.7829014325927138,1.0432315248979478,1.0732953548431396,1.261734127998352,0.007871226844131187,0.10506111388370411,0.6482393741607666,0.10144117288260407
2022-05-30,0.7162810564041138,0.7859349207231089,1.044004824874288,1.073145627975464,1.262833595275879,0.00785638505109839,0.10575966649944035,0.6534098386764526,0.10182366216221465
2022-05-31,0.7195202112197876,0.7901890278129581,1.0435907669064877,1.0773539543151855,1.264702081680298,0.007825706087992386,0.10634711901839546,0.6558279991149902,0.10260145555325721
2022-06-01,0.7182618379592896,0.7912018095590397,1.0421877797306685,1.0734105110168457,1.2608909606933594,0.007767835405712232,0.10694272650429003,0.6518607139587402,0.1026347368688935
2022-06-02,0.7173600792884827,0.7895588504374449,1.0383137610480713,1.0654165744781494,1.2483147382736206,0.007685095879005708,0.10547744877547395,0.6480587720870972,0.10156408985072952
2022-06-03,0.726900041103363,0.7955576428315096,1.0444518513086265,1.0751069784164429,1.2579249143600464,0.0076971628691757145,0.10681136137893507,0.6560388207435608,0.10314946548151914
2022-06-06,0.7204922437667847,0.7946030772629178,1.0392201606982736,1.0726046562194824,1.249230146408081,0.007650699613612586,0.10606050644595812,0.6509103178977966,0.1024128516127268
2022-06-07,0.7188607454299927,0.7949125493740138,1.0295480221481605,1.0691413879394531,1.2523481845855713,0.007565670309200135,0.10609471745285906,0.6485589146614075,0.10208978264874041
2022-06-08,0.7220602631568909,0.7976644616792226,1.027231918391678,1.0698620080947876,1.2587324380874634,0.007527456390291998,0.10573216359114417,0.6480713486671448,0.10211010303560049
2022-06-09,0.7186489701271057,0.7966857690874706,1.0216174315150033,1.071765422821045,1.254028558731079,0.007438816145826949,0.10554312369703701,0.6443713903427124,0.10180914901293547
2022-06-10,0.7098188996315002,0.7872342162674458,1.0199918131770156,1.0619205236434937,1.249297261238098,0.007439479872106696,0.1043704093661199,0.6385695934295654,0.10095523592833189
2022-06-13,0.7018282413482666,0.7813965099593355,1.0106625118612913,1.0489987134933472,1.2274909019470217,0.007417627504620737,0.10225377909304108,0.6337296366691589,0.09945310919482396
2022-06-14,0.6941600441932678,0.7757951694066615,1.0033461585200738,1.0415147542953491,1.2144765853881836,0.007450176602925913,0.10097736306497483,0.6275415420532227,0.0981766587375762
2022-06-15,0.6889899373054504,0.7725109898484053,1.0005002735134665,1.0440592765808103,1.201258897781372,0.007391310428271041,0.10010280677090798,0.6226804852485657,0.09826454985400082
2022-06-16,0.7016903758049011,0.7767955358051507,1.0054090755323546,1.0456204414367676,1.2174336910247805,0.007456287209047393,0.1007505927616066,0.6292592883110046,0.09835917642424974
2022-06-17,0.704049825668335,0.7719742491442686,1.034404273550752,1.0546854734420776,1.2354830503463743,0.007551672018494775,0.10043195540971973,0.6360716223716736,0.09851596016692289
2022-06-20,0.6953000426292419,0.7692011726074929,1.0313956557881656,1.049141764640808,1.2228227853775024,0.007392294219085149,0.10012124438869933,0.632559061050415,0.09823626916229602
2022-06-21,0.6969500780105591,0.7703092115527355,1.0340192068582503,1.0520778894424438,1.225174903869629,0.007402636511525617,0.10116992585172681,0.6337416768074036,0.09895043702065362
2022-06-22,0.6961801052093506,0.773281573560038,1.0351752679654616,1.053263545036316,1.2266627550125122,0.007338426352314114,0.10157543364287136,0.631780207157135,0.09894602986717375
2022-06-23,0.6905218958854675,0.7713787367961081,1.039771281771663,1.0564124584197998,1.225084900856018,0.007351643715402454,0.10089646530981582,0.6271007657051086,0.0989660052579843
2022-06-24,0.6903502941131592,0.7699948477970592,1.0401930839365554,1.052011489868164,1.2260762453079224,0.007416197175607574,0.10025193584073439,0.6286184787750244,0.09830714890086321
2022-06-27,0.6943383812904358,0.7753680790381844,1.0446155360604399,1.0566133260726929,1.228244662284851,0.0074040072426772505,0.10163634775779909,0.6314287781715393,0.09884079509181913
2022-06-28,0.6922522783279419,0.7770611284540494,1.045850057191559,1.0580891370773315,1.2267379760742188,0.00738361588973608,0.10211938112641443,0.6294097900390625,0.09916139278512959
2022-06-29,0.6904398798942566,0.7768197057874338,1.045270658190553,1.0523545742034912,1.218976974487305,0.0073504011226589215,0.1018809246483638,0.6237096786499023,0.09859784005044533
2022-06-30,0.6880465745925903,0.776198669509808,1.0480202872426896,1.04465913772583,1.2131799459457395,0.007321233532223716,0.10115928726894834,0.6225099563598633,0.09786478894376968
2022-07-01,0.6897598505020142,0.7767774812343311,1.0470217616337147,1.0477677583694458,1.2160863876342771,0.00736452972517525,0.10162354254442062,0.6240288615226746,0.09772620602266674
2022-07-04,0.6815796494483948,0.7760360273683665,1.0434056640830525,1.0433948040008545,1.2102727890014648,0.007405048802408268,0.10033411661950299,0.6208789348602295,0.09711377658893156
2022-07-05,0.6873797178268433,0.7777682691135355,1.040766866012591,1.0433186292648315,1.211445689201355,0.007361602083031449,0.10186484151572056,0.6215696930885315,0.09678134216808644
2022-07-06,0.6793201565742493,0.7671770780299173,1.0325266636715553,1.0257673263549805,1.19491446018219,0.007378930415389106,0.09937058485656562,0.6165912747383118,0.09509093380690657
2022-07-07,0.6786000728607178,0.7672241595534984,1.0307153140993368,1.0186411142349243,1.1923214197158811,0.007354779686550997,0.09870304097230086,0.6155001521110535,0.09488881800268312
2022-07-08,0.6849000453948975,0.7712478884849764,1.026904904884441,1.0169836282730105,1.2028049230575562,0.0073576482110976815,0.09930161505661345,0.6179094910621643,0.09509952348479621
2022-07-11,0.6845798492431641,0.7723796860450738,1.022777274263245,1.0166114568710327,1.2016630172729492,0.00733670360169724,0.09962044369259236,0.6186090111732483,0.09490628672147752
2022-07-12,0.6743316054344177,0.7695386075259604,1.017563155335563,1.004752516746521,1.1900936365127563,0.007278656043074859,0.09808441046094273,0.6122311353683472,0.0942113669523291
2022-07-13,0.674700140953064,0.7673831286928436,1.018464770781601,1.0033109188079834,1.1877753734588623,0.007313897979738798,0.09748574728728499,0.612321138381958,0.09466111205248783
2022-07-14,0.6732302308082581,0.7691775449078462,1.019575884499711,1.0032706260681152,1.186380386352539,0.00726596300563141,0.09776203173656044,0.6108586192131042,0.09446215337559936
2022-07-15,0.6754885315895081,0.7628929152592716,1.0172940181977896,1.0025665760040283,1.1839643716812134,0.00719595324255455,0.09779950735378469,0.6130305528640747,0.09458428955614363
2022-07-18,0.6814774870872498,0.768674936379074,1.0250102456938148,1.009631872177124,1.1888344287872314,0.007229926352627037,0.0983465932948898,0.6189689040184021,0.09556940105068594
2022-07-19,0.6810198426246643,0.7703388510624543,1.0230178803564378,1.0145177841186523,1.194828748703003,0.0072343717435613035,0.09920792682476845,0.6153202652931213,0.09633344814112889
2022-07-20,0.6897978782653809,0.77694647895464,1.0322047805902472,1.0231330394744873,1.2003505229949951,0.007236361568533487,0.10099959718674141,0.6233597993850708,0.09780391330938765
2022-07-21,0.6887384057044983,0.7762166971837997,1.0293678669320643,1.0182781219482422,1.1971746683120728,0.007225694346822523,0.1003089502197549,0.6225215792655945,0.09765119565385426
2022-07-22,0.692290186882019,0.7765181203588053,1.0349824116328132,1.0221081972122192,1.1996161937713623,0.007294052046471535,0.10055546514583993,0.6243990063667297,0.098082006703141
2022-07-25,0.6904694437980652,0.7737183566778639,1.0384215996834454,1.0200231075286863,1.1986957788467407,0.007336111464655504,0.10090817511577857,0.6233908534049988,0.09779664323945411
2022-07-26,0.6951202750205994,0.7781677611060832,1.0370324034302665,1.022494912147522,1.2055164575576782,0.007329712468496754,0.10169939643334013,0.625840961933136,0.09820906252686856
2022-07-27,0.6947387456893921,0.7767774812343311,1.0392417900521986,1.0129557847976685,1.2036880254745483,0.007300868738320849,0.10114619219663286,0.624130129814148,0.09701673646400043
2022-07-28,0.6994900107383728,0.7802076738484656,1.0436343262381171,1.0209290981292725,1.2163082361221311,0.00734694518153802,0.10280397746574652,0.6260290145874023,0.09785520849207795
2022-07-29,0.7000839710235596,0.7808230067325744,1.0477567851636003,1.0192328691482544,1.2173447608947754,0.007440642100528143,0.10277080791406258,0.6295682787895203,0.09799272000037382
2022-08-01,0.6971215605735779,0.7802990445843283,1.049240890837012,1.0208247900009155,1.2167373895645142,0.0074958586684762745,0.10324680529191867,0.6279119849205017,0.0983341240443127
2022-08-02,0.7023902535438538,0.7786282229674408,1.052520782108795,1.0261356830596924,1.2254151105880735,0.007600400941560901,0.10378363655061063,0.6331799030303955,0.09883219631920344
2022-08-03,0.6890298128128052,0.7759216083685423,1.0433185872241542,1.015568733215332,1.214299559593201,0.007497432253007221,0.10224541372116884,0.6221303939819336,0.09751122157965471
2022-08-04,0.693899929523468,0.7779921707459604,1.040377048574447,1.015764594078064,1.2138278484344482,0.007464803138825793,0.10291570416132087,0.6267392039299011,0.0978651725662131
2022-08-05,0.6959198713302612,0.7769887218832071,1.0481301516367476,1.024779200553894,1.215849757194519,0.007540283842166727,0.10286679827953647,0.6297110319137573,0.09895081986395886
2022-08-08,0.6902502179145813,0.7725288466302483,1.0392417900521986,1.0170871019363403,1.2059526443481443,0.007404280780594855,0.10171595030102731,0.6239704489707947,0.09799118152632373
2022-08-09,0.6987700462341309,0.7777864418877182,1.0472520116442787,1.0197629928588867,1.208473801612854,0.007416197175607574,0.10290140316526701,0.6289387345314026,0.0987548002326244
2022-08-10,0.6957005858421326,0.7760420579128905,1.048031285739237,1.0208144187927246,1.207423210144043,0.007397161163323688,0.10284902034213039,0.6285789608955383,0.09840088797432171
2022-08-11,0.7078142762184143,0.7828401337562927,1.0612331285429197,1.0300782918930054,1.2212995290756226,0.007528419680908318,0.10510936847029692,0.64063960313797,0.09957174433728533
2022-08-12,0.7102898359298706,0.7835209503341818,1.0623379911097062,1.0316723585128784,1.2196162939071655,0.007519136015291602,0.10504311664831259,0.6434219479560852,0.09940061554713917
2022-08-15,0.7116677761077881,0.7825031981613814,1.0617965617144771,1.0256409645080566,1.2127974033355713,0.007502551183366719,0.10429518819764419,0.6449490785598755,0.09799559561116221
2022-08-16,0.7020002603530884,0.7749775413226729,1.0571271677302176,1.0161981582641602,1.205690860748291,0.007510721252031365,0.10308215420876982,0.6362901926040649,0.0968435806456916
2022-08-17,0.7019400596618652,0.7784887628911615,1.0530084415958147,1.0170663595199585,1.209818959236145,0.00744729219178641,0.10348057365827201,0.6343407034873962,0.09676598034090349
2022-08-18,0.693040132522583,0.7741256281240091,1.0511488839839664,1.0180189609527588,1.2045146226882937,0.007410481371463722,0.10300570169156797,0.6276084780693054,0.09623157484750443
2022-08-19,0.691119909286499,0.7723737122858643,1.0453799468213338,1.0089900493621826,1.193274736404419,0.007364041485209048,0.1027774562301217,0.6245003938674927,0.0951770905333116
2022-08-22,0.6877105832099915,0.7692130222690653,1.0429703602419373,1.0035223960876465,1.1818095445632937,0.007297086253951206,0.10187656932953462,0.6176198124885559,0.09438200871761922
2022-08-23,0.6878700256347656,0.7663950796397436,1.0369141505840531,0.9939467906951904,1.1766505241394043,0.007270294751123642,0.10183963338446798,0.6176690459251404,0.09339858379352295
2022-08-24,0.6923002004623413,0.7717240489797661,1.0369356199641868,0.9966909885406494,1.18327796459198,0.0073135233447763365,0.10308279263437617,0.620728611946106,0.09407231281527306
2022-08-25,0.6907985806465149,0.770992206447704,1.0347039823841708,0.9969095587730408,1.1791757345199585,0.007294957334027921,0.10309278553230808,0.6181692481040955,0.09425603891570893
2022-08-26,0.6963981986045837,0.7729409200997528,1.0377211770576824,0.9971283078193665,1.1824007034301758,0.007322627461886549,0.10349342215455419,0.6216701865196228,0.0945050022734534
2022-08-29,0.6866905689239502,0.7656205435019016,1.0325245031397523,0.993867814540863,1.1694538593292236,0.007271669349418824,0.10213158542704956,0.6112992763519287,0.09393658015900425
2022-08-30,0.6907508373260498,0.7691538481357669,1.0339978580736184,1.0014019012451172,1.172250509262085,0.007215215808562498,0.10274324672563319,0.6160708069801331,0.09388437542361303
2022-08-31,0.6857398152351379,0.7639711526166758,1.0267783931446335,1.0025062561035156,1.1659767627716064,0.007208038740568568,0.10196164458581583,0.6132185459136963,0.09372897172870714
2022-09-01,0.6828502416610718,0.7609654816313816,1.0213774214634066,1.003905177116394,1.1598505973815918,0.007178956770599929,0.10050119480885934,0.6111199259757996,0.09367400984323225
2022-09-02,0.6795302033424377,0.760745545521943,1.019066756547315,0.995232880115509,1.154894471168518,0.007138727202933919,0.0995507297864006,0.6084908843040466,0.09269652914009405
2022-09-05,0.6790295243263245,0.7608786513723123,1.0169319382041626,0.9909427762031556,1.1474601030349731,0.007118096361055706,0.09939508469345121,0.6086316108703613,0.09232842905472931
2022-09-06,0.6813998818397522,0.7616726637534285,1.0220768685483639,0.9952229857444764,1.156644344329834,0.007120985915799035,0.10059320265638903,0.6105490922927856,0.09274906160851039
2022-09-07,0.6730109453201294,0.7602365987877517,1.0157233795297778,0.98979514837265,1.151185154914856,0.006985630510287006,0.09967983086552136,0.6033000349998474,0.09258058982231201
2022-09-08,0.6751401424407959,0.7616204525121212,1.0235833570917696,0.9995701909065248,1.1519808769226074,0.006938276799088843,0.09986717723334348,0.6062516570091248,0.09343367064438632
2022-09-09,0.6765899658203125,0.7644792613121153,1.0323646488731637,1.0012015104293823,1.1521600484848022,0.0069513957046153235,0.09973808404138912,0.6070399284362793,0.093503998533293
2022-09-12,0.6846998333930969,0.7678722400069422,1.0417534912760402,1.0071406364440918,1.16193950176239,0.007012819776117526,0.1013643611144032,0.611291766166687,0.09452376142507522
2022-09-13,0.689398467540741,0.7704219811873796,1.0495382297682794,1.0129557847976685,1.1689754724502563,0.007013360121423934,0.10165597554694174,0.6146697402000427,0.09546193124835674
2022-09-14,0.6743001937866211,0.7597283325796677,1.0413087065370776,0.9982032775878906,1.1506155729293823,0.006925015593859501,0.09907552276856946,0.6005104780197144,0.09360053508667711
2022-09-15,0.6751797795295715,0.7598495193946861,1.039615617964738,0.9984025359153748,1.1544944047927856,0.006996774283779753,0.09914880982773848,0.6016883254051208,0.09353198080222412
2022-09-16,0.6687299013137817,0.7548879003425816,1.039717219396782,0.9988313317298888,1.1452654600143433,0.006975202885530402,0.0981930510579031,0.595770001411438,0.09308863641912152
2022-09-19,0.6726998686790466,0.7542502174111635,1.0381952158115029,1.002234935760498,1.1433144807815552,0.00700451794400041,0.0982327904362578,0.5995599627494812,0.09316452097271459
2022-09-20,0.6733698844909668,0.7550931110488813,1.0372475709974054,1.0029587745666504,1.1443217992782593,0.006982118442664562,0.09800366470689123,0.5966800451278687,0.09290788122475342
2022-09-21,0.6694202423095703,0.7483349460739215,1.0376673276553987,0.997078537940979,1.138057827949524,0.006963691070789698,0.09678583553120175,0.5901898741722107,0.09181555805847066
2022-09-22,0.661010205745697,0.7419113161842308,1.0331219166692633,0.983071506023407,1.1255937814712524,0.006929238890733908,0.09647806518316208,0.5829408168792725,0.09014897446101741
2022-09-23,0.66454017162323,0.7423298583463315,1.024905174430787,0.9841550588607788,1.126417875289917,0.0070283947749478735,0.09617603901574971,0.5848295092582703,0.0903791416784513
2022-09-26,0.653069794178009,0.7363336315145507,1.0179049338661537,0.968992292881012,1.0797386169433594,0.006968106897326429,0.09443842570080888,0.5741912722587585,0.08851923332451442
2022-09-27,0.6476000547409058,0.7293626755619046,1.007932446986602,0.9623712301254272,1.077284336090088,0.006922379377782285,0.0927222344889863,0.5665497779846191,0.08833383709876937
2022-09-28,0.6438001394271851,0.728730208412332,1.0085525380456624,0.959619164466858,1.072754144668579,0.006911280173971568,0.09266595703032657,0.5631391406059265,0.08801886866891372
2022-09-29,0.6504995822906494,0.7337887777467826,1.022892324486021,0.9708172082901,1.0835996866226196,0.0069253039145994715,0.0934876506281362,0.5718501210212708,0.08908265617156186
2022-09-30,0.6512998938560486,0.7312881647130739,1.0257146789148437,0.9829555749893188,1.1169440746307373,0.006923721373461111,0.09366891381324728,0.5742308497428894,0.08978925672557134
2022-10-03,0.6420958042144775,0.7253051412867751,1.014558917466208,0.9792688488960266,1.114057183265686,0.006905314603482308,0.09196755609263484,0.5618608593940735,0.09008724641762691
2022-10-04,0.6501798629760742,0.7337779943613056,1.0074957390510937,0.983206868171692,1.1334141492843628,0.006919505528181919,0.09399998171234486,0.5719612836837769,0.09088166331637952
2022-10-05,0.6514102220535278,0.7404445399306621,1.0217739745941672,0.998432457447052,1.1451343297958374,0.006954731527688238,0.0957817696794891,0.5737300515174866,0.09218458825838968
2022-10-06,0.651269793510437,0.7354131064296554,1.0190355602813395,0.9910998940467834,1.13553786277771,0.00692285834105345,0.09539408685045293,0.5776006579399109,0.09155941050316828
2022-10-07,0.6414409279823303,0.7277490880805804,1.0101315911712854,0.9789045453071594,1.1162084341049194,0.006894697218681498,0.09326548379441775,0.566068708896637,0.08976999315794194
2022-10-10,0.6369832158088684,0.728220763031151,1.005469752153129,0.9735012650489808,1.1072726249694824,0.006873702842408699,0.09342433044067072,0.56067955493927,0.0890763826651319
2022-10-11,0.6294810771942139,0.7259527829115416,1.0004902500120012,0.9710057377815248,1.107640504837036,0.00686464315974698,0.093683835282072,0.5572396516799927,0.08854063272959219
2022-10-12,0.6266409754753113,0.7250842737006846,1.002405754787715,0.9700167775154114,1.0967799425125122,0.006855419438361059,0.09298943305121932,0.5584813952445984,0.0881208656682376
2022-10-13,0.6277306079864502,0.7238142210212064,1.0026168578618115,0.9707984328269958,1.11055588722229,0.006814913779943672,0.09291417912927515,0.561138927936554,0.08827925102189402
2022-10-14,0.630099892616272,0.7267389356212111,0.9985919778449595,0.975134015083313,1.1303905248641968,0.006789188929362227,0.09452590872388815,0.5639108419418335,0.08891560167883554
2022-10-17,0.6223937273025513,0.721761120923567,0.9963434422952531,0.973937451839447,1.124416708946228,0.006728026094918593,0.09398231432130194,0.5576000809669495,0.08870202517804467
2022-10-18,0.6298815608024597,0.729240367083495,1.0045203131486045,0.9846396446228028,1.1353960037231443,0.006712716211256767,0.09509771227903174,0.5656684637069702,0.08984839043797938
2022-10-19,0.6316401362419128,0.7285337601159454,1.0063601961324402,0.9863878488540648,1.134429931640625,0.006702008608424082,0.09490610633311376,0.5694792866706848,0.09032012438035927
2022-10-20,0.6263701915740967,0.7260687748832342,0.9952130494911766,0.9766482710838318,1.1211013793945312,0.006674631765262685,0.09413066687708754,0.566270649433136,0.08908852939814589
2022-10-21,0.6274706721305847,0.7258316152900559,0.9962044132647095,0.9778899550437928,1.1221455335617063,0.006658853839093008,0.09375199214131823,0.5669191479682922,0.08873319089099016
2022-10-24,0.6371902227401733,0.732804752787173,1.0021245220303283,0.9860085844993592,1.1344685554504397,0.006765030194686618,0.09526304868356644,0.5763987898826599,0.08936239333750014
2022-10-25,0.6329598426818848,0.7301828649957705,1.000600340546843,0.9886503219604492,1.1307740211486816,0.0067165034171809915,0.09526748872113779,0.5704994797706604,0.0897350308470159
2022-10-26,0.6385700106620789,0.7343923177695703,1.0053585875615787,0.9963731169700624,1.146223783493042,0.006757670150506026,0.09615754425287794,0.5743198990821838,0.09118072788686304
2022-10-27,0.6493498086929321,0.7378984367151932,1.015218090872377,1.009193778038025,1.1638191938400269,0.00684303434945126,0.0977408174100831,0.5839995741844177,0.09224896529851616
2022-10-28,0.6450905799865723,0.7372184955311785,1.009652264517905,0.9967803955078124,1.1566041707992554,0.006836484855907124,0.09736946913481541,0.5828015208244324,0.09127668768243133
2022-10-31,0.6401310563087463,0.7348564234218244,1.0036029222014065,0.9955002665519714,1.159595012664795,0.00676535074249456,0.09693566822430424,0.5801911354064941,0.09119228157857226
2022-11-01,0.6409898996353149,0.7347160490626524,0.9985919778449595,0.9886307716369628,1.146815299987793,0.006723276678182631,0.09632593488636658,0.5825197100639343,0.0907604115247068
2022-11-02,0.6396700143814087,0.7343222446572475,1.0003000801982662,0.9877909421920776,1.1489498615264893,0.006760639863367732,0.09665580408528066,0.5847885012626648,0.09084640446289062
2022-11-03,0.6338501572608948,0.7291180362453525,0.996730679910453,0.9814409017562866,1.1384334564208984,0.0067616910418117565,0.09558740011453247,0.5813412666320801,0.09001532424500558
2022-11-04,0.6288517117500305,0.7276749114609253,0.9867577253659873,0.9749630093574524,1.1171187162399292,0.006738862101345345,0.09453207849028653,0.5769208669662476,0.08936949934803773
2022-11-07,0.6439315676689148,0.7400554754357414,1.0032706789083607,0.9928810596466064,1.1331573724746704,0.00681008694249791,0.09750038657937739,0.5894210338592529,0.09147482408838663
2022-11-08,0.6474796533584595,0.7410975789033257,1.0112450667252217,1.0018634796142578,1.1517950296401978,0.0068201661957613315,0.09783969560950415,0.5940182209014893,0.09222029351983262
2022-11-09,0.65091872215271,0.7454120008854014,1.0157956398303982,1.008084774017334,1.1552680730819702,0.006882549382995453,0.09777082817591133,0.5963206887245178,0.09304593083332853
2022-11-10,0.6434178352355957,0.7392895174176518,1.0167768135447934,1.0019538402557373,1.1368157863616943,0.0068395242598246935,0.0964329476785485,0.5886300206184387,0.09193119994178552
2022-11-11,0.6606900691986084,0.7501031227620035,1.0363661173611913,1.0192224979400637,1.1695632934570312,0.007055470428033954,0.09901019641406056,0.6017788648605347,0.09437754889793283
2022-11-14,0.6698821187019348,0.7544892137358531,1.0592659129814501,1.0328551530838013,1.1799131631851196,0.007165736634905084,0.10075262569600507,0.610530436038971,0.09619944768913748
2022-11-15,0.669189989566803,0.7504859061930192,1.0602205346597346,1.0319278240203855,1.175249695777893,0.0071369943317654725,0.09963274904410327,0.6089985370635986,0.09533142611568098
2022-11-16,0.6769499778747559,0.7533807847399179,1.0605465881934244,1.0357863903045654,1.1880435943603516,0.007196056750640427,0.10020723284189,0.6165608167648315,0.09560777703092309
2022-11-17,0.6739497780799866,0.7498781581009041,1.058895799923088,1.039501070976257,1.191525936126709,0.007177616997424158,0.1000024986891419,0.6150288581848145,0.09537761796451175
2022-11-18,0.6689200401306152,0.7506718688477646,1.0496704126139518,1.036172866821289,1.1860145330429075,0.0071218982832178205,0.09883151630677228,0.6128915548324585,0.09438218711917387
2022-11-21,0.6682080030441284,0.7475573587044776,1.0489547382201687,1.0330898761749268,1.1886366605758667,0.007129971960332133,0.09852168057442666,0.6167814135551453,0.09412252167600807
2022-11-22,0.6607800126075745,0.7436990084909234,1.043373024779495,1.0245691537857056,1.1827600002288818,0.007037396369517001,0.09756744808945891,0.6098490357398987,0.09344353732609377
2022-11-23,0.66498202085495,0.7483629854093177,1.0514252309477143,1.0311086177825928,1.1894567012786863,0.007084410815401242,0.09904382643225317,0.6156498193740845,0.09409231900700271
2022-11-24,0.6743502020835876,0.7494229423832193,1.0630381692129431,1.04162335395813,1.2073503732681274,0.007179884840940068,0.10069154763166831,0.6252813935279846,0.09586073454991917
2022-11-25,0.6765598058700562,0.7498162913402585,1.060029486093555,1.040810227394104,1.2113430500030518,0.007214851214610778,0.10093669393669047,0.6259702444076538,0.09628011967435529
2022-11-28,0.6711905002593994,0.7457343848955105,1.0555426474445495,1.0367528200149536,1.2054728269577026,0.007189072294186807,0.10092039271885915,0.6216701865196228,0.09564271165972087
2022-11-29,0.665198802947998,0.7412953595163302,1.0539739936820172,1.034554123878479,1.1960291862487793,0.007208818130459193,0.09988452908882,0.616401195526123,0.0948004822766234
2022-11-30,0.668408989906311,0.7361818381272077,1.0478775241378169,1.0324499607086182,1.1946860551834106,0.007207467189395732,0.09992455456747906,0.6196900010108948,0.09439260354100092
2022-12-01,0.6799598932266235,0.7456009576562593,1.059456686385219,1.042535424232483,1.207749843597412,0.007280193122408134,0.10180459226308167,0.6314406991004944,0.09547122263413554
2022-12-02,0.6811015009880066,0.7442968439593793,1.0679311168154686,1.052842140197754,1.2259259223937988,0.0073991864236851645,0.10293551599056301,0.6369791626930237,0.09711613312235144
2022-12-05,0.6813009977340698,0.7438262154909114,1.0678626676402505,1.0544185638427734,1.2297248840332031,0.007436326117213366,0.10253003491830899,0.6404590606689453,0.09694779427625096
2022-12-06,0.6707807779312134,0.7359434505122235,1.0612331285429197,1.0496923923492432,1.2192445993423462,0.007317858887570661,0.10057640442346799,0.6322599649429321,0.09616087754724174
2022-12-07,0.6698821187019348,0.7326329108772294,1.0615373041374367,1.0469011068344116,1.213300704956055,0.007305348891829984,0.09992066007463632,0.6324390769004822,0.0960826149803794
2022-12-08,0.6726998686790466,0.7326544107044335,1.0635242993188068,1.051325798034668,1.2212398052215576,0.007332399851642422,0.09985421484231748,0.6354088187217712,0.09638721669980302
2022-12-09,0.6776500344276428,0.7354184576653927,1.0685359170123159,1.0559661388397217,1.2236007452011108,0.007319894092962968,0.10039757814741067,0.637860894203186,0.0968689083134105
2022-12-12,0.6781408190727234,0.7323163824446769,1.0695301682099334,1.0522217750549316,1.2239153385162354,0.007314646548412321,0.10031448727992565,0.6393207907676697,0.09678677356222522
2022-12-13,0.6754000186920166,0.7336595905307749,1.0686729287618304,1.0541739463806152,1.2270842790603638,0.0072725158248461794,0.10019337783628948,0.638781726360321,0.09686918572962107
2022-12-14,0.6842299699783325,0.7377133633755908,1.0764494474357198,1.062665343284607,1.235666275024414,0.00737550155402547,0.10227887344743192,0.6453902721405029,0.09789898882389216
2022-12-15,0.6857798099517822,0.7379964619558198,1.0818412666478379,1.0676347017288208,1.2419428825378418,0.0073883614592600115,0.1029047962622898,0.6453902721405029,0.09840902395553455
2022-12-16,0.6705918908119202,0.7321608727479153,1.07800437403141,1.064056158065796,1.2189176082611084,0.007259475057185424,0.10149090316388627,0.6343004107475281,0.0966912236275014
2022-12-19,0.6687487363815308,0.730534894272579,1.0699993258778528,1.05850350856781,1.2160272598266602,0.007315823996920781,0.10175942244819987,0.6371496915817261,0.09728308094757337
2022-12-20,0.6707807779312134,0.7329766112826528,1.0767391902604526,1.0614584684371948,1.2153326272964478,0.0072995367396056,0.10108709190671625,0.6361606121063232,0.09628373554551642
2022-12-21,0.6688498258590698,0.7353265303904171,1.0796920500756488,1.062699317932129,1.2189176082611084,0.007581961096635528,0.1012196933666184,0.6344292163848877,0.0960015351807994
2022-12-22,0.6716818809509277,0.7346081498113697,1.0795638687616769,1.0610079765319824,1.2077397108078003,0.007554582132564842,0.10171584176587244,0.6289505958557129,0.09601618925310132
2022-12-23,0.6678001284599304,0.7333098646893096,1.0741138626703854,1.060333013534546,1.203992486000061,0.007555324165554934,0.10139375608644793,0.6251992583274841,0.09565268396025772
2022-12-26,0.6712490320205688,0.7358513919504499,1.0719492504342656,1.0667804479599,1.206000566482544,0.007530687932525331,0.10170063926609368,0.6292901635169983,0.09524217826372242
2022-12-27,0.674458920955658,0.7376263097897409,1.0729498668278958,1.064022183418274,1.208415389060974,0.007532161903783344,0.10190532131718412,0.6306999325752258,0.09539645613068175
2022-12-28,0.6729927659034729,0.7393715550497498,1.0761945833797593,1.0637166500091553,1.2027326822280884,0.007491422746188961,0.1018389014666167,0.6273289918899536,0.09554429558068818
2022-12-29,0.6747100949287415,0.7353265303904171,1.077923061686127,1.062925100326538,1.2028483152389526,0.007460793720255755,0.10125608313270278,0.6318396925926208,0.09568709257796655
2022-12-30,0.6766000390052795,0.7378984367151932,1.0835997032588436,1.066075325012207,1.2056326866149902,0.007523548686725407,0.10121774901477913,0.6345902681350708,0.0956736386723779
2023-01-02,0.6823097467422485,0.7392020914695405,1.0824853962812069,1.0709733963012695,1.2120330333709717,0.007642630522149238,0.10236996880993116,0.6374799013137817,0.09617049072193994
2023-01-03,0.6805600523948669,0.7375174892743294,1.0822510532088843,1.0677714347839355,1.206287145614624,0.0076456102838684805,0.10159700662750096,0.6326391100883484,0.09581765462875383
2023-01-04,0.6727999448776245,0.7313095856857832,1.0686043844635826,1.0546854734420776,1.1969740390777588,0.007619163656812575,0.09911539892119973,0.6247110962867737,0.09463280889709554
2023-01-05,0.6829108595848083,0.7415591875688752,1.0757430847992924,1.0606365203857422,1.2057054042816162,0.007561665255546579,0.0991887356249426,0.6285117864608765,0.09521034513223472
2023-01-06,0.6755697727203369,0.7374685370002942,1.0685701496412052,1.0522217750549316,1.1912277936935425,0.007501481157931269,0.09760230348942271,0.6230801343917847,0.09368137454431358
2023-01-09,0.689398467540741,0.7443134201925902,1.0788999670617245,1.0656323432922363,1.2116365432739258,0.007583686002813333,0.10014069296729987,0.6359097957611084,0.0950959960096132
2023-01-10,0.6909699440002441,0.7466196725542813,1.0858588270959872,1.073318362236023,1.2184869050979614,0.007591342607522398,0.10126561741136328,0.6369507908821106,0.09618168499566228
2023-01-11,0.6895001530647278,0.7444409035480226,1.0843164247554713,1.0738946199417114,1.2154507637023926,0.0075699655241758725,0.10017329631759656,0.6371902227401733,0.09603011784427141
2023-01-12,0.6910998225212097,0.7446016079850161,1.0742061560561922,1.0766000747680664,1.215953350067139,0.007581386594610178,0.10011944716301052,0.6367682814598083,0.0956150042943846
2023-01-13,0.6967815160751343,0.7476076595533823,1.0785159395172295,1.0860239267349243,1.2217769622802734,0.0077416160056398885,0.10118487244778815,0.638781726360321,0.09610570513057284
2023-01-16,0.6973500847816467,0.7464803484247942,1.079074558673385,1.082461953163147,1.2226732969284058,0.007810913348633519,0.10101111687174724,0.6385084390640259,0.0965670396054567
2023-01-17,0.6966398358345032,0.7463912135799188,1.0806254600505438,1.083012938499451,1.2207776308059692,0.007792956777604762,0.10144426426264895,0.6389898657798767,0.09622045725308806
2023-01-18,0.6988413333892822,0.7468259969911896,1.0846928132219487,1.0793308019638062,1.228471040725708,0.007795386334093967,0.10124521135687137,0.6432895064353943,0.09598974133074523
2023-01-19,0.6944000720977783,0.7409712379488279,1.091774586233041,1.0797853469848633,1.234766125679016,0.007779739912430442,0.10087661533988819,0.6445499658584595,0.09684197965939399
2023-01-20,0.691399872303009,0.7427323663873684,1.0922993076420708,1.083388328552246,1.239326238632202,0.007789982379348939,0.10104225457160178,0.6395497918128967,0.09701174594331094
2023-01-23,0.6982703804969788,0.7478872023913538,1.087086515408704,1.086507797241211,1.240633249282837,0.007730723207646169,0.10156975651081787,0.648908257484436,0.0973034288412257
2023-01-24,0.702928364276886,0.7479375476398922,1.0849870113005469,1.0874292850494385,1.2379761934280396,0.00765714372508779,0.10185871641480197,0.6490219235420227,0.09768964205233811
2023-01-25,0.7046719789505005,0.747674760096064,1.0842459291700601,1.088814616203308,1.232923984527588,0.007678191725862687,0.10141637996169185,0.6493295431137085,0.09804325091035233
2023-01-26,0.7108199596405029,0.747373002349849,1.0905482012589016,1.0922038555145264,1.2412492036819458,0.007737722198582331,0.10112961842418201,0.6484116911888123,0.09812464042288702
2023-01-27,0.7113898396492004,0.7509706496320528,1.0867202896881631,1.0894432067871094,1.2415266036987305,0.007704160065398839,0.10149625710676392,0.6490893363952637,0.09741746755796801
2023-01-30,0.7107977271080017,0.7516988390105573,1.0859414114415726,1.0871455669403076,1.2400301694869995,0.007700956227133086,0.10112553190730146,0.6492199301719666,0.09711707756670122
2023-01-31,0.7058099508285522,0.747171965802526,1.08075396321812,1.0850694179534912,1.2353609800338743,0.007664068317983991,0.10022992425900709,0.6468890905380249,0.09620749732845132
2023-02-01,0.7051399946212769,0.751540645206606,1.0914051955344624,1.0860947370529177,1.2308903932571411,0.007685804283367592,0.10019508197723839,0.6438201069831848,0.0959108445945328
2023-02-02,0.7145000696182251,0.7532956766674057,1.1022198699624612,1.1012852191925049,1.2390038967132568,0.007774720082910101,0.10121150609855269,0.6516398787498474,0.09705015745790517
2023-02-03,0.7074687480926514,0.7509424145542646,1.095050347386984,1.09051251411438,1.222299575805664,0.007767231470751163,0.09956350950888411,0.6477187275886536,0.09634190084734301
2023-02-06,0.6920798420906067,0.7462853686981243,1.0795289281330098,1.079086184501648,1.2045146226882937,0.007575240927939273,0.09782343017135445,0.6327711939811707,0.09513000521294604
2023-02-07,0.6887801885604858,0.7439922633250815,1.0777372113900652,1.0730764865875244,1.2026747465133667,0.00754017019458255,0.09674155436402873,0.6308802366256714,0.09424182397963769
2023-02-08,0.6964598298072815,0.7468204119678467,1.085010587722562,1.0729728937149048,1.2054582834243774,0.007631140727219672,0.09695183696776978,0.6321991682052612,0.09461588464357888
2023-02-09,0.6930001974105835,0.7437709486284636,1.0858824414221957,1.0715816020965576,1.2071462869644165,0.00761110345902447,0.09698305144002223,0.6314606666564941,0.09447777131152763
2023-02-10,0.6939384341239929,0.7435663085344287,1.0846292806570297,1.0742292404174805,1.2116806507110596,0.007603464300577232,0.098260498235047,0.6327512264251709,0.09671740834210889
2023-02-13,0.6913477778434753,0.7486487058142531,1.0824971300678048,1.0677714347839355,1.2052258253097534,0.0076016148791960775,0.09871492555635972,0.6312298774719238,0.09567180553234012
2023-02-14,0.6970000863075256,0.7500131207019642,1.088589417284815,1.073041915893555,1.215214490890503,0.007556465369236691,0.09912708314859628,0.6361404061317444,0.0964236455022986
2023-02-15,0.6987583041191101,0.7495914986686512,1.0851518572111962,1.0735719203948977,1.2174336910247805,0.007519305969527627,0.0986595133902823,0.6335489153862,0.09657450157446013
2023-02-16,0.690689742565155,0.7467925545869974,1.0830012245496055,1.0691757202148438,1.2039779424667358,0.007468092581283709,0.09797389532979164,0.6279789805412292,0.09602568558148565
2023-02-17,0.6862400770187378,0.7422251621221498,1.0793773828410995,1.0665756464004517,1.197533130645752,0.007458567371453635,0.09751416875359142,0.6245394349098206,0.09565533661076975
2023-02-20,0.686940610408783,0.7417297337349654,1.0806721659548915,1.0684444904327393,1.2029786109924316,0.007445627920377589,0.0972024141531289,0.6236202716827393,0.09560850929737898
2023-02-21,0.6909002065658569,0.7433286481384369,1.0832123932829687,1.068261981010437,1.2039200067520142,0.007444021043535074,0.09770662778439046,0.6257705092430115,0.096734718014057
2023-02-22,0.686190128326416,0.7388307292201083,1.078167104817032,1.065200924873352,1.2109322547912598,0.007408724627893482,0.09713812095223476,0.6216199398040771,0.09649212811054132
2023-02-23,0.6812916994094849,0.7382580116266328,1.07383700891247,1.0605803728103638,1.204993486404419,0.007411140050824933,0.09660436098612776,0.6224014759063721,0.09602615165336165
2023-02-24,0.6810133457183838,0.7383779044896248,1.0710192758644441,1.0598047971725464,1.2017786502838137,0.007427875000524199,0.09705967075599051,0.6230801343917847,0.0959049584437395
2023-02-27,0.6735684871673584,0.735634893366103,1.0637958603484883,1.055475831031799,1.1952428817749023,0.0073316468248530026,0.0966071556897813,0.6165608167648315,0.0954016377140422
2023-02-28,0.6743001937866211,0.736702551820124,1.0688328542642838,1.0611205101013184,1.2061562538146973,0.007335842119101991,0.09676232815896182,0.6164202094078064,0.09626306950718072
2023-03-01,0.6730788350105286,0.7328584659155092,1.0617198932054028,1.0577309131622314,1.2033549547195437,0.007334173931250848,0.09631749382868689,0.6186893582344055,0.09556520282506173
2023-03-02,0.6759798526763916,0.7358568141165496,1.0644299523445804,1.066894292831421,1.2029930353164673,0.0073424673495705054,0.0963639025388141,0.6256999969482422,0.0958746093061394
2023-03-03,0.6735000014305115,0.7355753543996503,1.0617176759636593,1.0599732398986816,1.1951572895050049,0.007315021298458696,0.09576012043074228,0.6221303939819336,0.09521478890409045
2023-03-06,0.6754611730575562,0.7351319859753154,1.0674637027565748,1.0626201629638672,1.2028483152389526,0.00736051814741275,0.09626028583882026,0.6209598779678345,0.09543623942393273
2023-03-07,0.6733099818229675,0.7344193219878383,1.074471639520655,1.0688328742980957,1.202645778656006,0.007352995625407418,0.09603085659451549,0.6198398470878601,0.09581104452693151
2023-03-08,0.6591001749038696,0.7273785453448806,1.0613120094412978,1.05507493019104,1.1827740669250488,0.007278496793167791,0.09357705451670886,0.6111199259757996,0.09326931646773914
2023-03-09,0.6594000458717346,0.724669171207183,1.0628461039307822,1.0549525022506714,1.185016632080078,0.007287248882299744,0.09369261631495093,0.6114711761474609,0.09326827116195749
2023-03-10,0.6591001749038696,0.7230135032033348,1.0719837021215635,1.0584698915481567,1.192250370979309,0.0073316468248530026,0.09380678544718035,0.6101207137107849,0.09327174730908053
2023-03-13,0.6634203791618347,0.7265435593134609,1.0888501865403444,1.0683646202087402,1.2079336643218994,0.007408505198196393,0.09414068132263952,0.6160799264907837,0.09392432066780054
2023-03-14,0.6659198999404907,0.7280563718497983,1.095901191575524,1.0725010633468628,1.2171372175216677,0.007512357918186415,0.09472091784014382,0.6216315627098083,0.09430367918675739
2023-03-15,0.6689097881317139,0.7305188624447686,1.0934937146918247,1.0727657079696655,1.215214490890503,0.007440642100528143,0.09480101366898085,0.6230685114860535,0.09552284055683273
2023-03-16,0.6618300080299377,0.7264854828184519,1.0740792739299663,1.0583354234695437,1.20692777633667,0.007522812881852832,0.09302178690018159,0.6164582371711731,0.09440926949898557
2023-03-17,0.6663401126861572,0.728910801357094,1.0762293084958092,1.0614134073257446,1.2110495567321775,0.007498050719617684,0.09305181807500613,0.6203396916389465,0.09524280977987833
2023-03-20,0.6713212132453918,0.7294052300164148,1.0790513089141276,1.0678855180740356,1.218769073486328,0.00755949340689813,0.09381399478097384,0.6273211240768433,0.09523265463149995
2023-03-21,0.6716899871826172,0.7314753856491584,1.0761945833797593,1.071914792060852,1.2276264429092407,0.007610813542732902,0.09392943611308482,0.6242586970329285,0.09646559486761114
2023-03-22,0.667789876461029,0.729458445926116,1.0852225408499168,1.0774236917495728,1.2225087881088257,0.0075558372289852415,0.09494855085147329,0.6192985773086548,0.09683944859911134
2023-03-23,0.6699314713478088,0.7290383214492245,1.0910836648857418,1.0870392322540283,1.227973222732544,0.007623171342105517,0.09577442970620709,0.6232509613037109,0.09715312409200609
2023-03-24,0.6681597828865051,0.7290223552389774,1.0912265203460687,1.0835057497024536,1.228154182434082,0.007641462255180485,0.09617131983804034,0.6246915459632874,0.09678209252177393
2023-03-27,0.665530800819397,0.7284700510916793,1.0870746819179569,1.077818512916565,1.224600315093994,0.00764257259050395,0.09561957311622349,0.6211102604866028,0.09614829513048996
2023-03-28,0.6660095453262329,0.7323807660437429,1.0928723000662866,1.0807071924209597,1.229755163192749,0.007620034495725009,0.09564344446141,0.620351254940033,0.0965060974363911
2023-03-29,0.6706907749176025,0.7356565052341569,1.0864841096378326,1.0839520692825315,1.2330456972122192,0.007630907925043003,0.09657580909419378,0.6253712773323059,0.09667636279820216
2023-03-30,0.6682482361793518,0.7372945658877615,1.0892059695275556,1.0843634605407717,1.2313603162765503,0.007542843121040097,0.09599499635456013,0.6221303939819336,0.09620241318900502
2023-03-31,0.6716818809509277,0.7395410311494535,1.0948345383514746,1.0904649496078491,1.238727569580078,0.0075074509182182034,0.09620454034169082,0.6269789338111877,0.09658569224216575
2023-04-03,0.6658897995948792,0.7406419720909109,1.0899064090570012,1.080333590507507,1.228697419166565,0.007499231321923752,0.0956949693647711,0.6224905848503113,0.09593614309030325
2023-04-04,0.6788502335548401,0.7443965766628533,1.095638250859595,1.091226577758789,1.2423131465911863,0.007558636349848513,0.09732360458647289,0.6302706599235535,0.09649342452106244
2023-04-05,0.6758081316947937,0.7441583853110872,1.104484232517106,1.0960105657577517,1.249843716621399,0.007605430241913631,0.09707323874138508,0.6315284371376038,0.09736529209095497
2023-04-06,0.6716683506965637,0.7432567935330359,1.1033143921520943,1.090334177017212,1.2463078498840332,0.007637435319945213,0.09569524883113782,0.6318516731262207,0.09605354351885728
2023-04-07,0.6676012873649597,0.7410152232787,1.1057054510306714,1.0920130014419556,1.243900179862976,0.007594801751291566,0.09577562817088203,0.6245706081390381,0.09595897847380185
2023-04-10,0.6673500537872314,0.7405213429124496,1.1058644070947106,1.0913575887680054,1.2431625127792358,0.007570194622708343,0.09531707560955102,0.6255004405975342,0.09555661590245748
2023-04-11,0.6648299694061279,0.7405542259955067,1.1003399814603265,1.086932897567749,1.239218831062317,0.00749237683582439,0.09509924748708136,0.6227386593818665,0.09516911737744721
2023-04-12,0.6654002070426941,0.7428040538506303,1.1075423873598278,1.0917507410049438,1.2431007623672483,0.007485366437561335,0.0947351835335171,0.6195096373558044,0.0957395911170325
2023-04-13,0.6699000597000122,0.7440476290788715,1.1163542629485146,1.0999890565872192,1.2492660284042358,0.007513994436277862,0.09584823931273613,0.6218286752700806,0.09680879124450337
2023-04-14,0.6783998608589172,0.7496251922294488,1.1248593943859666,1.1054610013961792,1.2525300979614258,0.0075479103888344,0.09705458598505624,0.6303500533103943,0.09744784153573732
2023-04-17,0.6705199480056763,0.7482229432161533,1.117568162487003,1.098659634590149,1.2400178909301758,0.007464302363471753,0.0963075681883476,0.6201512217521667,0.09677637583466459
2023-04-18,0.6700401306152344,0.7467144453314324,1.1129536934435487,1.0925379991531372,1.2375471591949463,0.007439092261838884,0.09543650869496918,0.618268609046936,0.09661387610087838
2023-04-19,0.6735698580741882,0.7467758012680559,1.1161959902354566,1.0975382328033447,1.2425447702407837,0.007460236583845473,0.0955809088670869,0.6215118169784546,0.09706457635794932
2023-04-20,0.6705514192581177,0.7425007592201546,1.1139578778356443,1.095218300819397,1.2428845167160034,0.007423684812381931,0.09448562904305656,0.6161999106407166,0.09658569224216575
2023-04-21,0.6743178963661194,0.7417957176516987,1.1206742261271976,1.0970927476882937,1.244090557098389,0.007462909218200589,0.09450742129165923,0.6179285645484924,0.09706844009316414
2023-04-24,0.6693485379219055,0.7386397246485882,1.121453366669688,1.0992271900177002,1.2449734210968018,0.007464859257058789,0.09447777131152763,0.614341139793396,0.09708615431422467
2023-04-25,0.6703805327415466,0.7388962634183895,1.1272813008700386,1.1059499979019165,1.25,0.007458011416210774,0.09503264091566943,0.6175889372825623,0.09767341736519602
2023-04-26,0.663640022277832,0.7343006468345165,1.1213024879869393,1.0978394746780396,1.2414803504943848,0.007478816334896137,0.09376104585570895,0.6147415041923523,0.09707634823118143
2023-04-27,0.6608380675315857,0.7336380316697364,1.122573821142041,1.1047282218933103,1.2471472024917605,0.007492601262044172,0.09412030818239794,0.6120887398719788,0.09695559311856582
2023-04-28,0.6630398035049438,0.735310352021409,1.1187183841265527,1.1032048463821411,1.249750018119812,0.007473729730518764,0.09426919027870552,0.6146394610404968,0.09726159580750816
2023-05-01,0.6612401008605957,0.7375121074481126,1.117568162487003,1.1010911464691162,1.2557607889175415,0.007332130778558933,0.09369840985172954,0.6172115802764893,0.09747576970761898
2023-05-02,0.6622801423072815,0.7378984367151932,1.1162334190540595,1.0969241857528689,1.2485953569412231,0.007271616905089067,0.09313033073659019,0.6164810061454773,0.09682857459461457
2023-05-03,0.6673001646995544,0.7342413236392727,1.1207621164435269,1.1010911464691162,1.2476606369018557,0.007327832390146248,0.0925651678640562,0.6226611733436584,0.09706099144620021
2023-05-04,0.6641517877578735,0.733573426838219,1.1319644231610015,1.1068925857543943,1.256897211074829,0.007432512433263215,0.09291366044605248,0.6208904981613159,0.0975200636359485
2023-05-05,0.6696098446846008,0.739480858239858,1.1296881758716741,1.102292776107788,1.2583364248275757,0.0074527310058332494,0.0936504923997662,0.6290218234062195,0.09785645046578068
2023-05-08,0.6747683882713318,0.7473841224281131,1.1221203273122056,1.10186767578125,1.2630568742752075,0.007396504131528118,0.09459932488854599,0.6299212574958801,0.09828782550971456
2023-05-09,0.6780994534492493,0.7478089306590315,1.1237091609951688,1.0996140241622925,1.2612725496292114,0.007403404192249923,0.09523428934303364,0.6338581442832947,0.09832068071798807
2023-05-10,0.6766906976699829,0.7476635647294867,1.1233935167295226,1.096467137336731,1.2624667882919312,0.007391638885235828,0.09464516862181803,0.6338782906532288,0.09814592984586262
2023-05-11,0.6781914234161377,0.7478256636984324,1.1244926041283367,1.098406195640564,1.2626996040344238,0.007457844221456642,0.09524717006514398,0.6371212005615234,0.09787991690751377
2023-05-12,0.669989824295044,0.741125013020432,1.1185682404182034,1.0912145376205444,1.2508130073547363,0.007435054735621384,0.09370455580244742,0.6294216513633728,0.0969011976988627
2023-05-15,0.6646903157234192,0.7377896007878332,1.113114740502703,1.0852696895599363,1.2450973987579346,0.007362577153654366,0.09367857080000883,0.6195594668388367,0.09628623763980006
2023-05-16,0.6703001260757446,0.7426661499898055,1.1167444545901486,1.0873701572418213,1.2525207996368408,0.00735050912168168,0.09439581559320252,0.6243288516998291,0.09667542690608964
2023-05-17,0.6657789945602417,0.7419938711219632,1.115635600878772,1.0865668058395386,1.2484394311904907,0.007329766573955975,0.09328645120733811,0.6237408518791199,0.0960783715451975
2023-05-18,0.6655617952346802,0.7425724019794476,1.1126663465175226,1.0838346481323242,1.2482805252075195,0.007266702599529354,0.09284102792581438,0.624609649181366,0.09574967106413594
2023-05-19,0.6629980802536011,0.7408669900114734,1.1051311559778645,1.0775396823883057,1.2412338256835938,0.007213966492745966,0.09162291701854687,0.6235813498497009,0.09467679585297836
2023-05-22,0.666100025177002,0.7413997935756018,1.1133501553639997,1.0822745561599731,1.2461059093475342,0.0072625859908200365,0.09200647587389506,0.6284209489822388,0.09519548658117821
2023-05-23,0.6649687886238098,0.7405816852803637,1.1132138581895143,1.0811045169830322,1.243440866470337,0.007211261257692555,0.09171838225923308,0.6286303400993347,0.0946899793927638
2023-05-24,0.6613581776618958,0.7407736956444374,1.1094961449853464,1.076971173286438,1.241726994514465,0.007215110954239599,0.09127835626254714,0.6250195503234863,0.0942206874044383
2023-05-25,0.6545102000236511,0.7359163986574097,1.1061947095206488,1.0757315158843994,1.2371032238006592,0.007179626844766753,0.09131877836958198,0.610608696937561,0.09337181202005716
2023-05-26,0.6498485803604126,0.7329658517541586,1.1049113556647199,1.072443604469299,1.2318304777145386,0.007141989988398189,0.0904690027000689,0.6053400635719299,0.09245049407835125
2023-05-29,0.6526989340782166,0.7348078237521064,1.1041305348873314,1.0723055601119995,1.2346898317337036,0.007098693019871271,0.09027877805230142,0.6057815551757812,0.09260287778462989
2023-05-30,0.6528502106666565,0.7352400391749009,1.1056320740809424,1.0707669258117676,1.234933853149414,0.007120428086186124,0.08997255799913474,0.6044487357139587,0.09246776142559875
2023-05-31,0.6517800092697144,0.735310352021409,1.1039964855763733,1.073306918144226,1.241187572479248,0.00715348479693462,0.08943184150056523,0.6046789884567261,0.09205704085236623
2023-06-01,0.6506401300430298,0.7371369349663524,1.099033953927638,1.0695186853408811,1.244694471359253,0.007187677502545288,0.09038976067284761,0.6025112867355347,0.09224921688422766
2023-06-02,0.657799482345581,0.7438815565329403,1.1042524790073296,1.0760787725448608,1.2525991201400757,0.007207311039307317,0.0904806265551444,0.6065789461135864,0.09253347377516975
2023-06-05,0.6599997878074646,0.7446959352030108,1.099239322030256,1.0698620080947876,1.2430236339569092,0.007132311473579344,0.09093802560927532,0.6058182716369629,0.09247956204289436
2023-06-06,0.6613494157791138,0.7436049995567768,1.1038745979861144,1.0711798667907717,1.2433171272277832,0.007174476310084159,0.09064556315428537,0.6070613265037537,0.09220915900789609
2023-06-07,0.6679089665412903,0.7463466541394859,1.10237782536121,1.0698047876358032,1.2428536415100098,0.007167071976164586,0.09015994254945066,0.6078399419784546,0.09162543893574347
2023-06-08,0.665860116481781,0.7478536648815347,1.0994568712351853,1.0707440376281738,1.2445859909057615,0.007148013818300883,0.09055272364318717,0.6042296290397644,0.091835967014316
2023-06-09,0.671259880065918,0.7483909600781811,1.1127183723972462,1.078271746635437,1.255950093269348,0.007201341988364189,0.09174817166628066,0.609440267086029,0.09259002369550022
2023-06-12,0.6744998693466187,0.749805031749546,1.1071745265894997,1.0750954151153564,1.25809907913208,0.007175093701232059,0.09300076506099646,0.6130606532096863,0.0924078588134933
2023-06-13,0.6753101944923401,0.7483349460739215,1.1009578544689869,1.0762988328933716,1.2515331506729126,0.007170514497763646,0.09268854010705303,0.6129103302955627,0.09249744404464608
2023-06-14,0.6769289374351501,0.7510495846606465,1.1046549839564705,1.078934907913208,1.260684370994568,0.007133837834072087,0.09396217805837043,0.6159418225288391,0.09364602617308264
2023-06-15,0.6796895265579224,0.7503901737141845,1.1110123233566458,1.084304690361023,1.26708984375,0.007144030549625755,0.09402472890828927,0.6196900010108948,0.0934483340354447
2023-06-16,0.688029944896698,0.7563209258687908,1.121528858724546,1.0945948362350464,1.278576135635376,0.007129209525396721,0.09525805521768727,0.623538613319397,0.09439412456492728
2023-06-19,0.6875999569892883,0.7576905481161401,1.1183180158999484,1.0942115783691406,1.2830382585525513,0.007048855399942091,0.0946521570958472,0.6232001185417175,0.09398319879667201
2023-06-20,0.6851379871368408,0.7570309067865411,1.1163454977295102,1.0924304723739624,1.2794759273529053,0.007047265910087787,0.09357749712215391,0.6202396750450134,0.09315045955781921
2023-06-21,0.6788820624351501,0.7561093906793107,1.11399515670331,1.0920368432998655,1.276535987854004,0.007075387925827185,0.09326522663497391,0.6166787147521973,0.09271870899638765
2023-06-22,0.6798702478408813,0.7598206815481574,1.1206993041560263,1.0992635488510132,1.277204513549805,0.007057760537344391,0.09395582147411868,0.6207093596458435,0.09395476072393234
2023-06-23,0.6760699152946472,0.7606934613033866,1.1174682679265027,1.0958904027938845,1.2747135162353516,0.006991540295984025,0.09393720289529578,0.6182800531387329,0.09356812814219113
2023-06-26,0.6680517792701721,0.7596071156300294,1.1163454977295102,1.0906671285629272,1.2729610204696655,0.006966650625596424,0.09249401721313717,0.614870011806488,0.09327723168616288
2023-06-27,0.6674498319625854,0.7604562406740265,1.1165574614720426,1.091048002243042,1.2711971998214722,0.006970583808730142,0.09322627092160181,0.6163100004196167,0.09336737233393588
2023-06-28,0.668140172958374,0.7577077947468859,1.1188811039573683,1.0957223176956177,1.2744698524475098,0.006950139515015243,0.09267703012726458,0.6157407760620117,0.09324931039640666
2023-06-29,0.6600616574287415,0.7546144368832545,1.1152499644696052,1.0915838479995728,1.264254450798035,0.00692573497692725,0.09290917366624746,0.6074300408363342,0.09283275096845385
2023-06-30,0.6619710922241211,0.7547169539715406,1.1121738545923499,1.086802959442139,1.261463642120361,0.00690703141615855,0.09260442345935865,0.606678307056427,0.09208654119917584
2023-07-03,0.6658321619033813,0.7547169539715406,1.11731845956554,1.0907504558563232,1.2693254947662354,0.0069253039145994715,0.09305615347676877,0.6132185459136963,0.09270074134884522
2023-07-04,0.6674097180366516,0.7548309096151001,1.1163206141713737,1.091309905052185,1.269293189048767,0.006916394639329797,0.09358624987850735,0.6156005859375,0.09224411239752826
2023-07-05,0.6692701578140259,0.7562294256138014,1.115274800319056,1.0884946584701538,1.2717629671096802,0.0069249197361903134,0.09397692359329163,0.619809091091156,0.0925321019440128
2023-07-06,0.6656903028488159,0.7526776306657476,1.1129412901010596,1.0856584310531616,1.2704542875289917,0.0069209421546480385,0.09364962253944185,0.6176995635032654,0.09133837828420857
2023-07-07,0.6628398895263672,0.7482005867080044,1.1169689885146148,1.0890636444091797,1.2742749452590942,0.0069468080945323885,0.09295883228410202,0.616351842880249,0.09149775639504203
2023-07-10,0.6688382029533386,0.7531254505811161,1.1249859604873969,1.0969723463058472,1.2838947772979736,0.007031903765409785,0.09405886195859862,0.6205899715423584,0.09233951107549108
2023-07-11,0.667900025844574,0.7533524357977046,1.1297775618708046,1.100594401359558,1.2864713668823242,0.007077291242802407,0.0954698579300248,0.6206515431404114,0.09295070734040187
2023-07-12,0.6693798899650574,0.7559893257141477,1.1379671611472884,1.101406455039978,1.2934770584106443,0.0071368419975099025,0.0967070255121112,0.6199589371681213,0.09390632848748513
2023-07-13,0.6792786121368408,0.7585642002818819,1.1539216150870506,1.1144545078277588,1.29962956905365,0.007229873711086586,0.09893711405174116,0.6305209994316101,0.09647285477310512
2023-07-14,0.6888617873191833,0.7626310938562827,1.1639817334161622,1.1223469972610474,1.3128528594970703,0.007242440862590444,0.1005680122334014,0.6391900181770325,0.09803902502511339
2023-07-17,0.6837793588638306,0.7561436727494503,1.1602274423140573,1.1227755546569824,1.3090204000473022,0.007210740764539211,0.09949456439436351,0.6365818381309509,0.09769622263993609
2023-07-18,0.6810500025749207,0.7574896690250266,1.1623176441523435,1.123759627342224,1.307172417640686,0.0072082979899126065,0.09937789303998586,0.6321192383766174,0.09764146603738656
2023-07-19,0.6814821362495422,0.7595205950704095,1.1659768215660056,1.1228890419006348,1.303508996963501,0.0071928478051310725,0.09949971921952326,0.6296991109848022,0.0980028036957791
2023-07-20,0.6769999265670776,0.7597052144440393,1.1655691269397301,1.120523452758789,1.2939791679382324,0.00716342604054458,0.09962174034404205,0.6262878179550171,0.09736832990549223
2023-07-21,0.6778190732002258,0.7590593702833689,1.1543878386321853,1.113709807395935,1.2872332334518433,0.007149802746568971,0.09932005032230026,0.6230296492576599,0.096655055688542
2023-07-24,0.6725800037384033,0.7562008618875077,1.1544144482359437,1.112532615661621,1.2853471040725708,0.007054673721340388,0.0991031179919279,0.6169000864028931,0.09627882014886555
2023-07-25,0.6733009219169617,0.759036361522324,1.1495706689418879,1.1063170433044434,1.281262755393982,0.00706603904391972,0.09945646735555552,0.6200205087661743,0.09612214446940799
2023-07-26,0.6787599325180054,0.758316857469092,1.1566978229444334,1.1050456762313845,1.2893908023834229,0.007096577603549328,0.09937533128632779,0.6216585636138916,0.09643629122513589
2023-07-27,0.6759999394416809,0.7573118677281144,1.1607121867260706,1.1078368425369265,1.292724609375,0.007124181386597721,0.09877889497177916,0.6212299466133118,0.09613332749026864
2023-07-28,0.6711859703063965,0.7560293204196398,1.1509466632237726,1.0978755950927734,1.2793776988983154,0.007201290553547566,0.09831681805515394,0.6187467575073242,0.09531489221562384
2023-07-31,0.6660805344581604,0.7546600569426571,1.1496631503612857,1.1024264097213743,1.2853965759277344,0.0071043921568967544,0.09814312807821604,0.6160100698471069,0.0949893123254126
2023-08-01,0.6716818809509277,0.7580351504737105,1.1472494950033711,1.0997591018676758,1.283400535583496,0.007026271324544776,0.09888369950813525,0.6204898357391357,0.09504140096733078
2023-08-02,0.6617608070373535,0.7536646624005822,1.1462894370552608,1.100788116455078,1.2795741558074951,0.006994474305531394,0.09845823790650049,0.614148736000061,0.09473231635752682
2023-08-03,0.6544999480247498,0.7494341905013332,1.1398479728570614,1.0944151878356934,1.2720379829406738,0.006976225310276818,0.09720723506853056,0.6086301207542419,0.09346466819194228
2023-08-04,0.6561206579208374,0.7490300059066218,1.1438768095240888,1.095158338546753,1.2716336250305176,0.007012720721842834,0.09778306378341459,0.6082391738891602,0.09376553144525804
2023-08-07,0.657371461391449,0.7477754001685669,1.1439684550515237,1.1002674102783203,1.2747948169708252,0.007048408117628914,0.09865114103390568,0.6100090146064758,0.09440338772410964
2023-08-08,0.6572591066360474,0.7478760006618775,1.1458691732991948,1.100315809249878,1.2782002687454224,0.007016362054388583,0.09855391424767318,0.6106571555137634,0.09445600124166632
2023-08-09,0.6531601548194885,0.7448789730436933,1.1420740320201388,1.0958904027938845,1.2741613388061523,0.0069794385799074685,0.0974197392926418,0.6056678295135498,0.09329698410551716
2023-08-10,0.6536802053451538,0.7452231398644606,1.140641060985812,1.0977671146392822,1.2720056772232056,0.006957634718444367,0.09807623633041691,0.606207549571991,0.09373916065861713
2023-08-11,0.6512498259544373,0.7437819617751444,1.1405239735025505,1.0981649160385132,1.2670094966888428,0.006903502651174236,0.09695606826100142,0.6013337969779968,0.09343960705633995
2023-08-14,0.6495404839515686,0.7440587164178918,1.1407451416965098,1.094439148902893,1.2695027589797974,0.006905266582844497,0.0958726807990219,0.5984584093093872,0.09234513847552353
2023-08-15,0.6488400101661682,0.7430082745352992,1.1389781168576367,1.0909883975982666,1.2685203552246094,0.00687582956428354,0.09545236361974643,0.5974786281585693,0.09259430799535623
2023-08-16,0.6457903981208801,0.7412843543782268,1.1381484231722054,1.0904173851013184,1.2701315879821775,0.006867754438376428,0.09499220368475998,0.5957380533218384,0.09207746837541633
2023-08-17,0.6414697170257568,0.7387379469522796,1.1361828715509554,1.0874884128570557,1.2728151082992554,0.006833728898375081,0.0942067539684807,0.5931304097175598,0.09158364907095407
2023-08-18,0.6406888961791992,0.7382689270890824,1.1386409320976418,1.0874648094177246,1.275022268295288,0.006862758341708106,0.09448598663072885,0.5925890803337097,0.09148645243607667
2023-08-21,0.6414697170257568,0.7384652005890744,1.1334399042726155,1.087559461593628,1.2741937637329102,0.006882075980907952,0.09396721342032355,0.5926803946495056,0.09118979137966285
2023-08-22,0.6414080262184143,0.7383888234977237,1.1383531457516336,1.0898351669311523,1.2760798931121826,0.006838167609815425,0.0941825368681964,0.5929685831069946,0.09134088456167828
2023-08-23,0.6427999138832092,0.7380019157802723,1.1366219315684767,1.0846692323684692,1.2731555700302124,0.00686045153194,0.0941230539438157,0.5940676331520081,0.0915172654860035
2023-08-24,0.6480587720870972,0.7394425951884005,1.139718040769955,1.086578607559204,1.2720541954040527,0.0069121395928191205,0.09442691922198218,0.5974286794662476,0.09164919980795706
2023-08-25,0.6413956880569458,0.7360084734862251,1.1298158310096882,1.07991361618042,1.2592872381210327,0.0068461732684804944,0.09323487519391405,0.591957688331604,0.09085482693561557
2023-08-28,0.6416714191436768,0.7356186369171359,1.1302883602884695,1.0797386169433594,1.2589701414108276,0.006824494202678814,0.09363734585003197,0.5910863876342773,0.09053452249457931
2023-08-29,0.6428180932998657,0.73523462609438,1.1318619385036568,1.082555651664734,1.2611136436462402,0.006827616132035028,0.09343131460583352,0.5907477140426636,0.0911838836492754
2023-08-30,0.647659957408905,0.737522936021797,1.1377081832694966,1.0869210958480835,1.2636793851852417,0.006849877762877751,0.09451554805535171,0.5967476963996887,0.09192654965444785
2023-08-31,0.6478782296180725,0.7388088653808672,1.1388094995187765,1.0932546854019165,1.271179437637329,0.006844673862820771,0.09437015926746346,0.5952983498573303,0.09230235655440076
2023-09-01,0.6488408446311951,0.7402088706032547,1.1322463898933413,1.0844104290008545,1.2672826051712036,0.006874127504701995,0.09411516347924959,0.5976964831352234,0.09134839626144256
2023-09-04,0.6452862024307251,0.7355916089356503,1.129573326119382,1.07758629322052,1.2591445446014404,0.0068466417439546545,0.09375234419753498,0.5942582488059998,0.09061582754080767
2023-09-05,0.6458100080490112,0.7353644331021153,1.1302372672768222,1.0794472694396973,1.2623074054718018,0.006823935670745104,0.09397568549778411,0.5937396287918091,0.09092066257933412
2023-09-06,0.6375396251678467,0.7331969308300511,1.1243661490060508,1.0726161003112793,1.2570552825927734,0.006780994549316226,0.09330621583469241,0.58841872215271,0.09015644642373967
2023-09-07,0.6383001804351807,0.7331916118750252,1.1218811893833704,1.0724204778671265,1.2498750686645508,0.0067700681913713655,0.09335490356385115,0.5870990753173828,0.09002909656575696
2023-09-08,0.6377400159835815,0.7308071610426123,1.120234831636755,1.0697818994522097,1.2475050687789917,0.006787438102533234,0.09342205810671403,0.588200032711029,0.08976499797198027
2023-09-11,0.6397993564605713,0.7338372427075617,1.1210762086127775,1.071811318397522,1.2489992380142212,0.006797495497966124,0.09389080641477099,0.5901411175727844,0.09021696532469516
2023-09-12,0.643200159072876,0.7364475338038542,1.1220699700635828,1.0750375986099243,1.2508755922317505,0.00681765528875427,0.09396243907557697,0.5916810035705566,0.09022014011544588
2023-09-13,0.6428180932998657,0.7379528991802261,1.1218433808582162,1.075326681137085,1.2491724491119385,0.006795416950820016,0.09368242913038093,0.5909885764122009,0.09012638783288264
2023-09-14,0.6421617865562439,0.737871240949132,1.1195701098315034,1.073422074317932,1.248953938484192,0.006786747161254732,0.09335734718038065,0.5920312404632568,0.08985622075760487
2023-09-15,0.6432398557662964,0.7399295547795738,1.1155734360629124,1.0637166500091553,1.2401869297027588,0.006780488713325291,0.09306810476126234,0.5906001329421997,0.08938347856136872
2023-09-18,0.6440501809120178,0.7395410311494535,1.1149763985190815,1.0668259859085083,1.2397565841674805,0.00676278860599729,0.09288759378331608,0.5905383825302124,0.08962340470577235
2023-09-19,0.643960177898407,0.7414547086032565,1.114516582580218,1.0692671537399292,1.2383747100830078,0.006774838446836033,0.09251755323851492,0.5921399593353271,0.08976273879352557
2023-09-20,0.646600067615509,0.7438981802419427,1.1144420315597523,1.0682048797607422,1.2393569946289062,0.0067685557949355634,0.09287499780783062,0.5951495170593262,0.08964967940486161
2023-09-21,0.6436100006103516,0.7420214372748523,1.112099616646426,1.065303087234497,1.2328935861587524,0.006742133654446103,0.09273891452302885,0.5925294160842896,0.08968232009349891
2023-09-22,0.6409598588943481,0.7419773980416684,1.1056198333927423,1.0661548376083374,1.2294225692749023,0.006773048813471108,0.0928774163650104,0.5931796431541443,0.08952519313329638
2023-09-25,0.6440999507904053,0.7420048973373349,1.102414260747678,1.0648492574691772,1.2241849899291992,0.006737000696254054,0.09301806530947311,0.595710039138794,0.08992506616109888
2023-09-26,0.6422001123428345,0.7434723331436381,1.0963950651943781,1.0591648817062378,1.2213143110275269,0.006719933128790447,0.0925492282518678,0.5967299342155457,0.09038600517468706
2023-09-27,0.6393861770629883,0.739666884812022,1.0919891905071257,1.0569483041763306,1.2146830558776855,0.00670938315465294,0.09238967767106425,0.5947707891464233,0.09088133248984928
2023-09-28,0.634759783744812,0.7406858529366578,1.0859885780095744,1.0505305528640747,1.2135332822799685,0.006689052647200547,0.09296989306001013,0.591621458530426,0.09039686736563912
2023-09-29,0.6427974700927734,0.7412349007972115,1.0931829190690165,1.0562450885772705,1.2204796075820925,0.0066962639024415165,0.0932429586883156,0.5964398384094238,0.09156402371882093
2023-10-02,0.6437202095985413,0.736718791510432,1.092323131807725,1.0565240383148191,1.2193039655685425,0.006687174300500202,0.09360753726644559,0.5995886921882629,0.0915776102203162
2023-10-03,0.6362699270248413,0.7311919133316226,1.0894432638019425,1.0480751991271973,1.209116816520691,0.006673295565918089,0.09211758992520085,0.5941911935806274,0.09049872012064931
2023-10-04,0.6308901309967041,0.7294424613090039,1.08581167179773,1.0472300052642822,1.2078461647033691,0.006702772206282478,0.09128876640162195,0.5913485288619995,0.0902886426755946
2023-10-05,0.6329101920127869,0.7275796088129282,1.0909765300981313,1.0507071018218994,1.2137395143508911,0.006712941054034996,0.09086861324874947,0.5918700695037842,0.09044797181781641
2023-10-06,0.6371049880981445,0.7296234709503395,1.0957823015508088,1.0546631813049316,1.218769073486328,0.006735685101788128,0.09129393261925206,0.596640944480896,0.09087687444343576
2023-10-09,0.6371999979019165,0.7320054929592337,1.100473216412812,1.056747317314148,1.222090482711792,0.006704210079434496,0.09187545167727794,0.5972787737846375,0.09112423073607401
2023-10-10,0.6420900225639343,0.7363499195805814,1.1051677735987862,1.0578875541687012,1.225039839744568,0.006741861077088844,0.09283042513784341,0.6031108498573303,0.09142606033682633
2023-10-11,0.643347442150116,0.7361818381272077,1.105522063338739,1.0604791641235352,1.229135513305664,0.006728207065664594,0.09256799524701989,0.6041894555091858,0.0920002116246323
2023-10-12,0.6418097615242004,0.7355916089356503,1.1098902203901218,1.0624282360076904,1.2316333055496216,0.006709788442426266,0.09217932074962158,0.6019490957260132,0.09174901458987969
2023-10-13,0.6316800117492676,0.7307911809271402,1.1015399694248955,1.0536741018295288,1.2183235883712769,0.006676013384217018,0.09122057153614661,0.5921609997749329,0.09106505916281277
2023-10-16,0.6312999725341797,0.732906808060482,1.1080454942022697,1.052155375480652,1.215376853942871,0.00668601178315718,0.09158935271678355,0.5906604528427124,0.09084054900966722
2023-10-17,0.6337798237800598,0.7345164249890505,1.1105311443810906,1.055431246757507,1.2211503982543943,0.006685475005773893,0.0915254772836439,0.5901515483856201,0.09156905321317713
2023-10-18,0.6362699270248413,0.7324397250075024,1.1109753174221626,1.057305932044983,1.2178784608840942,0.0066773948949147835,0.09131227343940697,0.5894801616668701,0.09161612054252384
2023-10-19,0.6332400441169739,0.7291925073859291,1.1128793513556396,1.053851842880249,1.214343786239624,0.006678152893995328,0.09044175416857968,0.5853909850120544,0.09071611047201573
2023-10-20,0.6326999664306641,0.7291127129336332,1.1213402600617721,1.0586491823196411,1.2137248516082764,0.0066754782109848775,0.09096780736453568,0.5842998623847961,0.09139122221518184
2023-10-23,0.6320393085479736,0.7297671752105932,1.1195701098315034,1.0589966773986816,1.216397047042847,0.0066720040527212116,0.09038493779751708,0.5829306244850159,0.09109509038697187
2023-10-24,0.6336702108383179,0.7305402383715532,1.1228385034750523,1.0669853687286377,1.2250248193740845,0.006676949293554191,0.09030136336994558,0.5851101279258728,0.09112339925345929
2023-10-25,0.6360999345779419,0.7277172691933663,1.1197455580004647,1.059535264968872,1.216189980506897,0.0066731617036112625,0.08962878252419267,0.5846996307373047,0.08993493076841663
2023-10-26,0.6296999454498291,0.7244854177217638,1.1152001478317457,1.056725025177002,1.210345983505249,0.0066623136352051875,0.08927128833949474,0.5792199373245239,0.08976273879352557
2023-10-27,0.6335999369621277,0.7239032922181808,1.1125574400036076,1.0564459562301636,1.213710069656372,0.006650439712834468,0.08942368077863662,0.5828898549079895,0.08974887884086233
2023-10-30,0.6338903307914734,0.7213237618968305,1.1081560077570582,1.0562450885772705,1.2113723754882812,0.0066785544174394074,0.0894736065165172,0.5808415412902832,0.08963200033097754
2023-10-31,0.637100100517273,0.7231390303846376,1.1085737431243643,1.061503529548645,1.2165746688842771,0.006706413683474384,0.0897882110843626,0.584030270576477,0.08975226660474195
2023-11-01,0.6339948177337646,0.720637606378263,1.099142677129079,1.0579099655151367,1.215214490890503,0.00660964716409264,0.08958004569489941,0.5807403326034546,0.08954042151738198
2023-11-02,0.642259955406189,0.7228358202781942,1.1043012496603613,1.05870521068573,1.218219757080078,0.006641208834583171,0.0897953003938204,0.5879793763160706,0.0896507218219605
2023-11-03,0.6427900195121765,0.7274314659291824,1.1036309761288685,1.061909317970276,1.2191851139068604,0.0066446509880237915,0.08966366207569544,0.5895808935165405,0.08996543295547159
2023-11-06,0.6516865491867065,0.7320322580476262,1.1120873060484255,1.073214769363403,1.237378716468811,0.00669124561351563,0.0907217929099201,0.5996102690696716,0.09193010381781679
2023-11-07,0.6489419341087341,0.7300708921606444,1.112099616646426,1.0721560716629028,1.2345526218414309,0.006667155661949897,0.09045696824884293,0.5963000655174255,0.09160948514483164
2023-11-08,0.6430099010467529,0.7262955249221743,1.111148155529068,1.0696102380752563,1.2291808128356934,0.006649113181022756,0.08939890266857484,0.5936000347137451,0.09158138540846136
2023-11-09,0.6405698657035828,0.7249949116616936,1.112248102450408,1.07104229927063,1.2285012006759644,0.0066284866536671355,0.08949074198535564,0.5912017226219177,0.09184828271488928
2023-11-10,0.6361699104309082,0.7242703017772778,1.1072357588526076,1.0667576789855957,1.2217023372650146,0.006607245548053758,0.08915278429854809,0.5889298915863037,0.09158096148411017
2023-11-13,0.6364598870277405,0.7246954650897994,1.108672053715682,1.069015622138977,1.2228227853775024,0.0066020112279321815,0.09011728664613614,0.5894210338592529,0.09190238701887196
2023-11-14,0.6381002068519592,0.7245589454821004,1.1096316066527303,1.0701825618743896,1.228063702583313,0.006594305327928236,0.09030340088014677,0.5882906913757324,0.09230107281547074
2023-11-15,0.6499837636947632,0.7299589536621043,1.1247328567598711,1.0878314971923828,1.24945330619812,0.006645180555830173,0.09198193232094166,0.6004491448402405,0.09446081736691879
2023-11-16,0.6511502265930176,0.7308125091257823,1.1272940259023663,1.0854581594467163,1.2422360181808472,0.006613100712349292,0.09258950862507878,0.6028890609741211,0.09492285960618514
2023-11-17,0.6470816731452942,0.7271616451247207,1.1255177284705493,1.0853756666183472,1.2414957284927368,0.006635479830463976,0.09146076547766403,0.596530556678772,0.09450241303907196
2023-11-20,0.6513597369194031,0.7289161217208646,1.1287573488208213,1.090702772140503,1.2454540729522705,0.006669245381845743,0.09245647740517769,0.599621057510376,0.09500872050695913
2023-11-21,0.6564001441001892,0.7286451986126518,1.1307612087780772,1.0945948362350464,1.2509069442749023,0.006740270441832462,0.09350277286741741,0.6039800047874451,0.095808111859947
2023-11-22,0.6559097170829773,0.7298737204643566,1.132271988517208,1.0918222665786743,1.2544218301773071,0.006749824832693723,0.09384877292561136,0.6054185032844543,0.09575251271630875
2023-11-23,0.6542789936065674,0.7303267897150835,1.1311833507488962,1.0890873670578003,1.2490007877349854,0.006690753078276278,0.09302325581395349,0.6021299958229065,0.09545537013380169
2023-11-24,0.6560100317001343,0.7301934794130917,1.1306206155909746,1.0906314849853516,1.2533526420593262,0.00668292870458398,0.09283249618980545,0.604880154132843,0.0953768024772704
2023-11-27,0.658129870891571,0.7336488109418744,1.1334655568931649,1.0940439701080322,1.2600330114364624,0.006685788058600622,0.09342511288160968,0.6077501177787781,0.095725379637506
2023-11-28,0.661250114440918,0.7349158460569778,1.136363642521141,1.095842361450195,1.2634397745132446,0.006736184274767575,0.09407090341713248,0.6103999614715576,0.09599563789352954
2023-11-29,0.6658999919891357,0.737300009343027,1.1403808647682858,1.100594401359558,1.2712295055389404,0.006799806721802347,0.0942906114669396,0.614601731300354,0.09699537776753268
2023-11-30,0.6619009971618652,0.7358243468628769,1.145055671361719,1.0973695516586304,1.2696397304534912,0.006800916695827091,0.09387705441332078,0.6155892014503479,0.09662330405449363
2023-12-01,0.6606799960136414,0.7376535523692545,1.1433013773684166,1.089205980300903,1.2631685733795166,0.006756802734063684,0.09254871363522828,0.6157673001289368,0.09561299031501946
2023-12-04,0.6682884097099304,0.7413612661688205,1.1522728507420996,1.088814616203308,1.271310329437256,0.006830927457668387,0.0936943660214957,0.6215388178825378,0.09648430598904659
2023-12-05,0.6617100238800049,0.7386070113625238,1.1461186481562156,1.0837758779525757,1.2634079456329346,0.006787622283568415,0.09227135368236333,0.6165000200271606,0.09591240616860956
2023-12-06,0.6554699540138245,0.7357810401354904,1.142940760910662,1.0793657302856443,1.2594457864761353,0.006794170714320962,0.09152899251122774,0.613399088382721,0.09542285596242696
2023-12-07,0.6551401019096375,0.7357377385054135,1.1433275562313379,1.076669692993164,1.2558711767196655,0.006794216497849697,0.09114606852522791,0.6140506863594055,0.09550934580247951
2023-12-08,0.6594479084014893,0.7353698480941907,1.1422827358820586,1.079214334487915,1.258954405784607,0.006931063646890566,0.09202451457186164,0.616158127784729,0.09630608217229467
2023-12-11,0.6579799652099609,0.7363336315145507,1.1368545306393496,1.0765769481658936,1.2554770708084106,0.00689736029888,0.09176837398314927,0.6124711632728577,0.09559526049620966
2023-12-12,0.6565001010894775,0.7364854875113828,1.1388224861497767,1.076658010482788,1.2554612159729004,0.006845329459159853,0.0912871848611286,0.612291157245636,0.09536425093831712
2023-12-13,0.6564600467681885,0.7361059971968925,1.1426873751255342,1.0798670053482056,1.257071018218994,0.006883259969730293,0.09128352130194906,0.6137492060661316,0.09589566137649366
2023-12-14,0.6665000319480896,0.7402965348726054,1.1481451572946142,1.0886130332946775,1.2622915506362915,0.007004125675406612,0.09282990738929164,0.6190800070762634,0.09703980185140558
2023-12-15,0.6702682375907898,0.7458790015513124,1.1532296441297505,1.0993602275848389,1.2771391868591309,0.007028443769607836,0.09524806985623897,0.6213298439979553,0.0976505317959588
2023-12-18,0.6698910593986511,0.7472947716319386,1.148617261173594,1.0895264148712158,1.2672343254089355,0.007026764772894804,0.09555113884419478,0.6209907531738281,0.0974212598754399
2023-12-19,0.6703715920448303,0.7463912135799188,1.153256200364979,1.092382788658142,1.2651821374893188,0.007006628264350967,0.09621675784497424,0.6213804483413696,0.09788950219817653
2023-12-20,0.6762998700141907,0.749951231670752,1.1623852084039015,1.0981045961380005,1.2732689380645752,0.006949801217615014,0.0974730151317166,0.6270418167114258,0.09846396085841204
2023-12-21,0.6739816665649414,0.7486038764304143,1.159474039436123,1.094570875167847,1.2641266584396362,0.006967524611885511,0.09668655182470767,0.6253986954689026,0.0984267504611689
2023-12-22,0.6796802878379822,0.7527909712552149,1.1678559125068122,1.100618600845337,1.268499493598938,0.007038783335302394,0.0973707982693862,0.6294692158699036,0.09909879088391227
2023-12-25,0.6808788776397705,0.7543298434168628,1.1694949020939662,1.102657437324524,1.2677003145217896,0.007025333587035464,0.09828976027098076,0.6319299340248108,0.1001738035209137
2023-12-26,0.6806008219718933,0.7547169539715406,1.168579226694277,1.1020255088806152,1.27048659324646,0.0070308657107438595,0.09831681805515394,0.6306001543998718,0.10014571410752664
2023-12-27,0.6823800802230835,0.7578513418091857,1.171536355495571,1.1043012142181396,1.272718071937561,0.007019465048556584,0.09865289521262839,0.6328513026237488,0.10015162535214092
2023-12-28,0.6854700446128845,0.7574610100192873,1.187183200169375,1.110864281654358,1.2800819873809814,0.007072185696672772,0.09902617624135213,0.6349488496780396,0.10072502351761237
2023-12-29,0.6826302409172058,0.755880741332984,1.1857332478728706,1.1068191528320312,1.2733986377716064,0.0070706360163111425,0.09822864021508498,0.6334887742996216,0.10028993502524906
2024-01-01,0.6820491552352905,0.755332641925703,1.1894015105353586,1.1055831909179688,1.272999882698059,0.007094613978130281,0.0983970097734884,0.6319698691368103,0.09929944277968289
2024-01-02,0.6810504198074341,0.7551729151315764,1.1878036641115446,1.1038745641708374,1.2728800773620603,0.007085866175130833,0.09863673870844059,0.6315284371376038,0.09945795784786872
2024-01-03,0.6765698194503784,0.7506380139636469,1.176304510656402,1.0941756963729858,1.2623074054718018,0.007034574996216297,0.09667794939956142,0.625,0.09799175844843144
2024-01-04,0.6736002564430237,0.7491927649014518,1.1779950244973048,1.0927767753601074,1.2674272060394287,0.006993056241731652,0.09679821006910899,0.6251289248466492,0.09728090583343467
2024-01-05,0.6706593036651611,0.7487832261863042,1.1764705552361838,1.0947387218475342,1.2684078216552734,0.006907747067427584,0.0971685100472,0.6231298446655273,0.09796948319961492
2024-01-08,0.6716412901878357,0.7485141669774096,1.1754610719447602,1.0942236185073853,1.271779179573059,0.00691008579826379,0.09708737684291771,0.6248789429664612,0.09747196408457964
2024-01-09,0.6720001101493835,0.7491197721583579,1.179384398373023,1.095170259475708,1.274518609046936,0.006933370516692469,0.0965342259685405,0.6251797676086426,0.0978243884226487
2024-01-10,0.6684702038764954,0.7468706136885193,1.1731993995131325,1.093242645263672,1.2712942361831665,0.006923865476951281,0.09653255521243542,0.6238303184509277,0.09759268352702782
2024-01-11,0.6703999042510986,0.747467966484711,1.1757789706960995,1.0975141525268557,1.274518609046936,0.006861817039222693,0.09666533824838877,0.6229597926139832,0.09788567333927543
2024-01-12,0.6698498129844666,0.7473897158859766,1.1750742895556732,1.0981649160385132,1.2777756452560425,0.006894364296921806,0.09718371172608654,0.6242314577102661,0.09764623967234215
2024-01-15,0.6689097881317139,0.7457455225618786,1.17189330732295,1.094570875167847,1.273658275604248,0.006889472099036161,0.09720893827258006,0.6232999563217163,0.09731877212194212
2024-01-16,0.6650399565696716,0.7442802024281224,1.1682516232722866,1.094570875167847,1.271617412567139,0.006858992526863061,0.09661751708490374,0.6190685629844666,0.09689321958330156
2024-01-17,0.6588900089263916,0.7412898569064331,1.1610356551071623,1.087878942489624,1.26385498046875,0.006791355860787982,0.09559169614965227,0.6140884160995483,0.09585154243525165
2024-01-18,0.6551997661590576,0.7405871119990607,1.1569762105389612,1.0885775089263916,1.2676842212677002,0.00675137407707647,0.09520898787605732,0.611340343952179,0.09578029984505451
2024-01-19,0.6582845449447632,0.7414986858091699,1.1519675341181104,1.0879143476486206,1.2709871530532837,0.006750917852261247,0.09501675290801777,0.6120250821113586,0.09540628165477912
2024-01-22,0.6595479249954224,0.7445129212177283,1.1514369579395658,1.089229702949524,1.2699863910675049,0.0067512370640607266,0.09541729871685092,0.6118303537368774,0.09564271165972087
2024-01-23,0.6570599675178528,0.7419553475731027,1.1505890992464791,1.088020920753479,1.2706964015960691,0.006750280214497735,0.09506651862085297,0.607389509677887,0.0955522359470709
2024-01-24,0.6586300730705261,0.7431628963569319,1.1499540044883065,1.0857881307601929,1.269196629524231,0.0067453167414899765,0.0952583234841761,0.610340416431427,0.09545774245920285
2024-01-25,0.6576697826385498,0.7393496591905043,1.1587216944068173,1.088174819946289,1.271876335144043,0.00677548073284698,0.09555443022840547,0.6108586192131042,0.09583253288275353
2024-01-26,0.6585879921913147,0.7419663726435562,1.1535355509139091,1.0847046375274658,1.270825743675232,0.0067694262318365285,0.09584823931273613,0.6108884811401367,0.09581480910888361
2024-01-29,0.6578601002693176,0.7432733893299798,1.1572199295854844,1.0843517780303955,1.2697607278823853,0.006750371298232075,0.09592583956013254,0.609289824962616,0.09590209896507322
2024-01-30,0.6614194512367249,0.7456342934204943,1.161008659046381,1.0834470987319946,1.2713264226913452,0.00678113207117664,0.09600070898961106,0.613481879234314,0.0957831433155428
2024-01-31,0.659480094909668,0.7461739784726442,1.1602812828090603,1.08433997631073,1.269551157951355,0.006785687475894274,0.09581049299674688,0.613180935382843,0.09610441030905158
2024-02-01,0.656150758266449,0.7442968439593793,1.1596354463305203,1.0803920030593872,1.2678449153900146,0.006802906099840868,0.09511182425951265,0.611190915107727,0.09615051687358236
2024-02-02,0.6574898362159729,0.7472166238482358,1.1660175824041406,1.0874648094177246,1.27472984790802,0.006828222221041398,0.09588527885871412,0.6145714521408081,0.09638127193468646
2024-02-05,0.6505080461502075,0.7423849769446347,1.1534291232532154,1.0780043601989746,1.2621959447860718,0.0067339610664105265,0.09418412726699181,0.6064502000808716,0.09520201201700965
2024-02-06,0.6480293273925781,0.7383888234977237,1.1485012036619582,1.0741831064224243,1.2534469366073608,0.0067276641826307885,0.09355780105762172,0.6053085327148438,0.09432894296989501
2024-02-07,0.6529674530029297,0.7413283113777429,1.1500862810669938,1.075719952583313,1.2606525421142578,0.006765076284658422,0.09444564738451805,0.6099792718887329,0.09524100176280724
2024-02-08,0.6521880626678467,0.7427213185411347,1.1442825791171152,1.077574610710144,1.2627378702163696,0.006752832880163182,0.09450277075379625,0.6109594106674194,0.09553754034312119
2024-02-09,0.6497599482536316,0.7429420747341305,1.144885249881961,1.077725529670715,1.2620525360107422,0.006699763377802822,0.09422548802973733,0.6107914447784424,0.09551299101140788
2024-02-12,0.6525583267211914,0.7430634939292976,1.1439553507912978,1.0798202753067017,1.2637271881103516,0.006703895299100054,0.09494494000068635,0.6147717237472534,0.09575929838955217
2024-02-13,0.6528898477554321,0.7432015454069609,1.1418131817051447,1.0772264003753662,1.2627538442611694,0.006693216479839566,0.09525850521394635,0.6127901673316956,0.09618011464095544
2024-02-14,0.6453399062156677,0.7371478173025263,1.1268748569763214,1.070893168449402,1.2590652704238892,0.006634643497247579,0.09372897172870714,0.6057815551757812,0.09451742235012323
2024-02-15,0.6498798131942749,0.7386233351251663,1.1298158310096882,1.073214769363403,1.2568340301513672,0.006642575976692602,0.09454208476830483,0.609061598777771,0.09518452067832552
2024-02-16,0.6525498628616333,0.7426496470456585,1.1366219315684767,1.0773887634277344,1.259921908378601,0.006669067568982608,0.0950275854556435,0.6111199259757996,0.09572574667061044
2024-02-19,0.6537913680076599,0.741960860067373,1.1355249171650077,1.0784927606582642,1.2611136436462402,0.00666262452263865,0.0952816511381402,0.6136400103569031,0.0959952687878695
2024-02-20,0.6530783176422119,0.7408505014994776,1.1328274196749137,1.0775396823883057,1.258764147758484,0.00665468803865113,0.09533760613666012,0.6142581701278687,0.09624055733791387
2024-02-21,0.6553500890731812,0.7395410311494535,1.1340311283041995,1.0813149213790894,1.2627378702163696,0.006669379087075819,0.0953793444143637,0.616819441318512,0.09655109673543749
2024-02-22,0.6553199887275696,0.7409054006216512,1.1373329671751777,1.082040309906006,1.2638070583343506,0.006650926330456739,0.09546894525159502,0.6180316805839539,0.09655156792156806
2024-02-23,0.6559101939201355,0.741762724225923,1.136428223021557,1.0825674533843994,1.266367793083191,0.006645268825338007,0.0952715742675092,0.6195287704467773,0.09693773831111292
2024-02-26,0.6565384864807129,0.7403458633172416,1.1347517423494016,1.0820051431655884,1.2672665119171145,0.006644606524339309,0.09495125057172628,0.6186893582344055,0.09692984377908956
2024-02-27,0.6539598107337952,0.740669437883414,1.1364928108627181,1.0850930213928225,1.268455982208252,0.00664160592766572,0.09525378911821822,0.6167091131210327,0.09732483310256133
2024-02-28,0.6543898582458496,0.7390054261161338,1.1379153715757595,1.084481120109558,1.268166422843933,0.0066447392434633434,0.09500943501707872,0.6170287728309631,0.09705477463311837
2024-02-29,0.6494700312614441,0.7365125812218883,1.1380319240401113,1.0838816165924072,1.2663036584854126,0.006637637804717974,0.09442442779657273,0.6097100377082825,0.0967899630037144
2024-03-01,0.6498401165008545,0.736718791510432,1.1307100730096233,1.0804970264434814,1.2625465393066406,0.0066624470626411945,0.0941765056842651,0.6085797548294067,0.09644549826240527
2024-03-04,0.6527883410453796,0.7378766929229578,1.1320669263790129,1.084269404411316,1.26603102684021,0.006662003454003195,0.09512122882095872,0.6103813648223877,0.09702530053224491
2024-03-05,0.6507620811462402,0.7368110672454741,1.1296881758716741,1.0855170488357544,1.269196629524231,0.006646019547832154,0.09462940135832305,0.6096594333648682,0.09648411955213634
2024-03-06,0.6503900289535522,0.735835190477853,1.1317593960555754,1.0855995416641235,1.27048659324646,0.006664489778983529,0.0946136478844442,0.6087798476219177,0.09636028064402415
2024-03-07,0.6566298604011536,0.7400445723676375,1.13365833327815,1.089953899383545,1.2735446691513062,0.006699314786118426,0.09542850070257952,0.6127901673316956,0.09732037987929806
2024-03-08,0.6621301770210266,0.7433839151639593,1.1401208647111143,1.0950144529342651,1.281558394432068,0.00676278860599729,0.09619074641452849,0.6178789138793945,0.09785779292869339
2024-03-11,0.6624314785003662,0.7415922284504304,1.1395881383015758,1.0942955017089844,1.2855123281478882,0.00681319570129102,0.09594323573269195,0.6179400086402893,0.0979480872596756
2024-03-12,0.6615506410598755,0.7419773980416684,1.1399258843688258,1.093135118484497,1.2819806337356567,0.006815146229893884,0.09577810392646237,0.6170782446861267,0.09770749270368485
2024-03-13,0.6607297658920288,0.7411195129391873,1.1397439783611076,1.0927767753601074,1.2795906066894531,0.006774195582363648,0.09515155177892828,0.614960789680481,0.09773527841490369
2024-03-14,0.6627599000930786,0.7425944891407855,1.1384594359239213,1.0955302715301514,1.2802129983901978,0.006774103854570112,0.09552430249994079,0.6165000200271606,0.09788854267080337
2024-03-15,0.6579297780990601,0.7386779046526467,1.1308763002264353,1.0883406400680542,1.2745835781097412,0.006743269977642134,0.09464973066272847,0.6124786734580994,0.09665542988546263
2024-03-18,0.6557978987693787,0.7382198750150925,1.131746646357505,1.0882576704025269,1.2731393575668335,0.006713436861517438,0.09413714010640092,0.608698308467865,0.09650162112813584
2024-03-19,0.655750572681427,0.7388361953821152,1.12674786552296,1.087393879890442,1.272718071937561,0.0067049295903615,0.0939746327211459,0.6082687973976135,0.09596026059764677
2024-03-20,0.6526401042938232,0.7367513377461434,1.125441698483447,1.0863306522369385,1.2719409465789795,0.0066209817310771725,0.09399671228082694,0.6048984527587891,0.0958934601650766
2024-03-21,0.6597799062728882,0.7422857824968284,1.1292416859751024,1.0937210321426392,1.2798361778259275,0.00663305940857312,0.09481926461211786,0.6089614629745483,0.09649482752512156
2024-03-22,0.657418966293335,0.7392622190183189,1.1139827301368588,1.0862362384796145,1.2661913633346558,0.0065948707008458935,0.09380035756949356,0.6046388149261475,0.09557597785094965
2024-03-25,0.6515804529190063,0.734672872690279,1.1140571457409294,1.0807539224624634,1.25979483127594,0.00660916723444028,0.09301858515901787,0.5990211963653564,0.09466864133757594
2024-03-26,0.6538896560668945,0.7361277013524884,1.1117658526810263,1.0838228464126587,1.2637910842895508,0.006606197886956156,0.09334400858578008,0.6001608371734619,0.09458268561442539
2024-03-27,0.6538982391357422,0.7363227732041825,1.1066231568913134,1.0832358598709106,1.2628495693206787,0.0065993533165435965,0.09298347124660204,0.6007593870162964,0.0944783076048399
2024-03-28,0.6521999835968018,0.7360518069911606,1.1043622372088466,1.0813382863998413,1.261670470237732,0.006609953155628309,0.0926105984948976,0.5992509126663208,0.09400228224764008
2024-03-29,0.6516780853271484,0.7387706718380388,1.10979169364984,1.0794472694396973,1.26262629032135,0.006603275118058128,0.0922458165353575,0.5974700450897217,0.09356584880783352
2024-04-01,0.6533001661300659,0.7395410311494535,1.1086474378031814,1.0792726278305054,1.2637271881103516,0.006605107287135814,0.09220838869319538,0.5986589789390564,0.09365488376828862
2024-04-02,0.6487903594970703,0.736718791510432,1.104886906465155,1.0737217664718628,1.2545477151870728,0.006597133162311461,0.09121632613010013,0.5952416062355042,0.09257724673592845
2024-04-03,0.651439905166626,0.7372293154845604,1.1015399694248955,1.076855182647705,1.2576876878738403,0.006598918069844658,0.09232314509522727,0.5969401001930237,0.09311949637948155
2024-04-04,0.6568998694419861,0.7394371200500397,1.1075545975400947,1.0838346481323242,1.2651821374893188,0.006597133162311461,0.09338384452792522,0.6014711856842041,0.09398425176524768
2024-04-05,0.6587702035903931,0.7383070687690053,1.1092500357690018,1.0837054252624512,1.26401948928833,0.006609734492121238,0.09320072443312112,0.6027800440788269,0.0939468226951905
2024-04-08,0.6570215821266174,0.7350725283838531,1.107211279748702,1.0830481052398682,1.2625305652618408,0.006592392273091782,0.0930154661489048,0.6004491448402405,0.09390667329383896
2024-04-09,0.6604998111724854,0.7368762436301016,1.1049601845365786,1.0863661766052246,1.2658709287643433,0.006585749654086354,0.09368190183437937,0.6034383773803711,0.0947526042878568
2024-04-10,0.662850022315979,0.7367622087000849,1.107444203900976,1.0859296321868896,1.2677645683288574,0.006588613870693024,0.09376553144525804,0.6067924499511719,0.09482898016811683
2024-04-11,0.6507201194763184,0.7306202819704205,1.0952422887990805,1.074171543121338,1.2537612915039062,0.006537485751371444,0.0922800343360693,0.5974607467651367,0.09327488353048623
2024-04-12,0.6540607213973999,0.7306256273187495,1.099106457673383,1.0726851224899292,1.2554770708084106,0.006527755961373327,0.0924200758697522,0.600121259689331,0.09326992209212623
2024-04-15,0.6475803256034851,0.7268498256700627,1.0943672675879097,1.0649627447128296,1.2461835145950315,0.006523880462552841,0.09203272880214634,0.594558596611023,0.09211071986535328
2024-04-16,0.644250214099884,0.7253577605882409,1.096972363870797,1.0625749826431274,1.2447409629821775,0.00648483224494174,0.09147958840047864,0.5902804136276245,0.09193796263757693
2024-04-17,0.6412801146507263,0.7236518130960443,1.0958183738230733,1.0621461868286133,1.2431007623672483,0.0064642077636776546,0.09116942285287008,0.5892091989517212,0.0914301578719148
2024-04-18,0.6439813375473022,0.7261215050469491,1.0984183097827107,1.0669398307800293,1.2453765869140625,0.006479118003170948,0.09088182873054784,0.5912995934486389,0.09140183339573078
2024-04-19,0.6424699425697327,0.7262533325322155,1.0963709914308766,1.0644185543060305,1.2437657117843628,0.006467886915803086,0.0904728509660782,0.5903501510620117,0.09114956259204482
2024-04-22,0.6425991654396057,0.7278549816752276,1.0977152937310775,1.065825343132019,1.2375777959823608,0.006466632203484992,0.09080178355203128,0.5900297164916992,0.09155161626439552
2024-04-23,0.6452862024307251,0.7299003933937143,1.096623531968645,1.065405249595642,1.2350252866744995,0.006459405716144326,0.09107567383948167,0.5921199917793274,0.09190002702900728
2024-04-24,0.6488901376724243,0.7320322580476262,1.0972130545548602,1.0704345703125,1.2453300952911377,0.006462285960689667,0.091710560932331,0.5936902165412903,0.09252936656877882
2024-04-25,0.6496999263763428,0.7297033137681243,1.093565489272187,1.0699878931045532,1.2459505796432495,0.0064408503384846905,0.09099015451151764,0.593591570854187,0.09191531675921229
2024-04-26,0.6523199677467346,0.7321716086559314,1.095866402300003,1.072961449623108,1.2509069442749023,0.006426859124632681,0.09127602026746591,0.5958410501480103,0.09190078414565635
2024-04-29,0.6541398763656616,0.732284226852334,1.0944655020134526,1.0706866979599,1.2510477304458618,0.006320153745146281,0.09078207526375108,0.5947707891464233,0.09154273644665499
2024-04-30,0.6561899185180664,0.7317055257470064,1.0980323372479424,1.0715701580047607,1.2559815645217896,0.006397379823146652,0.09101433747319461,0.5971611142158508,0.09150419994343471
2024-05-01,0.6478001475334167,0.7258474420447893,1.0875594318912114,1.0666552782058716,1.2490164041519165,0.006340269583355786,0.08996867498059401,0.5879517197608948,0.090769800232617
2024-05-02,0.653190016746521,0.7287036209375741,1.0912741471461178,1.0721560716629028,1.2539342641830444,0.006422442799873817,0.09076502314102296,0.5930107831954956,0.09165826854564299
2024-05-03,0.6571398973464966,0.7317323327319455,1.0991788989719726,1.073306918144226,1.2540600299835205,0.006534026018257107,0.0911233121466349,0.5963882803916931,0.09212879137192276
2024-05-06,0.6609079837799072,0.7303801401848614,1.1038258650104864,1.0758124589920044,1.2541072368621826,0.006511858336874799,0.09205729947427106,0.6007593870162964,0.09242946890976478
2024-05-07,0.6623920202255249,0.7314807435170372,1.1029006103247312,1.0767507553100586,1.2559815645217896,0.006483528616128331,0.09233593331653767,0.6009507179260254,0.09252037771342556
2024-05-08,0.6589199900627136,0.728162418101771,1.1007397109193064,1.0750491619110107,1.25014066696167,0.006462119012203738,0.09158096148411017,0.5997199416160583,0.09204034665052281
2024-05-09,0.657680094242096,0.7284806790323407,1.1013337408550499,1.0746910572052002,1.2493284940719604,0.006434219491553712,0.09172856401533615,0.6004202961921692,0.09167129798286182
2024-05-10,0.6620998978614807,0.731111744439709,1.1039355384167846,1.078515887260437,1.2525677680969238,0.00643546165619261,0.09229554014679428,0.6036205291748047,0.09224598695260351
2024-05-13,0.6601008772850037,0.7311545032427594,1.1032048421237994,1.077040672302246,1.2522854804992676,0.006417744059552153,0.09217056991213357,0.6018512845039368,0.09220770758354964
2024-05-14,0.6612882018089294,0.7317590778480096,1.101442919573315,1.079354166984558,1.2561867237091064,0.006400696325752626,0.09251977362047883,0.6023406982421875,0.09228872474587894
2024-05-15,0.6626027226448059,0.7324504690949348,1.1029006103247312,1.0814552307128906,1.2585265636444092,0.0063898579724973635,0.09259113561309124,0.6043282151222229,0.09263591247711325
2024-05-16,0.6701065301895142,0.7354563698547868,1.1104571990681202,1.0889805555343628,1.2690032720565796,0.006481637618342354,0.09391187933650448,0.6130606532096863,0.09392149395022817
2024-05-17,0.6683151721954346,0.734505620206862,1.1037649366874585,1.0867793560028076,1.2672007083892822,0.006435876239011254,0.09355797635693176,0.6124201416969299,0.09342170852668562
2024-05-20,0.6700705885887146,0.7348672385273796,1.100473216412812,1.0875475406646729,1.2706480026245115,0.006420380947566562,0.09374662780226001,0.6136701107025146,0.0934578539639034
2024-05-21,0.6672093272209167,0.7341604847068424,1.0987561954460197,1.086082935333252,1.2710840702056885,0.006395088771669882,0.0935234967778429,0.6108101606369019,0.09364927125427609
2024-05-22,0.6667097806930542,0.7331217036275794,1.097502094627444,1.0855170488357544,1.2711325883865356,0.0063999587502658675,0.09377519997889429,0.6093807816505432,0.0935698815518821
2024-05-23,0.6619185209274292,0.7305135822745733,1.092896149233872,1.0825204849243164,1.2721028327941897,0.006381458249287982,0.09341874552484479,0.6100090146064758,0.09316191362113259
2024-05-24,0.6601487994194031,0.728220763031151,1.0936970172971006,1.0812681913375854,1.2694060802459717,0.006370522026836174,0.09373916065861713,0.609730064868927,0.09315948850130085
2024-05-27,0.6624007821083069,0.731742992245552,1.0936133204650569,1.0847634077072144,1.2736095190048218,0.006374705368308096,0.09443851926090936,0.6121711730957031,0.09380775054404104
2024-05-28,0.6655617952346802,0.733734928166889,1.095050347386984,1.0861891508102417,1.2772371768951416,0.0063757212038454344,0.09544808009884737,0.6152294278144836,0.09429585168791729
2024-05-29,0.6647999286651611,0.732815507586467,1.096142701477085,1.0851871967315674,1.275835633277893,0.006358815492083403,0.09510657922030595,0.6140695810317993,0.09454208476830483
2024-05-30,0.6613699793815613,0.7290223552389774,1.095530219809102,1.0801819562911987,1.2697993516921997,0.0063448555222878344,0.09446572759734445,0.6113590598106384,0.0937282679699419
2024-05-31,0.6630301475524902,0.7308178572872278,1.107039664132568,1.0835410356521606,1.27304208278656,0.006371333974718435,0.09477505097687604,0.6116507053375244,0.09445510784487172
2024-06-03,0.6656903028488159,0.7342737156152541,1.1094838919588086,1.0853049755096436,1.2743724584579468,0.0063621328833035565,0.0953061683025843,0.6148586869239807,0.09502812800906257
2024-06-04,0.669008195400238,0.7337457102866176,1.1172934582068235,1.0907385349273682,1.2810165882110596,0.0064071348201517764,0.09572126381615984,0.6193599700927734,0.09609877339746174
2024-06-05,0.6646201014518738,0.7311972670475683,1.1236586610450299,1.0881866216659546,1.277302384376526,0.006446456032860243,0.09477828911058762,0.6174706816673279,0.09597076476520124
2024-06-06,0.6657789945602417,0.730460212309226,1.1204482002235259,1.087453007698059,1.2794759273529053,0.00641317519204248,0.09463173280570829,0.6196286082267761,0.09628902280934015
2024-06-07,0.6669601202011108,0.7316252441953696,1.1239490789356887,1.0894432067871094,1.2793285846710205,0.006422731073911095,0.09478457754723792,0.6197015643119812,0.09629541604594222
2024-06-10,0.6582714915275574,0.7267969896774236,1.115946900049574,1.077888250350952,1.2729448080062866,0.006376209391385093,0.09332711019686543,0.6106199026107788,0.09472029322590773
2024-06-11,0.6608948111534119,0.7266808278883145,1.1153494628016432,1.0764262676239014,1.2726370096206665,0.006367804653289574,0.09395096410804663,0.6128314733505249,0.0954590112237459
2024-06-12,0.6607699394226074,0.7270136723784122,1.1138586276192886,1.07403302192688,1.274047613143921,0.006365169964004583,0.09354397117787724,0.614601731300354,0.09540528338638095
2024-06-13,0.6662899851799011,0.7287620526317802,1.1182430300003472,1.0813149213790894,1.27962327003479,0.006377550896283541,0.09452242367315371,0.6186816692352295,0.09636139640655478
2024-06-14,0.6633102893829346,0.7277490880805804,1.1186558007027365,1.0738831758499146,1.2755101919174194,0.006364237831148233,0.09390773295848193,0.6161011457443237,0.09543715147713441
2024-06-17,0.6612882018089294,0.728173037067901,1.1226746306369726,1.0702168941497805,1.2683112621307373,0.006347352307786926,0.09367505589498577,0.6137416958808899,0.09505269580637234
2024-06-18,0.6622077822685242,0.7292190671575296,1.125745804542259,1.0740677118301392,1.2715997695922852,0.00634115421275629,0.09391250174533831,0.613800048828125,0.09553060329056982
2024-06-19,0.6661200523376465,0.7290648699898131,1.130991415105717,1.0742292404174805,1.2707449197769165,0.006334285499438733,0.09456935282183607,0.614058256149292,0.09584052123227811
2024-06-20,0.6675300002098083,0.7296181402557028,1.1308379592145965,1.0751532316207886,1.2721998691558838,0.006330797092524248,0.09467455621301775,0.6139414310455322,0.09581572841220676
2024-06-21,0.6660698652267456,0.7307431174614911,1.1217175958365202,1.0706409215927124,1.266047120094299,0.006292038693119293,0.09487575931298461,0.6122798919677734,0.09529981046845937
2024-06-24,0.6635000109672546,0.7298577811443233,1.1184431141636593,1.0687757730484009,1.2639029026031494,0.006255434704795903,0.09451822320782866,0.6111199259757996,0.09512277341755662
2024-06-25,0.6654599905014038,0.7321769767280084,1.1195825866542561,1.0732723474502563,1.268343448638916,0.006262289561710441,0.09494512053670302,0.6120513081550598,0.09549639407708446
2024-06-26,0.6644800901412964,0.7320054929592337,1.1170687938262587,1.0709619522094729,1.268399715423584,0.006262289561710441,0.0942072025507503,0.6119089722633362,0.09515744079975462
2024-06-27,0.6644783020019531,0.7296873184177545,1.1152001478317457,1.068010926246643,1.262179970741272,0.00622583588895714,0.09359948234356116,0.6080284118652344,0.09454726772790574
2024-06-28,0.6650599241256714,0.7299642893379857,1.1129412901010596,1.0708472728729248,1.26457417011261,0.006223278933769692,0.09385036047203713,0.6084686517715454,0.0941327963529574
2024-07-01,0.6674007773399353,0.7313844414382085,1.1108642408552027,1.0735257863998413,1.2648621797561646,0.006214770112015883,0.09379631332514199,0.6099197268486023,0.09464229834957058
2024-07-02,0.6654599905014038,0.727918583157282,1.1072235557013326,1.0737102031707764,1.26457417011261,0.006191490668266437,0.09382209506330229,0.6064796447753906,0.09420027962473904
2024-07-03,0.6668298244476318,0.73116520965741,1.106574180936565,1.0748412609100342,1.269035577774048,0.006191797191431934,0.09375700500045825,0.6082206964492798,0.09458679795703716
2024-07-04,0.6710900068283081,0.7334981223616681,1.1101736373384627,1.0793308019638062,1.2747784852981567,0.006187314683146535,0.09480982536545476,0.6107205748558044,0.09539581389657516
2024-07-05,0.6725085377693176,0.7344732077674806,1.1108025330765219,1.0810693502426147,1.2755752801895142,0.006197399505501686,0.09464229834957058,0.611340343952179,0.09521369953642415
2024-07-08,0.6746591329574585,0.7332453176396876,1.1170313833373715,1.082602620124817,1.2806508541107178,0.006225177087366394,0.09466648754916702,0.6141110062599182,0.09559498161354457
2024-07-09,0.6743202209472656,0.7337026478815785,1.1138214318339703,1.0830950736999512,1.281558394432068,0.0062167019986105005,0.09432921451454516,0.6131207942962646,0.09450902268169316
2024-07-10,0.6741496920585632,0.7336756963401,1.1143302607341161,1.0814785957336426,1.2787723541259766,0.0061984369981314645,0.09431720015960354,0.6127113103866577,0.0947942774261508
2024-07-11,0.6751797795295715,0.7343653798257628,1.112099616646426,1.083329677581787,1.285264492034912,0.0061878509794472255,0.09335551861174692,0.6087983250617981,0.09484057627053645
2024-07-12,0.6768500804901123,0.7339772814272497,1.1160340504077426,1.0872756242752075,1.292373776435852,0.0063210723986365175,0.09334427448936772,0.6094588041305542,0.09534424643496557
2024-07-15,0.6771998405456543,0.732815507586467,1.1149639500516937,1.0885539054870603,1.2966804504394531,0.006316600516944202,0.09311766884712876,0.6095516681671143,0.09470943652195432
2024-07-16,0.6763300895690918,0.7312079747146595,1.1167319666117617,1.0901559591293335,1.2970000505447388,0.006323470567967032,0.09255231607189308,0.6076810956001282,0.09434344733952317
2024-07-17,0.6731998324394226,0.7315556343142747,1.119545007605561,1.0902509689331057,1.29776930809021,0.0063151244803002155,0.09283482212419715,0.6069099307060242,0.09455862448770931
2024-07-18,0.6730697751045227,0.7310636387998631,1.1333370757226544,1.094020128250122,1.3007453680038452,0.006423184937662685,0.09333181188732351,0.608061671257019,0.09483257362738554
2024-07-19,0.6705500483512878,0.7298204439488846,1.1270145200754729,1.0901559591293335,1.2951691150665283,0.006363347367730131,0.09252276967241371,0.6043793559074402,0.09443379045521443
2024-07-22,0.6696308851242065,0.7295542414442526,1.1261134129341692,1.0899182558059692,1.2933096885681152,0.006352352394267684,0.09192206906007314,0.6024205088615417,0.09392405144927252
2024-07-23,0.6640105843544006,0.7266808278883145,1.1242270661502316,1.0889805555343628,1.2932428121566772,0.006373851647085701,0.09126394492078324,0.5978501439094543,0.09325800186377974
2024-07-24,0.6612094640731812,0.7253841044650347,1.1216797983369107,1.0850694179534912,1.2901561260223389,0.006419803589431931,0.09076831519469193,0.595291256904602,0.0928787079590442
2024-07-25,0.6574798822402954,0.7240972509173349,1.1299179454548345,1.0839520692825315,1.289989709854126,0.006498105528972026,0.09069636874946427,0.5927295684814453,0.09281776250076568
2024-07-26,0.6542999744415283,0.723625657312519,1.135537828990895,1.0851283073425293,1.2856775522232056,0.006506307601933823,0.09070500665727357,0.5889801979064941,0.09238703210923735
2024-07-29,0.6554999947547913,0.7231703878189967,1.1308379592145965,1.0853756666183472,1.2868356704711914,0.0064876504382351645,0.09087109381194938,0.5889000296592712,0.09245869485648603
2024-07-30,0.6551405787467957,0.7217194537045107,1.1285408041588854,1.081946611404419,1.286041259765625,0.00650055611218022,0.09092223144529683,0.5877305269241333,0.09233652688008992
2024-07-31,0.6541501879692078,0.7220424850060946,1.1337482720647265,1.081607222557068,1.2836971282958984,0.006550075404424879,0.09136132978300274,0.5902003049850464,0.0929315377738656
2024-08-01,0.6547001004219055,0.7242020843560033,1.138770618698051,1.082391619682312,1.2853139638900757,0.0066780637487296995,0.09176138727910933,0.595181405544281,0.09355709986695065
2024-08-02,0.6494898200035095,0.7204299662372312,1.1456065866784952,1.078760266304016,1.27289617061615,0.006702367765636395,0.09130769350668666,0.5936197638511658,0.09321489217992183
2024-08-05,0.6497219204902649,0.7203002441699236,1.1680878091064004,1.0910836458206177,1.278788685798645,0.006868886708123568,0.09127235760433389,0.594700038433075,0.09472387845255258
2024-08-06,0.6515498757362366,0.7243594852653871,1.1698232032703588,1.0950982570648191,1.2788705825805664,0.006859181329663437,0.09093636944842699,0.5950503945350647,0.09500402050343498
2024-08-07,0.6515001654624939,0.7253472862927082,1.172951692099286,1.0926215648651123,1.2684721946716309,0.006909322313728946,0.09177317695535561,0.5974107980728149,0.09497189905033172
2024-08-08,0.6515973806381226,0.7270241948560959,1.163778587887286,1.0928125381469729,1.2680377960205078,0.006843503110047197,0.0924157180824225,0.5986088514328003,0.09550705790177322
2024-08-09,0.659200131893158,0.7280457562860346,1.15360209800644,1.0915720462799072,1.2747459411621094,0.0067719017330265365,0.09229289997336594,0.6007015705108643,0.09514385915628168
2024-08-12,0.6569784283638,0.7280192819132779,1.1560159010947662,1.091381311416626,1.2750385999679563,0.006800777664609048,0.09249298921319707,0.5994916558265686,0.09508523408405778
2024-08-13,0.6585316061973572,0.7276802137982562,1.1564303301915209,1.0936251878738403,1.2771228551864624,0.006803554425320982,0.09259285259712295,0.6023406982421875,0.09512412821676096
2024-08-14,0.6638598442077637,0.7294424613090039,1.1560025193736623,1.0996986627578735,1.2866700887680054,0.006804063708777435,0.09325557173884177,0.6079211831092834,0.09567849246808895
2024-08-15,0.6600006818771362,0.7290914838326469,1.1563287074118014,1.101321578025818,1.2828736305236816,0.006791032844015459,0.09333155436197933,0.6000707745552063,0.09553561666800295
2024-08-16,0.6612488627433777,0.7281411810986236,1.1461449561970858,1.0972732305526731,1.2859420776367188,0.006701424717414021,0.09310345623637845,0.5980896949768066,0.0948703600243379
2024-08-19,0.6672983765602112,0.7310849829051114,1.1526314621536473,1.1024993658065796,1.294716238975525,0.006758766409623982,0.09362507237894468,0.6057485342025757,0.09583042214879464
2024-08-20,0.6735321879386902,0.7336756963401,1.1595950503201236,1.1086474657058716,1.299038648605347,0.0068166788120655715,0.09496730590080535,0.6117704510688782,0.09704309780207995
2024-08-21,0.6747274398803711,0.7343599796165969,1.171563843367066,1.112792730331421,1.3035430908203125,0.006880086958520958,0.09531398249767617,0.6157407760620117,0.09900989725056647
2024-08-22,0.6749701499938965,0.7361981194783657,1.1749500265738242,1.115536093711853,1.309346079826355,0.006890944101190553,0.09523356279764575,0.6162492632865906,0.09829101329986775
2024-08-23,0.6708199381828308,0.7351103404949402,1.1741223326361845,1.111716389656067,1.3097747564315796,0.006839851906184986,0.09451367383491383,0.6143600344657898,0.09772773618760278
2024-08-26,0.6787806153297424,0.7403020227454283,1.1801916349921153,1.118793487548828,1.3212658166885376,0.006944444444444444,0.09555388164862377,0.6224092245101929,0.09804594613371187
2024-08-27,0.6772910952568054,0.7417242246745134,1.1804981431158783,1.1164700984954834,1.3191741704940796,0.00691964872562045,0.09490835694179195,0.6205514073371887,0.0979252557125463
2024-08-28,0.6787898540496826,0.7436216109073618,1.188043551075018,1.117793083190918,1.3257501125335691,0.0069456499920619325,0.09559845904812352,0.6244106888771057,0.09851596016692289
2024-08-29,0.6783100962638855,0.7420048973373349,1.1879023996778113,1.1124955415725708,1.319365620613098,0.006923625551618124,0.09520545227574476,0.6247500777244568,0.09809095258167715
2024-08-30,0.67958003282547,0.7413393178210693,1.180721211010117,1.10804545879364,1.3166210651397705,0.006901787592052708,0.09523646039590247,0.6263309121131897,0.09785089835731586
2024-09-02,0.6768001914024353,0.7413448211652923,1.1757789706960995,1.1044842004776,1.3128528594970703,0.006831487846891947,0.09428954314384862,0.625,0.09736672056346592
2024-09-03,0.6787299513816833,0.7408889103999203,1.1745774774990483,1.1067456007003784,1.314198613166809,0.0068156104685597,0.09442371355551601,0.6230490803718567,0.09757763513336828
2024-09-04,0.6714000701904297,0.7383670507956719,1.1765674981077472,1.1048868894577026,1.3114066123962402,0.006879803112665804,0.0936663701896515,0.618739128112793,0.09712660398958092
2024-09-05,0.6716187596321106,0.7402965348726054,1.181977196876808,1.10804545879364,1.3144749402999878,0.006977198265665426,0.0940524922866401,0.6186702251434326,0.09791097311504457
2024-09-06,0.6740502119064331,0.7407352332798073,1.1851008806167334,1.1111111640930176,1.317748785018921,0.006973840860731325,0.09409276650012662,0.6224402189254761,0.09756649486531312
2024-09-09,0.6670802235603333,0.7373489392455501,1.1849183315954472,1.1087212562561035,1.3133355379104614,0.007018233743080128,0.09338994928006333,0.6171315908432007,0.09710463036516288
2024-09-10,0.6657878756523132,0.7372456432010805,1.1772323376374232,1.1037527322769165,1.307138204574585,0.006984361918175881,0.09224930615690677,0.6142317652702332,0.09640849451279129
2024-09-11,0.6653298139572144,0.7347754489968957,1.18116743348512,1.1020983457565308,1.3080273866653442,0.0070306680926255334,0.09249786833668865,0.6150099039077759,0.0966395557907137
2024-09-12,0.6676998138427734,0.7364638269094808,1.1728829759314956,1.1010911464691162,1.3039510250091553,0.0070131147042765485,0.09211394033118382,0.6132185459136963,0.09626241555157397
2024-09-13,0.6726899147033691,0.7366048699856677,1.1766367292206399,1.1077877283096311,1.313232183456421,0.0070671881075925905,0.0933930934556182,0.6187008619308472,0.09745334799782969
2024-09-16,0.6713797450065613,0.7365017822964406,1.1796626167571107,1.1088441610336304,1.3137997388839722,0.0071027775245905604,0.0941722428729532,0.6164087653160095,0.09793100833235814
2024-09-17,0.6751897931098938,0.7360355966922564,1.1840204673337849,1.1129536628723145,1.3210737705230713,0.0071027775245905604,0.09442603487845815,0.6196094155311584,0.09825595897705766
2024-09-18,0.6762696504592896,0.7357214775107265,1.1815722180501935,1.1123099327087402,1.3167423009872437,0.007041509729942587,0.09452608766985968,0.619398295879364,0.09825953142081137
2024-09-19,0.676369845867157,0.7347160490626524,1.1802195305281233,1.1114816665649414,1.3201146125793457,0.007007217104298752,0.09445510784487172,0.6208904981613159,0.09801096558994214
2024-09-20,0.6809576749801636,0.7373163401911029,1.179551313653259,1.1161960363388062,1.328179955482483,0.00699995791651277,0.09522902214011919,0.6237019300460815,0.09851313723327516
2024-09-23,0.6809993982315063,0.7372347579763757,1.1752262388208017,1.1160838603973389,1.331398367881775,0.006944251654526023,0.09548544569439206,0.6236202716827393,0.09838152771826472
2024-09-24,0.6834102272987366,0.7391256270063343,1.1801916349921153,1.111172795295715,1.334988713264465,0.006961945979480446,0.09541347848597928,0.6267195343971252,0.0981200218927005
2024-09-25,0.6905400156974792,0.7451009477320435,1.1883400108866609,1.1191190481185913,1.3427324295043943,0.006994816966145432,0.09624138766259233,0.6352190971374512,0.09921097745486322
2024-09-26,0.6821599006652832,0.7417187156958958,1.1756821577165333,1.1131023168563845,1.3315792083740234,0.006911662111518259,0.09456890931305018,0.6257195472717285,0.0982327904362578
2024-09-27,0.689280092716217,0.7420765100799381,1.1816978857832594,1.117717981338501,1.341381549835205,0.006892938682022079,0.09497217430935734,0.6331197619438171,0.09883473946232708
2024-09-30,0.6918787360191345,0.740258187365464,1.189767999290843,1.1169815063476562,1.338329792022705,0.007003634652987408,0.09537798233565886,0.634981095790863,0.0991803764022105
2024-10-01,0.6915801763534546,0.7392512741642651,1.1829979915312057,1.113660216331482,1.3376137018203735,0.006958457680619576,0.09491736903597103,0.6345298290252686,0.09849723001902827
2024-10-02,0.6879992485046387,0.7410371524398522,1.181558238126873,1.1063904762268066,1.327404260635376,0.006957199676174287,0.09427220747480818,0.6282985806465149,0.09735552897080335
2024-10-03,0.6887099742889404,0.7404719910817902,1.1765951400661079,1.1048502922058103,1.326611876487732,0.006822120007936377,0.09459028775644762,0.6261191964149475,0.09745211623517298
2024-10-04,0.6850300431251526,0.738105423872161,1.1739707508221957,1.103557825088501,1.3130252361297607,0.006810133648457194,0.09435511178223215,0.6217281222343445,0.0971540692559631
2024-10-07,0.6800592541694641,0.7364203802297925,1.164564595748509,1.0974539518356323,1.3125253915786743,0.006719526614599632,0.09372335033161898,0.6160784363746643,0.09640849451279129
2024-10-08,0.6755999326705933,0.7343222446572475,1.1701654817414477,1.0975743532180786,1.3084723949432373,0.00675009805440289,0.09397613188219966,0.6128502488136292,0.09663805951201179
2024-10-09,0.6739597916603088,0.7324933846355891,1.1663167715054483,1.0975743532180786,1.309483289718628,0.006749505754423287,0.09340626303060999,0.6131395697593689,0.09684048604951594
2024-10-10,0.6717401146888733,0.7294318687145626,1.1621555702915658,1.0943313837051392,1.306830883026123,0.006704210079434496,0.09281345749814653,0.6070908308029175,0.0962294376680337
2024-10-11,0.6740997433662415,0.7275002300374938,1.1674741992706739,1.0933860540390017,1.3062163591384888,0.006724768905331865,0.09320151141717982,0.6096000075340271,0.09625037198508496
2024-10-14,0.6731105446815491,0.7256262441062279,1.1650938299225189,1.0925379991531372,1.3049037456512451,0.006696398693213162,0.09318240388733964,0.6091692447662354,0.09621861192804085
2024-10-15,0.6725999116897583,0.7244854177217638,1.1599582345741783,1.0909169912338257,1.3067454099655151,0.006681365752882649,0.09257716500089877,0.6089614629745483,0.09594866125861062
2024-10-16,0.6682080030441284,0.7256314538609091,1.1593665132105408,1.0884116888046265,1.3065917491912842,0.00670695314220591,0.09236859878491022,0.6056311726570129,0.09597297831122131
2024-10-17,0.6664889454841614,0.7270083797502801,1.1556685546407481,1.0862481594085691,1.29902184009552,0.006685564349015921,0.09163937202783537,0.6058696508407593,0.09519094955372434
2024-10-18,0.6699718832969666,0.7248635405894162,1.1548277296882996,1.0829542875289917,1.301574945449829,0.006662224912305171,0.09160529149294445,0.6060715913772583,0.09484732767462516
2024-10-21,0.6716818809509277,0.7246587167887748,1.1561629611283541,1.0868619680404663,1.3052616119384766,0.0066844917058897085,0.0915868327856573,0.6076700091362,0.09504953367011457
2024-10-22,0.6653094291687012,0.7228828491584343,1.1555216999318831,1.0817828178405762,1.298296570777893,0.006639885982328963,0.0913367154648985,0.6023297905921936,0.0947155361603759
2024-10-23,0.6685997843742371,0.7237879910463181,1.1553614360922635,1.079727053642273,1.2982797622680664,0.006616469695042292,0.09156084158965695,0.604580283164978,0.09486225795254048
2024-10-24,0.663599967956543,0.7227156908314031,1.1537485445089373,1.0780508518218994,1.291372299194336,0.006545830753478696,0.09102328099996997,0.6006186604499817,0.09438984203067209
2024-10-25,0.663702130317688,0.7218496875051092,1.1549077820383828,1.0824151039123535,1.2973365783691406,0.006588352902726593,0.09143960592342687,0.6008387804031372,0.09467993323674904
2024-10-28,0.6603406071662903,0.7196522722051284,1.1514635107030096,1.0796570777893066,1.295823574066162,0.006537999026722435,0.09103157034268362,0.5979001522064209,0.09423933384225776
2024-10-29,0.6582671999931335,0.7199527550229329,1.1562565063143253,1.0816774368286133,1.2974711656570437,0.0065283099799686,0.0910421772133215,0.5986300110816956,0.09395538370129783
2024-10-30,0.6563001871109009,0.7187625499072351,1.1531099580694562,1.0820636749267578,1.3014055490493774,0.0065242636485045,0.09129327290043522,0.5971183180809021,0.09405753733324722
2024-10-31,0.6572798490524292,0.7190106417519139,1.1543345436821622,1.085917830467224,1.2959579229354858,0.0065272449430932725,0.09123088912304715,0.5971112251281738,0.09367374205773922
2024-11-01,0.657680094242096,0.7176072117548339,1.158023956299222,1.0886130332946775,1.2897733449935913,0.00657981331827869,0.09096416939467103,0.5971503853797913,0.09392846009695832
2024-11-04,0.6591914296150208,0.7184527219059782,1.1526048554975563,1.087453007698059,1.2953401803970337,0.006566548577139261,0.090836008404992,0.5987414717674255,0.09359396000770476
2024-11-05,0.6584101915359497,0.7193882521470314,1.1571797016864038,1.0874056816101074,1.2954542636871338,0.006567022995001784,0.09087513387619309,0.5973715782165527,0.09327374683328114
2024-11-06,0.6641499996185303,0.7229090135687288,1.1595412734912593,1.093445897102356,1.3043591976165771,0.006603493354388417,0.09141185732903015,0.60165935754776,0.09363944470163287
2024-11-07,0.6567001342773438,0.7169383992168605,1.141943591966353,1.073306918144226,1.2883278131484983,0.006480041164714625,0.09028122651652858,0.5938806533813477,0.09217048889362381
2024-11-08,0.6676815152168274,0.7211209333936459,1.1457640772586208,1.0795172452926636,1.2982292175292969,0.0065282677099782,0.09198616859890878,0.6022282242774963,0.09358931540071262
2024-11-11,0.65845787525177,0.7190209954684732,1.1415525281929633,1.0714898109436035,1.2917059659957886,0.006540050976392208,0.09096225977424259,0.5966302156448364,0.09242639742814975
2024-11-12,0.6577605605125427,0.7183133772059583,1.1360150807666056,1.066439151763916,1.2874983549118042,0.006515507087811112,0.09074179698658684,0.596911609172821,0.0922987735495553
2024-11-13,0.6529401540756226,0.7170772109154354,1.1335811995373843,1.061672568321228,1.2739177942276,0.00646600502986048,0.09025311215105306,0.5923293828964233,0.09170282113753805
2024-11-14,0.6492705345153809,0.7146583281137863,1.1289612136126328,1.0564124584197998,1.27068030834198,0.006433805753767722,0.08982224536596635,0.5882906913757324,0.09107857709179777
2024-11-15,0.6455498337745667,0.7111616910009384,1.1230403108513067,1.0530084371566772,1.266784906387329,0.006391083066038624,0.08968931597543897,0.5849800705909729,0.09094547119175987
2024-11-18,0.6463413834571838,0.7099298085351107,1.1252770649728638,1.0533745288848877,1.261765956878662,0.006465628656499666,0.09023682502303951,0.5863211154937744,0.09108256442115123
2024-11-19,0.650590181350708,0.7131446635090397,1.1322463898933413,1.059490442276001,1.2679253816604614,0.006467593935841184,0.09091925931796335,0.5890703797340393,0.09177612484779483
2024-11-20,0.6541501879692078,0.7165890645910211,1.1336968657810607,1.0607603788375854,1.2694543600082395,0.0064633719735859374,0.09128185253299445,0.5919612050056458,0.09168213462858224
2024-11-21,0.6513999700546265,0.7159220865585044,1.131669772529682,1.0546187162399292,1.2655344009399414,0.006439357428061532,0.09040708519454822,0.5884000062942505,0.09072722485577928
2024-11-22,0.6510289311408997,0.7153075812844485,1.1275228225168052,1.0469341278076172,1.2584789991378784,0.006484327283200837,0.09031261748509864,0.5857407450675964,0.09039082037193319
2024-11-25,0.6539880037307739,0.7177308071405103,1.1230024241599914,1.0479873418807983,1.2593823671340942,0.006487356307275152,0.09079864631931478,0.5862111449241638,0.09117823039055802
2024-11-26,0.646379828453064,0.7093003522992036,1.1251124796215561,1.0444300174713137,1.2533055543899536,0.006477606661924303,0.09001880170608677,0.5811284184455872,0.09049961834973112
2024-11-27,0.6475173830986023,0.7115867497356555,1.128324342566347,1.0491198301315308,1.2573871612548828,0.006535563152810873,0.08974364789832358,0.5837098360061646,0.09106017186502813
2024-11-28,0.6497219204902649,0.7129464080448658,1.133786810681936,1.0562450885772705,1.2677645683288574,0.006607813142143401,0.09035300605540991,0.5893411636352539,0.09164835871740404
2024-11-29,0.6507400274276733,0.7139185560350129,1.1333499378411802,1.0563008785247805,1.2696800231933594,0.006614894271812038,0.09059940924999149,0.5896400213241577,0.09161359913825678
2024-12-02,0.6502415537834167,0.7136434258492894,1.1337521794393646,1.0545074939727783,1.270163893699646,0.006671203307506376,0.09045255173730928,0.5906500220298767,0.09151584374852448
2024-12-03,0.6475300192832947,0.7120985674002358,1.128311594262841,1.0501223802566528,1.265854835510254,0.006688605488624594,0.09015319860311789,0.5884602665901184,0.09102900198643267
2024-12-04,0.6485504508018494,0.7109392294411243,1.1281588646713634,1.0510826110839844,1.2674272060394287,0.006682392422108261,0.09044928254808171,0.5882110595703125,0.09102709754506819
2024-12-05,0.6432936787605286,0.7105754905478624,1.1315416981270148,1.051414132118225,1.2701154947280884,0.0066415615047247245,0.0904730148954295,0.5857201814651489,0.09156821359302995
2024-12-06,0.6449898481369019,0.7131904397578422,1.1384076015362774,1.058559536933899,1.2759333848953247,0.0066574793127079064,0.09062469291604805,0.5882214307785034,0.09218289448606025
2024-12-09,0.639991819858551,0.7068236654172321,1.1380837242216535,1.056546330451965,1.2749296426773071,0.006665333654178455,0.08967298627970197,0.5838802456855774,0.09155630863686685
2024-12-10,0.643790602684021,0.7056167242931832,1.1381873387328638,1.0555204153060913,1.2749085426330566,0.0066046706155346215,0.08991811056167519,0.5858985781669617,0.09173217511011
2024-12-11,0.6376001834869385,0.7054972061795662,1.133144485104681,1.0532968044281006,1.2780042886734009,0.006587311223919531,0.0897287495833713,0.58022141456604,0.09124586965064721
2024-12-12,0.6383902430534363,0.7067686986507156,1.1322335528102847,1.0506850481033323,1.2766337394714355,0.006568360419534779,0.0898103823555132,0.5794212818145752,0.0912119145006603
2024-12-13,0.6375001668930054,0.7033733649096129,1.1210636984776396,1.0474056005477903,1.2677323818206787,0.006553638011100465,0.08969277596513894,0.5770307183265686,0.09081629312421954
2024-12-16,0.6367115378379822,0.7029432147181686,1.1213980472672183,1.051005244255066,1.2627378702163696,0.006516653183113022,0.08981982173363932,0.5770706534385681,0.09116751253147268
2024-12-17,0.6376400589942932,0.7025086484036588,1.1185182014709556,1.0517348051071167,1.269035577774048,0.006489882335232685,0.08974002269825823,0.5791997909545898,0.09193626985517293
2024-12-18,0.6341153979301453,0.6988266927116525,1.120473268137415,1.0495051145553589,1.2710840702056885,0.006511603413782808,0.08937812252038436,0.5758113265037537,0.09129502157357876
2024-12-19,0.6206199526786804,0.6915151112468908,1.1090162781424875,1.0350252389907837,1.2567708492279053,0.006465252326952198,0.08782638622667147,0.5617314577102661,0.08984160834382551
2024-12-20,0.6233997941017151,0.6942949775024342,1.112359455951378,1.0364949703216553,1.2497968673706057,0.0063434067760895305,0.08746128752701428,0.562749981880188,0.0906840306143011
2024-12-23,0.6252892017364502,0.6963157704256914,1.1197581134698085,1.0433076620101929,1.256991982460022,0.00638842908259815,0.08838013193434535,0.5651601552963257,0.09071685605519891
2024-12-24,0.6244925856590271,0.6956908855093398,1.113003235741426,1.0405826568603516,1.2534469366073608,0.006362740067563336,0.08809656733942027,0.5646591186523438,0.09056018447547345
2024-12-25,0.6239081621170044,0.6962818438909473,1.1107408321531134,1.0402579307556152,1.2536041736602783,0.006365088978769181,0.08805374844552522,0.5648000836372375,0.09051092193862846
2024-12-26,0.6244574785232544,0.6966893542154458,1.111827593857664,1.0399551391601562,1.254374623298645,0.006364035740213411,0.08816670767081367,0.5650898814201355,0.09089322800480464
2024-12-27,0.6223007440567017,0.6939432443879712,1.1124708317510486,1.0423181056976318,1.2529758214950562,0.006339224541899231,0.08781049983372903,0.5625594258308411,0.09055493673876971
2024-12-30,0.6225099563598633,0.6942804967999863,1.1088441758572365,1.0429377555847168,1.257880687713623,0.006334205298189267,0.088145333007173,0.5639394521713257,0.09096168374745729
2024-12-31,0.621999979019165,0.6968738071117014,1.1071254287605932,1.040615200996399,1.254909873008728,0.006369629804144769,0.0882798010080932,0.5639712810516357,0.09071257108114626
2025-01-02,0.6194201707839966,0.6956715580188497,1.1016248839917322,1.0351860523223877,1.2519248723983765,0.006340390423162239,0.08781913366945902,0.5598414540290833,0.09064383143630453
2025-01-03,0.6200800538063049,0.6942998045374849,1.0964791883714184,1.0268205404281616,1.2380222082138062,0.006354774361681455,0.08785663038231578,0.5592997670173645,0.08974984674730244
2025-01-06,0.6220104694366455,0.6925207728790612,1.099734984127234,1.030534744262695,1.2426837682724,0.006349972264411001,0.08808205544508413,0.5616084337234497,0.08996649044751245
2025-01-07,0.623910129070282,0.6974181850500109,1.10492350790158,1.0386372804641724,1.2510946989059448,0.0063394256733390756,0.08851359182381087,0.5639108419418335,0.09051411745248115
2025-01-08,0.6234919428825378,0.6961800841198127,1.0995656781320327,1.034554123878479,1.247785210609436,0.0063196747126416835,0.08874516158108127,0.5635485649108887,0.09000413637097522
2025-01-09,0.6211604475975037,0.6955553849314885,1.0977550847482578,1.0314701795578003,1.2359870672225952,0.00632143213001763,0.08768245681063526,0.5605400204658508,0.08970331868812866
2025-01-10,0.6189700961112976,0.6943672751238357,1.0964071024725859,1.0297601222991943,1.2299367189407349,0.006327191573064407,0.08770698938491954,0.5593501329421997,0.08962870591256136
2025-01-13,0.6154982447624207,0.6937266040334615,1.0907861517128317,1.0244431495666504,1.220494508743286,0.0063336439463039665,0.0873492106611127,0.5564799308776855,0.08916565701780224
2025-01-14,0.6192100048065186,0.6962430665010014,1.0919653098340896,1.026525378227234,1.2233314514160156,0.006354693640758704,0.0877654901977196,0.5604187846183777,0.08911782383673338
2025-01-15,0.619160532951355,0.6967912629306754,1.0959384171147881,1.030683517456055,1.221344232559204,0.006327111551352027,0.08791456447170908,0.5602993965148926,0.08954708174103802
2025-01-16,0.6235401034355164,0.6980217825591745,1.096346990367928,1.0295268297195437,1.2243348360061646,0.006399795006566196,0.08844939665181932,0.562828540802002,0.08973519211352864
2025-01-17,0.6210300922393799,0.694647067357664,1.0974900332938746,1.0301949977874756,1.223690629005432,0.006436828844253513,0.08806856167628056,0.5608084797859192,0.08971345707845198
2025-01-20,0.6195403337478638,0.6908796901446337,1.0933741350777044,1.0277386903762815,1.2171002626419067,0.006397707071781891,0.08755953888484873,0.5587310194969177,0.08949834967103952
2025-01-21,0.6281000375747681,0.6991736046921584,1.1036796918972784,1.0420682430267334,1.233136773109436,0.0064412656159116245,0.08879843048611522,0.5681785941123962,0.09088100166572759
2025-01-22,0.6262015104293823,0.6972187824174301,1.1028884300427229,1.040593504905701,1.2335399389266968,0.006419556451514158,0.08861626748290827,0.5660911202430725,0.09096871492948246
2025-01-23,0.6275002360343933,0.6947532127729584,1.1033751981784843,1.0410159826278689,1.231420874595642,0.006392226952147642,0.08877588410477386,0.5663604140281677,0.09087877260407703
2025-01-24,0.6283262372016907,0.6954876832652985,1.10194049900047,1.041601538658142,1.2353914976119995,0.006403893617349768,0.08876288322935665,0.5675497651100159,0.0909278530025609
2025-01-27,0.6292909979820251,0.6951637742833902,1.1027303282954908,1.0467586517333984,1.2459352016448977,0.006420792960484632,0.08915126832187219,0.5692297220230103,0.09127960376467778
2025-01-28,0.6263799667358398,0.6943962443733397,1.1061824563712341,1.0445064306259155,1.2460592985153198,0.006455402991849187,0.08888952185057199,0.5668194890022278,0.09114374721851358
2025-01-29,0.6254573464393616,0.6944492459629164,1.106035658494445,1.04290509223938,1.244168043136597,0.006428428847692162,0.0886256897152545,0.566559374332428,0.09096292260861191
2025-01-30,0.6239782571792603,0.6944926535073103,1.1034238913682413,1.0425245761871338,1.245530128479004,0.0064445447689650956,0.0885983647710103,0.5665208697319031,0.09096176265480486
2025-01-31,0.6215001940727234,0.6899882460450697,1.0996636227540986,1.0397279262542725,1.2423903942108154,0.0064894189971760295,0.0883662339212078,0.5636406540870667,0.09052100146523759
2025-02-03,0.614420473575592,0.6794863300142869,1.0926215552694818,1.024779200553894,1.2291958332061768,0.00643653867118712,0.08732480507618069,0.5569603443145752,0.08915182922723337
2025-02-04,0.6217397451400757,0.6935774734294664,1.096960314177629,1.0327378511428833,1.2431780099868774,0.006440104113182157,0.08816398708770769,0.5626797080039978,0.09023063636858038
2025-02-05,0.6251093745231628,0.6976419531527629,1.104679422892927,1.0372798442840576,1.2478163242340088,0.006487903489267676,0.08889916055940776,0.5648409128189087,0.09110322659288116
2025-02-06,0.6285473704338074,0.6985532967194025,1.1094715658339267,1.0400848388671875,1.2504063844680786,0.006552822180007233,0.08910186056012924,0.5689285397529602,0.09170273291942849
2025-02-07,0.6281801462173462,0.6990025519910046,1.1048503074535507,1.0385725498199463,1.2437502145767212,0.006614063119412421,0.08922317476527754,0.5674885511398315,0.09175153542525089
2025-02-10,0.6258898973464966,0.6977490739150344,1.0980081915317348,1.0311616659164429,1.2391574382781982,0.006585619942723516,0.08878463365805465,0.5647388100624084,0.0910880396564323
2025-02-11,0.6271283030509949,0.6975154351938051,1.0972973750750512,1.0301525592803955,1.2360633611679075,0.006589394911035728,0.08912608033634434,0.5635008811950684,0.09156947702728949
2025-02-12,0.629830002784729,0.7000301254839062,1.0953022798210927,1.0364949703216553,1.245159387588501,0.006547116390638351,0.0893026957154335,0.565930962562561,0.09213151120926825
2025-02-13,0.6282985806465149,0.6992664486382756,1.0948106045107808,1.039198637008667,1.2450664043426514,0.0064827718281147495,0.08882548772120052,0.5641399025917053,0.09203086290431511
2025-02-14,0.6316919922828674,0.7046173788318982,1.1071132280411402,1.0461673736572266,1.2563445568084717,0.006536417718742741,0.08969205479227081,0.5680010914802551,0.09315410071764768
2025-02-17,0.6356511116027832,0.7050197160929678,1.111321047422334,1.0489217042922974,1.2584155797958374,0.006577952236976511,0.08994957355754847,0.5732991695404053,0.09344336245536922
2025-02-18,0.6356107592582703,0.7049700653150957,1.1102229324357609,1.048536777496338,1.262148141860962,0.0066031008054985,0.09004304320851163,0.5732301473617554,0.09352139477964576
2025-02-19,0.6353119015693665,0.7047613478684447,1.10668440118175,1.044833779335022,1.2625784873962402,0.006581935231170188,0.08967484215036402,0.5705190300941467,0.09331578987181022
2025-02-20,0.6341274976730347,0.7022274852911669,1.1055098250863091,1.0421009063720703,1.2584155797958374,0.006612881840547775,0.08984338652373193,0.5701189637184143,0.09324965868741031
2025-02-21,0.6404098868370056,0.7054175894748694,1.1135113171898727,1.050056219100952,1.267040133476257,0.006693081817144751,0.0901445027272646,0.5764286518096924,0.09408134409303051
2025-02-24,0.6370319724082947,0.703650547571231,1.1130279716243552,1.0474823713302612,1.2649900913238523,0.0066940232023244405,0.08997935987908201,0.5751191973686218,0.09413208651696216
2025-02-25,0.6338099837303162,0.7004763110787897,1.1144544683754616,1.0461344718933103,1.261781930923462,0.006672716667038301,0.08986090266254368,0.5726589560508728,0.0937330101678419
2025-02-26,0.6352877020835876,0.6992664486382756,1.1205737007002676,1.0524100065231323,1.2674431800842283,0.006707897747138785,0.09007921327759853,0.5731086134910583,0.09443432624933593
2025-02-27,0.6310780644416809,0.6975446677290397,1.1181930201446775,1.0488777160644531,1.2682307958602903,0.006718714422548455,0.08966800188336188,0.5699889063835144,0.09400616728998204
2025-02-28,0.623219907283783,0.6923529595283493,1.1112099017151238,1.039511799812317,1.259890079498291,0.006666133668918481,0.0889266713864635,0.5627208352088928,0.09295710170037552
2025-03-03,0.6220685243606567,0.6924728097408707,1.1079472946939406,1.0413846969604492,1.260398268699646,0.006632575401824606,0.0890856683740253,0.560519278049469,0.09322357723215834
2025-03-04,0.6215812563896179,0.6901311244595166,1.1153245494816935,1.0485037565231323,1.270147681236267,0.006697699668835052,0.08932407235773245,0.5613404512405396,0.09515508337694481
2025-03-05,0.6269985437393188,0.6945843158695465,1.1240502109049355,1.062699317932129,1.2794268131256104,0.006675612166246131,0.09017620193326858,0.5661584734916687,0.09603887804312874
2025-03-06,0.6338099837303162,0.6974181850500109,1.1227250421744221,1.0794938802719116,1.2891913652420044,0.006716007156663144,0.09167802249319217,0.5729608535766602,0.09815893030341127
2025-03-07,0.6332280039787292,0.6997361748726503,1.1320925932798682,1.0787951946258545,1.288530349731445,0.006751829667953308,0.09188178751057309,0.5736609101295471,0.09844079579085085
2025-03-10,0.6303898096084595,0.6958845658631309,1.139808943658618,1.086059331893921,1.2932428121566772,0.00677470047979881,0.09238865198911081,0.5710598230361938,0.09930249904066629
2025-03-11,0.6279513835906982,0.6930535014551995,1.1363894276571151,1.0839403867721558,1.2875481843948364,0.006799529461272998,0.09293853082499326,0.5695084929466248,0.0988114927388476
2025-03-12,0.6295286417007446,0.6928854298522934,1.1319387620715191,1.0914170742034912,1.294481635093689,0.006754839502989101,0.09383028070714537,0.5712099075317383,0.09990798841056053
2025-03-13,0.6327592134475708,0.6962964081993335,1.1340825649065822,1.0886249542236328,1.2964283227920532,0.006744043007269378,0.09405833885368373,0.5737004280090332,0.09910802625146832
2025-03-14,0.6287410259246826,0.6932024640784686,1.1329904444288073,1.085564136505127,1.2958402633666992,0.006759085666996631,0.0936226147271583,0.5703107714653015,0.0981204993349157
2025-03-17,0.6326191425323486,0.6959329450671778,1.1311065534230786,1.0881274938583374,1.2930588722229004,0.00672956534766734,0.09406098818684998,0.5752515196800232,0.09877226076850458
2025-03-18,0.638198733329773,0.699540403243971,1.1348136067114192,1.091917634010315,1.2985326051712036,0.006694381504156102,0.09487575931298461,0.5824688673019409,0.0991447787061717
2025-03-19,0.6361202001571655,0.6993251517887438,1.140582514239252,1.093948245048523,1.3000519275665283,0.0066911117132639735,0.09468952620109045,0.5818588137626648,0.09950743357280764
2025-03-20,0.6364116668701172,0.6983727794887096,1.141031500415682,1.0911908149719238,1.3010668754577637,0.006734459983881113,0.09476427592417166,0.582160234451294,0.09913130963814544
2025-03-21,0.6303898096084595,0.6981923555309341,1.1345882871041504,1.0856702327728271,1.2967981100082395,0.006729656564274967,0.09482268583854163,0.5761895179748535,0.09890903273505487
2025-03-24,0.6288319230079651,0.6977052583601289,1.1326054112147892,1.083576202392578,1.2924572229385376,0.006681053114046033,0.09498804741104541,0.574540913105011,0.09886639531057449
2025-03-25,0.6285908222198486,0.6985142659199622,1.1329005493318594,1.0803569555282593,1.2924238443374634,0.00663244316816152,0.09507149202554423,0.5726786255836487,0.09904441581584532
2025-03-26,0.6309000849723816,0.7006235665736245,1.1329518834230008,1.0787487030029297,1.2943308353424072,0.006668889765600776,0.09506245926028001,0.573309063911438,0.09962570622475393
2025-03-27,0.6287015080451965,0.6995453034916772,1.131017033259913,1.0742061138153076,1.2877637147903442,0.0066457102080546586,0.09457606566467498,0.5718991756439209,0.09929993176879803
2025-03-28,0.6301594376564026,0.6989341194022565,1.1345586706770976,1.080100178718567,1.295202612876892,0.006629233588939571,0.09539208216679441,0.5736411809921265,0.10011453380083798
2025-03-31,0.6282907128334045,0.6988559770390632,1.135267049577246,1.082391619682312,1.2938284873962402,0.006683732267243225,0.09538153076215736,0.570711076259613,0.09991756564518009
2025-04-01,0.6241885423660278,0.694893236249724,1.1314521090752458,1.0818880796432495,1.292089819908142,0.006670535827157232,0.09514811541442009,0.5670509338378906,0.09960179268332761
2025-04-02,0.6289584636688232,0.6996872654636944,1.1319900090365065,1.0795987844467163,1.292306900024414,0.006676324871418909,0.09556839936584005,0.571389377117157,0.09989690928884368
2025-04-03,0.6264698505401611,0.7034079860536079,1.1405239735025505,1.090869426727295,1.3046314716339111,0.006762605770194199,0.09633354549369913,0.5727606415748596,0.10140650345255173
2025-04-04,0.6323510408401489,0.7101768295103987,1.1638598052937632,1.1043744087219238,1.308866262435913,0.0068384951262052745,0.09681423465884896,0.5786601901054382,0.1021435836950717
2025-04-07,0.5987701416015625,0.7021929214741869,1.1742464205962564,1.098454475402832,1.2910722494125366,0.006876018573727662,0.09292298939549491,0.5541394352912903,0.09989121839305587
2025-04-08,0.5997613072395325,0.7023557185596353,1.163182963405655,1.0915361642837524,1.2734960317611694,0.006766403386505601,0.09119561263050746,0.553709864616394,0.09931837581660592
2025-04-09,0.595528781414032,0.7016066782628012,1.1825083769035694,1.0980443954467771,1.2790995836257937,0.0068565942722077135,0.09143710219895308,0.5518489480018616,0.09994992857219794
2025-04-10,0.6133614778518677,0.709154463071691,1.1689754278633973,1.0952062606811523,1.2825446128845217,0.006784306446592169,0.09290019317587013,0.5637201070785522,0.10040291349381508
2025-04-11,0.6223394870758057,0.7167944962922587,1.21838294480463,1.1257838010787964,1.2992074489593506,0.006956667211217796,0.09281371217230215,0.5747886300086975,0.10177743814520496
2025-04-14,0.6301316618919373,0.7207778543737295,1.2224042532154822,1.1343141794204712,1.3085237741470337,0.006959135995062683,0.09391893659045857,0.5836314558982849,0.10238653177165075
2025-04-15,0.631991446018219,0.7194244678355752,1.2255502870549968,1.1339668035507202,1.3174536228179932,0.0069822166343086415,0.0946190179916505,0.5866995453834534,0.10232754130839579
2025-04-16,0.6337898373603821,0.7164863622930684,1.2183680802565766,1.1292672157287598,1.323101282119751,0.006984166905560926,0.09395167121502558,0.5895496606826782,0.10129239144000776
2025-04-17,0.6372998952865601,0.7215163405843567,1.2288786050279583,1.1396790742874146,1.3233989477157593,0.007045826361707327,0.09466021477148415,0.5935387015342712,0.10254138494277412
2025-04-22,0.6421988606452942,0.7228410523279,1.236017515462176,1.1512778997421265,1.3379716873168943,0.007098440825566345,0.09651484697591702,0.600009560585022,0.10505095679106963
2025-04-23,0.6376200914382935,0.7221728975965387,1.2105511483203701,1.1351252794265747,1.327316164970398,0.007008297650750957,0.0958423608435052,0.5960683226585388,0.10415852961265172
2025-04-24,0.6365291476249695,0.7207674499990935,1.205109650852401,1.132733702659607,1.326453447341919,0.006982118442664562,0.09509708268556825,0.5952416062355042,0.10321941498668778
2025-04-25,0.6403483152389526,0.7216048470989038,1.2066510595909796,1.1371906995773315,1.3326226472854614,0.0069989292714710116,0.0959803399645434,0.5987988114356995,0.10398036961177032
2025-04-28,0.63840651512146,0.7209389747216963,1.2071462830633448,1.1343141794204712,1.3290096521377563,0.006952120579235886,0.09568187994103831,0.5949406027793884,0.10328434191859341
2025-04-29,0.6428800821304321,0.7230605552078524,1.2177449804685714,1.1409143209457395,1.3436164855957031,0.007033437267279524,0.09675015918561185,0.597200334072113,0.10423735645786876
2025-04-30,0.6386919617652893,0.7232331108469258,1.2144470797219917,1.1389262676239014,1.3410794734954834,0.007027456470592525,0.0964227144967136,0.5936691164970398,0.10369356712354126
2025-05-01,0.6413093209266663,0.7251841897445052,1.2107124117676815,1.1324899196624756,1.3323917388916016,0.0069925667700713534,0.09613998213768833,0.5938313007354736,0.10369592565367951
2025-05-02,0.6386797428131104,0.7222041712963418,1.206301678525928,1.1296498775482178,1.328638792037964,0.006875309481246486,0.09605455539949159,0.5913485288619995,0.10255148376400529
2025-05-05,0.644558310508728,0.7234685751237647,1.2134449444326472,1.1323232650756836,1.3271929025650024,0.006914482028951439,0.09610856795506056,0.5952097177505493,0.1038015233019262
2025-05-06,0.6461409330368042,0.723489540434597,1.2168544170695417,1.1313369274139404,1.329256892204285,0.006961170253276087,0.09620842418261338,0.5961394309997559,0.1034919206155571
2025-05-07,0.6506688594818115,0.7262480509687367,1.211196285125377,1.1342755556106567,1.335594892501831,0.006991295657685955,0.09744119476084079,0.6015110015869141,0.10446700830265722
2025-05-08,0.6434799432754517,0.7228462844533479,1.2136658886004046,1.1306205987930298,1.3294159173965454,0.006951782088956631,0.09654858085714378,0.5940182209014893,0.10350037883229633
2025-05-09,0.6392595171928406,0.7181586541305641,1.2022120933656117,1.122422695159912,1.323539137840271,0.006848611472657334,0.09584971123311015,0.589918315410614,0.10262684139924128
2025-05-12,0.642091691493988,0.718184416185272,1.1994290971161168,1.12296462059021,1.3289036750793457,0.006858146272447437,0.09647480750139617,0.5920698046684265,0.10296561708266769
2025-05-13,0.6371780633926392,0.7156044461509575,1.183614087373116,1.1095577478408811,1.3177834749221802,0.006742633783706481,0.09571988321651362,0.5861286520957947,0.10180323816658327
2025-05-14,0.6472617387771606,0.7177720150639055,1.1912845982524831,1.1185556650161743,1.3304418325424194,0.006778374280322639,0.09649901902075456,0.593591570854187,0.10288308834509852
2025-05-15,0.6428800821304321,0.7153587599300214,1.1887327133089516,1.1181930303573608,1.3263479471206665,0.006818956983427279,0.0963261207124548,0.5896400213241577,0.1025678847965894
2025-05-16,0.640578031539917,0.7166044296236195,1.1981788087983487,1.1192693710327148,1.3306896686553955,0.006867518385931982,0.09604081324232176,0.5873715281486511,0.10275570130313401
2025-05-19,0.6410001516342163,0.7167123094790294,1.1969597314598304,1.1187559366226196,1.3305498361587524,0.006882406994145291,0.09639948064809221,0.5886993408203125,0.10276224695589521
2025-05-20,0.6455819606781006,0.7164915028285185,1.1976190979275325,1.123342990875244,1.3360053300857544,0.006897740699427707,0.09702530053224491,0.5930987000465393,0.1032556505353346
2025-05-21,0.6425999999046326,0.7189434114786235,1.2096110678600593,1.128795504570007,1.3397821187973022,0.006928662350349097,0.0975992510579932,0.5927401185035706,0.1038073396221073
2025-05-22,0.6433101892471313,0.7214590649818247,1.2120183396234376,1.133118748664856,1.3419036865234375,0.006956279545294364,0.09830908442296,0.5933485627174377,0.10447574116603812
2025-05-23,0.6409804821014404,0.7216048470989038,1.2071754673904205,1.1281843185424805,1.3419216871261597,0.0069512991152409906,0.09801327425108235,0.5897617340087891,0.10375854795662426
2025-05-26,0.6501189470291138,0.7279503564815124,1.2159385407041003,1.1372811794281006,1.3535828590393066,0.0069995168180223884,0.09894348099361305,0.5991683602333069,0.10519672267488703
2025-05-27,0.6481007933616638,0.7280245892704521,1.2188878469066933,1.1388484239578247,1.3565207719802856,0.007009919095419229,0.09909035317362405,0.5994700789451599,0.10521331569904693
2025-05-28,0.6447120904922485,0.7241129396198492,1.2088097804471754,1.1337097883224487,1.3513330221176147,0.006935918949993989,0.09852226376007749,0.5948100686073303,0.10396631755288263
2025-05-29,0.6425207257270813,0.7219643097663382,1.2011290768650427,1.123368263244629,1.3431472778320312,0.006863559011306503,0.09786555619166407,0.5959084630012512,0.10315212404194017
2025-05-30,0.6445998549461365,0.7243384695063776,1.2165894340165542,1.1378376483917236,1.3498992919921875,0.006955118282963664,0.09882594614626064,0.5978608727455139,0.10473507044109097
2025-06-02,0.644321620464325,0.7285337601159454,1.2161455835897774,1.1353315114974976,1.346728801727295,0.006953377485130068,0.0979537419073747,0.5973109006881714,0.10441246876316886
2025-06-03,0.6498401165008545,0.7293573486773618,1.2255802785290186,1.1453442573547363,1.3556748628616333,0.007019908664921259,0.09939123136194032,0.6047887206077576,0.10508992229120916
2025-06-04,0.646608829498291,0.72912868310199,1.2152292771380266,1.1384464502334597,1.353143334388733,0.00695231380633028,0.09872837466270248,0.6006113886833191,0.10403337478161767
2025-06-05,0.6490682363510132,0.7310422322327041,1.2225387570109987,1.1422044038772583,1.355215549468994,0.0070061376399869835,0.09894817737173434,0.6027400493621826,0.10441541117521408
2025-06-06,0.6510501503944397,0.7317055257470064,1.2206286422130832,1.1453834772109983,1.3579576015472412,0.006966601748092332,0.09932853660689893,0.6042296290397644,0.10454236295873423
2025-06-09,0.6500217914581299,0.730428155912295,1.217641221919205,1.1407841444015503,1.3538211584091189,0.006911280173971568,0.09906365415317768,0.6024205088615417,0.10387495332900294
2025-06-10,0.6518101692199707,0.7299856328215625,1.2177301314829667,1.1428048610687256,1.3556748628616333,0.006918500390548587,0.09940753233591718,0.6050887703895569,0.10452138605746894
2025-06-11,0.6527202129364014,0.7316198842104447,1.2166634552927804,1.143746018409729,1.3508219718933103,0.006904265577396284,0.09903372380424383,0.6059100031852722,0.10433458117801275
2025-06-12,0.6509501338005066,0.7317590778480096,1.2218963453118952,1.1509333848953247,1.3567416667938232,0.006934668347285347,0.09955696799843379,0.6036598682403564,0.1048981116507195
2025-06-13,0.6527999043464661,0.7354833878987733,1.2360939198253444,1.1600254774093628,1.3627691268920898,0.0069835328176811595,0.10083287592406609,0.6065201163291931,0.10601979964569609
2025-06-16,0.6499997973442078,0.7361601953824829,1.231199606831371,1.1556684970855713,1.3557006120681765,0.0069400585482722495,0.10085728732701968,0.603900134563446,0.10557209079608977
2025-06-17,0.6511001586914062,0.736675379437603,1.2289390957433561,1.1551345586776731,1.3565576076507568,0.006909465089995108,0.1013098310272565,0.6049203872680664,0.1053718568099754
2025-06-18,0.6479797959327698,0.7308018130377162,1.2241850375970353,1.1482638120651243,1.3430029153823853,0.00687871417082714,0.10064412369701223,0.6019382476806641,0.10474736387425873
2025-06-19,0.6507408618927002,0.7301401562080306,1.2209117357747274,1.1477497816085815,1.3416515588760376,0.006898692610590298,0.10026771499793981,0.6029508709907532,0.10371529016564461
2025-06-20,0.6488786935806274,0.7301668486148638,1.224904796765306,1.1512778997421265,1.3476725816726685,0.006886198570622046,0.09970189534921754,0.6000816226005554,0.10390938529542512
2025-06-23,0.6446704864501953,0.7278391304046035,1.2228676588067495,1.1500862836837769,1.3435983657836914,0.006838822673969648,0.09900108208789998,0.5962104797363281,0.10307525363669044
2025-06-24,0.6477800011634827,0.7284064164584995,1.2306480752712385,1.1599044799804688,1.3545364141464231,0.006852694771819255,0.09944993990282593,0.5995383262634277,0.10440668839416331
2025-06-25,0.6495999097824097,0.7285125014470626,1.2420046379322152,1.161224365234375,1.361488938331604,0.006898597480268743,0.09887460845522662,0.6011313199996948,0.10517248642435452
2025-06-26,0.6523114442825317,0.7292882330639041,1.2441989055165572,1.1683744192123413,1.369187831878662,0.006901120410630143,0.09889974113442465,0.6055908203125,0.10574669707970676
2025-06-27,0.654630184173584,0.7329712314789201,1.2486108759550798,1.1692214012145996,1.37247633934021,0.006911136593865059,0.09943827374392057,0.6058990359306335,0.10517458568379238
2025-06-30,0.6533215045928955,0.7309193598558482,1.2527403388769447,1.1727453470230105,1.3719680309295654,0.0069196012360171495,0.09931670136737393,0.6063987016677856,0.10561145456266832
2025-07-01,0.6578081846237183,0.7350022610108072,1.2614794315783855,1.178717017173767,1.3730605840682983,0.006954102773141603,0.09921323973555651,0.6092397570610046,0.10580319489372368
2025-07-02,0.6583105325698853,0.732906808060482,1.2647181498399958,1.180553913116455,1.374721646308899,0.0069734037895112285,0.09936752440321736,0.6100797653198242,0.10557153808344308
2025-07-03,0.6582901477813721,0.7359922005221061,1.263423922857806,1.18002450466156,1.3650014400482178,0.006967378685366549,0.09947081755765569,0.6089392304420471,0.10516109491993894
2025-07-04,0.6577298641204834,0.7367567731830135,1.259287264744231,1.1771491765975952,1.366829752922058,0.0069117094922104055,0.09949555566541289,0.608009934425354,0.10453318127192258
2025-07-07,0.6551792025566101,0.7351157517455323,1.2593823603615764,1.178078293800354,1.3651504516601562,0.006920510957915678,0.09930122009010234,0.6051217317581177,0.10463742193676066
2025-07-08,0.6506096124649048,0.731780526418084,1.2544532629646228,1.1736538410186768,1.3623607158660889,0.006854385516094356,0.09894035343442979,0.6007810235023499,0.10517790880347008
2025-07-09,0.6524518728256226,0.7316145243040549,1.2564866025292825,1.1724566221237185,1.358529567718506,0.006809716148221053,0.09908740359168404,0.5993586778640747,0.10503010143860277
2025-07-10,0.6535905003547668,0.7307804854633747,1.2611453611240278,1.17311692237854,1.3593051433563232,0.006843971220148611,0.09914044795943376,0.5998404622077942,0.10523436005587203
2025-07-11,0.6594000458717346,0.7322627487454973,1.2551460550153426,1.1702749729156494,1.3579576015472412,0.006835830952537412,0.09926641895250042,0.6041712164878845,0.10528998384766886
2025-07-14,0.6578081846237183,0.7307804854633747,1.255035825324482,1.1682106256484983,1.3493820428848269,0.006789096795079314,0.09863888208715094,0.6006907820701599,0.10450194851860663
2025-07-15,0.6544716358184814,0.7296766552404175,1.2533370406790298,1.1666297912597656,1.3428045511245728,0.00676626576280468,0.09866019103782528,0.5971896052360535,0.10401281829112134
2025-07-16,0.651898980140686,0.7290542883588342,1.2477852227599282,1.160739183425903,1.3393335342407229,0.006722191900649089,0.0976079182815177,0.5954294800758362,0.10293403059662856
2025-07-17,0.6525000333786011,0.7304975513821366,1.2485641362402071,1.1635754108428955,1.3411099910736084,0.006756619525182935,0.09754974839384839,0.594590425491333,0.1029391134487444
2025-07-18,0.649819016456604,0.7280192819132779,1.2455161587252825,1.161548137664795,1.3432555198669434,0.006736637817829332,0.09726897602440185,0.5944314002990723,0.10281507570602412
2025-07-21,0.6512112617492676,0.7286505150998138,1.248158957621766,1.163074612617493,1.341597557067871,0.0067371371320331256,0.09829478179249503,0.5952805876731873,0.10355515573971488
2025-07-22,0.6528096795082092,0.7312186189564537,1.2530009048795083,1.1694538593292236,1.348945140838623,0.006783846462474986,0.09842713850196211,0.5969614386558533,0.10451810429363342
2025-07-23,0.6554712057113647,0.735061707234961,1.2600330066267105,1.1739156246185305,1.352155327796936,0.00681268504991111,0.09930880963933106,0.600009560585022,0.10511334075806437
2025-07-24,0.6603999137878418,0.7352130390065001,1.2625513005984794,1.1774264574050903,1.3579576015472412,0.006832981480384789,0.09903490233797987,0.604781448841095,0.10521763369899119
2025-07-25,0.6597176194190979,0.733105558063249,1.2580673269191747,1.1756131649017334,1.3510043621063232,0.006802489485287707,0.0988196967637929,0.6037116050720215,0.10496846769558009
2025-07-28,0.6572980284690857,0.7298151103756648,1.2572765149885785,1.1756821870803833,1.344085931777954,0.006765304648782971,0.09867986543996925,0.6019309759140015,0.10523878540461405
2025-07-29,0.6524008512496948,0.7281040825208143,1.2451749627535906,1.1596757173538208,1.336023211479187,0.006734958975286516,0.09819614074527952,0.5971896052360535,0.10411525820897004
2025-07-30,0.651321530342102,0.7260107742644892,1.2415111831507708,1.1550945043563845,1.3353630304336548,0.006736637817829332,0.09802960288781662,0.595461368560791,0.10364412422911312
2025-07-31,0.6447120904922485,0.7233168624257572,1.2296946508934723,1.1429355144500732,1.3257676362991333,0.006701245184528116,0.09712415698683328,0.5907686352729797,0.10225241302104969
2025-08-01,0.6429089903831482,0.721656930854138,1.2286521777848602,1.142374038696289,1.32098650932312,0.006632531099603947,0.09686074761840056,0.5888692140579224,0.10220204342487413
2025-08-04,0.6469100117683411,0.7257789272193745,1.2437656650220485,1.158668041229248,1.3289920091629028,0.006786884916548013,0.09757144275511734,0.5914185047149658,0.10365487179162738
2025-08-05,0.6474796533584595,0.7263219369605526,1.2390192163298814,1.1584129333496094,1.3297518491744995,0.006812313972665507,0.09753386044618437,0.5916984677314758,0.10369421314504051
2025-08-06,0.6472994685173035,0.7261795233601981,1.2392802383772161,1.1579166650772097,1.3299463987350464,0.006776904422236221,0.0975190206433315,0.5909292101860046,0.10342716099260783
2025-08-07,0.6500217914581299,0.7278444351354363,1.2406178237150394,1.1663167476654053,1.3357912302017212,0.006793801651179088,0.09823896580463733,0.59284907579422,0.10414399493232422
2025-08-08,0.6525711417198181,0.728199522624634,1.2411721775940123,1.1676650047302246,1.345152735710144,0.006810272354779276,0.09794981652437959,0.597011387348175,0.1046623941686361
2025-08-11,0.6517715454101562,0.7271299406124907,1.2384360666442313,1.1647952795028689,1.3444474935531616,0.006772131257990342,0.09725828499834067,0.5949299931526184,0.10453602627596988
2025-08-12,0.6514403223991394,0.7260213305670129,1.2318304954924262,1.1618449687957764,1.3435261249542236,0.006751054852320675,0.09783740424688993,0.5940499901771545,0.10380227342675223
2025-08-13,0.6529802083969116,0.726237488072232,1.240479312610145,1.1677058935165403,1.3504207134246826,0.006767823263318472,0.09793494135490477,0.5957806706428528,0.10481301254446358
2025-08-14,0.6551706194877625,0.7271616451247207,1.242668281169022,1.171289324760437,1.358529567718506,0.006797172601884988,0.09821059865160112,0.5981004238128662,0.10488425108820151
2025-08-15,0.6497514843940735,0.723950460108457,1.2383594638799988,1.1651345491409302,1.3530701398849487,0.0067708935469776715,0.09788941081380674,0.5921083688735962,0.10436779151762862
2025-08-18,0.651296079158783,0.7238508837192125,1.2397719209648002,1.1706587076187134,1.3556381464004517,0.00679052550933604,0.09830164690432724,0.5928595662117004,0.1046930748329001
2025-08-19,0.6494801044464111,0.7245274049383656,1.2385281304748263,1.1668338775634766,1.3508219718933103,0.006760593833825932,0.09801615106835003,0.5923784375190735,0.10462231487607519
2025-08-20,0.6454598307609558,0.7211885095520462,1.2379761354154462,1.164252758026123,1.348679542541504,0.006769059851994986,0.09724211308628179,0.5897687077522278,0.1041426916645305
2025-08-21,0.6436100006103516,0.7208350218623694,1.2435645971494074,1.165175199508667,1.3466380834579468,0.00678803707898965,0.09773642624720258,0.5828185081481934,0.10433065714993284
2025-08-22,0.6425496339797974,0.7194037374551917,1.2365983891628292,1.16130530834198,1.3419395685195925,0.006739180174042701,0.09827236858136287,0.5822314620018005,0.10402439579698489
2025-08-25,0.6484898924827576,0.7231285577320443,1.2464787262172254,1.1709601879119873,1.35111403465271,0.006792786230179847,0.09933801247617742,0.5865412354469299,0.10519196317414532
2025-08-26,0.6481099724769592,0.7215371928990679,1.240433179685342,1.1618449687957764,1.3453518152236938,0.006764892626838898,0.09871570619213758,0.5849184393882751,0.10428757454628745
2025-08-27,0.6495801210403442,0.7228880818889761,1.244152495521828,1.1639411449432373,1.3478723764419556,0.006781407833345578,0.0987459281439776,0.5858402848243713,0.10463523965221508
2025-08-28,0.6511399745941162,0.7256156992895572,1.2476606014201448,1.1647952795028689,1.3503841161727903,0.00678812918451197,0.09927282835007548,0.5861183404922485,0.10495954720820333
2025-08-29,0.6532399654388428,0.7272833203053743,1.247520513332058,1.1681560277938845,1.35111403465271,0.00681245347597185,0.09936406867175171,0.5885087847709656,0.10550359853382262
2025-09-01,0.6543598771095276,0.7278868126065927,1.2490008196532145,1.169180393218994,1.3503841161727903,0.006798235172506151,0.09941850316831437,0.5896887183189392,0.10574479886245601
2025-09-02,0.6556801199913025,0.7274102715407486,1.2497657045374992,1.1715912818908691,1.3547931909561155,0.006798836056197874,0.1001289693699179,0.5906291007995605,0.10660640342368312
2025-09-03,0.6518301367759705,0.7254524820256403,1.2417886974628076,1.163602590560913,1.3383476734161377,0.006731830600615783,0.09964148768925282,0.5861698985099792,0.10568657377874835
2025-09-04,0.6544399857521057,0.7250001750141805,1.2440905901631127,1.16604483127594,1.3441582918167114,0.006757670150506026,0.09964039882538328,0.5881107449531555,0.10612996025450316
2025-09-05,0.6521999835968018,0.7238508837192125,1.2420354401591964,1.165691375732422,1.3444474935531616,0.006739679865206402,0.0992886016235374,0.5851101279258728,0.10578450498962005
2025-09-08,0.655450165271759,0.7228567489314767,1.2512826096927845,1.1713168621063232,1.34929096698761,0.00674108854755545,0.09980836469589019,0.5888698697090149,0.10657788428808236
2025-09-09,0.6598090529441833,0.7249003096676182,1.2613362233100984,1.1769136190414429,1.3553073406219482,0.006785917936325484,0.10026570158480998,0.5945091247558594,0.1069390619008379
2025-09-10,0.6584700345993042,0.7221989484622531,1.254233066202648,1.1702749729156494,1.352109670639038,0.006784628823781648,0.10023957290043427,0.5925999879837036,0.10656424774041225
2025-09-11,0.6619316339492798,0.7214747016219965,1.2520815952345539,1.1703435182571411,1.3534730672836304,0.0067873917073600154,0.10076784626814567,0.5943783521652222,0.1070578967164757
2025-09-12,0.6668000221252441,0.7228723839246144,1.2563603312159626,1.1734747886657717,1.3576626777648926,0.006792370854162193,0.10147854704479307,0.5977801084518433,0.10743700124437561
2025-09-15,0.6648998260498047,0.7225955390625975,1.255177606429491,1.1726491451263428,1.35534405708313,0.006772039586092973,0.10141576201046504,0.5953408479690552,0.10723228029355687
2025-09-16,0.6673001646995544,0.7260054962283423,1.2583998628281552,1.1763737201690674,1.3602666854858398,0.0067840304486366625,0.1018237610398186,0.596911609172821,0.10777452838828168
2025-09-17,0.6688998937606812,0.7278655916763478,1.2724103101449773,1.1871408224105835,1.365392804145813,0.006829994866248365,0.10251541994888581,0.5989401340484619,0.10842412484756063
2025-09-18,0.6652501225471497,0.7262217071743132,1.2684882600000755,1.1826341152191162,1.36297345161438,0.006807768726168369,0.10195300972931662,0.5934189558029175,0.10771648159470885
2025-09-19,0.6617901921272278,0.7250685428803568,1.2618137739674407,1.1791062355041504,1.3556013107299805,0.006759176988517258,0.10132861808508882,0.5891293883323669,0.10702374999757594
2025-09-22,0.6589308381080627,0.7255840666783149,1.25591848739565,1.173695087432861,1.3464748859405518,0.006752422375889105,0.1007924296481864,0.5851306319236755,0.1062122523083917
2025-09-23,0.660199761390686,0.7233325173294478,1.2620048385381242,1.1801080703735352,1.3514974117279053,0.0067693346331579645,0.10089900900009738,0.5868799686431885,0.10686797904826008
2025-09-24,0.6597799062728882,0.7225903728099682,1.263535630989987,1.181446552276611,1.3524478673934937,0.006774470780649839,0.10120893685908065,0.5856995582580566,0.10712877283562437
2025-09-25,0.6586921215057373,0.7196315286943855,1.2583998628281552,1.1744670867919922,1.3452396392822266,0.006722643561409055,0.10064340886240877,0.5816601514816284,0.10638354428247902
2025-09-26,0.6537314653396606,0.7173086832353989,1.2499374927546727,1.166275978088379,1.333653450012207,0.006672850511490853,0.0996982172569527,0.5763190388679504,0.10567472984855392
2025-09-29,0.6553998589515686,0.717452731348479,1.2539499625322152,1.170823097229004,1.3408241271972656,0.006693216479839566,0.10040796096505693,0.577820897102356,0.10635355851876918
2025-09-30,0.6581978797912598,0.7185869499574045,1.2543903283167588,1.1731443405151367,1.3437248468399048,0.006729701482452521,0.10016427278509954,0.5781516432762146,0.10619104090058869
2025-10-01,0.6610700488090515,0.7182102415795781,1.255965873382872,1.1735849380493164,1.3443390130996704,0.006756893993905227,0.10011873976208509,0.5795992612838745,0.1061952136723745
2025-10-02,0.6615498065948486,0.7173858534374385,1.2548468649539029,1.1734058856964111,1.3480178117752075,0.006798882607959079,0.10086776545081641,0.5821806192398071,0.1066847578421349
2025-10-03,0.6598090529441833,0.7162861835779812,1.2546736308869046,1.1725116968154907,1.3446643352508545,0.006795786894177312,0.10024962594350671,0.5819502472877502,0.10645681557492971
2025-10-06,0.6593101024627686,0.7160759084469236,1.2544060848342036,1.171248197555542,1.3433817625045776,0.006684223769322477,0.1003848717320798,0.5824688673019409,0.10655471830945841
2025-10-07,0.6616500020027161,0.7170514669383994,1.2580040291302503,1.171028733253479,1.3484903573989868,0.006651988227474937,0.10077922597168736,0.5840998888015747,0.10659072251175208
2025-10-08,0.6580505967140198,0.716702022144214,1.2522070078952139,1.1654603481292725,1.3421016931533811,0.0065767409206032345,0.10035777802066502,0.5797706246376038,0.10636759436967186
2025-10-09,0.6584500670433044,0.7166095718533976,1.2476606014201448,1.1631964445114136,1.3401411771774292,0.0065496466332921445,0.10027163659181854,0.5783489346504211,0.10605387712862316
2025-10-10,0.6561291813850403,0.7133278037711794,1.240433179685342,1.156644344329834,1.3304948806762695,0.006537443362473982,0.09935508677755917,0.5752912163734436,0.1049106533173826
2025-10-13,0.6498401165008545,0.7143622475504763,1.2463854766499445,1.160240888595581,1.3336178064346311,0.00657652444892406,0.09897384259495232,0.5726786255836487,0.10516784514317236
2025-10-14,0.651159942150116,0.7123014321332841,1.2433326339970654,1.1566845178604126,1.3332622051239014,0.006560215977813625,0.09914723483890048,0.5717487335205078,0.10517968121983137
2025-10-15,0.6491301655769348,0.7119971481437473,1.2476139328208293,1.1602274179458618,1.3321610689163208,0.0065906108935951625,0.098460086929683,0.5715000629425049,0.10480587829905941
2025-10-16,0.6508001685142517,0.7119464493480621,1.2554140107847334,1.1646324396133425,1.3404465913772583,0.00662365709637696,0.09905118955304373,0.5716115236282349,0.10559840448699763
2025-10-17,0.64823979139328,0.7119464493480621,1.262897333873403,1.1699601411819458,1.3445558547973633,0.006661337813256485,0.09942037900833722,0.572701632976532,0.10620637852471244
2025-10-20,0.6501701474189758,0.7134754153324347,1.260096508765696,1.165745735168457,1.342588186264038,0.0066269055032963636,0.09943699129361135,0.5731808543205261,0.10610440098465033
2025-10-21,0.6516313552856445,0.7126059763158087,1.2619888905487524,1.164442539215088,1.3405184745788574,0.00663244316816152,0.09954695888282324,0.5744485259056091,0.10620615262292965
2025-10-22,0.6491904854774475,0.7132718207902645,1.255177606429491,1.160038948059082,1.336523175239563,0.006583581630746419,0.09941000150455162,0.5742605328559875,0.10607434701227368
2025-10-23,0.6489999890327454,0.7148575978707855,1.256139370451448,1.1608469486236572,1.3351848125457764,0.0065809391957007,0.09977709974655503,0.5736905336380005,0.1062829176960547
2025-10-24,0.6514798402786255,0.7149700711082853,1.2577350609994027,1.1618045568466189,1.332746982574463,0.006552993848069053,0.10033340618181219,0.5755196809768677,0.10665051242950364
2025-10-27,0.653398334980011,0.7146225906769298,1.2562024807302279,1.1631693840026855,1.3322391510009766,0.006533342717569903,0.1001326793142693,0.5760199427604675,0.10658457927960958
2025-10-28,0.6558598279953003,0.7147247593197383,1.2584789650615873,1.165175199508667,1.3341000080108645,0.006549131527558746,0.10013288011806895,0.5775506496429443,0.10664823452245548
2025-10-29,0.6585099697113037,0.717416713896598,1.261304456346211,1.1657865047454834,1.3279330730438232,0.0065906108935951625,0.10024439312609439,0.5783589482307434,0.10671663581081514
2025-10-30,0.657680094242096,0.7172932266535327,1.2503126113907475,1.1603351831436155,1.3195397853851318,0.006547845098942539,0.09987216146934114,0.5764286518096924,0.1063275572129577
2025-10-31,0.6559299826622009,0.7152512871330521,1.247520513332058,1.157246708869934,1.3159106969833374,0.006497726053664539,0.09950239125300253,0.5745310187339783,0.10597778518945251
2025-11-03,0.6545702219009399,0.713500842478972,1.2423903736238966,1.152804255485535,1.3134735822677612,0.006485294286457317,0.0988603365439008,0.5722787976264954,0.10533212120603318
2025-11-04,0.6541078090667725,0.7114703299022164,1.2374246321701776,1.1519144773483276,1.3135254383087158,0.006484916305929014,0.09876660425559491,0.5707013010978699,0.10543262956162913
2025-11-05,0.6485601663589478,0.7091746069641512,1.2340651740140423,1.1485539674758911,1.3021697998046875,0.006512239464711723,0.09780190640667516,0.5642401576042175,0.10437465845532722
2025-11-06,0.6509907841682434,0.7091041682886207,1.234979571240812,1.1496764421463013,1.3052598237991333,0.006490429943446425,0.09796909875896115,0.566899836063385,0.10469888695726148
2025-11-07,0.6483898758888245,0.7086268132114687,1.240848774898567,1.1549211740493774,1.3140950202941897,0.006538169918991181,0.09809903738934955,0.5639013051986694,0.10451111430275209
2025-11-10,0.650239884853363,0.7120580083191344,1.2390192163298814,1.1543878316879272,1.3142677545547483,0.006501231926707181,0.09834824441645686,0.5627208352088928,0.10481202773034284
2025-11-11,0.653488039970398,0.7129870683991303,1.2419891914204428,1.1557220220565796,1.3172974586486816,0.006487356307275152,0.09873081950338937,0.5643786787986755,0.10516065196683803
2025-11-12,0.6529499292373657,0.7134805127535606,1.2494846137822553,1.1587486267089844,1.3152875900268557,0.006490345739457818,0.09953734862354144,0.5657292604446411,0.10585449529488916
2025-11-13,0.6536400318145752,0.7138115155116389,1.253415601323193,1.159218668937683,1.3127838373184204,0.006463581060216262,0.09927351444900093,0.566228985786438,0.10589675425987673
2025-11-14,0.6529000401496887,0.7124790563071612,1.260604851113491,1.1631964445114136,1.3152183294296265,0.006466925096319055,0.09977670098856939,0.5650898814201355,0.10633252786070305
2025-11-17,0.6533001661300659,0.7133583767357936,1.2590018750834377,1.161534547805786,1.3160146474838257,0.006468932668554163,0.0992136340024998,0.5676302909851074,0.10584743226280563
2025-11-18,0.6492701172828674,0.7117184242807015,1.2559027868750603,1.159057378768921,1.3156163692474363,0.0064402699260837125,0.09898872667620325,0.5654797554016113,0.10551450163281542
2025-11-19,0.6509018540382385,0.7150467389139987,1.2496876007439184,1.1581177711486816,1.3147515058517456,0.006428883517098401,0.09894622593981015,0.5659213662147522,0.10558580417422882
2025-11-20,0.649000883102417,0.7121238965023143,1.241588268226088,1.154068112373352,1.3061821460723877,0.006369751146605747,0.09832513375843721,0.5614413619041443,0.10485191702609718
2025-11-21,0.6449499130249023,0.7096627865612063,1.24149574891044,1.1534557342529297,1.308489441871643,0.0063544915393517224,0.09800942654293607,0.5591809153556824,0.1048563102673837
2025-11-24,0.6462398767471313,0.7094916042389473,1.2365983891628292,1.1507612466812134,1.3096375465393066,0.006382109525982098,0.09767065160744369,0.5613183975219727,0.10482696955949469
2025-11-25,0.6465799808502197,0.7087674550274105,1.2366900888051024,1.1520073413848877,1.3106160163879397,0.006371902647252535,0.09779463663508615,0.561381459236145,0.1047402281003907
2025-11-26,0.6470301151275635,0.7091092034401646,1.2376543958960302,1.156483769416809,1.315870761871338,0.0064008194799158365,0.09778631010682788,0.5624499320983887,0.10493872813071786
2025-11-27,0.6524859666824341,0.7122760904005422,1.2445705871334705,1.1602139472961426,1.3244997262954712,0.006400450656730811,0.09808248377547071,0.5707000494003296,0.10540850702109505
2025-11-28,0.653579831123352,0.7129616172618717,1.24285359125763,1.1599851846694946,1.3241175413131714,0.006398607802911632,0.09842345223795516,0.5731000304222107,0.10559026976383731
2025-12-01,0.6551298499107361,0.7158503622769765,1.2448029201185444,1.1601465940475464,1.32397723197937,0.006413216612321271,0.09882487503352828,0.5736411809921265,0.10587421479791102
2025-12-02,0.6544001698493958,0.7142857264499277,1.24285359125763,1.1607661247253418,1.320934176445007,0.006428511452747851,0.09873159109421795,0.572619616985321,0.10580969681387058
2025-12-03,0.6573700904846191,0.7158400996710343,1.2455471353749838,1.1627906560897827,1.3219469785690308,0.006418196590176367,0.09876621353356037,0.574079155921936,0.10608829852469544
2025-12-04,0.6605019569396973,0.7166865916957013,1.250375137523098,1.1666841506958008,1.3348817825317385,0.00644716250477615,0.0993865870342557,0.5774205327033997,0.10665084870021516
2025-12-05,0.660641610622406,0.7163477792309213,1.2441214959432165,1.1642799377441406,1.332178831100464,0.006445707874177296,0.09886698258436061,0.5759804248809814,0.10611171311496313
2025-12-08,0.6635400652885437,0.722825356406002,1.242467567918637,1.164022445678711,1.3324593305587769,0.006437492104897645,0.09891960452006715,0.5775999426841736,0.10639022567399183
2025-12-09,0.6627300977706909,0.7220738095662338,1.23971347373928,1.1641442775726318,1.3326793909072876,0.006416673324591869,0.09879011838786589,0.5776100158691406,0.10646169022512911
2025-12-10,0.6640987992286682,0.722256341606277,1.240848774898567,1.1628313064575195,1.3303532600402832,0.006376005919131471,0.0985580920009997,0.5779501795768738,0.10690738881953128
2025-12-11,0.6674498319625854,0.7251947220232192,1.2509694944685372,1.1701242923736572,1.3388315439224243,0.006418897510081683,0.0991985789851997,0.5817199945449829,0.10797258755648714
2025-12-12,0.6665000319480896,0.725915906989463,1.2581939416083137,1.1739431619644165,1.339046597480774,0.006428098448697475,0.09935518091897211,0.5809191465377808,0.10810191132182612
2025-12-15,0.6647300720214844,0.7263324394238664,1.2560604680103253,1.1737639904022217,1.3367732763290403,0.006414861932077794,0.09887705122006944,0.5802315473556519,0.10792387929663638
2025-12-16,0.6641799807548523,0.7262586141725139,1.2562655973508314,1.1754610538482666,1.3380612134933472,0.006450988639405032,0.0986248729420898,0.5786099433898926,0.10775676339203365
2025-12-17,0.6634001135826111,0.7269502289233295,1.2575452870130082,1.1749500036239624,1.342499852180481,0.00646086653651475,0.09819652696987294,0.5785999298095703,0.10755892078369843
2025-12-18,0.6601501107215881,0.7254893736223469,1.2575452870130082,1.1742326021194458,1.3374598026275637,0.006431075156125497,0.09807046663661947,0.5772998332977295,0.10754295842619799
2025-12-19,0.6613800525665283,0.7258474420447893,1.2594300080990735,1.1725666522979736,1.3385393619537354,0.006427313572011686,0.09851198033999342,0.5776106715202332,0.1077486359764756
2025-12-22,0.6610198020935059,0.7251473918629284,1.256549747704656,1.1708093881607056,1.3377031087875366,0.006342119488798228,0.09870197252208233,0.57548987865448,0.10791491589936164
2025-12-23,0.6658400893211365,0.7273415244365311,1.263535630989987,1.1765950918197632,1.346989989280701,0.00637442076915767,0.09898725955910674,0.5797706246376038,0.10835880295400753
2025-12-24,0.6701900959014893,0.7307004067601787,1.269921874733891,1.179551362991333,1.3513604402542114,0.00640303268637978,0.09973570289836532,0.5842998623847961,0.10914170666938122
2025-12-26,0.6705604195594788,0.7314218750613071,1.2689550221479984,1.1785364151000977,1.3508949279785156,0.006406560468073068,0.10010982163221695,0.5836417078971863,0.10905732109525344
2025-12-29,0.6714099645614624,0.7316198842104447,1.2670417067875013,1.177273869514465,1.349727988243103,0.006391287501734696,0.09992395466249401,0.582610011100769,0.10938800257588249
2025-12-30,0.6695501804351807,0.7306095915084027,1.267909242536572,1.1772878170013428,1.3510993719100952,0.006409722246673372,0.09961697034736015,0.5808698534965515,0.10898980683957354
2025-12-31,0.6697999835014343,0.7302094969623381,1.2631047025557345,1.1747292280197144,1.346719741821289,0.006393330707166606,0.09949050510946576,0.5791494250297546,0.10875782978875231
