Date,AUD,CAD,CHF,EUR,GBP,JPY,NOK,NZD,SEK
2015-01-01,,,,,,,,,
2015-01-02,0.0008177770178616761,5.173194762875255e-05,1.0073011345035354e-05,-0.0007616465162061381,-7.796339714127853e-05,-0.001643498966142909,-0.00041308772425330265,-0.0011687245162889104,-0.0010277632342470255
2015-01-05,-0.013473221155734794,-0.015178487943364294,-0.011632565161541875,-0.011826943888551211,-0.01892270975376731,-0.0046830244797048115,-0.01944595597049481,-0.016174747614759455,-0.018170076233323895
2015-01-06,0.003968979281842477,0.0030620068814293244,-0.00039748279065376924,-0.0006208717070699254,-0.0017394441640217195,0.008448775636322736,-0.003950843634729195,0.004465971315521289,0.003767429434923031
2015-01-07,-0.002424058766702264,-0.006758483100267276,-0.0050430257966175285,-0.005332010274012311,-0.007886881544584723,0.006336795672200024,-0.014188357349753544,0.0061982577037573705,-0.0009110055133856321
2015-01-08,-0.0005652742782646936,0.0015653501143222392,-0.003390053118703329,-0.003314069355740079,-0.002009267119522873,-0.005163970997176581,0.005998019677841082,0.0029527160009727993,-0.005609954516194504
2015-01-09,0.004787436152018154,-0.0007525039958505841,-0.0034862882806860895,-0.003373735503850117,-0.0012975468993686734,-0.004198931087385671,0.010183860678122159,0.005469312465012921,-0.007200145695808291
2015-01-12,0.013320134622734514,-0.0014268720763942477,0.00639450144743714,0.006327069728334633,0.006728925649740702,0.013365833062430665,-0.003182748645258915,0.004315687287943293,0.0019332731521419788
2015-01-13,-0.008721194909612207,-0.010335887713773362,-0.003034792105523154,-0.0033009073829860514,-0.0012591561346543267,-0.0009803676304540598,-0.012347875620158488,-0.010405326447899377,-0.00777711875996967
2015-01-14,0.002860877238668902,0.0011293197227288942,-0.004512062763836533,-0.004499345994830373,0.0,0.004524850537183767,0.00041750995068423613,-0.0027105088713285097,0.0018983320875396448
2015-01-15,-0.0035836692894162248,0.0006277271606993651,0.0005594681145293379,0.0006482569125645377,0.004219923536576076,0.0034500279530083056,0.015311178805074377,-0.003933884933615572,-0.0033512510142085228
2015-01-16,0.00970401083746264,-0.0009198395748739596,0.19256786429171768,-0.012603336567629575,-0.003491679072578968,0.010849928235862727,0.0026817508984715577,0.016465311412863004,-0.0026023202100672327
2015-01-19,0.00041131972168262365,-0.0010275444247648258,-0.00442791244770957,-0.006130007751373401,-0.0025741067678332064,-0.012164004209537116,0.006132558360344653,-0.005923536427494991,0.0019896845662850104
2015-01-20,-0.0038517748085741266,0.0012797423683370557,-0.024406890875943943,0.0027603766901020954,-0.003440527496114454,-0.0012912908611506513,-0.011053208259844571,-0.004577582836821192,-0.005811566420915071
2015-01-21,-0.0036743713236558895,-0.01305199530961132,0.006119102262613918,-0.0043993877736240306,0.0038019752860152245,-0.007897277456755392,-0.005841837162203212,-0.014376385768643418,-0.0042552466616132545
2015-01-22,-0.00785814073714064,-0.018689526428984582,0.01606042172521116,0.005923740168954028,-0.0001666070254964236,0.006694395560472799,0.014231587863922313,-0.009693317619622221,0.00144348112403625
2015-01-23,-0.010024800254102018,-0.003101201489331573,-0.012848469565082787,-0.023124580111493875,-0.008692637135235493,-0.0075030849799416766,-0.010408427362501804,-0.00863363100412673,-0.008963298831166977
2015-01-26,-0.017957075443722603,-0.006004676311419321,-0.010668494064396294,-0.019502980561736605,-0.0011546772886601442,0.011843792988515345,-0.01705749735685813,-0.011796111105333074,-0.015289895353179928
2015-01-27,0.00586232578175383,-0.0017869977406281823,-0.022412086787482854,0.01098909812204485,0.005973789162374565,-0.0097789117014766,0.00022606377521827703,0.002454340343710504,0.008796570127895587
2015-01-28,-7.922660984827079e-05,0.00688237898415478,0.002335399013381201,0.010639768137864047,0.00680424509664479,0.006325579346516008,0.006924527149911652,0.0023107233689372286,0.012773867399640038
2015-01-29,-0.003630566768718868,-0.010221991838514355,-0.008599760727110994,-0.007558477129668395,-0.003013255545905813,0.0015562168579736912,-0.011025666172879922,-0.01743208028587173,-0.013401827835440971
2015-01-30,-0.014007732852145849,-0.007136016556972491,-0.016802177582166733,0.004794910507402328,-0.004176876748598901,-0.005547647519498544,0.00048627711815663055,-0.005680525840069506,0.004479281504681687
2015-02-02,0.0,-0.005997810880768117,0.001302529383576223,-0.002340951732540897,0.0005280151610476125,0.009079763516364858,0.01260721947944865,-0.0031218247419179113,-4.8487216172121705e-05
2015-02-03,0.002496438473675422,0.008352608644781823,-0.006256076751700479,0.002892156413198954,-0.003907336137972339,-0.0033255271144388976,0.009095849104603593,0.005768552975197405,-0.006415571079999016
2015-02-04,-0.004968219379111627,0.011413851332090275,0.002541262400312494,0.010197043765431069,0.007586253615797567,-0.0006035629996414826,0.015465431905688831,0.0036643061319212578,0.009732828737632815
2015-02-05,-0.00023272838286558795,-0.010813383288064693,-0.0013499229066056273,-0.012099805787988194,0.0025046208814558657,0.003052330185838059,-0.012434108019140688,0.0042687961388163664,-0.007437572079968646
2015-02-06,0.004991807298128759,0.01141935843832087,0.004338403628565191,0.013537018424613745,0.009609361944335149,-0.002101515635792417,0.015308611062772925,0.006369943094386876,0.005951516373840615
2015-02-09,-0.004967012926751058,-0.006551129754883256,-0.004642122782480995,-0.013735707342063086,-0.0056688934087649745,-0.012061843690597707,-0.012682541139138914,-0.007644218106461098,-0.02016083615765507
2015-02-10,0.0049133939059506915,0.003455223910550753,0.0018386156869678594,0.0011100808001009987,-0.001506326163108196,0.003432754472408872,0.0016273491085738723,0.0070318217627722834,0.007230840782832315
2015-02-11,-0.0019460116467227007,-0.008749151211645434,-0.002050747129568542,-0.00044160346681876295,0.0030218978696920917,-0.006660618957773701,0.0030693357002324895,0.0022998189214702425,0.004131461855605423
2015-02-12,-0.007877023240541847,-0.002615574758923822,-0.002368846672228919,-0.000882333648256961,-0.001265276422164785,-0.006757064761029996,-0.0131018311463178,-0.005826818808077117,-0.008936998617738445
2015-02-13,0.0044213738714053985,0.008617638498884528,-0.0013334355437357726,0.008130961209320775,0.009789358917117186,0.010545240328232452,0.004369777442415179,0.007804982591887555,-0.0046233566847035945
2015-02-16,0.001164775641604443,0.004416243751998117,-0.0018890264757988051,-0.00034192887398565297,0.000554380523910547,0.0029181131169528918,0.009147126964191177,0.0062079298467603294,0.004147343125693093
2015-02-17,-0.001163420517724445,-0.0016353458704434498,-0.0008257985633187692,-0.005791773876231532,-0.002871614050984461,0.0006582970311692637,-0.001352281547333023,0.0007485414081345176,-0.003463926417555774
2015-02-18,0.0071087583705282675,0.0067631272803678755,-0.003920329421769453,0.0062384441848408745,-0.00018421382963784705,-0.006006336964547776,0.008133064626347108,0.007237575189342538,0.012758775403207245
2015-02-19,-0.00046848142432998063,-0.005154569611383386,-0.006115313691665403,-0.0004103701777322666,0.005573398007173713,0.004372748774580382,-0.0007442520251306206,0.001585698434264149,-0.0031497519875831603
2015-02-20,-0.001637018402086854,-0.002826213540991107,-0.007931047125231072,-0.0029213495365386644,-0.0012334785299065176,-0.0025128246065754256,-0.007922860468367099,-0.004210836403488183,-0.008378308068089702
2015-02-23,0.006512322313619201,-0.003399103940044279,0.00938763671887033,0.0012975205632150821,-0.0020006643884910025,-0.0007390023109981048,0.0060513801848931514,0.0014307913917248616,0.004455417498727687
2015-02-24,-0.005927712311441624,-0.0031893438483011627,-0.01051972414574931,-0.004261228694772967,0.004110362401625434,0.0014549382368294062,-0.010647124681220976,0.0001505527470493373,-0.0036488052180451147
2015-02-25,0.004308280194031289,0.00616194470639142,0.0005262849832243788,0.0005329870828210126,0.00043279069146673343,9.253429222644272e-05,0.004826409658905684,-0.0062864117395105,0.0010935010950328117
2015-02-26,0.006464868005584101,0.005212769487207947,0.001676327628419072,0.0021704473487005327,0.004518971165629493,0.0005891139322027339,0.0060469092840254035,0.011659602401003388,0.014398791327966842
2015-02-27,-0.009913457030660822,-0.00574269729908905,-0.004293524154960315,-0.013928232325823187,-0.0071386251421898805,-0.004649139367584487,-0.014717029184305397,-0.004221986639599717,-0.01272497517005955
2015-03-02,-0.002569268578938022,-0.0009188484236359873,-0.0017813937943336189,-0.003873193061338487,-0.0007702414933623558,-0.003747079190254632,-0.003110428893590811,0.0012832954571957433,0.003774938215529211
2015-03-03,-0.003723158053812625,-0.0019539902928903397,-0.004381889590933663,0.0015315062556262582,-0.0030564908782693134,-0.0031447037865693916,-0.002199957022596233,-0.0057043405811503245,0.0027031503127250556
2015-03-04,0.008211445430630127,0.00448617719392419,-0.0023938014642967964,0.000279493703713829,0.0004917672832411846,0.004739347675515315,-0.0012725729689205822,0.007562572899540321,0.008588271136457992
2015-03-05,0.000391142855096005,0.004716502298619751,-0.002698789903218146,-0.008954305473646285,-0.006609762135293851,-0.0001170064508452251,-0.00864944863271555,0.0037956620892101167,-0.007001417213948979
2015-03-06,-0.004904668398338585,-0.004630579358193776,-0.010507076272309623,-0.004512011125288762,-0.0011435911260325726,-0.003282079206895494,0.006324372703730319,-0.013332454987663334,-0.0014871655621775393
2015-03-09,-0.008031448063937963,-0.009585077339424486,-0.011041117276211265,-0.016865576664300552,-0.012452785757576468,-0.005747937727346164,-0.021539570133356056,-0.01686301120118383,-0.01481828216915615
2015-03-10,-0.00484170732874456,-0.0014261477613380924,-0.00272492347077391,-0.0011591210771538796,0.0031267434296231578,-0.005510334854952448,-0.006590605271235228,-0.00308320401322415,-0.0029100443495249095
2015-03-11,-0.005654877063894004,-0.004228936088165991,-0.010930743175757596,-0.011511899510185497,-0.0015081863502742765,0.003056850832226843,-0.018147157637028233,-0.0067084461076470925,-0.007457057350690577
2015-03-12,-0.004715563543655876,-0.005047554950494804,-0.01085181980087524,-0.014937031829733827,-0.009885598326490608,-0.0030722182427442846,-0.013737432045743847,0.002045833938903785,-0.00832153511011946
2015-03-13,0.01325519502706829,0.003790127857754344,0.006332941675661674,0.0073534322628194815,-0.002606519147789532,0.0007665995048384833,0.01092908573137552,0.013552612151236598,0.0037398579206988636
2015-03-16,-0.011728832383819277,-0.00981533190783701,-0.003923905948468476,-0.013615662285804353,-0.009281402450468934,-0.00020604011274938383,-0.011596771997079869,-0.011710523954215124,-0.015741138821801615
2015-03-17,0.0036691839806513027,0.003397686799278432,-0.0010419722708561174,0.008712070075969303,0.004744283330458732,-0.00019770156994647348,-0.006500205021739536,0.008413911991443257,0.008561867617497887
2015-03-18,-0.002744322908597052,-0.001079195074857986,0.0020583614949365447,0.002374050241785275,-0.0049714636746810426,0.0007173316846598166,-0.005987258500691928,-0.00877899617875788,-0.0034073015109876703
2015-03-19,0.020379590634852285,0.01866529888789792,0.02500254098890009,0.02377234840675002,0.014228824017161745,0.010127896440933704,0.015064164013501635,0.025970195657196937,0.009636863564359999
2015-03-20,-0.01546945289180024,-0.011676240671551708,-0.008729556409296735,-0.01668624191490975,-0.013388779504346693,-0.00577994767293144,0.012817977964978411,-0.009810546959374444,-0.00799249168177485
2015-03-23,0.01642405474124531,0.009562270406964446,0.01252173130421852,0.014778276686364,0.012298242371046264,0.006123627248338037,0.007898328006705313,0.018546601202601876,0.0061023801108339715
2015-03-24,0.011734213179809494,0.004767990786962217,0.011904762639315614,0.010934131393676827,0.0005830744240375996,0.0023131559686437875,0.017513267489403406,0.011253118112662941,0.013696272898820583
2015-03-25,-0.0015726788171916972,0.0009592778637055321,0.006700949312540505,-0.003924815200944898,-0.007891673384446296,-0.00034226583036467417,0.0015424507791341746,-0.003964865755011759,-0.0010927475047328716
2015-03-26,-0.004149955096796054,-0.0014368492889835771,-0.0008434443736021757,0.005359699403703955,0.002930903062255963,0.002284196770953484,0.003566448473493633,-0.005233659266745239,0.0021040797452740456
2015-03-27,0.0004699716007443566,0.0038143076945560406,-0.0029070244158243552,-0.006760489237631284,-0.0012777967057253647,0.0028107959041649977,-0.007945295312950296,0.0009110885543655023,-0.01112061743084003
2015-03-30,-0.0126846419781943,-0.010199920445196575,0.0020390539950276843,-0.00013052790324119545,0.0018458570189701096,-0.0005618561238829312,-0.007995933042153291,-0.00588692922235956,0.0002922335193513703
2015-03-31,-0.009878994379190154,-0.0051526012979801195,-0.0063471650085448195,-0.005025323200037457,-0.005153623697219278,-0.00635764863120325,-0.004830360373299869,-0.006075951846340244,-0.00033754846985045717
2015-04-01,-0.005786556714279967,-0.0011585511712067786,-0.004978355150869529,-0.008504503378015227,0.001379159676149877,-7.50086259994065e-05,-0.006504876734852005,-0.007445462357713817,-0.004104726251693003
2015-04-02,-0.0009128001114148132,0.006153689084424041,0.006209876209628318,0.002961653810223508,0.0004895531842459278,0.0037466814328070974,0.005076483198716897,-0.0005952889396899641,-0.0034307630968377634
2015-04-03,-0.0032602475697607325,0.0038768142555014595,0.00648978269950895,0.009359694406420482,-0.000415153296178139,-0.001027603867070348,0.003679574340042402,0.00885815473706808,0.003051811826050077
2015-04-06,0.008179165579520475,0.006949973568504131,0.008223605753706842,0.012013541333229849,0.006748661143244572,0.007355483060371704,0.009794587205296468,0.014624168748385236,0.01151777024054268
2015-04-07,-0.007058824263292185,4.004063694629245e-05,-0.00606505807027391,-0.006046965979111696,-0.002680282961871505,-0.005473851393813733,-0.0032500866177185284,-0.010625533160645517,-0.0034676836993804416
2015-04-08,0.00695500988288944,-0.0023592076166578657,-0.007922553468871829,-0.010120584903829721,-0.0044916324072887814,-0.006758695933591796,-0.015841603590671216,-0.003753786888298194,-0.013280615167910015
2015-04-09,0.005456106890469936,-0.002990141316447037,-0.0005692408688419137,-0.003591537227713437,0.003689791197045933,0.0016320477510931575,0.0013743277982547486,0.006194351684295052,-0.000138288548399923
2015-04-10,0.00254237721965489,-0.002830499137666198,-0.011075090308078406,-0.010775757970984845,-0.010991984298699076,-0.0037826733321805195,-0.003867037775235449,0.002954741568409469,-0.009337378492492165
2015-04-13,-0.004524876375543552,0.0006046057586350795,-0.002155088837449748,-0.0055489179542951295,-0.00505111346064635,0.002836754477675729,-0.0026124212165448135,-0.005050438695694104,-0.006383379775225628
2015-04-14,-0.010698028670353077,-0.0017868139868321142,0.0019239150225121016,-0.0034785770327848686,0.001862807387035259,0.0012493984477868203,0.003053414399033283,-0.010073948473362293,-0.00019170377050625742
2015-04-15,0.003578751665743729,0.008675252602466044,0.004584963273908338,0.007016504587601835,0.007090586972516633,0.0050394482683930875,0.016333661901233087,0.006685716604405867,0.00576402427997591
2015-04-16,0.008446593597077445,0.014605076102983894,0.008229679035660409,0.0027866658336563876,0.0038257411117510465,0.0026355135985707268,0.01832049323559448,0.010321765073719735,0.0058182452545283425
2015-04-17,0.014410345983367767,0.008408859712234484,0.008719654888071693,0.007378339683203672,0.006296972753341068,0.0008316170869901995,0.007600445799637923,0.008341682267006156,0.014469581537130738
2015-04-20,0.0025770555132100803,-0.0007616851106669875,0.005318496116018645,0.005080779754110587,0.0031134457604786725,0.0019020512320953031,-0.00986068102780091,0.006857808309887803,-0.005089341279689408
2015-04-21,-0.011120447202242145,-0.0010063007417250303,-0.004082478405248335,-0.005803639611723255,-0.0039064077271850906,-0.003162875140164112,-0.006210429637852122,-0.005745922100983902,-0.007224759072346987
2015-04-22,-0.0009258759005216222,-0.0035462006090252185,0.0007332882520902917,-0.0005370663400049436,0.0017325960645364624,-0.0036612266531489412,0.0001752196330269129,0.0014576972538014044,0.004514018706001766
2015-04-23,0.004495076783877838,0.002001298234140636,-0.015267188245230878,-0.0014802230744337397,0.006827008855436967,-0.0026427154768096095,-0.0025772549954581336,-0.0038214294176804886,-0.008241112350240942
2015-04-24,0.003499769660920915,0.007829191413405656,0.014759777614084424,0.008316786081769889,0.0009633398147899097,0.0031696465317065936,0.007417825083318563,-0.008261991082062603,0.010995463243435921
2015-04-27,0.00720665636834128,-0.0018489615399345238,0.0019507917851564471,0.004988814297946398,0.008271268591703462,0.005415062868873388,0.0072570567195242575,0.00395714158210958,-0.0001157387850716507
2015-04-28,0.0043269310884577195,0.006317707680260076,-0.0018529537811735608,0.0008267566439956742,0.0031055598137403884,-0.0016704791437286426,0.0064619612120735415,0.00251756921337587,0.0033567213100220705
2015-04-29,0.01647347740816829,0.004652400967499748,-0.0011294023317547364,0.008380406821014486,0.007299436399692105,0.002550023217625652,0.010960283523442804,0.012435289996991283,0.011840145810427583
2015-04-30,-0.00023993010945477788,0.0015475464861560706,0.017005231364658036,0.013237203319521829,0.0060010294008929765,-0.0012356322797316688,0.016530123066076152,-0.015287480743157666,0.01972000905048077
2015-05-01,-0.011459766313571373,-0.004934581461209064,0.007608214812788949,0.009027745228146644,-0.004683104204786792,-0.004035112382064221,-0.0019938138635602343,-7.609550887599514e-05,0.0010212216800680185
2015-05-04,-0.009239580809980774,-0.006906728679283214,-0.0001071644615566747,-0.0025615628658635092,-0.01354121014239873,-0.005693531488271231,-0.008631091872377872,-0.010385985636055972,-0.009157181210716958
2015-05-05,0.00164703199308458,0.005747381388109707,-0.0003855284162023187,-0.003288985702471603,-0.0015727253859977308,0.0002997761303145108,0.0026715214480648175,0.0019605931546662347,0.0047827399773250345
2015-05-06,0.011744105623386458,0.0018143206598200123,0.00697803572164446,0.0033335193782932926,0.0033990262956304917,0.0014843098693921863,0.0005145362627907435,-0.0053255147374466905,0.0022847434956874135
2015-05-07,0.0027052977821830915,0.0027081047861372554,0.011608777877470944,0.013870673307220915,0.004465906718036594,0.004397044168013675,0.020469324805212796,-0.0014232165154144383,0.014739920532158779
2015-05-08,-0.006953175231417252,-0.005781374622462199,-0.005587523183536169,-0.008334004280467489,0.010831183252433263,-0.0026062907627215637,-0.004452509199553756,-0.006252297322170808,-0.005558701664303278
2015-05-11,0.0030910506630263956,0.0014557052573498375,-0.01054189345592782,-0.004701511718801732,0.0017440600908047443,-0.0005927462533937833,-0.003812038500863091,-0.0024501723416807675,0.0029316849785736565
2015-05-12,-0.0033178139037143284,-0.0002645678145760666,-0.0031888645126757487,-0.004435549656303772,0.009268415547995401,-0.0029217931627537608,-0.010040428323537687,-0.010869628041720203,-0.006872558366757153
2015-05-13,0.011506209221144648,0.0075481341158656345,0.006657174731333981,0.0069124663038391265,0.006033299663219749,0.002470043158429691,0.011818859960801342,0.009714493756214582,-0.002184637488077401
2015-05-14,0.015333493563850498,0.004099028475203825,0.012344596487928072,0.011498061400544657,0.004407181722306142,0.0056646139780007765,0.012116326180878101,0.01597232978209595,0.010507417552084064
2015-05-15,-0.0032347525670324284,-0.0024200987876222824,0.004821405840170767,0.0048014629669170805,0.0020346489391802614,-0.0002600718971126348,0.002122898487353586,-0.00546981042647654,-0.00013227138199256583
2015-05-18,-0.004908598398211894,-0.002397623396374504,-0.0029498861240676577,0.0035136753843081348,-0.0016532864642669898,-0.0011648364772599562,0.00754439844235999,-0.004698364565343782,0.005235379790422101
2015-05-19,-0.0064759262484077595,-0.010967451396569294,-0.01155506201135914,-0.01038610716641919,-0.005231686315647188,-0.004753959028941934,-0.011340928487860835,-0.010916881015819557,-0.0036848149763453186
2015-05-20,-0.00911036213016625,-0.006877117570548541,-0.011845047767357286,-0.015850600736273313,-0.009418371387524438,-0.00623279264914578,-0.01754073453997884,-0.002061119085767227,-0.013663913924212956
2015-05-21,-0.005514789004791187,0.0018597642260780312,0.0010682481774133556,-0.004118285527832777,0.0017253532894612178,-0.004619984555145229,-0.004998268216838242,-0.007814776730555084,0.00015583773530192246
2015-05-22,0.003002793528552594,0.0008527237407711663,-0.0009178362271764495,0.0010000016108275833,0.007784962229093306,0.001429262625288974,0.0017956566914905103,0.006764709386811507,0.0008747363575052347
2015-05-25,-0.011405419260001715,-0.008052129022549703,-0.006721113957912639,-0.010696150975556318,-0.012055165034290716,-0.004376024581557503,-0.012387899816975523,-0.006936826838242038,-0.007572588001424352
2015-05-26,0.0019567873954995374,-0.0019724839266366256,-0.0023268190385364873,-0.001985882051857568,-0.00018564963738221252,-0.00023848132382142673,0.0003425482661110202,0.001389318119075611,-0.0021271334513889295
2015-05-27,-0.010532887210929265,-0.00845913519245467,-0.0065146118752347215,-0.007502323627592844,-0.004758213093241426,-0.011269588296437982,-0.012738941703259066,-0.008769987758030617,-0.006176425471470459
2015-05-28,-0.0012375412763884208,-0.0023767197476981528,0.0020109405609050057,0.0010246067651416002,-0.0031467163159414335,-0.006093404038720163,-0.003716200224512023,-0.0007967074469367175,-0.004988214178532568
2015-05-29,-0.009955595200465739,0.0023259296882862657,0.007200405286293066,0.005534912690249305,-0.0020221132426905264,-0.0006461139658586745,-0.0019007122928197395,-0.00811720871786592,0.006439523686157411
2015-06-01,-0.0016819440003711383,-0.002488770624831216,0.0018060594110087536,-0.00021915980981057626,-0.0019722829846721135,-0.0030033987120794414,0.0014781130238878948,-0.011713752015063084,-0.010809610109215106
2015-06-02,-0.003959812321533196,-0.0054533368207885236,-0.004968292974603217,-0.003189447040307991,-0.00582148723084841,-0.005238406433267562,-0.022267640990939808,0.0007103779578476743,-0.004208923940851039
2015-06-03,0.01956523049349368,0.008917577659327325,0.013488168374742093,0.02078355135633836,0.009203814445190472,0.006538400052607862,0.016089334831842494,0.00881532058586676,0.016968621923697746
2015-06-04,0.001399454574306347,-0.0033959718055098786,-0.0012091348550175018,0.009670482357685417,-0.000858257232686177,-0.0021559864514165694,0.00834739936250406,-0.002074085926820901,0.015309845916162024
2015-06-05,-0.011147792037698778,-0.0030414874845988704,-6.422199611688661e-05,-0.004438275055515528,0.002504493115093931,-0.0006110017736390416,-0.000724388047934732,-0.0033501531316418864,0.0026315238616421155
2015-06-08,-0.008688458272157473,0.0029702319370461527,-0.006019608943169108,-0.00889761530848443,-0.006320925762580809,-0.009941976543323738,-0.023869196487042665,-0.011137010812149573,-0.011869388651305934
2015-06-09,0.008764609213581354,0.0037872242036534054,0.013866724424600463,0.015556452963885192,0.005110160184302659,0.008557872180341208,0.01844477506505049,0.011622924754056019,0.01113998032654262
2015-06-10,0.00038453767794743854,0.005672681422729253,-0.0028171241876479014,0.0016044342110643761,0.0031403539994458995,0.0018015800226824918,0.006703629539810851,0.0021438213483881974,0.002125264506470659
2015-06-11,0.005257383889073708,0.005377238561458331,-0.002263637553005182,0.0011425006003165095,0.006679213229383141,0.011988667368925565,-0.0009660777226065953,-0.013743086917993197,0.0015238028453778973
2015-06-12,0.0022393873292831934,-0.001545657554666513,-0.0018952987833606993,-0.0063060369615396406,0.0007754765111234185,-0.005785711071036204,-0.009929491946643498,-0.004490236043335205,0.006567452711577326
2015-06-15,-0.0023886090738530763,-0.0017620946652279201,0.004409577129457443,-0.0018400050395988021,0.003392357932424872,0.0023602917028924253,0.010895176176572319,-0.0035654553599364647,0.0011797260989812042
2015-06-16,0.0035686307770599335,-0.00010560030044293178,-4.30765723894444e-05,0.005085862983867706,0.0022146529590552078,-0.001053291649213528,0.0015358121169963823,0.0012600351367264562,0.005615706867722281
2015-06-17,-0.001394394746706773,0.0016754686702094013,-0.001996310998960471,-0.003102800893038382,0.0027994613415982528,-0.00015396123847855048,-0.0010177138601169533,-0.00223504845145317,-0.0021548562056844522
2015-06-18,-0.002781219883710273,0.005429681289406352,0.01172766223835664,0.011381383444843962,0.013328252854777567,-0.0007366290736972037,0.01522700980134517,-0.01350416626520401,0.00965588934592665
2015-06-19,0.008335220348751227,8.179309174938254e-05,-0.00043417646119203734,6.814974491020642e-05,0.0019372878376457958,0.004292612174163102,-0.016666887427452703,0.0042205722423602765,-0.0028257948274513778
2015-06-22,-0.0031063350090260178,-0.003747701695493433,0.003474508434215373,0.0001934272477661647,0.0003971437481693485,0.0020447853932430426,0.0065889945735624345,-0.002415722787152408,0.0009783889352250608
2015-06-23,-0.00479168379215833,-0.003207861278660129,-0.0033435125607217397,-0.0020996162076409863,-0.0035141148440979153,-0.0050899939473866285,-0.0011146477277264033,-0.004671730190418444,-0.0031180594002557793
2015-06-24,0.00178075737793848,-0.0007871381034141312,-0.013186897245231144,-0.015585144308720156,-0.005572359146616357,-0.0038834394093936186,-0.011298882590463188,-0.00041193897715763317,-0.013799908434326436
2015-06-25,-0.004240199552207002,-0.004909586144307254,0.0,0.003115480528033343,-0.001979464101254491,7.268964883744289e-05,-0.0015751254945132187,0.003376201727055106,0.0022551585942138797
2015-06-26,0.003170922821730038,0.004208541104494312,-0.0032353497875491355,-0.00035846842292086567,0.002235847838204963,0.0020469453625961975,0.003430025333402309,-0.0004132306828064092,-0.0014600353345897155
2015-06-29,-0.013880476615051873,-0.0015302916675112854,-0.004221187539974136,-0.020347664549454803,-0.0032956763563897207,0.00804162777673767,-0.014868627009293367,-0.009347703124924278,-0.018884684854163614
2015-06-30,0.006061515958107888,-0.004906521949592735,0.01576848342708881,0.022591827635104034,0.002469998211841684,-0.00047280229960433573,0.00688198083183944,0.0023252571602685457,0.021099421714318334
2015-07-01,0.0027698556491624338,-0.005217615955567134,-0.009414817203072356,-0.007839072189335217,-0.002855064879640601,0.0023204988997866938,0.002369909700780992,-0.007601477223980524,-0.007856114909445155
2015-07-02,-0.006801084771161814,-0.00906195501307483,-0.014798567789743977,-0.009102738058557658,-0.005227741461879987,-0.007573776437096336,-0.009513057772006395,-0.010875286023605546,-0.010599211774749207
2015-07-03,-0.00038195932105933306,0.0037547504578212543,0.0056603561393224755,0.004833896591066145,0.0005153384224976243,0.002120946789165412,-0.003377759715105566,0.0014790150423944493,-0.00757670838803548
2015-07-06,-0.020208039426210078,-0.005557259791972746,-0.0007414436306493188,-0.008290269870579015,-0.0036557507486538743,0.005326496357235921,-0.013652763591274097,-0.006147314801935089,-0.008244288480696693
2015-07-07,-0.0007554438184650403,-0.0035705437345698865,0.001240854780167222,0.004905826731768315,0.0029644517906064483,-0.001663817930446121,-0.002224492781665921,-0.0010012292354655283,0.005872402366075669
2015-07-08,-0.002752050608848644,-0.004521531268675161,-0.0038349834975186514,-0.003534203672930669,-0.008922081693755857,0.000987853697245411,-0.010801234846998575,-0.0012001075810724737,-0.004904921077357738
2015-07-09,-0.004824484289737585,-0.0009584318354456389,0.0010152834608767591,0.005546563381724434,-0.0060096189983891435,0.013469894248220537,-0.00672693643736022,0.007320422873927868,0.005559501287520696
2015-07-10,0.005222738103727531,0.0015264146935003442,-0.002426441649228339,-0.0007190668798957578,0.0002613770163355511,-0.006885763825281166,0.012778822766128073,0.0047911508551321536,0.00016429061274103596
2015-07-13,-0.004826200230908628,0.0010711559066105547,0.008372093082239296,0.005965179360537531,0.009231874111540694,-0.006498214102880762,0.013782409235215676,-0.004902033958098739,0.001550201776772786
2015-07-14,-0.004067240069435152,-0.004313355049225476,-0.010911212283474025,-0.012452284061309937,-0.002167462130108766,-0.008691409728983523,-0.009669233930983845,-0.004478904306570497,-0.005226813529831564
2015-07-15,0.006924796254845322,0.0010991551368002561,0.005852656726902827,0.0015961878920103256,0.00999201384226267,0.0020272461937909103,-0.0034120964610920845,0.002815576276545162,-0.0007998232985053644
2015-07-16,-0.009733002826851855,-0.01469795980322297,-0.007697963069783209,-0.005854768727755255,-0.00018761564453750879,-0.004440163393576113,-0.005077315042127495,-0.01919917802402127,-0.0007052089732260125
2015-07-17,0.00563538810973041,-0.00316929895496898,-0.005119610040758005,-0.005257993415770934,-0.0013426833934411242,-0.0022472941703080007,-0.00011768000014955593,-0.007634045893840202,-0.004390909345573402
2015-07-20,-0.006190040438993183,-0.0014552584221910747,-0.00530036572424375,-0.005122730347380755,-0.0008112437699341335,5.6417524095575544e-05,-0.0013264911938766222,-0.0011731177179142849,-0.012752751947615382
2015-07-21,0.000855585664887748,-0.0006694440614722907,-0.0012456096174203735,0.00047682631799483843,-0.0016975446848166431,-0.0012229104286053394,-0.0057877661283463055,0.010005344768674984,0.004549549345133963
2015-07-22,0.006712198013922643,0.004071702414257361,0.005636745280298117,0.009649040679358345,-0.0011512260136052888,0.003503940786133475,0.014177788081012777,0.007093070058238116,0.00917092919103002
2015-07-23,-0.0067115160708403065,-0.007499577673981905,-0.0017713703180664009,-0.0011801107211915074,0.0037317730546782,-0.0016765014490044416,-0.005850108260812226,0.0001326225722539931,-0.006608711128785694
2015-07-24,-0.002574617185612138,0.0017129840196274948,0.0004169777741713787,0.0056702422739880465,-0.006052531724333288,0.0015499478803433497,-0.001896634084603721,-0.0016547304199073798,0.003584741879319786
2015-07-27,-0.010913871770453665,-0.0017253855356840209,-0.0033246697592961283,-0.0015141702600817153,0.00021730256920915458,0.0009130270109525274,-0.004794791165526502,-0.005921823749898247,-0.0031892376466579053
2015-07-28,0.0,0.0002454992041163173,0.0005197128419256458,0.010724127396218863,0.0026615125411788565,0.004243773398062256,0.004381383828201635,0.007157017853365755,0.009683902181190307
2015-07-29,0.009771574165445829,0.00843852405356027,0.0003847900334423837,-0.0021689777491131768,0.0030128980867327737,-0.0027189627836053942,0.0018318147138005614,0.01315962023014361,-0.005403748981836931
2015-07-30,-0.006568924339247939,-0.0014674093880687744,-0.005933600435003017,-0.007403244401325337,-0.0005772959138675704,-0.002936953649426699,0.0005777305578400505,-0.008784657379364291,-0.009607267965947797
2015-07-31,-0.0005835732699269736,-0.00445192471270095,-0.0009604577991354502,-0.004080268727305825,0.00014043423212029005,-0.0010558204979825847,-0.0007024234661816564,-0.007070645915286278,0.0022997556613351122
2015-08-03,0.0007300151011966349,-0.008795103124980441,0.001240782420186326,0.0027202083408026656,0.0014533436874393235,0.00024990510926148346,-0.0028348384814751437,-0.0038180632301721973,-0.0016796925229213278
2015-08-04,-0.0032741797056708988,-0.002819489438760314,-0.0021667259720163923,-0.001183181156478863,-0.002338574758603551,0.000766478848976071,-0.007522296890058011,-0.0021021022652469856,-0.0017068220719876903
2015-08-05,0.013793631130099904,-0.0025697950850930296,-0.008896628397141448,-0.006119636871587453,-0.0013701444611994296,-0.002647395069577785,-0.005240385069144482,-0.004772539902582085,-0.006484231793673856
2015-08-06,-0.0031617778487433856,0.0017465441617503519,-0.0011644043194616316,0.0012975219323574372,0.002372233823144887,-0.0036559069146574474,0.004306630819691737,-0.0016968796087074578,0.0006725304952122091
2015-08-07,-0.001028356571738387,0.004255305996309522,-0.0019877531559947537,0.0021963250915382204,-0.005879959783812838,-3.2050625317192605e-05,-0.002222922199799693,0.0026830734858385163,-0.004253941241351256
2015-08-10,0.007698055309278251,-0.0024191913810187593,-0.0024506758526752215,0.0034758939700150204,-0.0013014944364916348,0.0034915373874053746,0.0004367475336173321,0.010247255362102692,-0.003469135173877924
2015-08-11,0.0016310515495230327,0.010283395082507418,-0.00020336842590074067,0.004737264158738208,0.005891285996233675,-0.002511743664388555,0.0083893456938684,0.0004630514096155558,0.008735374144359653
2015-08-12,-0.013963039641683883,-0.006778549898099007,-0.00461463090854497,0.002274687260258146,-7.79415297788022e-05,-0.0036539596508881056,-0.008899937714850759,-0.009110032579730087,0.0038827611705809506
2015-08-13,0.009669347831457564,0.009478226736850504,0.013185686402813701,0.010770364510168218,0.002045684793041902,0.006559111982791244,0.014839053602765828,0.008860020999146512,0.007214004518753869
2015-08-14,-0.000811319092437035,-0.006735484751612231,-0.00010247794982509717,0.0,0.00012488905218455137,-0.0008684392454756384,-0.006682439562999853,-0.007871915415581965,0.015106789353595662
2015-08-17,-0.0008105231426218662,-0.0026946142657676697,-0.0017398870665545907,-0.006090043305764126,0.0021756681016174007,0.0001045475548093755,-0.00374038988723413,-0.0027475555351218484,-0.0058476690008147925
2015-08-18,0.0002211354894878781,0.0004047380754750307,-0.001124518195289581,-0.0013515696186234827,-0.004270372810119327,-0.0007072201692027713,0.003448572411420381,0.005988769212715184,-0.0013836553102477556
2015-08-19,-0.004183906205587062,0.0027567205732925704,0.000818511907299424,-0.004257874291125452,0.005122498622807559,0.0005387215797145739,-0.008583834885642516,0.0011860044411542425,-0.001367691763574208
2015-08-20,0.001985796205695056,-0.004952762728003268,0.012115599561208112,0.007904936297541187,0.0011605193891208732,0.003825750512880255,-0.0017787874365113865,0.0019805743774248263,0.002724022155439876
2015-08-21,-0.0023479383511185725,0.0036247953064543204,0.006881412424364575,0.010697606245615221,0.0005020554247907594,0.003864892334791481,0.007270332359043508,0.0032454989557397784,9.160791944817781e-05
2015-08-24,-0.010742539016643349,-0.010772393044179873,0.0124564456038887,0.012457658135525795,-0.0008308437523720791,0.013866492617636395,0.0022560232220607546,0.0006627843909732256,0.018194491845136884
2015-08-25,-0.011905615338332787,-0.004968025709364832,0.015871326580142897,0.01811596974290519,0.005422387427464148,0.023956121163642097,-0.002246090310717763,-0.025134141805406962,0.011067467545942788
2015-08-26,-0.009307956740606249,-0.00457061252460389,-0.007028029097677746,-0.0027722740077466,-0.004253529861074301,0.002901988926627075,0.0041865303008963295,0.001358751929757096,-0.008714462496908881
2015-08-27,0.002707387710603859,0.003458593013134781,-0.013446767711326912,-0.018257447261945337,-0.013624264201935521,-0.012643870118412281,-0.01918868306878374,-0.0035458889061674714,-0.015386214993811764
2015-08-28,0.006958844607081627,0.008339679412872059,-0.013881713341122093,-0.00812101514108432,-0.004392994062647482,-0.007809721310172324,0.007024177229283612,0.004793675934933184,0.0020406626098470326
2015-08-31,-0.0046415931846752745,-0.0036258967824747135,0.004370035762787605,-0.0030165946088133166,0.00026209923623099485,-0.0023580300714665103,0.003071126558052306,-0.0023266076466869068,0.0024249386870522915
2015-09-01,-0.0044077352974908335,0.007228202943688533,-0.004144656663717328,0.0010552767505001004,-0.003564203208293204,0.0016517155379749404,0.0019482820104437248,-0.017025614369885256,-0.0019660084050583393
2015-09-02,-0.014088455783175302,-0.008300035745697265,0.005312512437036787,0.006019366380027202,-0.003765118904290876,0.011477263428536721,-0.004539532697935833,-0.0053080742494270305,0.0029541037943765502
2015-09-03,0.005426356457305603,-0.0009046964683585568,-0.010105193778400579,-0.006853028334886102,0.00018373726583531536,-0.007173706087485354,0.006345512098362649,0.008025964853237033,-0.0006520569870894777
2015-09-04,-0.004000840038544284,0.005838706248345815,-0.004107627943866765,-0.008032885311773708,-0.0030065388794194847,0.00436464713351481,-0.0021533662190934555,0.003579928706475055,0.0032352147814642684
2015-09-07,-0.011860175523634386,-0.006628524961936777,0.001954951423348339,0.0023418749571417763,-0.003997973558151902,0.007485467759136499,-0.005216497388306096,-0.015296506882989891,-0.0026809220797204825
2015-09-08,0.0015282350513681209,-0.0015943341252411258,-0.0036904165872856387,0.0010718358794468141,0.005394951563147066,-0.002001611461430075,-0.002311213561838943,-0.0033251563984381116,-0.0025084280994950303
2015-09-09,0.013160624749336769,0.007363611708989026,-0.0023522438179840455,0.0038888397698493282,0.007777949813362994,-0.0057124051916493945,0.011661387548761226,0.016258577659466367,0.005896402168544368
2015-09-10,-0.010239630768928532,-0.005956649402889758,0.002768978419401824,0.0011893944140157764,-0.0028566428595037108,-0.0015713845500699986,0.0015690393569314232,-0.017108493519600643,0.001055623159122776
2015-09-11,0.015132263551108638,0.0034002403984734197,0.001952278680247943,0.006255229025333708,0.005481965478481898,-0.0028271118866172174,0.005995433763291036,0.006877866649622755,0.004035198605381041
2015-09-14,0.0040469015746502635,-0.0010039841712990993,0.0043344080212970315,0.004707816083289185,0.00038629656923250266,-0.0014652333456192101,0.004122921433246329,0.002086558797997018,0.015929769325089715
2015-09-15,0.008592855571134539,-0.00027159675501708946,0.0008262279636888081,-0.003211408739718591,-0.0013576121583029899,0.00362244106900822,-0.006956331977397645,0.002853582612074357,-0.0031741773342962576
2015-09-16,-0.004561935647124593,0.000528538942663026,-0.0060670553625452595,-0.0031674617914708714,-0.005324703935627562,-0.0006144236571087314,0.0006646683114019947,0.001079174120199644,-0.006248409078879691
2015-09-17,0.010079894947333967,0.0057715293489053465,0.004133616891124348,0.00179546903442529,0.011281605800867789,-0.0007384857219253638,0.004900187672491674,0.0008895630981358149,0.006958641818514355
2015-09-18,-0.0015097480450141365,-0.000531306983511004,0.008346583353447956,0.009645239428679675,0.003285039117723043,0.003973518604036386,0.004521824844864408,0.003378723833793451,0.00678621846266747
2015-09-21,0.00014384896041552686,-0.0033285534788342064,-0.007458974533202989,-0.009553097515853759,-0.0025777426857526153,0.00037498161808846575,-0.006786707581704521,0.0015323969661718007,-0.007258000960954414
2015-09-22,-0.008342288404780351,-0.002264337618263501,-0.0025726045947096488,-0.008952704396805733,-0.001333655955300106,-0.004124563423607008,-0.006720442117432057,-0.008734180902034483,-0.012574589778325929
2015-09-23,-0.007149924546686615,-0.0018081228833793928,-0.003690733891224096,-0.006272076232996082,-0.009949401290238247,0.003481006505689832,-0.009033925720774327,-0.0063518441556338345,-0.005189435744495485
2015-09-24,-0.01133812260068634,-0.0039024604082011916,-0.003778999051049725,0.006221512160082154,-0.006634657348088768,-0.0009982955094249846,0.0015893438977843122,-0.0016950929216104083,-0.0025880027352961354
2015-09-25,0.0018229164227099304,-0.0010495493836935044,0.0011247481962739503,-0.0009837218221332433,-0.0016444774243108418,-0.00033267561741667784,-0.022460928044099493,0.007782375638685446,0.0013254751055098435
2015-09-28,0.0013341179018833138,0.00037495406946752574,-0.0013275164687267527,0.0020386953288304976,-0.0016569722244011986,-0.0010633918988092184,-0.004191243214540452,0.007586339953191246,0.0011602851738754527
2015-09-29,-0.006972077731119519,-0.004702524902079563,0.004719450279683457,0.0026168805931965355,-0.0024112828810678444,0.004405873615368039,-0.0037538484290572383,-0.010534270809978818,-0.0069139164928827546
2015-09-30,0.004552392523783144,-0.0016394719825298942,0.003810461652391739,0.0022174283435552056,-0.0004699174240789805,-0.00016689698280880627,0.00847723489125185,0.007307196991852338,0.009997167670276808
2015-10-01,0.0009113735400918532,0.007659400691551799,-0.003182402207323576,-0.007451786745942268,-0.002238308395343447,8.338553411313399e-06,-0.0063064130982652955,0.005494486424098,0.0006151120734201321
2015-10-02,0.0037998130277725473,0.0053828994596312185,-0.0021511891804563144,0.0019140391753817987,0.0009992161233456365,0.0004090109512830953,0.010164670028995904,0.0017279764632476269,-0.00015523474215040078
2015-10-05,0.0016211530015555198,0.005977032723480047,0.005251788661110313,0.002997632948807283,0.0036312891832528393,-0.0015417741052081713,0.0065602668175699375,0.008129514935527382,0.0011477522994096656
2015-10-06,0.0056705601908644265,0.006420517665170822,-0.004408446187404658,-0.00283237570542616,-0.002576312175881834,-0.0038684370397120693,-0.0026899204374700725,0.0064940319868211915,0.004902030993641615
2015-10-07,0.010022798543019018,0.0029899196680709395,0.008207051998655901,0.0065016088441813835,0.004689645581287705,0.0018379963016805778,0.014827666761430214,0.007721979725753281,0.0108135961412259
2015-10-08,0.004964458526510951,-0.0016149929743243252,-0.00600020919497668,-0.0024840588590764323,0.005881141701089776,0.002710227625905004,0.009404062125087043,0.009446372596748187,-0.0011087944382569548
2015-10-09,0.010101726413012324,0.005123656310402458,0.007348360711865398,0.004176144727765729,0.0023335030402866774,-0.000116735225544784,0.007429747031093781,0.009401915464328336,0.00027553912684474824
2015-10-12,0.006510183433688033,0.0037451969931274753,0.00541099758387209,0.007356438964750023,-0.0018388495324872522,-0.0020802303083216067,0.008367887006653696,0.0020713239095782043,0.0053714494338794605
2015-10-13,0.004039318060830688,-0.004688385583179966,-0.0017658502722919245,-0.0012718839315483121,0.0009663187239832283,0.0013998655569729124,-0.0027864313889565118,0.0032176888589161567,0.0021885887194044162
2015-10-14,-0.016540260866770518,-0.0005377146577609793,0.004591479602124915,0.0025958227273639167,-0.005203026373119757,0.002430674601102023,-0.00568360692601777,-0.008111741017549745,0.0054965043934405156
2015-10-15,0.013469013742328784,0.007585105925568714,0.009374327650634617,0.007952533167141729,0.014551291176299275,0.0074896859036706065,0.00762031271463548,0.023338100077238355,0.003339004798944112
2015-10-16,0.0012458977629372647,0.005212820994635603,-0.0019972849906445544,-0.009355970882470088,-0.0005260417220162017,-0.0018479732470605414,-0.0023530508777491743,0.004854318752856912,-0.015755828823053597
2015-10-19,-0.009438043070312041,-0.004946988509324068,-0.0018152264123449946,-0.0006248753447615218,-0.0021921851051146524,-0.0018445006917123807,-0.001828723331118276,-0.005575191860805684,-0.00018440244693818109
2015-10-20,-0.0005079492372592753,-0.007918627851683957,-0.0033881532937727332,-0.0028208848306928713,0.0021970013387253573,-0.0019497561751458115,-0.0012099268937946217,0.00102087655292471,-0.008668556138023864
2015-10-21,0.001526182824545419,0.0026491054759287813,0.0002405283393880353,0.0022026716798586587,-0.0014831073769278058,-0.002312576641076536,0.00027579570406865983,-0.008033973612491807,0.00015632008293020583
2015-10-22,-0.007143346895497893,-0.011261232232065321,-0.0032112257985851267,-0.0005220280727629145,-0.0015887086481648494,-0.0005173819518351497,-0.007210023418734557,-0.0038334837292139934,-0.0005459039367373686
2015-10-23,-0.0005048883384753955,0.0020982144075327724,-0.014771481856554747,-0.02353599273905338,-0.002645955523741139,-0.008422949996339302,-0.013802918967957378,0.01094639252590901,-0.016943240915381796
2015-10-26,0.0016615514563163014,-0.005025683185029828,-0.005211538620836342,-0.0054660540176395545,-0.004304226728174765,-0.0035944880114293642,-0.011603046531147299,-0.007289382953982848,-0.005609710505657062
2015-10-27,0.0037705743545661807,0.0012313279031914703,-0.003908604754781497,0.004138649294579855,0.0026414849408662455,0.002868978902260677,0.008393017894541055,0.005292432739608888,0.0005646873922913187
2015-10-28,-0.008055839308027335,-0.008590794401888813,-0.0046200545053382,-0.0026157993765257848,-0.002924672244441928,0.0039177613349634655,-0.016520441922835194,-0.0018286761401994367,-0.0004469051454203399
2015-10-29,-0.012781363905120746,0.005988931456964108,-0.006642534464334049,-0.009792364670887621,-0.0026878727869442676,-0.003168982566009726,-0.012558512147494927,-0.012506657673600263,-0.006530558311206525
2015-10-30,-0.001488949389990779,0.002431836952778932,0.004956041648618514,0.005936707047880185,0.003401856240604184,-0.0011570197491650447,0.0020939559600254842,0.002682448902329604,0.005035875278524671
2015-11-02,0.006637630134775252,0.006609191314462581,0.0024536120765576985,0.002921937945225217,0.007689975081154321,0.004191022381894616,0.010135401868813565,0.009819198891884762,-0.00037665571809231135
2015-11-03,0.003078421925860164,-0.0015580153113788908,-0.0007092311225638248,-0.0009033163874566652,-0.0011414010197647873,-0.0024257315519078393,-0.0024457193114642006,-0.0020274986379187343,-0.0010587746860600822
2015-11-04,0.004458596445860996,0.0021891170469996446,-0.004056484032060381,-0.00472551579413949,-0.00030845700854353897,-0.00253519305873684,-0.0017018442459757477,-0.013927716390220501,-0.0006736775014516416
2015-11-05,-0.007281554202778762,-0.006879574594952698,-0.0019136038219966789,-0.008748722984794788,-0.0018929069566340218,-0.0032512688288105496,-0.016756325102197156,-0.010354158313088724,-0.010413267608471388
2015-11-06,0.001286561894823679,-0.0005394396891754694,-0.002260981428495401,0.0014692713335562324,-0.011696483975089489,-0.0014794140534640787,0.011272193608891978,0.0022473522708867932,-0.00012526684158997714
2015-11-09,-0.015274062312197079,-0.010078188061802829,-0.01019486107623202,-0.013835355988871645,-0.010192320533805255,-0.012418821568153549,-0.011809369180603713,-0.011047264596361073,-0.01147395945757701
2015-11-10,0.0017627054344437898,0.002269001494665579,0.002312808509652209,0.0024317402352773687,0.00438512064743346,0.0009993212847432265,0.0003029469528641471,0.0003269829106293809,0.005261494831893865
2015-11-11,-0.000634153895676226,0.0003091290417338577,-0.002118991550716931,-0.0020401662579282442,0.0011808157877704062,-5.6840489464304866e-05,0.005767791906662989,0.0020311708104994164,0.0004771669408278889
2015-11-12,0.0034648533457661834,0.0006640028596558434,0.001674106877701087,0.002367851661998266,0.005694193022379279,0.0026637653211467605,-0.00038925393144206843,0.0004588456647498518,0.0011805142406753344
2015-11-13,0.009349767187256663,-0.0021834094449623143,0.0031688725954006625,0.004834278085237065,0.0006245819873280656,0.0016074268073607012,-0.006991373787394228,-0.001113126960213262,0.0042378894236445586
2015-11-16,-0.004405595742955515,-0.0028528787342623207,-0.007579369082479914,-0.010635786133961878,-0.0010956422437770064,0.0016017713383855714,-0.006655886200964356,-0.002286537700927682,-0.01108191911730294
2015-11-17,-0.0014899891901758444,-0.0007501332049842935,-0.0014363689612983954,-0.001122239175204931,-0.0008514210365152541,-0.0073175120124897575,0.0026873775798934574,-0.007328142200993648,-4.13108117273131e-05
2015-11-18,0.002632184680522176,0.0009310204354553431,-0.004683507672908149,-0.0041297241541458085,0.0009892709031107394,-0.0014500454043145927,0.0023828122810924945,-0.0007776535762413772,-0.0030093380022984118
2015-11-19,0.0005694113337488815,0.0013986183232177485,-0.004612881037697747,0.002453995013387056,0.0012648555320218247,-0.0006476569930387033,0.002314314608013568,0.0018177461584911736,0.004096573402993853
2015-11-20,0.01035603209498226,0.00027077940534336875,0.0053677466344543845,0.00526656430500827,0.0032105159612518808,0.004987299446892246,0.006586686607174652,0.010297051811294144,0.0049331242764927286
2015-11-23,0.0052049628696460015,-0.004552216339299919,-0.005914686237371458,-0.007938201480457985,-0.006425435003836744,-8.94377604649943e-05,-0.003864207309074108,-0.0017022584482901948,-0.005259231625909577
2015-11-24,-0.00553568438246721,-0.0003068499545656467,0.0012866004699856326,9.57840456268233e-05,-0.004009102628867889,6.504987518840544e-05,-0.001117449576328644,-0.005405062920088577,0.0007068996425771967
2015-11-25,0.00958050658380527,0.004307323938234742,0.0011603272406479626,0.0001703784563669153,-0.002851274208961696,0.0033468321399245937,0.00044320498120042906,0.007347115631743284,0.002646559341175969
2015-11-26,-0.00029022367507436364,0.0004361468465639007,-0.004600239351992497,-0.0017743892564053843,0.002495380870553676,-0.0014265002553131012,-0.00029380181870308775,0.002762820237324215,-0.0042621420019797185
2015-11-27,-0.005053444506867177,0.0002106320117079008,-0.0018854452824327295,-0.0019301317657413053,-0.001570323115933303,0.00037508047214185325,-0.0020987568419048586,-0.0003288272492589783,-0.0008265697127649574
2015-11-30,-0.004885002713064801,-0.005431259928162069,-0.006377384532924801,-0.002021322757389754,-0.004030508803479882,-0.0015956943953904235,-0.004834383682914334,-0.0074407021180303845,-0.0006395790081922259
2015-12-01,0.006798783133727726,0.0013633946356355064,0.0012634631821271114,-0.0009516000747490372,0.0012649432218210244,-0.0030841429773703632,0.002157569555540473,0.011153584170032538,0.002892558230583653
2015-12-02,0.012522846970478785,-0.0008383018743340909,0.002631037859576413,0.00500483074575464,0.0013268370042491817,0.0024000176280243313,0.006910585824333237,0.011077065132261588,0.0038584808479764643
2015-12-03,-0.002775159728156895,0.000906490381824332,0.007698689266750991,-0.0012098339395217872,-0.008550869745066358,-0.0025237937976966274,-0.0023917326015377993,-0.00445099086577716,-0.00017846421276379587
2015-12-04,0.0036649137316164815,7.493619928422568e-05,0.0248163334836895,0.028545173695213588,0.012440999509575335,0.004671700222946384,0.01730689242845007,0.004806095413097511,0.021923254076709142
2015-12-07,0.0016887437225077129,-0.003069897534144883,-0.0031099297283484484,-0.002927824698325421,-0.0014810775098805795,-0.00435914078118671,-0.0023873564135745706,0.00807483099377837,0.0022705432419534155
2015-12-08,-0.011324091737068609,-0.008912986941815304,-0.0035985025196131337,-0.004593567319035707,-0.004123729881257754,-0.0007300157266446616,-0.016590120054691182,-0.013213869332240669,-0.007707117910934924
2015-12-09,-0.004674681775375666,-0.005228497792950537,0.007655066334782523,0.005534087591859249,-0.0026718246537842383,0.002993981125881895,-0.010759480576048919,-0.0003318597277314206,0.004368260810002633
2015-12-10,0.0014254657698471451,0.0009139935737516591,0.009661371897352167,0.011381609745304333,0.011585336216582975,0.009958961755363482,0.009848476267777295,0.01345443365235477,0.011160137372278944
2015-12-11,0.005090481196408536,-0.0048412106515555164,-0.004757090253198704,-0.00633896040313664,-0.001516029043379441,-8.218006988547355e-05,0.0035478509066120267,0.005342896239257433,-0.011670179540275494
2015-12-14,-0.014759615904761048,-0.007498573237687878,0.0042691418124647385,0.003273214962166815,0.002507880027171172,0.00675805346906122,-0.004790798363521809,-0.006517495410555907,0.0003701903000050688
2015-12-15,0.012550822975736953,0.0006629637728594595,-0.0017249965616195073,0.0008245063652068119,-0.002516822214107095,-0.001626877546861527,0.003299866361307746,0.009838514831090661,0.003680205072779996
2015-12-16,-0.007130993964186039,-0.00010932409488284556,-0.0052387879925539504,-0.00516201372972902,-0.007717343023540657,-0.004807944928663099,-0.003788040120644709,-0.002098976206654335,-0.0021973670431315595
2015-12-17,0.000792902111095728,-0.0044669339006507824,-0.0019845598112315788,-0.005643780194730885,-0.0043735239198287035,-0.006434550854215848,-0.01000286031988673,-0.0006766873675312368,-0.0032975435672111253
2015-12-18,-0.011191055093547342,-0.009623727065867782,-0.0017498374418819518,-0.002797894415359825,-0.0032248308312865515,0.00010616977219224388,0.0018048619571284785,-0.009516771575635907,-0.002623103664200155
2015-12-21,0.005446797437300921,-0.001577518561166169,0.0026013255546373237,0.0023806451002967854,-0.001431187919509136,0.00948057598971297,0.0012744319261388526,0.0039023378541624965,-0.0006664614243490075
2015-12-22,0.004607998674660774,-0.00041568342370712497,-0.0008864742545999782,0.003961352657004813,-0.0007597990650521913,0.0007755537599276607,-0.0027209788348747654,0.007114782217819471,0.007033986071040221
2015-12-23,0.004483960800029774,0.0023565225486619212,0.004960496686867488,0.003394516187773089,-0.004936127388641021,0.0014542056037054607,0.006170672760078322,0.004902615343935102,0.007398006768837284
2015-12-24,0.00021699959855481232,0.004836788612638587,-0.002725867008403937,-0.0037309703745428413,0.0036151102973343008,0.0007855560641698567,0.0005612353393960046,-0.0027163104326768384,-0.001836394875934122
2015-12-25,0.005308703742888277,0.001771823726643973,0.004309242137731761,0.00557277537829437,0.0025055880727951063,0.0063659765441090865,0.0006166663527296112,0.005874349519319866,0.007088579958597574
2015-12-28,0.0014565529062045002,-0.0006865496996419918,-0.0005371050364710861,-0.0003618671169611787,0.001194551279540601,-0.0005073952412312233,0.005857229359664151,0.0018476686468851256,-0.0007530021229956718
2015-12-29,-0.00341122208586242,-0.004102484639384674,-0.0011741862672571823,0.0008450970943074676,-0.0025468789954653515,-0.000988746722163869,-0.0035300536983075004,0.0018510548844044017,0.003350898034288674
2015-12-30,0.004520229633118378,0.004337170825865266,-0.004303481790579933,-0.0043056607474738495,-0.004817265736071885,-0.0014851268614958224,-0.0007176792602213711,0.0013043508878636256,-0.001582646616773875
2015-12-31,-0.0008012683601517079,-0.002739355917501185,0.004261128920445945,0.0005467392219722367,-0.00020741798786050314,0.000655893585493228,-0.009988308007923052,-0.0030113891513930957,-0.003686411220952923
2016-01-01,-0.0018179429058416963,-0.001992810752533103,-0.013341937284174543,-0.0068520930021604975,-0.005453192120406847,0.0013467256199215516,-0.008604242317890365,-0.00041053444984073817,-0.0029109406840004404
2016-01-04,0.0021132249553825755,0.002538780742101121,0.0018610126993379161,-0.0004667787872532081,-8.848654919524357e-05,-0.00019112961979739218,0.0033799621928167767,-0.0012299310700173427,-0.0004681455862693973
2016-01-05,-0.013868910348744712,-0.005009180474736419,-0.0029129228194670898,-0.0024361372030365924,-0.0015597336658910166,0.007064663215439193,-0.005610259373795112,-0.01274956685248696,-0.006453795765527848
2016-01-06,-0.00322327473100259,-0.0035540293704623416,-0.005930201327048579,-0.006978129118013876,-0.0027293014671777582,0.0030646462797112584,-0.00307663114939416,-0.006634089688948297,-0.011297337452692902
2016-01-07,-0.011540623183333376,-0.005942753846829185,0.0010025323645654893,0.0025115788964840124,-0.00299909085717176,0.004148020930822005,-0.004493522971259711,-0.00863614053857309,0.00013280470546161993
2016-01-08,-0.008772560478093383,-0.0024393862353085938,0.013776788199276302,0.013635580932217062,-0.00020476708864070048,0.009103281321168,0.00678159397241207,-0.002650234221559855,0.014668558913883745
2016-01-11,-0.010692175533668191,-0.005781196500168728,0.001612767950545102,0.0013785581885210618,-0.006972064391045252,0.003928929597527997,0.0016603990053303264,-0.016101721751164866,-0.003157477284257193
2016-01-12,0.00635828831005214,-0.0026718572693780196,-0.009385931113815249,-0.007589664336749347,0.0013090487688376395,-0.004844876221256067,-0.007744663656542028,0.005703806386942789,-0.0055547855157410675
2016-01-13,0.0,-0.002315026784248553,-0.0013959456479815113,-0.0012904642443474224,-0.0074059229351240985,-0.001527627110064711,0.007358827573564097,-0.001701655443365424,0.0007255051207850638
2016-01-14,-0.007351941338020418,-0.006689376600439112,-0.0030815481565216185,0.003875405701209811,-0.001959452568803588,0.0034489995211501867,0.006227926833132225,-0.008822582284420122,0.0013025964297961323
2016-01-15,0.008816119283287627,0.0004461019803418953,0.0007958749697145606,-0.0024866815033844913,0.0013273721968849461,-0.006581896048717506,0.006536691044759069,0.00045434937307597956,-0.003449970355215326
2016-01-18,-0.01941674874430166,-0.016010417279115563,0.00349404471258552,0.005623801410034268,-0.010605644582955764,0.01036845104767159,-0.009782615255426452,-0.007216511887618626,-0.002872111735000127
2016-01-19,0.002614031589907251,0.0023032895108365814,-0.0032835338995044205,-0.0022880082669158863,-0.0014681004872566517,-0.0033565461456703805,-0.005016833041979418,0.0017427282100694885,-0.0012334647140785915
2016-01-20,0.00553355437050973,-0.0012840832127176682,0.001794199527250795,0.0016479181916557728,-0.0049638699685199406,-0.0015395717441468726,0.009464675404605272,-0.008003582265642684,0.00623719654076238
2016-01-21,0.002913681004623303,0.006093303608561973,-0.0023568719812250283,-0.003295766625946994,0.0011359121301279806,0.003679544333650364,-0.007535843841768974,0.009371144597430492,-0.007080826470035273
2016-01-22,0.011366025528062762,0.01430890682357644,-0.0023116832673399923,-0.001379393487719649,0.0019917617650420105,-0.006699237571682004,0.011008044979683218,0.012829780377902722,0.00374694080963045
2016-01-25,-0.0017159959211645592,0.009207557413403178,-0.008089554087879258,-0.005799128462548264,0.002338640508303458,-0.005464991758495796,0.0052915789377141476,-0.010813321058713243,-0.0019270044103314454
2016-01-26,-0.009263788498629189,-0.010870176113880414,0.00367436365685192,0.00500327082593266,-0.0011964360384056905,0.0029096472853678,-0.0026376673533613504,-0.003998432146230857,0.002296030224472112
2016-01-27,0.009810211364057464,0.012607999113740886,-0.004757988418919612,0.0010972959946611294,0.007028107575886677,-0.0012840043146894464,0.006042424160757065,0.009111055616256802,0.0017428000801911203
2016-01-28,0.0012628272103452076,0.001646033454348439,0.002898608637296629,0.003959650601896625,-0.006554518244197283,-0.000734429107914214,0.006035024900800989,-0.01240437932217553,0.004973392005014565
2016-01-29,0.009991413648806846,0.00431086033393524,0.0004931581653715433,0.002657733749481306,0.007927807184645808,-0.0038930247652824157,0.004437782536810264,0.00822955390937885,-0.00022935566311677036
2016-02-01,-0.002473963327606854,0.00440141370780589,-0.01044410666863349,-0.010154779567405625,-0.00807752417857921,-0.019861513972719402,-0.00815154434537213,-0.0015527463263581565,-0.010004455726808192
2016-02-02,0.005973166495828908,0.0016344063821662758,0.004904360125001395,0.006592904421440338,0.012768740217406371,0.004137702872822446,0.0005759102942262118,0.011717002505061247,0.007560405718616492
2016-02-03,-0.0113884772064069,-0.007823639439214491,0.0007951654874542857,0.0022717767915581,-0.001296865651873369,0.008209797650712058,-0.004498948787011625,-0.003912125375955755,-0.002912464545122617
2016-02-04,0.017743503234138647,0.019268950190529655,0.013420176325856348,0.015471940292968833,0.012252084434520638,0.014696918563062544,0.018224762004882766,0.019476193858569246,0.013048159958470196
2016-02-05,0.006263451345555282,0.0028353285613333945,0.011888587995945388,0.009822411750006088,-0.00032078981148675467,0.010730284778687427,0.00794482589551504,0.012450303073018087,0.004866355210546347
2016-02-08,-0.015731338382857896,-0.009205468291684338,0.00059430537894678,-0.004903881349764272,-0.004730981095451781,-0.000718252552213916,-0.00766903027256427,-0.014851104136987647,-0.007501728528353624
2016-02-09,-0.0009910320932225991,-0.003016230354973226,0.005774482980582807,0.004017161796092905,-0.005240259399945768,0.011083425742480113,-0.0024920845288759486,-0.0016547304199073798,0.0015789294862593728
2016-02-10,-0.0016960748967275174,0.003010886417325942,0.014595572150998493,0.008952991441609548,0.0020686481350167263,0.004140925659587014,0.00025172733295386607,0.0035204418679539717,0.004226650101792906
2016-02-11,0.005185764323770048,-0.0028586084338323436,-0.0005136874529344526,-0.000800888294402502,0.004183638387552202,0.01712113701773932,0.007857583621099007,0.006417473158081277,0.005136153821876599
2016-02-12,0.002849597119559233,0.00048141832348380653,0.0011313418977743073,0.003282205532217697,-0.0030413617317404107,0.006711265565823021,-0.004687767044020741,0.004499055144030484,-0.00031539130048496844
2016-02-15,-0.0009963907712577935,0.005745596959253252,-0.0060315122231868745,-0.008127691311619722,0.002468103523706633,-0.010319315033794907,-0.004321729464375146,-0.011155408898958608,-0.005848794198583196
2016-02-16,0.004360217881918427,0.0010779971797338916,-0.007608798581533738,-0.004626080607256,-0.004048582663516931,-0.005703193044664268,-0.0021105008299443506,0.0013298625551367849,-0.005733970776451769
2016-02-17,-0.00391593232685894,-0.0031229545455913055,-0.0026307944376802173,-0.002418845766870792,-0.010742190156923459,0.002121289982923935,-0.0020863112052508237,-0.010070403899072211,-0.0038595575920148395
2016-02-18,0.007893796152973698,0.013730674379555774,-0.00423171955585433,-0.0021578888493676285,-0.0015567987350927348,-0.0017500608188503186,0.009260246794139615,0.007894335530133523,-0.0015393637378668945
2016-02-19,-0.0036464593910906506,-0.004403868524856969,-0.0005940718257925193,-0.0010777409623446976,0.0036120124517731167,0.009094911958464014,-0.0047803625747633305,0.0016612903095380993,0.008464025351422988
2016-02-22,-0.0010000231749285327,-0.003705870778483611,0.002493344402830111,0.001168061359324346,-0.004693446000877621,0.0067651201241902825,0.0029541954385861047,-0.002849199880197939,0.0003068009617468448
2016-02-23,0.012877964666414998,0.006275995201354467,-0.008884401991862578,-0.00862394615890183,-0.008262540190252632,-0.0042666016538419616,-0.004979694299822479,0.013293868132146835,-0.006298187153894297
2016-02-24,-0.005396829738412712,-0.006812996500187185,0.00857717457262197,-8.82068233815092e-05,-0.009515039436264638,0.009751550274870846,0.0008349299469492255,-0.011022590437920754,0.002242479626938687
2016-02-25,-0.00014388018433564298,0.006859731829131244,0.0019209557184065584,-0.001189491781177221,-0.005989704931470885,-0.0019714424980882272,-0.007673386005649818,0.0036655374579150912,-0.0013677122613822146
2016-02-26,0.005716353039498356,0.011739527005647288,-0.0009091213408468635,0.0010032290793346998,0.0026535897617154802,-0.008990596766540682,0.0049934185657272145,0.012688125766696645,-0.0009650272464747367
2016-02-29,-0.014897680844896288,-0.00022139999948955769,-0.0067221625165777565,-0.009165226332887633,-0.007485447381783472,-0.004768673489577324,-0.007811340121003929,-0.023269640573380546,-0.007250964603927712
2016-03-01,0.0020714186207255736,0.0007091409171227081,-0.0010022924220552953,-0.0032013371060571894,0.004763320036387464,0.010940170360180801,0.0006067351554930323,0.001849184454589592,0.000368171398666739
2016-03-02,0.005458152164026453,0.008222218118462576,0.0011037565221363455,-0.0011963651431661226,0.002583359630826676,-0.013165979074718948,0.005281063833145749,0.005578379123822197,-0.006586866131094937
2016-03-03,0.014794837969696495,-0.00014895612647325418,0.00020069608941142292,-0.0006413174376631581,0.008378233342775099,0.0040893031677344815,-0.0024279979845779343,0.003465350844559234,0.0005064102272926974
2016-03-04,0.009565156942604292,0.0017156676182541464,0.004131839975550555,0.0073577831603117705,0.006676291385323552,-0.001794622629210152,0.009080422504195163,0.009145876524853103,0.009090928400917742
2016-03-07,0.007285434146144576,0.0057014773903878435,-0.001609847150278676,0.004111755701719844,0.00282882398141715,-0.0011687146491998757,0.010860732631941872,0.009641489327852248,0.005660957103342135
2016-03-08,0.00631712736978729,0.0027833435581474664,-0.00140660494684397,0.0020048998059725154,0.0032515562151158584,0.003093801026347265,-0.001484056569325154,-0.0006784958513345041,0.0010432916515623614
2016-03-09,-0.0032708002339996156,-0.009241941022630429,-0.0011140166056251566,-0.0010893965260513339,-0.003694240437166707,0.007029999921449592,-0.007226596618918002,-0.005935532951001243,-0.0021937424381300863
2016-03-10,0.005005487129360109,0.012779565077797317,-0.0017932148752222155,-0.0013627161764125928,-0.00011359992455761692,-0.005236017576316865,0.004211194566020815,-0.014949173640299573,0.004833424358273719
2016-03-11,-0.0011939199675515821,-0.006755294113861554,0.013915701897825095,0.01723721964581104,0.005686515180654217,0.003482170295714404,0.002625946503780785,0.006755862678009983,0.009376613093180275
2016-03-14,0.013538134807996816,0.007714013713521872,0.0018316889034188932,-0.0009381318219707779,0.00645658506597746,-0.00806833718788691,0.011520245615260771,0.007751943510632131,0.004521637729862693
2016-03-15,-0.005565667220827075,-0.002795213809336894,-0.004376836715813459,-0.0059062695138417665,-0.006812501518093872,-0.00045683872694413097,-0.006994392820540374,-0.008289348541702157,-0.0011671454442871987
2016-03-16,-0.00768712411070227,-0.006080530812530904,2.0290943137712958e-05,0.0006331996781281379,-0.008805202057151296,0.006409959352840167,-0.009559783357226515,-0.010844400045437297,0.003353336779357008
2016-03-17,0.011245207645086408,0.018145788347337266,0.00927467109503577,0.00989514337237729,0.0069850047405704,0.003130804411503929,0.012281491006197909,0.019413564697745356,0.010290965508844563
2016-03-18,0.013616990425483255,0.010166300809354212,0.011250703954850172,0.008828060656284942,0.015636345603704083,0.012590933511073654,0.015365666761615548,0.01456706267421648,0.006360393626735794
2016-03-21,-0.006837914902277253,-0.004752380759185604,-0.0023521368799528375,-0.003440202338077847,-0.00069443746859843,-0.000852449378291209,-0.0068198636141119096,-0.009081002067813815,-0.005469830078975613
2016-03-22,-0.0034073113942291178,-0.0035136326725955236,-0.0014525078263561975,-0.003820199804535185,-0.0067683432855595305,-0.0061887500737263235,-0.003462960256960357,-0.0014887738605541267,-0.00020888515373673755
2016-03-23,0.006401026506944074,0.003210770372049865,-0.0021175946683251734,-0.0011559188669088005,-0.010099711286313373,-0.001006654344764879,0.0008084199205569131,-0.002632030492479731,0.000540008030531558
2016-03-24,-0.011375571009752394,-0.012104480762318737,-0.0025633113707363986,-0.003734555617198043,-0.007594892579719348,-0.0013167493105173955,-0.009409107677911921,-0.0040330475686064515,-0.005442897218685072
2016-03-25,-0.0009033039149684008,-0.0030791024163657754,-0.0007069574173580451,-0.001172576174804485,0.0009325182095649698,-0.0038110458051706653,-0.0006999964483158649,-0.002815216605769888,-0.003770358614999303
2016-03-28,-0.002777060661686148,-0.0015221169111544475,-0.0023612164636281907,-0.0007142132819546454,7.069838104944992e-05,-0.005464919646239741,-0.00011316901910973787,-0.003739527956735156,-0.0014775730074475524
2016-03-29,0.0068010982895450045,0.007309528391866715,0.004982249027218666,0.0038312653772156757,0.009356750108760581,0.0007586053452679486,0.006942750934921138,0.009641286585494235,0.004117415471485364
2016-03-30,0.01100161882697992,0.008550800010841408,0.0072950926949650885,0.007972204599380639,0.008631814126023762,0.006070270731784566,0.004190812598778848,0.018821199664058597,0.010204316794621748
2016-03-31,0.002757962015004445,0.006658177745731297,0.0015026707661141003,0.0037744214930781617,-0.0008624316312876301,0.0027944662818564225,0.010071371016801667,0.004970325559795041,0.007506968008608617
2016-04-01,0.0011505351723535284,-0.0010776976509332403,0.0041103014624224166,0.003971520155554131,-0.0004883977543156393,-0.0010135672037573373,0.004309244737481288,0.0025606829270652387,0.001847784303607991
2016-04-04,-0.00015340454340118104,-0.0034826378832977234,0.0025036935791442616,0.0009111707989557516,-0.009914614335691074,0.006784726679036179,-0.00439257574016938,-0.0034484412771557116,-0.001403602627003564
2016-04-05,-0.008967847956658948,-0.0031124393558850105,-0.00020862868600901585,-9.10550644512842e-05,0.0028387377711269757,0.004242697726480227,-0.002644166904851808,-0.012060537405848892,0.0004565786647476866
2016-04-06,-0.007093322713165318,-0.004908270754173993,0.0024989565868458463,-0.0006146253192974571,-0.007616062089090492,0.007900140072910844,1.2019084933978519e-05,-0.00197214141404245,-0.00034202354741164065
2016-04-07,0.008753932322544067,0.00461752834465079,0.0009418745093039416,0.0020186604071505965,-0.0012866360542891364,0.006189672376060162,0.0017964689855094473,0.004783073576382302,-0.0026504150627923995
2016-04-08,-0.012923612272056184,-0.004505367185021925,-0.0006170555192868132,-0.002718353037830301,-0.005665321570869963,0.011731354012569861,-0.001558383389334006,-0.007460116495789038,-0.0012635186030358625
2016-04-11,0.006808389519906477,0.012396880945378719,0.0028845434250481805,0.0025542954159876174,0.005129197051324308,0.0010710356939822585,0.012872591484450968,0.0051809414126489095,0.0013450329628459379
2016-04-12,0.003949260243509389,0.005445905440420118,-0.0007441990180094837,0.0008672785705876596,0.0073590434154711115,0.003530035236021911,0.0033603008364622156,0.006449485717253456,0.004860739284423987
2016-04-13,0.011912069086892796,0.011185932594178327,-0.0012979749394688156,-0.0024477091243334526,0.0024542730942238578,-0.0065353377067459695,0.003113628896194598,0.00913929382922607,0.003892227940126114
2016-04-14,-0.002988215360911428,-0.00404903671112955,-0.011588216201621981,-0.00930524911166175,-0.005392948731229974,-0.007128484667786372,-0.0072454036333388094,-0.001244731798993426,-0.008051667452257272
2016-04-15,0.004386579043991867,-0.0016434335914484732,0.00020694771914619992,-0.0008001862697506468,-0.0032395218473481036,0.000951336264182423,-0.00016868488007726334,-0.0072766934633189395,0.001451063065243785
2016-04-18,-0.007258020169600643,-0.010786608660478203,0.0,0.002655602256659062,0.001998637350172805,0.012025918342727149,-0.009682339190733136,0.0026154621978322634,-0.000680795826764613
2016-04-19,0.01717440078241217,0.01643016096316674,0.0018143096131717495,0.0008029258529465011,0.008145125329869884,-0.00968158732930191,0.011727556571579978,0.01473665195079854,0.002806041050513741
2016-04-20,0.0032745980652151285,0.005749767331459044,0.0028071225645889264,0.004475637611547123,0.006978973317260495,-0.0015287424035235198,0.010232919647974681,0.006891702536592659,0.003959066130469369
2016-04-21,0.0007021833046267911,0.004009308609672191,-0.009627267210473245,-0.004804624797673518,-0.003513020835059222,-0.005444377963086278,0.0031181964430821996,-0.007883917061772272,-0.004806857357306571
2016-04-22,-0.007588036958505517,-0.006192853681816435,-0.0035192933672822946,-0.00115180598285336,-0.0011172721765307925,0.0036642176734906773,-0.011355539219773836,-0.010015201652993966,-0.0023450756983361964
2016-04-25,-0.0041484196630319214,0.004269826864175208,-0.003700514589290882,-0.005133943770589289,0.008639143654529446,-0.017938553097435084,-0.004108436882975242,-0.005768343749932625,-0.0012832343120571243
2016-04-26,0.0008334493478541205,-0.0003787422428144227,0.0034362698020822258,0.0031102056980327752,0.003043049855830926,0.0026993541073887517,0.0038707613117332507,0.0011687987160400315,0.0015481710032918539
2016-04-27,0.003951378274880346,0.005314117138822239,0.0013352885649133839,0.002666631687048504,0.005976731297016924,-0.0008451116351873011,0.005411592689685829,0.002619314577574139,0.002237610171736959
2016-04-28,-0.01855377461208918,0.0019230665389546875,0.0028635180615605993,0.0026509938668533017,-0.002413992076734872,-0.002600370291091947,0.001477995774513019,0.00477911198617198,0.004901718965122592
2016-04-29,0.003969705665799905,0.0024536049579213515,0.004781634909395649,0.0023733463784081366,0.004763265944861761,0.031866467660666586,0.0014603406031072907,0.005431757511501489,0.0019068898115184307
2016-05-02,-0.002209007924102502,0.0007972946913896717,0.007823086302017002,0.00943406129783142,-0.000584161759286328,0.015246103205848405,0.010548687924302413,0.005602270865640913,0.005471510919065725
2016-05-03,0.006100447122507235,0.0011174027389115881,0.003664138066120204,0.0054052238364381555,0.004326466590784728,0.0005357269497734407,0.0033305347078491643,0.004572656276399023,0.007423624484360847
2016-05-04,-0.021418947942478894,-0.013472327142258544,0.0014678065247524241,-0.0018176723512414172,-0.00784290169399171,-0.002662135182027958,-0.011355622205855287,-0.014626424934297666,-0.01032997481974185
2016-05-05,-0.004330931040098185,-0.012587506955883065,-0.003333348281362558,-0.0009538577405892035,-0.0030175579220705906,-0.0022446489700627126,-0.00470854839856738,-0.006131637512654886,-0.0018905982489364481
2016-05-06,0.0011961407399070367,0.0007781253736305338,-0.011241172339434446,-0.007573632043958556,-0.0009854228579152524,-0.003309283168340449,-0.002256590279949622,0.000551453921153966,-0.004722778172965625
2016-05-09,-0.013351032765875126,-0.005886374357807367,-0.004760955348736995,-0.0015828700124572714,-0.00427155371916188,-0.0007917202309059013,-0.004125207137838149,-0.007457472647863228,-0.005946557649758932
2016-05-10,-0.008048602556896323,-0.0022151169680388882,0.0014107408288956957,0.0,-0.0010667902912004923,-0.008963276069621662,-0.0005883214532668157,-0.010225492250187651,-0.0016275204392471876
2016-05-11,0.007667986997414111,0.0031355855083414763,-0.004173486433495133,-0.0011943994494664212,0.0025002154217492745,-0.007903355133732526,0.0011193526964534684,0.004284548673610056,0.00098142440827087
2016-05-12,-0.002060252669355056,0.004377928669092368,0.004635800708894466,0.004627989621766249,-0.0009096914308188708,0.007185346326940678,0.005874924819161631,0.0027960639328699077,0.0030240436934068082
2016-05-13,-0.005415267883130737,0.001479602503274391,-0.00026777154041590645,-0.004380185998552388,0.00047672659407838047,-0.006278621156499686,0.003403954963057343,0.0,-0.006750186576121808
2016-05-16,-0.005892644835365224,-0.008784355671900945,-0.004796828644832329,-0.00527364761534832,-0.006643758822955648,0.004040045174918072,-0.008316152290651635,-0.00758031619129429,-0.006765287758543015
2016-05-17,0.0018220159634094735,0.004333673247395531,-0.0024130739682073354,-7.921335242178085e-05,0.006804584385918355,-0.0038412056401524453,0.004020483254959517,0.0023064448886487288,-0.0032990339631133736
2016-05-18,0.003510558254412155,-0.0008906717508024853,-0.0020408508331757336,0.0,0.0005781859286526636,0.0011932527439550977,-0.0027128300733261224,0.001971211092413716,0.0013567078946901123
2016-05-19,-0.011852253302174098,-0.008646266496431299,-0.007896318088712495,-0.008226410538654472,0.00975024958877424,-0.010804452950798793,-0.014979006317390797,-0.0052065270034110656,-0.010930188022999943
2016-05-20,0.0007232228174531841,-0.004814284563863014,-0.002524485122221698,-0.0015128779446443863,0.0003357514351516322,0.0023571199144172272,-0.004930005662327264,0.0,-0.0005376506175447382
2016-05-23,-0.000578226047649455,-0.0028954850434758095,-0.0007164514194875071,0.0014028329417130614,-0.007564077526589941,-0.0015357232437003265,0.0030286722479142547,0.0006088472459822025,0.003945563287802933
2016-05-24,-0.0005779008822471843,-0.001597558680762834,0.0013236241863681109,-0.000504809553903196,-0.0006081949935834441,0.00618065078579666,-0.0038130081709112362,-0.0018234041293611059,-0.0033787443274345685
2016-05-25,-0.004602034763576679,0.0015237899053666126,-0.0034235909677263754,-0.006961217486073257,0.009030602602120075,-0.007225175935909101,-8.446140672413449e-06,-6.760455185150782e-05,0.0037956438125548164
2016-05-26,-0.000574857276242513,0.006981709413966808,0.002119062413521222,0.0018858629101818902,0.00586460024242208,0.0005358057585287401,0.004538505407246429,-0.006507863488178778,0.0025901102268759413
2016-05-27,0.005491613992252953,0.00452396813772582,0.001819652926466242,0.002965871697392375,-0.002273102931894866,0.0036276706845332907,0.005626764309012655,0.006550493203729024,0.0016824186559336596
2016-05-30,-0.005676086750125209,-0.005419243701763499,-0.00549928921098175,-0.007332520573385626,-0.0026181502485609354,-0.00954228797126333,-0.008257759745342708,-0.008768885540403448,-0.008440797802329203
2016-05-31,0.0015111583564708653,0.0006136014344613194,0.003399563256023752,0.0034559962162050706,0.0005854303238888026,-0.0006406182974962871,0.0012905948586650062,0.0024154795849367083,0.0034116527038632327
2016-06-01,0.005717187221087272,-0.002921385067451321,-0.0017924367380387496,-0.0011136711230264051,-0.010427399996252973,0.0015451816377844985,-0.0049411398253706995,0.01119562777495653,-7.929982381038592e-05
2016-06-02,0.0018125339021342057,8.415245215065426e-05,0.004633303903853969,0.004766559853420338,-0.004354595422172203,0.010897273601367496,0.008337168402461792,0.00525200847356011,0.0030928324475894
2016-06-03,-0.00260326468217853,-0.001443366527243306,-0.0018881595430715326,-0.0033121441200332224,-0.0009652053196331778,0.005667800493086128,-0.003505059658592602,-0.0004090556049968219,-0.0034580969217915536
2016-06-06,0.01601652435874068,0.010394029131871374,0.01449464637683584,0.01784376380615349,-0.0014959206639875156,0.020042914941839518,0.018861370889284856,0.01776417722529322,0.02107330132285057
2016-06-07,0.003613030078404522,0.011362825499252827,0.006163438757492923,0.001147774526211176,0.005234242656296795,-0.006673642891964482,0.0007331296148886945,-0.0036642483721156527,0.003648567790401236
2016-06-08,0.009828665253548863,0.004468233908003327,0.0053258797984718775,-0.0005451684147652625,0.00583192221597395,0.0017156072600921224,0.005949126147610784,0.005701554888005278,0.0004543990739609427
2016-06-09,0.006822179540073359,0.005731707660916907,0.007095894749504561,0.004334757925811061,-0.0017277029354229034,0.004439024432074001,0.00387477840223327,0.025308377079414024,0.0023465470865111637
2016-06-10,-0.010680125973489107,-0.0035666140204407837,-0.006345809897144394,-0.008067667286345559,-0.0037605912371984074,-0.0028947387169265815,-0.007723968959092997,-0.0015659672263877988,-0.009819729938193689
2016-06-13,-0.005751799150012227,-0.004138466804133656,2.076644626813895e-05,-0.006631662188737009,-0.019012974057160514,0.0055021271243000935,-0.014293977204851038,-0.009378133130752975,-0.015567703358396523
2016-06-14,0.0009595312385575205,-0.0035780815186291504,0.0019115643575173813,0.004539075631321499,0.0012643616452379103,0.002617060638262503,-0.00023317503249808968,-0.0009861422749878335,0.007849752539772492
2016-06-15,-0.003383847441970733,-0.0025193142949094804,-0.0007681840265738593,-0.0069072880054985575,-0.005847116567588295,0.0013102448142043865,-0.009111361311114896,-0.008105077985187337,-0.007756391182103917
2016-06-16,0.008157834542641185,-0.0036721412003953846,0.0026019958746983374,0.004426245036899701,0.0051104781767776775,0.0022390128968863277,0.005181199630653666,0.01316717739468487,0.0010708897540709916
2016-06-17,-0.00391526849426882,-0.0006890326326999263,-0.004342042537031965,-0.0009451934899983305,0.007033544409084547,0.010568747298571601,-0.006674829454412778,-0.0023306716251149107,-0.002163510448733641
2016-06-20,0.005944923665837543,0.0053704906472682445,0.005407391969531661,0.00862529003733603,0.02030358099288687,0.0009077439504443507,0.009397725746225438,0.003757314974327741,0.00780106228361821
2016-06-21,0.004028946815816559,0.003899032213985132,-0.0016642058722420305,-0.0022985658831186084,0.006104888651185414,0.007936557508992914,0.0010994620806004107,0.003914265684430207,0.0033192236097552286
2016-06-22,-0.0009689628318991783,-0.00031240990861802764,-0.0005198288462435752,-0.006390338752806923,-0.000322737843696963,-0.008082551697584761,-0.0036717008080496827,0.002139657455481059,-0.004901778164752013
2016-06-23,0.00811538778632781,-0.0009364450921849343,0.002396857128233565,0.0068989244522741355,0.008119318776486306,0.00019108115408728032,0.008224629112647541,0.004153846423846863,0.006616643034140335
2016-06-24,0.0027880047894539572,-0.0014027900844478802,-0.002235507363366085,-0.0003736788254172785,-0.01564977708407711,-0.0023452008516474665,0.0021470247964661127,0.005327959821167294,0.0021216084805699698
2016-06-27,-0.013821770314585202,-0.014514951560981704,-0.011155678068726527,-0.025437870857757172,-0.07603840521345562,0.027113347611942062,-0.03663863889615615,-0.014685046126499124,-0.039137921127174735
2016-06-28,-0.009932320431131791,-0.003421255468826545,-0.006080459416549999,-0.0018946552251383197,-0.016054144173653806,0.0030939619333627544,-0.0037637685782215824,-0.011015188818185306,-0.002995477970725635
2016-06-29,0.006516655109929159,0.0035870833500821764,-0.0018869939981333017,0.005348762635305926,0.008758230346943341,-0.008656195851423298,0.011353405267170658,0.008847671231526855,0.007569469439735466
2016-06-30,0.008739696360728244,0.006548524955168444,0.001153966201127954,0.004885190856261046,0.008604686919900795,-0.0007492214198990821,0.010337355362574074,0.006482863841838604,0.004897950063276202
2016-07-01,-0.002830487977308227,-0.001828985907765257,0.0031037472153430112,-0.001976885628478753,-0.010183107009114623,-0.002862031516845831,0.003705838942904327,0.0017127479619127861,3.667869765622278e-05
2016-07-04,0.0020152044551509096,0.003640264393291126,0.0018883368376958476,0.002248500525577235,-0.0029104900439900216,0.00570797644987775,0.0021862529603953185,0.005597359773462873,0.0011040614026258666
2016-07-05,0.008885594112653994,0.0033961856512314537,0.0035428470683189772,0.0013486654017147437,-0.0007569700852849692,-0.0002926196371161316,0.004856804361407896,0.005266194359557996,0.002507243039585383
2016-07-06,-0.011463459771783535,-0.0106338396874468,-0.006080418253896824,-0.007269647438516436,-0.024244265281526345,0.01361464606001217,-0.013962645034856447,-0.01134013829763414,-0.013091529707843774
2016-07-07,0.010075170016742518,0.0035185136809214868,0.002154278687793054,0.0030743370960637506,-0.002468841865140292,-8.900331597194722e-05,-0.002664430363515158,0.0002853972625429524,0.0013991253983069996
2016-07-08,-0.003297409446691657,-0.002846824549647131,-0.003984869299441973,-0.0029987529183332917,-0.0007877865963394903,0.0035717889382052004,-0.007685774332253703,0.014107886313462048,-0.0059575087420933315
2016-07-11,0.008693015022127382,-0.0036795416660916347,-0.0043743625319493384,-0.0019658249392388027,0.0023561778969691805,0.0009732607500778645,-0.003402896504708597,0.008831483008970409,-0.002195685593278318
2016-07-12,-0.002788959505206856,-0.00594375007380743,0.0003357905608278866,0.001271646239479729,0.0027000861139900856,-0.017868993556052426,0.0030368993251155274,-0.00939915554187587,0.00257022079187319
2016-07-13,0.00897469624479097,0.005008531969070251,-0.006460655214791777,0.0004425327317907346,0.022891730789734277,-0.021306604863968293,0.007419978321576259,0.008752155990764843,0.0033164063891661932
2016-07-14,-0.0012154905691724727,0.0064203751100735396,0.004835890727605374,0.002895717843960144,-0.011938998204715223,0.006533690079395527,0.0020373987740731625,-0.004284703594275352,0.005554715157167767
2016-07-15,0.0024368427205825327,0.005113006541120457,0.002985668209526837,0.000999556468977092,0.01815342116891161,-0.01059981816988298,0.0052287755784525825,-0.013681016489807463,-0.001865342890848276
2016-07-18,-0.0032637417522951573,-0.003750838965924652,-0.00247003636683063,-0.004763841432411153,-0.00960471928383999,-0.0025412505583153333,-0.010580814658872617,-0.012309853824542527,-0.0074859527826588446
2016-07-19,-0.001969510284565934,-8.491293158630064e-05,0.0011091676432863906,0.0016939082181297582,0.0029722096371498363,-0.0064722558104709504,0.004015781347913805,-0.0050678761089980595,0.0030387657729920026
2016-07-20,-0.008934027326983562,-0.005266161421675131,-0.0033569548714351694,-0.005264458418638318,-0.012099052457107962,8.482136727638867e-05,-0.008725463207477135,0.0012685111168317942,-0.007473517723520784
2016-07-21,-0.004781784488706919,-0.0031070389420777556,-0.0003243888898257774,0.0005400016885199754,0.01191156842001595,-0.00995299913325387,0.0012179532572145213,-0.011494997505095528,0.0029341501350879096
2016-07-22,0.004729372575542401,-0.0004971271122659049,0.0014214001941716958,0.0012135637438472902,-0.001390748962577626,0.013165033980087948,0.0023791576342102605,0.005886458646862325,0.0005220298949641933
2016-07-25,-0.00411185398904701,-0.004704844132639607,-0.003238402054548839,-0.005660682953456786,-0.008783865327324336,-0.004843588652741926,-0.008698323595612845,0.0004206861215427793,-0.008941760588380698
2016-07-26,0.0,-0.006609706376713209,0.002272037924491155,0.0018904281873635131,-0.001664696450524139,0.007084747281467463,-0.0036093682466706856,-0.0017496278246852404,0.002480044530380532
2016-07-27,0.005411960271949345,0.0035975864087560705,-0.006149192591382802,-0.00030758972216493596,0.003432892084486161,0.006952893332692112,0.001268023556446618,0.009894687587484574,-0.001438253507727194
2016-07-28,0.00012021579210474975,0.002907707420969574,0.007433873789216561,0.007795610789262275,0.006460002653752461,-0.0009718571427371758,0.00507671085312289,0.003831152665209725,0.003606387832429947
2016-07-29,-0.0006460425690356653,-0.0011100724733116296,0.005257644221483337,0.0009865334523546654,-0.005738466963741917,0.0019666203345500843,-0.002803580028082342,-0.0005672540501704404,-0.0015397739771786378
2016-08-01,0.010015928246407624,0.007167821059811619,0.010408064088520685,0.007549695340717699,0.0041366783975052,0.02358013130681691,0.013416117850307385,0.014020690969993366,0.008167998759545103
2016-08-02,-0.007829609202950616,-0.0048923727949005125,0.001322105624511405,0.0,-0.002333796382444242,-0.0002637816600405962,-0.006540030817028253,-0.0022956152604530766,-0.0033978836495721643
2016-08-03,0.009500029768992668,0.001304849382450124,0.003399369903632321,0.004566067724080192,0.011550448101187882,0.01277358170811338,0.007517762918966886,0.005046901594932596,0.009990971932262394
2016-08-04,-0.0012903723696399139,0.002746844048122865,-0.00802927624987515,-0.006021740830530864,-0.0007329821406546477,-0.0026544815588535053,-0.0025492458983847888,-0.007371334401340746,-0.004437187360574635
2016-08-05,0.0065703742619245276,0.004156580594680159,-0.001119339240341577,-0.0015032240960558552,-0.014914842922025717,0.001363654697115635,0.0041300533511954285,0.003374897829428125,0.0033222312303848867
2016-08-08,-0.003691741748465649,-0.012481072667479998,-0.006833427306535356,-0.004058777165842797,-0.0033107291303671182,-0.009261336106488938,-0.010650512627086162,-0.008613888934080771,-0.0057888227140894255
2016-08-09,0.006396549917708549,0.0018699710433585093,-0.002360593785494358,-0.000532002549398114,-0.004079028721824307,-0.0013980659341982227,0.00503024069103053,0.0038591285780895657,-0.0018762343281303329
2016-08-10,0.000536485487075522,0.0029351544086981818,0.0014163094716366231,0.002901274495737294,-0.0019381016720380062,0.00365992341933441,0.007259261276224782,0.002507481199937933,0.005631116703283645
2016-08-11,0.006635321710918296,0.004656795317310225,0.0078354971015131,0.006353936619138967,0.00100255160794549,0.007732368817806812,0.017725196923218833,0.017495321255746266,0.009497649055436819
2016-08-12,-0.0025396341764891694,0.0055375334206217985,-0.0012001017060210284,-0.004232905836947021,-0.005013597204493125,-0.006630082422466321,0.002681695491931091,-0.010673687610255889,-0.0024299829507266058
2016-08-15,-0.005129764063227293,0.0019601593112397175,0.0003386252317076899,0.0025013537896478866,-0.003472791269325426,0.0051835109618432185,0.0034608725069873447,-0.002661259296328322,0.002513042501019358
2016-08-16,0.002609908684725104,0.0024134175392160895,0.001736990809993344,0.0015322103102501927,-0.002074130353303061,0.00042472608144472623,-0.0010173596418560082,0.003319622766750019,-0.0006302326989622298
2016-08-17,0.003180420042174781,0.004990955948546594,0.01174037455399124,0.008220219730275202,0.011691255510131837,0.010379250970090403,0.0031374451028600703,0.010059059777851376,0.005370727460692226
2016-08-18,-0.004774700958113609,0.0014792223919632974,0.00023924686401555206,0.002033833009813746,0.0008348663911950105,0.0029427534229196084,-0.0006040956802854103,-0.0027622450330492265,0.0005293716776737512
2016-08-19,0.0019197276357252324,0.005361702651776268,0.00723935707415313,0.004471617839838071,0.009348223376973719,-0.0020577081942552145,0.0053492043160934255,0.0019664786805322354,0.007477246628005529
2016-08-22,-0.009205637488494345,-0.008982585767788986,-0.007641490931027839,-0.004519249190807928,-0.008394999759165023,-0.004395661425872777,-0.01067848137008598,-0.004639677037756029,-0.007179744230830343
2016-08-23,0.0028993673224506633,-0.0037403525923276337,-0.0006026545287712848,0.0018677759791474458,0.00621391930341586,0.003022427761011137,0.004155039350625334,0.004880909989409377,0.004164554710849089
2016-08-24,-0.0021319141716086287,0.0015867813556096344,-0.0009964733036599283,-0.0016274394741642162,0.004486652833939342,-0.0005981154647345388,-0.0004456812994240167,-0.0011642067423025537,-0.0007509103193817923
2016-08-25,-0.0004565566251948372,-0.000920291915895155,-0.003939194140503477,-0.0032776955622942916,0.0029116453709707724,-0.0023968189510502613,-0.0004309762808623052,0.005707977349285853,-0.0024673701175552676
2016-08-26,0.0019062426843756697,0.001471513351636533,0.0002171554667946829,0.002370999196825707,-0.0030347911986731146,-2.981803035395636e-05,-0.0007202515404257648,-0.0021177748678498087,-0.00016668180579482161
2016-08-29,-0.010562140547957122,-0.007868025279535007,-0.010994738704643958,-0.00806363569749946,-0.004988785464697387,-0.013392836423589238,-0.007639572094619074,-0.01047764895554082,-0.010267052137188482
2016-08-30,0.004394943523774897,0.0003689898611629605,1.0241662387722172e-05,-0.0005932011253045877,-0.0015729580873818927,0.0010902775108068141,0.0016446200017901091,0.004864993321450184,0.00314791337443876
2016-08-31,-0.006997694703986146,-0.005860946335917827,-0.0054522041483824335,-0.003535651588412514,-0.0013090589626747473,-0.010294728650964258,-0.008322321114583309,-0.002751655705246714,-0.008426427793987945
2016-09-01,-0.0006016346719012189,-0.0017163184106203655,-0.00048801428906808386,0.0006696223394135892,0.0032834026527481797,-0.004201329394383668,0.000687566254641947,0.0006521739667264548,-0.003190762610760678
2016-09-02,0.004380666508406295,0.0011608658123423155,0.004052641195801732,0.0035843813769822486,0.010752679388241093,0.00042610467840797916,0.000673714617099197,0.006637424750269849,0.0011228621584629117
2016-09-05,0.0015886690984012741,0.007695852454235208,-0.0004081701666350801,-0.003460253646213496,0.0014623988387736375,-0.006504078408920089,0.0025280809867644916,0.0002918966006140167,-0.0032644162726700454
2016-09-06,0.003720528872942941,0.005011894467157552,-4.0809269092556555e-05,-0.0007808118713308332,0.0014644778049834883,0.004096183585439173,0.0016471092330225812,0.0020470914358250436,0.002314898655203068
2016-09-07,0.012531788299268376,0.006484549535529016,0.010340131941204422,0.009002973486589294,0.008052609005920974,0.019551840241504914,0.014272980654745249,0.015215590615889285,0.01037115789625398
2016-09-08,-0.0024542186961908907,-0.0028101228830729186,0.00029903126164376737,-0.0011240166046414535,-0.006135793252394883,-0.002985405408928443,-0.00029710751607414654,0.003949336324546637,0.003637974523329479
2016-09-09,-0.002448210337337109,-0.003010539795477718,-0.0022019484081824414,0.0027050870759555146,-0.0021295371304299593,-0.004662457496400485,-0.0004999819353844748,-0.006146708142788504,0.000573848021298673
2016-09-12,-0.013807074454504908,-0.009733354188258603,-0.0030364848998756244,-0.002686684260607586,-0.0027874360371066276,-0.0012886212110607698,-0.007637675467145,-0.009390487916633217,-0.0058032065239812525
2016-09-13,0.00295120273144045,0.001381473759866525,0.003541376685795905,0.00021368550117872864,0.004935274535928791,0.006751816621604956,0.00292513858392085,0.0037555658324106567,0.0010113161175906438
2016-09-14,-0.012922050230686488,-0.009705386528934823,-0.005609802336214775,-0.002210085688133745,-0.010819367741605634,-0.00734603886864893,-0.006399011969132284,-0.015299785759775753,-0.006272163053651192
2016-09-15,0.0017208588925232693,-0.002721006932491221,0.003667930933351604,0.0025530989757001077,0.005305819135407841,-0.0004290548792263982,0.004958860705980284,0.002908838448125284,0.0038715582921098335
2016-09-16,0.0041322867072335345,0.002629416910833182,0.0021210792452810434,-0.00012368914152427468,-0.0012585658011794454,0.005293636469773322,8.502156350687073e-05,0.006956718306225129,0.002267580584676354
2016-09-19,-0.0015003604530308134,-0.0030078924322823886,-0.008594957349201682,-0.007777373556463685,-0.017467823791475157,-0.0029225368156466924,-0.009846023908151591,-0.006547420838427076,-0.01047421021188455
2016-09-20,0.004748587306002694,-0.0002499404043834197,-0.00039793598758985915,0.0019900846181246656,0.00217843893135794,0.004526427470070704,0.0035567244663654574,0.004090646236403872,0.0006132706419599288
2016-09-21,0.0027208980038866404,0.0015324170181940655,0.0010623508437865858,-0.002386919591079395,-0.004544892107132714,0.002944484915374801,-0.0014979742753895575,0.0024897412005739916,-0.0038608397590030874
2016-09-22,0.009845796997578926,0.007582591612540934,0.005928678737071813,0.003514613728614613,0.003910902909891378,0.011494818907414217,0.006010917905283408,0.0031587384288322973,0.004645701438483529
2016-09-23,0.002218338346968496,0.0027362519716465084,0.004468964091724592,0.0015133874616966025,0.003926118665825706,-0.0043439372263690545,0.01479169661006563,-0.004388283802353787,0.001195015981916292
2016-09-26,-0.004341221083655644,-0.007961033185821642,-0.0003404468647987269,0.002596306874433685,-0.008306298467829931,-0.0005748759256373193,0.00287730691697341,-0.010708273823228032,0.001670629501514087
2016-09-27,0.00232067043294637,-0.005730470774599206,0.00021670054445177556,0.0009449354736030813,-0.000700362057332149,0.005281028838196811,-0.00043541292600091097,0.005675623331247159,-0.0014166055014936951
2016-09-28,0.0047246808218919245,0.0015445667346791758,-0.0015970190124791062,-0.0026926801190115812,0.003305268272246309,-0.0010849340800186402,0.0003541483121365374,0.002772729331763868,-0.005878517157005159
2016-09-29,0.0031545072065553015,0.010930696972226928,7.216430516399086e-05,0.0004826993764646126,0.0020862876401865904,-0.004626692926670728,0.010140550053708397,-0.001457235104082133,0.00401501924097869
2016-09-30,-0.008543653579737853,-0.0067286403576667375,0.004554409460536535,-0.00048246649019068055,-0.0058335208999833466,-0.0026087208914442606,-0.003209913663451136,-0.005506863352317315,-0.0017089932292186916
2016-10-03,0.002063877049373053,0.001530533095905895,-0.006162010045518862,0.001348115713973863,-0.002457026858644795,-0.0035840417257492208,0.006952366625919915,0.002761069325585064,-0.0010604036690723406
2016-10-04,0.0055341830974504624,0.0012732660305274646,-0.0016944726598103754,-0.0021635460424137554,-0.006424248368748331,-0.0024946501997176185,0.002311972576772847,0.0043053015126142125,0.001204098340409132
2016-10-05,-0.009818053881969768,-0.006107753847393704,-0.004701890881965043,3.3602890188833e-05,-0.009039983514745664,-0.010332386654581915,-0.00408325554427913,-0.014951110342935392,-0.0030196808380826834
2016-10-06,0.0016771841788028041,0.0014798706203342782,0.004455906269674292,-0.00022415352006621703,0.0017856535953739705,-0.005606049064250995,-0.0017525207270074894,-0.002151825332481927,0.0006460177776985709
2016-10-07,-0.005986660189952864,-0.0032526461395849804,-0.006791389521930924,-0.005683693355176489,-0.027657175327846284,-0.00293933703049587,-0.0046880778904315745,-0.0012178421731390277,-0.003761560251313023
2016-10-10,0.0028880281487966286,-0.0023695403415593397,0.003037813520474497,0.0047026748682865716,0.002611249895471124,0.00725117614712234,-0.004201589586862453,0.0011475236884765927,-0.0008711801347499604
2016-10-11,0.0,0.006409977836686842,-0.004541095221596958,-0.005013368912790028,-0.007528043580110166,-0.006547931605393131,0.0018069194071925754,-0.006059313624621421,-0.001891797351947444
2016-10-12,-0.004915696795981805,-0.004701707787649001,-0.0058204275412914175,-0.00707959052803131,-0.005034449743018032,0.0034351543194901524,-0.011703116814552272,-0.006304450088906122,-0.018861400059573152
2016-10-13,-0.0006046703533798548,-0.00348017768697495,-0.002121202853027526,-0.004525922593986209,-0.0074344054033878,-0.009223020957574879,-0.005110946651999182,-0.005004204669547652,-0.004501940820432759
2016-10-14,0.0007562952510415943,0.0055369388703745415,0.0034055310095912894,0.003436451413574071,0.002810996641554153,0.005611159944249211,0.007021735908963489,0.005456690075394954,0.006607631953685633
2016-10-17,0.004330005233327494,0.00461127876969436,-0.0037763410879715353,-0.007414140193630736,-0.003167613019829818,-0.0030469471862468733,-0.00866166736894114,0.0004963219941294117,-0.0054128605581297284
2016-10-18,0.005806930999931792,0.002051085434593869,0.0025205073668199685,0.0043620659278120755,0.002932474132437246,0.0018103200142109976,0.008332092117490753,0.011837304629704448,0.0052136650966485565
2016-10-19,0.004451282329719808,0.0005264783888760949,-0.0021917527821341265,-0.0035125462768069715,0.007013749939146496,-0.000134789768002741,0.0007060929155149331,0.00446786681044431,-0.0034976093548414466
2016-10-20,0.00672173725702363,-0.0019340999114912938,0.0009907792625640788,-0.00016463708382963294,-0.0012290372896462953,0.004584528912139341,0.003263906465253763,0.003616062769516315,-0.0005456230002008899
2016-10-21,-0.012060125350379147,-0.007083971573627501,-0.003345403814565273,-0.0040770680562765005,-0.002696422831071299,-0.006896640168849166,-0.00634225128535415,-0.005680972019743713,-0.003838576527243509
2016-10-24,-0.004029264899471752,-0.00943604086237082,-0.0018205552540649927,-0.004374811867711714,-0.0030424797518162627,0.0018476413205936737,-0.009000261819498867,-0.004794967679348394,-0.004988700518420819
2016-10-25,-0.0010631575984524355,0.00029960833020115096,0.0003119063861052318,-0.0006525382335154095,-0.00013433969406273505,-0.0038726558595404414,-0.000131989496269469,-0.003707706963389845,-8.634778405025578e-05
2016-10-26,0.007420983401563719,-0.00022463345061696227,-0.0006937364931585144,0.0010887853899097522,-0.0034092911550841487,0.0016033932251378058,-0.0029843302227419155,0.0054485049944976716,-0.0015896067069431918
2016-10-27,-7.642895858184229e-05,-0.0016375133257986452,0.0012986647491723957,0.0022696955406378283,0.0048941546534464475,-0.003911557602387039,0.0018844519621046274,-0.0020747383027004407,0.0025064787828559254
2016-10-28,-0.007817854234394406,-0.0010009722993091774,-0.00048300045906857214,-0.0010682051967778605,-0.005233731544977527,-0.006140122004757109,-0.00018383205177574524,-0.003848337029342064,-0.01887468499899092
2016-10-31,0.001063755435196656,-0.0010968286876517075,0.006471642684819701,0.007733138638746473,0.003664905108056171,0.006158821568848616,0.0012677859842389338,0.005517799383877975,0.007710968700502141
2016-11-01,0.001217163034266111,-0.001251987184299197,-0.0018297758342333825,-0.001031514644415199,0.0017130997532470715,-0.0024327156473996636,-0.0006934004524355997,-0.0010737483541098936,-0.003368358890888823
2016-11-02,0.004969446514633713,0.0020759918046393544,0.014564073646641473,0.007629466274130747,0.00013463144544401118,0.006993782481931499,0.005790440845780287,0.006846768560220928,0.008417984246928079
2016-11-03,0.001071443774188996,-0.00022401804533422887,0.002014345936043105,0.0036621877604352537,0.005401773525650411,0.006906735746323944,0.0034229660853606347,0.01063441354378436,0.004269604394450344
2016-11-04,0.004227217599255928,0.0001418893249023334,-0.0011907468531658916,0.0004440721523790714,0.013341632838915318,0.003163416457198087,-0.00017209693831643502,0.006672517598826477,-0.004939849684027275
2016-11-07,-0.00092146814490357,0.002455251118693935,-0.00014369861390506333,-0.0001110224458608089,0.0016235785441733874,-0.010969794568329694,0.004512137752312961,-0.0016105753500601505,0.0006740312078357125
2016-11-08,0.005404199939174514,-0.0008600921520939275,0.00034912166985079374,-0.004420880636759716,-0.007191555499006075,-0.0023267760487373224,-0.009677919676429392,0.0024953586556979435,-0.005841685437013688
2016-11-09,0.003330739472648281,0.005663550694633868,-0.0055745246099645485,-0.002997121525096791,-0.0008672034611226787,-0.00563643955191806,0.0021020196289105453,0.004422768453582249,0.004559965022590706
2016-11-10,-0.012468450666075714,-0.008715830231202482,-0.005159754544177941,-0.00893314416858959,0.002608294851057069,-0.007774914943852629,-0.012298223052430002,-0.011080280220772787,-0.008807751723222124
2016-11-11,-0.005325988589538366,-0.004305743354014124,-0.0027449833988455463,-0.002831281617497461,0.010670449633258805,-0.009386519756413136,-0.005755171150485294,-0.009816783625611447,0.0017859496500225447
2016-11-14,-0.007775945965318831,-0.004132661501162982,-0.0022839883543520623,-0.005953629430410667,0.0016345829240069776,-0.00014035041629401057,-0.007169968949184868,-0.01500171552223506,-0.007719963191298973
2016-11-15,0.0028770221462806056,-0.0008568726008051364,-0.007612070900056667,-0.006880313144165595,-0.004256935711652754,-0.012301077974006258,-0.004299822893452765,0.0031381556400451593,-0.004274878437054319
2016-11-16,-0.002341541863946972,0.006168805509592312,-0.004284029985710092,-0.0021454703883946324,-0.005107101164286476,-0.0076670382776026225,0.0033087421861695,-0.005179521563873357,-0.004072218324733035
2016-11-17,-0.007794393103025432,0.002122636295278202,0.000579483796072644,-0.0019271627601300523,-0.0011197999308654172,0.0023256730572625006,-0.003301312208781493,0.00028385893580207266,0.0006493221083421208
2016-11-18,-0.012872644028899427,-0.008118839591579774,-0.006245615173090191,-0.0078079323898924136,-0.0026061828867427472,-0.013341614841510752,-0.009974829764556326,-0.010742006985869579,-0.006636848894870595
2016-11-21,-0.010106238042761784,0.002094987597221598,-0.003906829399542455,-0.0036515628049164084,-0.006901636218412666,-0.006461056936477361,-0.005686616357333363,-0.0032890827209015594,-0.0023603907444506023
2016-11-22,0.007303056199894131,0.007458226516490862,0.003204913246150687,0.005159869454052668,0.013743083214609486,0.002919096632805873,0.007455033164337044,0.011395057241458284,0.005617042639424863
2016-11-23,0.004520197549673588,-0.0017867193819292027,-0.00309605737328289,-0.0004785688337957117,-0.005590658248890157,-0.0032069905121532294,0.0020136984798102553,-0.0012018379505408516,-0.00021710416382403341
2016-11-24,-0.004793450412365563,-0.005147591635051074,-0.006398304970560709,-0.00833070355051535,0.0007459273842473912,-0.01399872109278355,-0.012106497352698864,-0.010076945764610268,-0.007691528490441302
2016-11-25,0.005710854624569439,0.0007782932527329312,0.0008459333110455436,0.001584342110276138,0.0015815411756807674,-0.006266983420006311,0.0034804101628909123,0.0016121079382369619,0.004262465705484164
2016-11-28,0.003871661369143631,-0.001849701928278047,0.004049348051784696,0.004775530538632333,0.0022840852578380755,0.00568120749938017,0.0022199558612163717,0.00578079462179204,0.0014994833643322547
2016-11-29,0.006595170618407975,0.008408411506627411,0.00015814655534307498,0.0008496710220731174,-0.0055852619685379246,0.008613107393792507,0.0036377185601246254,0.005030422910800247,0.003813099916535112
2016-11-30,-0.001347166758550844,-0.002077233796284772,0.0006721327334882066,0.0025556034551939,0.006496038016142958,-0.006935171786536132,0.0016383635422343445,0.006992048074305535,0.0021209184403183645
2016-12-01,-0.012782657316237622,0.0004319820508569272,-0.005250718127572163,-0.005295992668654326,0.002002727113711078,-0.019390718073335145,0.0006865056426310634,-0.007997713626163194,-0.005695877766977775
2016-12-02,0.004378467301697775,0.0089051538628373,0.006342832384718111,0.006707148529435658,0.005791224127392747,0.006891498351004444,0.013399513347113645,0.002910231522446738,0.001247841706742081
2016-12-05,0.003051975547570862,-0.001013427557157276,-0.0031663717398972002,-0.007608477286084492,0.006207267924356108,0.0035593087387237876,-0.0068551731331366605,0.0006392714002252387,-0.002224784144933545
2016-12-06,0.004110861541740896,0.0036466975246736144,0.006752786206478456,0.01656626675681916,0.0047859317058518425,-0.0031441443862079144,0.010298009782039097,0.005714689476752577,0.012202211904991822
2016-12-07,-0.0002988047332200816,-0.0003765637969913582,-0.0029012358138489347,-0.003430560434579566,-0.00451092117758789,-0.0016571650430213802,-0.001936536353103091,-0.0022806802940644744,-0.00037577285726897447
2016-12-08,0.0018714580118481816,0.003856050051677551,0.00313875046045764,0.003874264380708592,-0.0034094581417042358,0.002981229272332131,0.005147563329904958,0.007756968178884716,0.00676931102629208
2016-12-09,-0.0035581331875121913,0.0023494032940249987,-0.008977337573544353,-0.013064239313035575,-0.0033979938667129117,-0.00317334667020186,-0.008614884250933486,-0.0002872198931768155,-0.006023712225041056
2016-12-12,-0.001512027139940253,0.005034630792531525,-0.00211184202976622,-0.006961185467785791,0.0010077654489617505,-0.011584632321919086,-0.006196728237270466,-0.007129100970071023,-0.008216982842845666
2016-12-13,0.006597757501882295,0.00016764331460072945,0.0046777854952648745,0.008938935171528106,0.006211214801688847,0.003565187266536096,0.005757839069885584,0.009935907377678799,0.004044376333746547
2016-12-14,-0.0003747661686479553,-0.0005862261097431265,0.0014626943430666728,-0.0011692748882591308,-0.0010130442138501783,-0.001926683017011377,0.00016021389006870557,0.0005762656216123929,-0.0005422872180762539
2016-12-15,-0.011190176777164162,-0.011395667826565425,-0.010077134050620162,-0.010829519600935922,-0.009855001518000672,-0.016952329871354088,-0.0190653391140454,-0.011958091947518179,-0.012118558399102364
2016-12-16,-0.005747162029593134,-0.003547551703836138,-0.007419208490420215,-0.009064387457410228,-0.009119172757904637,-0.008711012277390351,-0.0075915701551926285,-0.009657401245644626,-0.013204978560204639
2016-12-19,-0.010426530852950089,-0.000464797633848435,0.0029804063449481166,0.0029886884988181706,0.00524538362678828,0.003820299911233782,-0.0022355742706968718,-0.012117006399387287,0.005194587515086724
2016-12-20,-0.005510780937301951,-0.004797240779437217,-0.000467237115292507,-0.0042248098493339326,-0.007929581687481813,0.006442388186800541,-0.0004745402561724399,-0.004988916656923359,-0.001999402519511917
2016-12-21,0.0025443602589882985,0.00242311022543773,-0.0017396490533765352,-0.001475419977454595,-0.0019785408559450657,-0.007109204127447755,-0.0027442327130372535,0.0001386665354552452,0.002561915334175824
2016-12-22,-0.0047029875478526995,-0.004511595832582649,0.00230859134821082,0.003670882169340306,-0.0008648452504467219,0.0023043751209517183,0.003146936217975016,-0.0037283396907252797,0.013617966314349639
2016-12-23,-0.0018776776966604736,-0.003679187706660314,0.0009848578540818664,0.0008663539074573734,-0.005651109230881413,0.000527440915217614,-0.003774397092147219,0.00027634671541520994,0.0004674858859408104
2016-12-26,-0.005887024396717844,-0.0028697976981308937,-0.0004971216551605817,0.001641438252592442,0.0003686411464263184,0.001977685305002863,0.002321886556967634,-0.002960865754177533,0.0008349089686241484
2016-12-27,0.00021536246732001274,-0.0001700534094650763,-0.0007108464982535923,0.00020911943159651614,-0.0011047398957864107,0.0010068623666061871,0.0008060673369330029,-0.0003441777605419638,0.0011509796283650786
2016-12-28,0.0014383181638135678,-0.003918819633402237,-0.0006521415034527189,0.0005126572884317504,0.0,-0.0024514981778158695,-0.002300006431515622,0.0020001395889261975,-0.0021766608791310427
2016-12-29,-0.0008622653201082464,0.0017044977260023408,-0.0006418676493487041,-0.004333534363994307,-0.004156508777338863,0.003356524446390008,-0.0008104586497498234,0.004363989777459665,0.003317695580183022
2016-12-30,0.006945471622684218,0.005527473742399147,0.010874053407778916,0.015196821937547567,0.005160983564930444,0.007052729552470716,0.014262897456817969,0.006484113590429219,0.013675162428253396
2017-01-02,-0.00346068710201608,0.0032827366775587397,-0.0015608413939162125,-0.00456882844061024,0.004964324616305804,-0.0045207404958039765,-0.00504158528989207,-0.00540884075483028,-0.001728767753918392
2017-01-03,-0.0017991829726837771,-0.0005505760117721081,-0.005370057572995024,-0.006359652624358891,-0.00542864644873331,-0.005957739148670371,-0.0025732600026230346,-0.0003465740314622101,-0.004340329600738935
2017-01-04,0.004598202642757343,0.001460339983348602,-0.0018615050901240604,-0.0038345156784235224,-0.0029634420808773987,-0.0013938061704918958,0.0016458131874548254,-0.0011770577185631348,-0.0033162764209765383
2017-01-05,0.007899139004978073,0.009233767269839266,0.0058620698117310965,0.0077706268201143125,0.006631782088464266,0.0046621436088829515,0.006794560528851301,0.005709891834278835,0.006363610813513221
2017-01-06,0.00704487904006168,0.005261035581937579,0.010229930542012378,0.010001377034091208,0.008002049422096258,0.01603261686148083,0.012043894744833361,0.008355586020918127,0.010790422425507318
2017-01-09,-0.0035829199205377193,-0.0009364399276308166,-0.007499468642154006,-0.0069826670834416404,-0.01324178006011767,-0.016090500313090672,-0.0065059559530651345,-0.0076643674780974,-0.007173966396112785
2017-01-10,0.006550325841152338,0.002096295915394064,0.0033332612306240517,0.0053896182614066035,-0.007133649042668,0.010044410134040005,0.0008701465371057093,0.007228517210415175,0.003047250808048796
2017-01-11,0.00022092662684958242,-0.00225763177109517,-0.0027437962115823833,-0.003418903876990398,7.305254260070448e-05,0.0009752050607199081,-0.008395211335171293,-0.0048191354891169436,-0.005113100811137028
2017-01-12,0.011617461299216592,0.0061383295846475505,0.003751039078776053,0.0042920190677573355,0.0032978953200240024,0.006724722219919599,0.007322904605084668,0.011872855197182952,0.007075684974428675
2017-01-13,0.005541449902807027,0.0009580726070188561,0.002702179383602177,0.001804836083313388,-0.0040146379349955685,0.0037849551940070114,0.0017611876933276704,0.006329506801645346,0.0077349549041214605
2017-01-16,0.0012746509932510808,0.00187414510747419,0.0004654666920391737,0.0011160953639486326,-0.010365778194257214,0.0038257513494817097,0.0016230480216434806,0.002774197922733368,0.002527597885515709
2017-01-17,-0.0032882192890263395,-0.003719148884576695,-0.0012561128506688446,-0.002417566912655267,7.218297046307498e-05,0.0006569919752719144,-0.002279567194226728,-0.004331441846517237,-0.0025781002374750672
2017-01-18,0.010359473441287514,0.008674222055265801,0.008146140101247923,0.008846318945083809,0.02888892585235081,0.01128654028060705,0.008331985881865567,0.014376799555242625,0.005744491057514622
2017-01-19,-0.005496694539309677,-0.015326099176552699,-0.004832246456397571,-0.00645104705533206,-0.010359470369262658,-0.016416607139239536,-0.004373145112436694,-0.010357254099622293,-0.006100432235578324
2017-01-20,0.007642273647848086,-0.004241207336022401,0.0014607233512460294,0.003005979317866281,0.006415964699213017,-0.0018960020261853394,0.005985056501439878,0.009150084905884315,9.823532282315917e-05
2017-01-23,0.0009088098309324444,0.0013304616580089856,0.0054150416341023355,0.005067641240299903,0.0039390645934129775,0.0102803428823397,0.006539140264189891,-0.0005177092096639857,0.008419336937327992
2017-01-24,0.0012131908911596767,0.00499325143805418,0.0035695255461805075,0.004390395606266528,0.010514445127838723,0.009132814244058762,0.004688340318846906,0.006454571734767489,0.004912345029588039
2017-01-25,0.0012907204822170115,0.006393760254064684,-0.0037160688121727903,-0.002982562043283732,0.0012657856547086954,-0.009311292978676389,-0.00014125496990224917,0.0028737677262902217,-0.0020472443659835804
2017-01-26,-0.0024236934582415604,0.0064348116854382464,0.0020319656633720484,0.0021718067352010095,0.00806059720041552,0.004828163027265964,0.005396887283722007,0.006052378602531938,0.004072649030782083
2017-01-27,-0.005348731939658458,-0.0015661131615796187,-0.0008600618352745393,-0.006420364222734398,-0.0030606986031823658,-0.01015248390098289,-0.0037061027677444125,-0.007643482560159676,-0.002881066548030664
2017-01-30,0.002666396184492381,-0.003160364653409742,0.00250651458936324,0.002903525942814511,-0.00027702598081580376,-0.0018575141964921604,0.0014617669086027796,0.003818146322457139,0.000718760191567247
2017-01-31,0.001566024017628953,0.0022286403992499704,0.0030571986021601383,-0.0005033636575444422,-0.00730000532999131,0.008957305130056437,0.002532328792765881,0.003100514583302516,0.0015282670478813376
2017-02-01,0.0019708172506032184,0.005085964477349769,0.0054196230178062965,0.008891559113678227,0.007176113128662065,0.008044892725066033,0.007323977616706001,-0.00012402615366791103,0.008824918494829026
2017-02-02,0.00045503442873684463,-0.0009733197649598457,-0.004138492887336587,-0.0033702284934149507,0.005697657429826641,-0.005012759647765819,0.00146028477232929,-0.005484302943755792,-0.0006171929775601326
2017-02-03,0.009338778163817452,0.0014120897940901322,0.0006650231571956322,-0.000527327184098314,-0.011167874002700473,0.004628071333678374,-0.002076570202454997,0.004313056253040015,2.2891349689135865e-06
2017-02-06,0.0027939638358402963,0.0009294481971360291,0.00010078762102194716,0.001973286307072275,-0.002858920926356423,0.0013317015062215276,0.0052412972384991985,0.0039938762418687546,-0.0017127137355525957
2017-02-07,-0.003929894288872027,-0.005105090933407386,0.0010087124933704228,-0.0036848588353365352,-0.001271802499069441,0.007261184103114715,-0.006186201405310565,0.0003657911229200117,-0.007312789625725347
2017-02-08,-0.0030490507225865437,-0.007983135026253363,-0.006464218754424378,-0.0060652039383213285,0.002236878298465639,-0.004982760936969588,-0.00799511095447758,-0.0026491220639073276,-0.00547155735584437
2017-02-09,0.0012057720354252677,0.003385174657964063,0.0025822909472967837,0.0013258307123169555,0.0025431631324817072,0.003885571897560558,0.0006166665042555142,-0.008559540764381035,0.00409701843205279
2017-02-10,-0.0007625016332905021,0.0009746060524697953,-0.006161348952996026,-0.003144288409358209,-0.00238712969135646,-0.0130648187811927,-0.0016538564326714633,-0.005547731954219315,-0.006628366958808529
2017-02-13,0.00579851219432892,0.0011511172389324642,-0.002986878670249049,-0.0036637644435899563,-0.001086111874959661,-0.004213734490592369,-0.007374067576438548,-0.00015821932843762543,-0.0036507845332465205
2017-02-14,-0.0036148432924207885,0.0035496944917128292,-0.0011932783788297652,-0.0019818553870826205,0.0030806470093955873,0.001838086543454187,0.0005960108989400137,-0.0019100343497979733,-0.0002003611624701307
2017-02-15,0.0035202507227136692,-0.0007415267559294225,-0.0006559555300771347,-0.0019041322447904685,-0.004202545001395941,-0.005214308346715213,-0.0009645314101307534,-0.0010616021434917133,4.70769484999245e-05
2017-02-16,0.006802622222049415,0.0010331161858425641,0.0015726399099562638,0.0027473211674675646,-4.9900032645489034e-05,0.0016562937423882929,0.007330543948371293,0.006948257106453415,0.0019267076722193632
2017-02-17,-0.0030100014056914093,-0.0005736545762490275,0.007460621839419979,0.006115228463020372,0.0015612224129630814,0.007122361805469213,0.006433703630997156,-0.0010029945419568476,0.0068997454111545675
2017-02-20,-0.00392598466677907,-0.0009932437565000063,-0.0046114382420906486,-0.004271977702834273,-0.004426479116945381,0.003489449048553084,-0.006780944513285814,-0.004653812351829489,-0.005396776158896888
2017-02-21,0.00270638129839762,-0.0012972282831604787,-0.0013954447237419787,-0.0016232376737422838,0.0031681586109917337,-0.003257377034605158,2.9962067107369705e-05,-0.0007965659525569491,-0.003688275071620728
2017-02-22,-0.0016120658653134834,-0.0031263386482087707,-0.00578727986859684,-0.006346313119163116,0.0010988786238959047,-0.0034222166408658383,-0.0013172795926499337,-0.0016406658546811448,-0.0038913115833332235
2017-02-23,0.0026939617520325143,-0.0013900777731807867,-0.001681879374304418,0.0011398418605110816,-0.00266503941043017,0.002221879451697051,-0.0023179559145137807,0.0024273970993531346,-8.694793508778886e-05
2017-02-24,0.0020826271923088946,0.004885264041027959,0.0046515700455902476,0.0028790030329552962,0.008224293805212168,0.006522786385820822,0.004066827446708832,0.00676775459770762,-0.0022629542678126446
2017-02-27,-0.005522785207958569,-0.0014253176615631746,-0.0027258607009441604,-0.002996992533197518,-0.012473968457864637,0.004403284227519233,-0.005511787014100378,-0.0052863038105391835,-0.005832935319291743
2017-02-28,0.0007675855417281774,-0.0051263007060312615,-0.0005943518506272838,0.0029847640571236678,0.0032093423376686747,-0.00494034496407425,0.0012518547420168336,-0.0009556235474724728,-0.0018197449536574428
2017-03-01,-0.00444008689628117,-0.009345507314490575,0.0028411698310419897,-0.0014268959926961866,-0.0049264534652497805,-0.0029360588113134245,-0.002989268889273977,-0.0018217433920844073,0.0016791143704804057
2017-03-02,0.0019985775587310073,-0.0030481759290613697,-0.003662259833075554,-0.003150221226061789,-0.00855368087952757,-0.009148173413838001,-0.0030491125891163318,-0.008018299713911103,-0.0013996895965140421
2017-03-03,-0.011131336806555536,-0.0030390015284019745,-0.0028817864016719152,-0.002480280295094839,0.00020865174256257113,-0.0019328039201880198,-0.006988081615360353,-0.007351909367669274,-0.0021159964838091128
2017-03-06,0.002962003936167079,0.0007995984191537797,0.005258227845106989,0.010535499846702434,0.0020663673248833003,0.004347964777735802,0.006966793628651935,-0.00351176728992586,0.010933970432328133
2017-03-07,-0.0007285431561951938,-0.0014476189052943234,-0.00410038136891866,-0.003882557517749352,-0.004652314076315056,-0.0006144797961435966,-0.00820840824795821,-0.0061827921699820765,-0.004538150092802007
2017-03-08,0.0007593902384621654,-0.0006786053442349171,-0.0009673855396749031,-0.0008561622611157338,-0.0031364872433422564,-7.902221923516972e-05,0.0050723488591388755,-0.004303772484422375,0.0011296807694014532
2017-03-09,-0.00868833792579693,-0.005598399063297399,-0.0012521129553030308,-0.0021516004262147614,-0.002228489581237225,-0.004239108102861544,-0.00976898396486936,-0.00677837687847338,-0.004225725867508023
2017-03-10,-0.002852937059792504,-0.0015399381747654983,0.0019756148110467997,0.0029407277054998016,-0.0016412041004943978,-0.006409078229957066,-0.0064840113795263665,-0.002917334910202851,0.00040010589363892457
2017-03-13,0.0048279914417102,0.0035888121392322336,0.0028033961952222963,0.010551025943817516,0.0011561735411487195,0.0036345553872207947,-0.000524818860362708,0.003911906523557551,0.005634315314910765
2017-03-14,0.0030267096639007285,0.0005427305479308586,0.002084564989059068,-0.0036107226385362345,0.0028440502025104397,-0.0015924697016850287,0.0033275269005899055,-0.0007886647159963678,0.006062177613815001
2017-03-15,-0.00014376163139906417,-0.0015810217924051573,-0.0019912501203123156,-0.003661411797412417,-0.003975437354266309,0.0022327452805985804,-0.005159502365071789,0.0016283733282786983,-0.002610443839285548
2017-03-16,0.018563595109038156,0.013213720006268526,0.00941002368927002,0.011822479042923772,0.010429262572045683,0.01108442664193432,0.013054404555580268,0.014146225025428949,0.010442454112165267
2017-03-17,-0.004678605837803551,-0.00193659393008494,0.00391526099695505,0.003426324693639682,0.005446888638692027,0.0005470627435919528,-0.00023773699511819846,-0.006291924713018204,0.007057317346850889
2017-03-20,0.004545794714412965,-0.0007800058849136704,-0.00120326910519164,-0.002943527856582695,0.002699859114705161,0.005910793222315469,0.004716181442960599,0.006501448336958093,-0.0019655524826385218
2017-03-21,0.0033240417773443554,-0.00035241624550408357,-0.0013017998143456389,-0.0004939042056649745,-0.0014098723212231379,0.0008972449517419268,-0.0023219698473432304,0.002932491385488456,0.0003989527571190976
2017-03-22,-0.007275047419310066,-0.0014449340024832447,0.005264915966852968,0.0069631497061644065,0.009299093514057999,0.009333647633492426,0.001543648940553144,-0.0011054740072824476,0.0030854586836066566
2017-03-23,-0.0006135123234889406,0.0018752304695084376,0.0013810612727345184,-0.002060828622453159,-0.0005612800968186615,0.0014635525140864747,0.0004691152990301539,-0.0001408554786390681,-8.97649329598682e-05
2017-03-24,-0.00459589024700735,-0.0012360758392047089,-0.0012283158857825383,-0.0005823378938569768,0.003505168884237131,0.0032882193469598864,-0.002837269609494264,-0.0015816302644214852,-0.003102843873672545
2017-03-27,-0.00015256075650149636,0.0018011342708381672,0.0052325163325355195,0.006086550392845558,-0.0003378561106249789,0.004088536088209249,0.003540254708894075,0.0023180344641535733,0.004837287917293098
2017-03-28,-0.000534044121930366,-0.004780213635580344,0.0023129096054557152,0.001053483400879296,0.0034660054082868985,-0.001977067668061272,-0.0036944620144725437,0.00033128835809059787,-0.0004404972169331778
2017-03-29,0.0030762814512355074,0.000829815173641224,-0.006360360338709681,-0.003980869785309427,-0.010868824369799746,-0.00409071808884065,-0.003632794576454046,-0.005634603736635491,-0.004715016563923258
2017-03-30,0.0023624862942535074,0.0034805965883661916,-0.004605370332583014,-0.005369189494050963,0.0015301557968088186,0.000647737343023147,0.0018461612305922248,0.003650510367238624,-0.004911604345253395
2017-03-31,-0.001990376196176147,-0.0001125704034437014,-0.003768335708725701,-0.006743423403341109,0.003057265002637921,-0.00556471552493798,-0.00662219857482893,-0.004293208979444518,-0.006939623852551091
2017-04-03,-0.0033037433496505564,0.0005028406785851924,-0.0017561424245303714,-0.0017069780298106796,0.004991257394291848,0.00459265348239124,-0.00245875705913301,0.00018919041057374741,-0.002893283619823883
2017-04-04,-0.0032474332426702945,-0.004393107261465468,0.0007988950939199491,0.00011732285338572623,-0.0038725469227515186,0.00502217306360353,0.00040679104236995833,0.0017965009372642449,0.00031818250066506515
2017-04-05,-0.004768361672250476,-0.0009927063620492893,-0.00019971364063231523,0.0009612642031981977,-0.004179894841319642,-0.0013079965354101386,-0.0016549938782648432,-0.005853277935020107,-0.004046878803096621
2017-04-06,-0.00014379687376464556,-0.0027169572776016837,-0.0019928001675296736,-0.000736440065688071,0.003946563091106414,0.004285154029023408,-0.0011439000294791724,0.00011158111118048097,0.0013653154440482762
2017-04-07,-0.003476588534196634,0.001192412694548839,-0.0017010247176857396,-0.0026079227997661825,-0.0016333554238482373,-0.004653024472795364,-0.002184128057339252,-0.00048813425417626455,-0.004756824333294496
2017-04-10,-0.004541868836841045,0.0008503008951945557,-0.004061743988369559,-0.005883617110320705,-0.007499416080014143,-0.0029489350846659823,-0.004679340895472728,-0.004602275437043946,-0.0059525316725010935
2017-04-11,-3.75544807934558e-05,0.006342676889897758,0.0015975795711375973,0.0014730477104787365,0.004063176323068296,0.004588234799588253,0.0049776049823846424,0.003287156750658049,0.000414448148048141
2017-04-12,-0.00044273075951350993,-0.00023259302848910313,0.000864001867702413,0.001294613781242182,0.005384132217862492,0.010311486796620972,0.002874144220784025,-0.000807222000941743,0.002275644722987913
2017-04-13,0.004727068566126036,0.006275220293008532,0.004869967837702438,0.0055913557153077775,0.004605823973091505,0.006290036509039476,0.006203001956827325,0.0049864300785449345,0.009121932291139778
2017-04-14,0.0035710967984727837,-0.00704087810348486,-0.0033914642517970384,-0.005085245648902559,-0.003352043821544637,-0.001823975044629389,-0.004239071349177115,0.0003148303593625279,-0.007174997036760389
2017-04-17,0.0019710620983823812,0.0017576497476572417,0.0003880852145938807,-0.0005516709521382612,0.0021810242503135235,0.007182222537760019,-0.0010120999930800512,0.0027147489259815583,-0.00011513879977009811
2017-04-18,0.001442523456043121,-0.0009380725409365853,0.0008763311757844505,0.0032038844332133998,0.0018083342573922412,-0.007231115444454539,0.0034711633630259975,-0.0003576387177687268,0.004177147687222993
2017-04-19,-0.004308853452582473,-0.004229484098078551,0.007878828014985073,0.007907136917610913,0.022837672700306122,0.005316219008998813,0.0058046161148548325,0.004812467450160618,0.004275360413915186
2017-04-20,-0.008320750686654166,-0.00748349300994855,-0.0015132776163155892,-0.0012751281128192682,-0.004844454566834355,-0.0027472662282579385,-0.008027289046237618,-0.0009995543625269665,-0.0009087159426905966
2017-04-21,0.003045252843688395,0.0005268743049169355,-0.000851128286596281,-1.0680427804499182e-05,0.00153619515274106,-0.004946289062500386,-0.0054553089916876685,-0.006927332445231138,-0.002006285427157861
2017-04-24,0.00487335515246512,-0.0005265968545651312,0.005841483223355093,0.014842949307033004,0.0018983025342609317,-0.005482886064249959,0.011462679367602258,0.007436617277946089,0.016829387251251937
2017-04-25,0.0005291723202169862,-0.0048712246689058825,-0.002992322164335537,-0.000836684217813688,-0.0038712930972147896,0.0030736493593150893,-0.003568420133901462,-0.004074869118189994,-0.0021901939347710453
2017-04-26,-0.003014718474367628,-0.0018344348754102402,0.002466192155872182,0.005835799935681951,0.004362928552228196,-0.012652403593236494,-0.0014705474784149075,-0.008966309540624495,0.010121155652587532
2017-04-27,-0.007510317225828733,-0.0033554635561174884,0.00043307907819878366,-0.0017672641505214193,0.001246311740319861,-0.001304100781474582,-0.0012623717938391454,-0.00690948880948028,0.0014904666879491657
2017-04-28,-0.00175475431885741,-0.0006089970434515202,-0.0013777696256492833,-0.004095802504536117,0.0035199552272233703,-0.000314638963625713,0.0015339590226528532,-0.0027671189417300956,-0.009217893312573278
2017-05-01,0.002170199067152767,-0.0010335782736744514,0.00018105797812184576,0.0039811951266213175,0.0029484326616442402,-0.0006828630841020367,1.4028273205290986e-05,-0.0013954082021427894,-0.0006784413427549651
2017-05-02,0.006773199450644363,-0.002194280971025475,-0.0014864793594517867,0.0001309307074914834,-0.002643944775560847,-0.004561178791025355,-0.0018225743840944997,0.007088676613012046,0.00024432444560429367
2017-05-03,0.0012068725040266237,-0.0025315678456790947,0.004682040791679443,0.0024495480094361977,0.0034294825136043094,-0.0014022212181635796,-0.0004763095429969333,0.005772058700075355,0.0049102660744611
2017-05-04,-0.015154838691324835,-0.001500699851866516,-0.0031684863875111047,-0.004268494483888996,-0.005406112932953011,-0.0072173588398253274,-0.007942915125556671,-0.010915341788753197,-0.005043826914963412
2017-05-05,-0.0022237602151677915,-0.0017380497484990043,0.008183723823120825,0.008499797741160053,0.0041359424587399385,0.002185899413230441,-0.0027793650933199965,-0.001581303402528711,0.001203570065681614
2017-05-08,0.00046719735783407046,0.005844361832310518,-0.0037985187565224843,-0.001491319722426332,0.0031507451856851443,-0.0013044935119627121,0.007987652375011312,0.0036643436906451665,0.0011698427701474223
2017-05-09,-0.003642678779083308,-0.0016357467867458286,-0.008345008546895238,-0.00340945770368839,-0.0017215321525826388,-0.004822089842231536,-0.0029450630765447405,0.0028997837232762613,-0.0018409368015894767
2017-05-10,-0.006277817166621791,-0.0009703203048460063,-0.008394150816305124,-0.003745114475203981,0.0004013765798331903,-0.004116120758329678,-0.004956166079862934,-0.003310989358413896,-0.004469831164180427
2017-05-11,0.002539589764196659,-0.0002698809159152882,-0.0023290117502086094,-0.0014784487785168832,-0.0013835399620990563,-0.00551050369697903,0.0052917277741417745,-0.009334662186309961,-0.005012227539225478
2017-05-12,0.0024350174160587823,0.0004961870409412317,0.0011508834183484584,-0.0005324023584489801,-0.003016604461856809,0.004560314477816796,0.0038106695420243586,0.001505644334570455,0.004688967550836587
2017-05-15,0.001885236215113828,-0.0009986828197443565,0.006762778437226613,0.0057368796869230465,-0.0003866197569259988,0.00474962141309021,0.004057288404526238,0.0032890264786444856,0.004853087094530251
2017-05-16,0.003739996549283253,0.006552517628424015,0.005413434200524536,0.004985776975336753,0.001277420980563937,-0.003264590322683225,0.002455553576141023,0.0034795483219192125,0.0012552852338032494
2017-05-17,8.160899523912413e-05,0.0011754274191957403,0.011551242550176033,0.010217454571270101,0.0010720748612027542,0.00884181005053386,0.009493699056286387,2.067479413869755e-05,0.005773877475172107
2017-05-18,0.0013376036413916825,0.0009853970832036651,0.005259569897670291,0.005622856425677947,0.004124507693478829,0.01367820564021005,0.006421297346337118,0.007154887943634947,0.004790428053879303
2017-05-19,-0.001187588822516017,-0.0003381693270517738,-0.00030628119254572095,-0.003834215050707246,-0.0009071552768588065,-0.0024685732037218466,-0.00764667990404666,-0.0063577688107648855,-0.00700573226832979
2017-05-22,0.00402418090159129,0.006458956043325914,0.006753056814120084,0.008213137179417185,0.004150944923670963,0.0010514035991160409,0.011727500089377507,0.005609868805136031,0.008162145871863036
2017-05-23,0.0025401151106134723,0.001801052604979203,-0.00011302216931363684,0.0030345825164299622,-0.0012994463427786762,0.0035440003770295103,0.003504346012893844,0.010156786287676578,0.003858094459724404
2017-05-24,7.475462810524469e-05,-0.0021670007374978706,-0.003298459042093471,-0.005298987392550969,-0.0029800296003186233,-0.009521529561490771,-0.003685972869736709,0.0006238108366605211,-0.002014140157521327
2017-05-25,0.0034638242566300548,0.008074349894361177,0.0038665239855590894,0.004615861514984276,0.0018302016018771905,0.00388256024864142,0.005558317404213753,0.005312905344378338,0.005448384588433219
2017-05-26,-0.005532369089392253,-0.005228679119304358,-0.0007090818085753181,-0.0017937266377164862,-0.0036212970582184534,-0.001843741837900037,-0.007789718266971946,-0.003937397852622149,-0.0032773909847437777
2017-05-29,-0.0015632609455445978,0.0022299351470420614,-0.001876942922032554,-0.003095828075526108,-0.009200670758577889,0.004260504304248958,0.001096868733680978,0.00470343653876526,0.0003901949734232968
2017-05-30,-0.0007439017233042966,-0.0014843872140439807,-0.004350316128490572,-0.004206650450045868,-1.2837938974996632e-05,0.0007375204667656732,-0.005916440130700917,0.0,-0.0051401768609686815
2017-05-31,0.0027599580842132543,0.0002375300485686349,0.0034842062712656663,0.0038318428032897422,-0.00039714394984358137,0.0030224625201942246,-0.0013941729395229308,0.004939223728560371,1.1468864436370296e-05
2017-06-01,-0.0043818045440456865,-0.0014973620977667412,0.008109579101262199,0.006431314550834344,0.0051889337739234875,0.0003880940512395181,0.0015967244312962148,-0.0004250133610473883,0.0044371898031969614
2017-06-02,-0.006346374400374999,-0.0018570912086243174,-0.0032025451938989535,-0.0024675137548543224,0.0009923396894120362,-0.005752118781866433,-0.0019320227667943835,-0.003022555144591599,0.0013996865317411622
2017-06-05,0.006663546242385854,0.0012667708708757885,0.008578737787297452,0.005798381206417069,-0.001415720640746354,0.008817423445325323,0.0034142931138427812,0.010648658662828048,0.006628547211699587
2017-06-06,0.007884110903256358,0.0015359218193238267,-0.002238293446706896,-0.0021275399601946576,0.002904183704763641,0.0007428881317546043,-0.002250551200350337,-0.0009269071224698999,-0.00343459603571572
2017-06-07,0.0030040065893104373,0.0020892825266243253,0.0025765391333361087,0.0012962107333662765,-5.162778527978418e-05,0.007962761025759324,-0.0020320109648550577,0.007015470530626899,-0.0021576212783537274
2017-06-08,0.004298892350458994,-0.004507638420816806,-0.0022908181182595966,-0.0014406964924613685,0.004290407339319291,-0.0035577691983966764,-0.00446717612047276,0.0012653710752141833,-0.0017716501288503883
2017-06-09,-0.0018218739466809852,-0.0008578738199938041,-0.004570964464707394,-0.006252378455307239,-0.018448238250496907,0.0003732089840440267,-0.0019133213134200355,0.001252580042136131,-0.005197880396220489
2017-06-12,0.00024100578904762138,0.004904855199797886,2.06648789498054e-05,0.001534773000145595,0.001273892392446907,-0.003889823431899697,0.0017932030646490293,0.001333563846294128,0.0022956233522646308
2017-06-13,0.0023397416666837145,0.010870367312257434,6.193697018352928e-05,-0.0005150637524415913,-0.005447954067212768,0.003338801525456514,0.0028829107438812507,-0.0003026414646258857,-0.004082048688065054
2017-06-14,-0.001281370417211436,0.005362365019146331,0.0002683630261455239,0.0011321271010444889,0.0063752225452000655,-0.0012175974301595893,0.004697280170307572,6.484774262860427e-05,0.006667336088939102
2017-06-15,0.0067541308344203355,-0.00014340439697857477,-0.0025943796969398747,0.0006168448852073016,0.0003061910903536802,0.005564398556570982,0.0008532570939441264,0.005426924393262089,-0.0017793570915430879
2017-06-16,-0.00045514532959234355,-0.0010335488351150834,-0.004029625392250602,-0.006141900802764666,0.00030609736606712623,-0.013573475793794088,-0.008592538241944614,-0.005820459373308773,-0.005253797324140219
2017-06-19,0.004725216129429111,0.0033455260333952186,0.002343289167653806,0.005503223180463035,0.0016612964185420687,-1.8015585961594915e-05,0.0067507406918374535,0.008448552654246377,0.006602020511368156
2017-06-20,-0.0038642988324359973,-0.0010736587400210773,-0.0031146744690981887,-0.005683693355176489,-0.0036922594730633973,-0.006438388536382678,-0.007546129215047714,-0.005282251060442,-0.005956777463098528
2017-06-21,-0.00208335852216579,-0.003308239903359711,0.0014158587184351923,-0.0006793441927142041,-0.007844816665750654,0.0030448639977163072,-0.004400191422332944,0.001824348942018661,-0.00327397289900333
2017-06-22,-0.0033299791748455654,-0.004135063903337177,0.002262334719623782,0.002713658021074039,0.003422511971667097,0.00021563269896507364,0.002099195192943659,0.001311942862722848,0.003205640846331903
2017-06-23,-0.0012442904568455981,0.007104535043666704,0.0006586006386304355,-0.0015721002852027155,0.00019006574055158154,0.00017968050050964912,0.004570918442838634,0.001822752210293599,-0.0004503007762894917
2017-06-26,0.003473621539330507,-0.0023149346680186866,0.002589509200963791,0.004412276023639805,0.005148382952283592,0.00045849480100801365,0.005566473273370454,0.0030593969013859024,0.004363619885768832
2017-06-27,0.0022069159326492116,0.0003243380406261487,-0.0031162282328378588,-0.0013643431779222226,-0.0014760609462842744,-0.0055338311648870375,-0.004974249127258856,3.6413563487824874e-05,-0.0002432580159971165
2017-06-28,0.0003035096704608886,0.005643609892010737,0.01242189613027822,0.013913098906810362,0.00694462205406543,-0.0029415072970457867,0.007865845009306094,-0.0024126175849341625,0.012606660362469047
2017-06-29,0.006490559290049935,0.011074854835214865,0.0011779633003354828,0.0038359027970225057,0.01002959820481153,-0.0014774083905939595,-0.000973289490974194,0.005244969910219943,0.008066498824512491
2017-06-30,0.006455572722297687,0.003540422074242988,0.004155790934877501,0.005183140022908317,0.00538665493500079,0.0030800523443321737,0.006041725001419751,0.0006432147978405744,0.00974890100129433
2017-07-03,0.00039973168185358787,0.001387372502993589,-0.0037543032950945188,-0.0016221172229486935,0.00040349749133405943,-0.0022536419243601724,0.004329102849644384,0.003719734702359645,0.0037621160685832322
2017-07-04,-0.002874762875283876,-0.0012085836418342932,-0.004402304922491718,-0.004525806268817711,-0.0052053444601459775,-0.009913045116551777,-0.001274323741506822,-0.006559767119127757,-0.0071216200266414065
2017-07-05,-0.007056364614318356,0.004547035102650199,-0.0008920911065662951,-0.0009883622131557912,-0.0010606572392365399,0.0037535065653484523,0.001203928686436928,0.0004447849637658763,-0.0029697462009034004
2017-07-06,-0.001466999557198645,-0.0021375287290502643,-0.0002074602610984133,-0.0011686762854832278,-0.00024570042685145843,-0.001987847377861174,-0.006769529224623594,-0.001048977343135693,0.0020254672522512784
2017-07-07,-0.0027818663872907212,-0.0014870735283919467,0.00423905477844122,0.006866245421522255,0.003230381124684767,0.00033579071903933055,0.005393008946591671,1.4646934817896806e-05,0.006512834360781872
2017-07-10,0.0033462939248258827,0.00756929473744794,-0.0033942599131236983,-0.0018360141755821013,-0.006342467129205054,-0.0073342854821246695,-0.00030993883074670325,-0.0010406535677528472,0.001656181554996916
2017-07-12,0.004453611085051712,-0.0023081403358188313,0.0003114839291187277,0.006150085802023142,-0.0024561761071147936,0.0020835488046326844,0.009663957222432407,-0.0074106880743564085,0.0030854505583466363
2017-07-13,0.005260244626031474,0.012627688013069793,-0.001865478947310928,-0.004795927622542107,0.0026561536636759975,0.003644081859056403,-0.0006053307813070896,0.004629568884240154,-0.0009885510516902674
2017-07-14,0.007988170962196062,0.0018071351348920572,-0.0019652024276874958,-0.0013115312019776892,0.0041430073956718605,-0.0007318078580211829,0.0033255397616622773,0.009367774605645529,0.0062764479928212324
2017-07-17,0.010939696758148099,0.006723804799942723,0.0036437608700869983,0.006265629708904541,0.012678637902480583,0.009083837334797895,0.00863722187645477,0.004657913496938448,0.0056295696553188
2017-07-18,-0.004370785039670033,-0.004339714120792371,0.0003322613654064277,-9.183217234176588e-05,-0.0044380322965680286,-0.0016343619777305918,0.0026546278033456883,-0.010672271364854047,0.001192018145343532
2017-07-19,0.016335438529059942,0.005153675020445503,0.008271644448349713,0.00657179795232854,-0.001108335199432764,0.005232363237514637,0.009093800889612647,0.009947514263603185,-0.0008297005222148712
2017-07-20,0.005293543123937816,0.0025238309778778945,0.00026187290880108627,-0.0018445336119830014,-0.0004561321384359829,0.0010547641282241393,0.004512087582174473,0.0016349281023200213,-0.0002516951530773248
2017-07-21,-0.0015499066342054002,0.0003017094280788335,0.00359469767996079,0.00869828494294711,-0.005160240019076889,-7.153089968103821e-05,0.0007372346539178398,0.005308262889686111,0.010219529473148636
2017-07-24,-0.002837194516187136,0.004922346341565076,0.00709217665537154,0.004555875441164092,0.003030097967896106,0.008472688665490002,0.0018433958108980963,0.006670315906695867,-0.0010509950443324811
2017-07-25,0.00030128304007370765,0.00232700907219896,-0.0025866962356220213,-0.003666275551012843,0.0020197683197220595,-0.0025802157441179308,0.001996804303775024,-0.0017410043841415979,0.0017454683060007525
2017-07-26,0.0006346390838882776,-8.797838724661222e-05,-0.005846412932341338,0.0004890718808661099,-0.000260447017465415,-0.006883709410416938,0.0048809880548825735,-0.0023973049687096015,0.0010003170943602147
2017-07-27,0.008496110201027696,0.004376815076738705,0.001418991137335679,0.0071658282629512016,0.006688469879146508,0.007873803298686477,0.010096172257878733,0.013975173486047598,0.004047914653714679
2017-07-28,-0.0033170943082351245,-0.007001708408485907,-0.012784175689872113,-0.003354691317881242,-0.002903071076156949,0.0002790195049933164,-0.006577854608158962,-0.00286653864013775,-0.004349508347001874
2017-07-31,0.0015493218222344396,0.006291457882522167,-0.0056543140843891004,0.005016134873488509,0.005218553418268934,0.005311718165713186,0.00396085103655297,0.002128224704436077,0.012759756599393768
2017-08-01,0.0015996934511761651,-0.00364595327018713,0.0019331918999057063,0.006538741344806143,0.0038399312218637682,0.0013682705984552346,0.00461115204116247,-0.0016742188682714598,0.0036372987292299097
2017-08-02,-0.005330476820328389,-0.003148288223387641,0.0019577212714636527,-0.0010866257920078004,0.0009509353152585831,-0.0006610225967002004,-0.00538668623776184,-0.010805360991026358,-0.003974226269476966
2017-08-03,-0.000111476606544203,-0.0020283215935131826,-0.005183191666552345,0.0033775736778360876,0.001547795648012773,-0.002934393009311087,0.0028472530392085194,-0.002193362638096441,0.0010010549687946568
2017-08-04,0.0005891386303211732,0.0002944118468899415,0.0028003521843527057,0.002852295914133496,-0.0063749140854141295,0.007798018620574831,0.0005256581961783358,0.004996991653850369,0.0011565988122408388
2017-08-07,-0.003648292365393546,-0.005751110496670209,-0.0051606500647024545,-0.0089632501927569,-0.007384612203333973,-0.007997414492976862,-0.00607829346252986,-0.005104847424041381,-0.006321432302121122
2017-08-08,-0.001781185361572346,-0.0026825145889123325,-0.0007293679401030317,0.0019116520801309989,-0.0007040906791313528,0.0003250845398816704,0.002953412524511867,-0.006697198212578748,-0.00016579592582210978
2017-08-09,-0.002330062702688984,0.00033154461688300607,0.0004727940936390951,-0.0039260165342217546,-0.0039607175959345264,0.005885475649473282,-0.004219686546478529,-0.004687955696417334,-0.003505213482926539
2017-08-10,-0.0008443073924893074,-0.0019220609857395488,0.009776020200183089,0.0005881051250842262,0.0021473180234723444,0.00048154706249947665,0.0007499490743836379,0.004111547534479287,-1.166769652893862e-06
2017-08-11,-0.0031702632419706722,-0.003469490668813191,0.001954861243030459,0.0007415154707228755,-0.002867825821076364,0.008642978105608545,-0.00031574409588808194,-0.01104181601381804,0.0045893356844584066
2017-08-14,0.004766124036364561,0.005191891254818337,-0.0010491224581301584,0.004694742959430176,0.002249929793040728,-0.0011352242562069348,0.002797858722299429,0.005860501079848479,0.002002356224445334
2017-08-15,-0.006385040946504161,-0.004360109433062198,-0.010107551159518557,-0.00420395221710268,-0.003137532750421279,-0.0063857280380251735,-0.0035922359947473392,-0.0027506942315583816,0.0006568432038063232
2017-08-16,-0.003521585334977484,-0.0018662527290381759,0.0003497680587150054,-0.002935338331250814,-0.0075657869935582545,-0.0060038469819240214,0.0008050754663777582,-0.0086581363215954,0.005360897632518569
2017-08-17,0.013563911682515029,0.0101707257975725,0.0072523512556281755,0.002814122331320279,0.001907973846472233,0.00542732314920058,0.0038386977437823155,0.011523542291512312,-0.000270027832002917
2017-08-18,-0.007166442563483866,-0.004690928947163164,0.003076182993398957,-0.004990802340272826,-0.0020583965054234987,0.006137472574704317,-0.007195927010622438,-0.004631706616273323,-0.008560363232223422
2017-08-21,0.006635237814407002,0.007810450242241362,-0.003273254517394908,0.003479765051245698,0.0006693857838728778,7.320924703857479e-05,0.007920092079830132,0.003874674075433404,0.003926521366839131
2017-08-22,0.001293894597927947,0.0021738534064741355,0.0032735633004121745,0.004736625588263266,0.0019089364617237425,0.0034513093868464573,0.0015820103546693165,0.0022421948757751498,0.004390840675412511
2017-08-23,-0.0030861961056110054,-0.0005492129528872347,-0.006494330100087264,-0.0042108938864631185,-0.0057579505466910375,-0.007172107639047187,-0.0009205378333336789,-0.006262017860010349,-0.003045497392979324
2017-08-24,-0.00031642935720244125,0.0017539302816751423,0.003720387234062539,0.004620213054587374,-0.0015748980108988286,0.00753832630522866,0.006130582337988244,-0.0063308650771575214,0.005869659849380593
2017-08-25,-0.0013430465675873249,0.0024295530135003407,-0.0002175672022045605,-0.0012155423160857826,1.28484681460872e-05,-0.0055152425917420755,0.002307907077645943,-0.0038847194909762406,-0.0018702348047117123
2017-08-28,0.005121757650514702,0.003295417441845361,0.010427131045414484,0.01268090306259384,0.007910923645886525,0.001536400659796433,0.01421384893526012,0.006105516955574597,0.015672180446615114
2017-08-29,-0.002020773864587988,-0.0033881797792881807,0.0028873317926467745,0.001004992546837169,0.0016933798289195945,0.005600680195360752,-0.005499410282475581,-0.000941760532416458,-0.004211834378945234
2017-08-30,0.0040578545509986075,-2.39094914298299e-05,-0.0033902717368999857,0.0005506166238591348,-3.8731027675042995e-05,-0.009591050141432578,0.002678423081638792,0.0020034464215072934,0.004784881525670803
2017-08-31,-0.006246538638069343,-0.008940932616268826,-0.008311684359727622,-0.006434367134864782,-0.0004651592151275752,-0.006065527562001738,-0.006076648425190623,-0.0075784137924125305,-0.003938049097775065
2017-09-01,0.0041285965598520935,0.012459913104916343,0.0044819661158090884,0.0014291962983425943,0.0016306601756412853,0.0030055778981274983,0.006129390537698676,-0.00343890546116854,0.004177485275448589
2017-09-04,0.0031540772833766884,0.007553469150809233,-0.0014882706333698703,-0.0023170401538556984,0.0018150869883086784,0.0030420295947855003,-0.004062372635556977,-0.0015768957744374257,-0.005046294104793625
2017-09-05,-0.0024312724741909486,-0.0027713286521885427,0.002096314075366923,0.0008919502269502111,-0.003166348747610681,-0.00013659402588417358,-0.003449342218531437,-0.000866487930663018,0.0019704900785610935
2017-09-06,0.0077587786163335615,0.0036222252594040327,0.005684885115081473,0.0025756404571504188,0.009063600718609344,0.011123185689938087,0.005747592796151668,0.01361798870874309,0.0008811603529024215
2017-09-07,0.0004887040870327208,0.011027336709429347,-0.002312618606921224,0.00031011834583960507,0.0006524823213669428,-0.004874789680274327,-0.003376642142062014,-0.007671553398831521,-0.0015926109268205035
2017-09-08,0.005882268907888122,0.010281846522682603,0.006445530166450775,0.008492529534312121,0.004219734211463377,0.007980105932101411,0.008503050918730493,0.006255353081409787,0.0062422041697314246
2017-09-11,-0.0008050825830990815,-0.0035139634896650396,0.0020262194507882914,-0.0009493881946254223,0.007087178665218019,0.0003602834163807245,-0.002619580025425061,-0.0009920296372143422,-0.0029074052403422757
2017-09-12,-0.0034502680070647163,0.003642454234739523,-0.00904597845663102,-0.00484360432249209,-0.002120404469297732,-0.010640284027312763,-0.010710817425825914,0.0017990984012248301,-0.007752609950226308
2017-09-13,-0.0004571515506418544,-0.0054788881358747155,-0.0037299789129472405,0.0012693001604815457,0.00907660230896945,-0.007539067891276008,3.82911272582831e-05,0.0039985309003904845,0.004808300145394684
2017-09-14,-0.005051107486809259,0.00039438631344324016,-0.004005558795245001,-0.007015506368619584,-0.006259620732341764,-0.0026150429031353006,-0.005750045258433145,-0.0046324753659860995,-0.008053448332375757
2017-09-15,0.002784687208216674,0.0005097488362320046,0.0023298892848468977,0.002610841196752256,0.014618317589092378,0.0054221806815584195,0.0006910200822827228,-0.0027544691883326644,0.005455452748127199
2017-09-18,-0.000623697371577081,-0.0028693103413229837,0.0006140799049532131,0.0013012212761127628,0.013140792926239042,-0.011493114868772802,0.0020964037389550327,0.008258777501742198,0.0022161217773155606
2017-09-19,-0.0032124099991898136,-0.0066856642781318865,-0.0006032939190812048,0.0018536756644800256,-0.004311859246273975,-0.00268174279958433,0.004101340661876174,-0.003255011468218161,0.0019034397884742926
2017-09-20,0.004347166759338883,-0.0007811357226470417,-0.0011532407594905258,0.002782246730022697,-9.454462519542517e-05,-0.0007349184451092006,0.002795304323869763,0.00674408594246767,0.00014714105646773668
2017-09-21,0.0013627723124929325,-0.004511749242377072,-0.00929441056830782,-0.010043745126784076,-0.0019020084606036214,-0.00860088062139086,-0.009191387736540602,0.002610853081576714,-0.009184745013151696
2017-09-22,-0.01073797070398641,0.001744528482535035,0.0013914508312367069,0.0061877381690282895,0.006681203701862648,0.0008358600800075777,0.010048195448902675,-0.004577251212644851,0.007412821335672559
2017-09-25,0.004332926854473618,-0.0017899740020228538,-0.0005048056317173977,-0.0015385191117365249,-0.005335368061653578,7.117529478350981e-05,-0.002401696874529957,-0.0012613111185375558,-0.0027549159714219673
2017-09-26,-0.0035319228291661453,-0.00195636914231212,0.00454310384815404,-0.00599894575432236,-0.002183438679395411,0.0061112431664755995,-8.956063431875272e-05,-0.0024437291149330687,-0.005853409271207477
2017-09-27,-0.00746009677691406,0.0005257716323014971,-0.0030949772646982066,-0.005869543380414122,-0.002205463978409483,-0.005481524871421839,-0.01015819287033326,-0.009552022158567208,-0.010989922832990828
2017-09-28,-0.00341506435695782,-0.009445934104242326,-0.002623867850577666,-0.0030901611562736964,-0.0036579843979421822,-0.00427965360953142,-0.0064911818094275375,0.0017752418834293682,-0.002289954679834727
2017-09-29,-0.0005649401384387742,0.0036425245570859133,0.0013084920254267107,0.0027333756006684418,0.002336961211977684,0.0034943381763070658,0.000931959229441448,0.0008884019766199902,0.0035834429961925096
2017-10-02,-8.629683711458558e-05,-0.0029583460404716266,0.002561688282302965,0.002172564253142717,-0.002692241496307868,-0.0015181166115160183,-0.0031499043917996294,-0.0004909271318566111,-0.003900857078843245
2017-10-03,-0.0023481451036373446,-0.0034992310967758566,-0.006445129079980072,-0.006230663267346115,-0.008841602506856394,-0.001170490012544656,-0.0047716006530703625,-0.003739946180376208,-0.002484349044735379
2017-10-04,0.0011675455241473287,0.0021457328863199177,0.0012742411454207403,0.0011748437546192925,-0.002595182430522258,-0.000691221200041503,0.003491862345317065,-0.004025809668158686,0.004553326398595958
2017-10-05,0.0032391801297833034,0.0008974847881344505,-0.0021123832378193708,0.0008229680123192917,-0.0006352462835256256,0.000221599552505225,0.0024799008878733098,-0.0008517179515534767,0.004517100553090181
2017-10-06,-0.00904490914908107,-0.007144703918272266,-0.003066878884058988,-0.0038182300255964474,-0.009073958913546454,0.0004344615849218858,-0.00608390790246216,-0.006096356984490181,-0.005081704924428498
2017-10-09,-0.0014392017407217628,0.002592473658050487,0.0003067697806473646,0.002571595986453845,-0.002184964310916193,0.0019813201819232074,0.002153304023245317,-0.005961059683242564,0.0030182705964425516
2017-10-10,-0.002599369013630448,-0.00131442845676355,-0.0016334532789342715,-7.045475703104653e-05,0.004587229520372604,-0.0009497295498825942,0.0008896928988044728,-0.0007206991540424923,-0.0014957828668049622
2017-10-11,0.0035272735904330332,0.00358171111456973,0.005058661254093266,0.006238223505342644,0.0050994754597208924,0.002786024364623829,0.004493602308063727,0.0010894201821520788,0.007180582733679719
2017-10-12,0.002318040481887884,0.0047877538610339165,0.0015002991839376811,0.004283504773412661,0.0021713074306211055,-0.0007915478298816669,0.003924836344139537,0.00349237793382029,0.002979802244743146
2017-10-13,0.002974514396090644,-0.002132197995793117,-0.0017336587089857858,-0.0028396050152019736,0.001857049757048479,0.0017373613234346053,0.001168988234589996,0.00442771912889528,-0.010026737653971773
2017-10-16,0.00739671891478233,-0.00016032154501821605,0.00032839806518536463,-0.0015004181765808644,0.0018471367403343208,0.003190813686133165,0.0019495331190346743,0.00663173779217785,0.000596234406708307
2017-10-17,-0.0052633448702531505,-0.003673279547158792,-0.0006358399416901417,-0.0016513054394394766,-0.0027035648518268784,-0.0027897492000215074,-0.0009978866010507126,0.0010992951622044167,0.0018736239580920966
2017-10-18,0.000957876823392878,0.0020003658880196618,-0.0028531161741069955,-0.001918743283792046,-0.00438080387026929,-0.0001603891002812663,-0.004788923729188821,-0.001184113369605555,-0.00605771388366394
2017-10-19,-0.0011685299023864726,0.0025830368752397526,-0.003231212501798586,0.001981571225576406,0.001374240050492137,-0.007078858611852756,-0.0023411036383061967,-0.003033641561703382,0.00189628100122885
2017-10-20,0.004150158741329735,-0.0011938408167671,0.004927052767191187,0.0044785215310232385,-0.004721183225287473,0.002955273182496665,0.003332825242803761,-0.017372348014447758,0.0013169855455528179
2017-10-23,-0.008642407476437408,-0.012368447168126018,-0.009948715320036494,-0.007968911565727876,0.0029809967688116945,-0.011994916680270196,-0.008756858559350267,-0.012565391761348077,-0.006452415635712305
2017-10-24,0.0007031613247527879,-0.0001582666202116778,0.0015845935825928859,0.00047040109147666875,0.0012677562242249252,0.006246693188473262,-0.00033748868009197963,0.0059077656019643765,-0.002368917035087681
2017-10-25,-0.004743041992187447,-0.0025254005355997977,-0.006157883114484064,-1.1759566737046256e-05,-0.005646724990673313,-0.005318333352304028,-0.0008954914918484214,-0.011384234913878633,-0.0031640244712078935
2017-10-26,-0.008686755233716537,-0.009536463804935447,0.001840619939410315,0.005248376628478324,0.010778147949781713,0.0034167605353117025,-0.00038825084600191406,-0.0014614320341722609,0.0016149994232967924
2017-10-27,-0.006250293367939697,-0.004280882608917014,-0.009307944252186062,-0.015524057973586802,-0.010793083309181939,-0.004959534272935273,-0.02116977963990574,-0.008123004634108089,-0.018433534895964776
2017-10-30,0.0010964224567862058,0.001301507152529524,8.015053488819035e-05,-0.0028083304001997877,0.00028889312171065384,0.003384961548825949,0.0028725080017193427,0.003478677474922698,-0.0002485993631481387
2017-10-31,0.0038488217933714264,0.0005458363571073654,0.00328738748628421,0.004148392956145219,0.005972061520275407,0.006575420381007779,0.0013154992162123236,0.0030626745916064735,0.002194439944884108
2017-11-01,-0.004902322515072388,-0.005189514035703335,-0.0026869898548400606,-8.163686205064913e-05,0.006034682030857885,-0.005754503474116879,-0.0018079504964764181,0.0032660235600228127,-0.0026390250543885108
2017-11-02,0.0022263325235503117,0.0013126234635518763,-0.00514685764694589,-0.0019768373834866404,-0.002770414012370437,-0.0043976356041719455,0.0028067505396196513,-0.0018195041208168838,-0.0031915206536312635
2017-11-03,0.00481350978443662,0.0052157029554968926,0.0033024549471241116,0.0028454487786415683,-0.015246197915935955,0.0011928289739766562,0.0011560151312843825,0.003000156441917534,0.0005588452833757973
2017-11-06,-0.008064959803081306,0.003722580929653052,-0.0009398368541906343,-0.004018754460072271,0.002079745210435302,-0.0014188596882496185,-0.004018638239507988,-0.0005181888154160985,-0.004104651583874075
2017-11-07,0.004998514887695871,0.003649621690359206,0.0025058206682173623,-0.00019736601049380464,0.007233151596985676,0.0035773410389803306,0.004207742259833669,0.004615996837150638,0.003914632673578611
2017-11-08,-0.004531770176073757,-0.0037456195858437402,-0.0005009250304097712,-0.0009977009455319763,-0.00022394057784247412,8.792236434551626e-05,-0.003419957208451563,-0.004422790845769242,0.0014960824689715935
2017-11-09,0.0030867903220355153,0.0026399167095318976,-0.0016003471114969248,-0.0003595474860088599,-0.004484701839819416,-0.0014570765785520967,-2.4431008818548428e-05,0.006524449283694889,2.025310464182084e-05
2017-11-10,0.0005070342856707821,0.0039042515751039897,0.00594637135153242,0.004309337267471847,0.0023923614614895783,0.004868815463065834,0.003808032363287861,-0.0015972952923406503,0.0009972642431339551
2017-11-13,-0.004634079922167911,-0.001063714477806732,-0.002519079887093323,0.0012244501079827774,-0.0018368765806489051,-0.0027355788527931857,-0.0011429909583927644,-0.0027631756590608125,0.0019372263793266953
2017-11-14,-0.004188218457998549,-0.00352516651039414,6.024236574564412e-05,0.00032661821948987146,0.00023623323561738907,0.0008891836564512978,-0.004094162348974306,-0.003911388115890202,-0.0031145262423128983
2017-11-15,0.0021367696979617268,0.00013348445346061943,0.006892193551733428,0.01096731430075737,0.002631561736057053,0.0016137163060381265,-0.0014922121862092075,-0.0028271611733305946,-0.002052335811999595
2017-11-17,-0.005758749855308776,-0.0017949744825829228,-0.0040260971293157866,-0.0013072429264124885,0.003234114677754363,0.0033089194688107337,-0.0029646532040206175,-0.0033867017216506756,0.0005181772066091828
2017-11-20,-0.004388896378115681,-0.00266571438396368,0.003961215301119259,-0.0038714957745442646,0.00017167360269554344,0.008836268462238506,-0.007355272803404644,-0.007950343090143086,-0.007047374121446959
2017-11-21,0.00022661408883140055,-0.0016623598942184792,-0.003524302472299179,0.0007983624272775991,0.003205257854457244,-0.004557937973678872,-0.0027560894749564246,0.0016144327005662706,-0.002656231914445417
2017-11-22,0.0038607175538796223,0.0030765403139048075,0.0025237206151083047,-0.00034033041290837396,3.9691329262847574e-05,0.0018693004164400673,0.009094734447195885,0.005080227964511241,0.0055936337251853985
2017-11-23,0.0038145149756312335,0.0054309896876687525,0.008665187085597603,0.00660437339400155,0.0053800766435248,0.009235218215634777,0.007380329248702688,0.004062792376666513,0.010826330051795674
2017-11-24,0.0015556744265896594,-0.0005978937560799924,0.0005297542897104712,0.00331916513149233,-0.0007584845669920126,0.0005303695909275596,0.0028269569761238955,0.002252944916519839,0.005577188474752859
2017-11-27,-0.001796423613930953,-0.00011007685126951383,0.0012955178560081215,0.006118271224082594,0.001332409285888403,-0.0037341818895001433,-0.00024584856502207764,-0.0025427937753847996,0.001274763075733265
2017-11-28,-0.0006314419569062313,-0.0034801143132432433,-0.0010190432376335767,-0.0018095565656849333,-0.00015987676516426852,0.004506606628900789,-0.001473035593540284,0.006961788179296713,-0.0006188663459238963
2017-11-29,-0.00022048615708925023,-0.004393311881049522,-0.0028452269464601665,-0.004774818788897739,0.003234465314169155,-0.004281352503674674,-0.011203138138082824,-0.0027605015551399603,-0.006192531367419596
2017-11-30,-0.0051150119452422205,-0.0036775814250764594,-0.0003555269239595704,0.00033192898229006396,0.003877549910054068,-0.0031606246346314038,-0.0013916234647664005,-0.002368338524285196,-0.003341015610399456
2017-12-01,-0.0004160028358458634,-0.0022805432542174486,0.0006606918634328718,0.003902567768893972,0.008402166004616518,-0.0049220019873911225,-0.008280713612147328,-0.007692582067050591,-0.0016486403864903743
2017-12-04,0.0035294180692082566,0.013626194567368799,0.0018024088645787195,-0.003225838124784053,-0.002658293861870775,-0.002728936255651959,0.0017677074202480103,0.0034344269610848688,-0.00036734195794574376
2017-12-05,0.0018401728268833129,0.003242169302586584,-0.0026102306050780344,0.0006646044362248471,-0.0013880361391180873,0.0032444542794822784,-0.0018737457354428555,0.001854407452130502,-0.003993248868676358
2017-12-06,6.842999717115994e-05,-0.0013392497853452756,-0.002835717851144115,-0.0029345920957166705,-0.0044537812598473,0.00031124326964970805,0.007237040197876521,0.0010381359168296633,0.0067260656883303405
2017-12-07,-0.00496385293620627,-0.007265232445952119,-0.0018398614925038137,-0.002419865382143338,-0.0017143060761452,0.0015406089573724024,-0.000658224395561513,0.001583765210188659,-0.0064356672904694046
2017-12-08,-0.00724909325287193,-0.0055296311762057515,-0.005519201436441135,-0.002719408871930007,0.006877100108498624,-0.007793344542413427,-0.006018644138161333,-0.008540868772486943,-0.008169538201620585
2017-12-11,-0.0005255859342920832,-0.0001555468007692351,0.0018532688454286905,-0.000188248894405052,-0.006843389470892469,-0.0032587015401021047,0.002240511617776386,0.0022444296317443158,0.00289056069867466
2017-12-12,0.002853739858355464,0.0005446175517844765,0.0014928366686381978,0.0006477021765125546,-0.0031905563164834616,2.6407891719593124e-05,-0.009555584167588727,0.009804663704895633,-0.004399125919733349
2017-12-13,0.0035969411988221456,-0.001165690440680489,-1.0100444107652429e-05,-0.002970821153550296,-0.0022375821646386518,-4.4011215805217496e-05,0.0044916445051883525,0.004149098042605326,0.009916925324806813
2017-12-14,0.010113711817425042,0.004057450394573836,0.0059561702989821,0.007941802213491833,0.0067718344741445335,0.0067652684291186205,0.00265704166489944,0.012397924246705383,0.001058718071987208
2017-12-15,0.004192703172201773,0.0016803622165872945,-0.0032061837876445898,-0.005145619656430456,0.0017327987366533293,0.003434232043248553,0.002539531247108373,-0.00494161342371513,-0.003875734673706277
2017-12-18,-0.0018133322965064869,-0.006206024187975445,-0.0023611748966674284,-0.0026658432506034835,-0.008602948471763239,-0.002838990783215034,-0.011636477907108866,0.001273687748148955,-0.006941117762790716
2017-12-19,0.0019164984410386943,0.0007384269254790965,0.005580715900465272,0.003464546211443098,0.004763501099458889,0.0013147841612977107,0.004535556793178408,-0.0005246341719956638,0.007691627489169184
2017-12-20,-0.0016072582666771806,-0.0010327670501677488,0.00014202527190887437,0.004843127424547955,0.00045524926456308457,-0.003673127012472688,0.0003351833873250776,-0.0034157466902364764,0.0037765146011914386
2017-12-21,0.0024550711619399923,0.004038546543335908,-0.0008517280112690928,0.0031120812336458137,-0.0011099109239491867,-0.00227828800157992,-0.0061356152975108325,0.00651109380116921,0.001207097853565653
2017-12-22,0.0046247305658806415,0.007097988521051368,-0.002326627594694486,-0.0017548935748271655,0.0006288519858581587,-0.0007236018622475138,0.004282191643458777,-0.0002875609134294077,0.0009804346468471614
2017-12-25,0.0009257301637701776,0.0007857358775262835,-0.0005459801787500718,-0.0001066690688154015,-0.001149379205154566,0.00013237714747282858,0.00583255615965661,0.00011225324467956099,0.005571307207388854
2017-12-26,0.0013906717601308571,0.0008257601929773095,0.00018202652054077895,0.0013891584109138044,0.0008293330219841799,4.410521660314082e-05,0.0008540247450372629,0.0018413073613634534,0.0015737998358487104
2017-12-27,0.000626167651065046,0.002246437839078519,-0.000808339422578852,-0.0012333064843425001,-0.00010703415833412944,0.0008833553133100747,0.0006232699380959161,0.0006399782342945137,-0.0029441430697724202
2017-12-28,0.005745556440452049,0.002948733039012774,0.003956169001957832,0.0036178299996894037,0.002184853606875592,-0.00012365579913320435,0.0056209909736557595,0.0052881823325738875,0.010103655758943564
2017-12-29,0.0025019898009954744,0.006700880064473891,0.0072545681111428895,0.003439208823703188,0.0027553290728796753,0.003029925746641071,0.0016548531142988043,0.003355123297303475,0.0023709662346647065
2018-01-01,0.001006450120956126,-0.0012161795947143172,0.005104037412223317,0.00529426468468408,0.005595737830831116,0.0018550373059289527,0.005342114926084385,0.0028883029319135556,0.008046521220619995
2018-01-02,-0.0001404145131157497,0.0020549954106083845,-0.0010156491544596191,0.0005525059930118204,-0.0003512933646213634,-0.0009221981018989744,0.0012361907588283039,-0.0036149576213352352,5.5032340244398625e-05
2018-01-03,0.004214631489648957,0.004086649749948323,0.003355790760734001,0.004318758861985739,0.006281476310598055,0.004686159899176312,0.009178713549580886,0.0016969408310871792,0.002764485048163401
2018-01-04,-0.0007045501614606486,-0.0034271398579187595,-0.005812907637810727,-0.004395843731925475,-0.006242265666688396,-0.0032235913852801668,0.0018555988724735517,-0.0014109942035740453,-0.002897068669188929
2018-01-05,0.004521741407983226,0.004531562168251346,0.0028120131010325178,0.0048636858782689085,0.003076463199301216,-0.0015604734536482923,0.004831431939095854,0.009281350039006764,0.005965324258594862
2018-01-08,-0.00035374106760222013,0.00783490458505387,-0.0006768837209986112,-0.0026000394900196344,0.0016970727737597446,-0.0032787369378691755,0.0029717713737780205,0.00201494865175178,-0.0016612219470497624
2018-01-09,-0.0016480901420992122,-0.001723717248916068,-0.002363524107384829,-0.0055662873149811,-0.0003393839386836017,0.00011490519276646793,-0.003915034860749178,0.0006959293949204692,-0.007055341709764518
2018-01-10,-0.004764536549062615,-0.004698144816744465,-0.0065156869789863014,-0.0034356260046385367,-0.002868833775150681,0.0034233656717319594,-0.004782807520358201,-0.004308156415076869,-0.003897794411146238
2018-01-11,0.004692643059298396,-0.0045807282720551346,0.006270178259134562,0.002247715809897022,-0.0014458554741789698,0.011763728925791472,0.005506906564859637,0.008676619837458377,0.005322275430489354
2018-01-12,0.004904971447607931,0.0009266120583548698,0.0020293815893506206,0.007189162495073509,0.0021531768246292327,0.001347795277433228,0.007624668499147225,0.007536764295374088,0.008356628034616342
2018-01-15,0.002926335423979687,0.004702875597426548,0.008027690942858934,0.012472721027119826,0.014117562964188313,0.001746176838929081,0.010218287080877131,-0.0016238438496124497,0.0101598848722666
2018-01-16,0.0068321335994692145,0.0028894424388332673,0.005015214790433431,0.006244646858903913,0.004746563903875067,0.004693366729966675,0.00616575984232548,0.006567032914264637,0.0037730755547105144
2018-01-17,0.001052204524546907,-5.63176885608474e-05,0.00413926319685709,0.00023310480835259106,4.1469384708392454e-05,0.0017483856270936737,0.0013856252128379154,-0.0037944150784582353,-0.002456643915698442
2018-01-18,0.00015149218682419807,-0.0009889459080709706,-0.006165456888865051,-0.007115374172313782,0.002115714828249571,-0.008870842616676367,-0.001969050551990592,0.0005454593461409196,-0.0019841676597969204
2018-01-19,0.004171086077068509,0.0021109648284907134,0.0065500642784233065,0.004319485371886866,0.004821387037368119,0.00315240097853442,0.004962314051535799,0.003246959197592325,0.004063464384184368
2018-01-22,-0.0004561683762371871,-0.0059906817769546095,-0.002735589163163854,0.0015442078323903985,-0.00022229465220491296,0.0030899034593843133,-0.0007007415138069462,-0.0011224117442498738,-0.0009349164982273006
2018-01-23,0.0007768159217393933,0.0027385011433158635,-0.0006756907041597371,6.128010640571446e-05,0.006712800273918296,-0.0025413667373102022,-0.0009419597643151034,0.004223096680773031,2.496342857738476e-05
2018-01-24,-0.0004802859476503718,0.0030368153241782103,0.005718327328815276,0.004407034097177132,0.0023268451544518065,0.007801512547332079,0.004818181940160704,0.005986043613219971,0.0031723635351528223
2018-01-25,0.00555375476579445,0.0050030746876963406,0.010841983634420904,0.00656731096708385,0.01451946110738045,0.007143825669113646,0.007549202301305735,-0.003492539930498917,0.008376215789558161
2018-01-26,-0.0024489265156166784,-0.001898814466668064,0.0047993194260891325,9.918784301454764e-05,-0.004966737111903985,-0.003445689977066957,0.0017751196263553481,-0.0035969025548674427,0.0005311231296090124
2018-01-29,0.010917238359753778,0.005116521199319379,0.008718406891121022,0.0028832806660603616,-7.068173161983715e-05,0.009803131858775682,0.007890308144605118,0.0070977240925163,0.007266100959265831
2018-01-30,-0.0025745582826095514,-0.0017188127163919598,-0.003777250347201,-0.0037762496543304325,-0.00513788882755406,-0.0026348397708825244,-0.0030665657611870234,-0.005105671401294254,-0.001521312226025917
2018-01-31,0.0006319016462719151,-0.00015403539393188392,0.00279269823157402,0.002295770848100842,0.005634008449488359,0.0017842055706827065,-0.0012048968371571878,0.0020184759798429486,-0.0005148452489108779
2018-02-01,-0.004917303178563093,0.0027718920360408905,0.003856055614271048,0.000732764144278919,0.003152469633847854,-0.004294778949741951,0.0016091142050307372,0.004904957465627691,0.0011629879479093663
2018-02-02,-0.002573022708317274,0.0033766857298198616,0.0054213077438922674,0.007355873169887062,0.004665280754638124,-0.0018737714053355115,0.008513467029255262,0.002988764878469219,0.004396950701614832
2018-02-05,-0.016682430474491028,-0.013786930837225486,-0.005477522785135247,-0.005041091441751022,-0.010893958518447766,-0.005716412152447337,-0.01214254026943351,-0.015642143654894913,-0.007848113866336992
2018-02-06,-0.004016066981893829,-0.008288230889013204,-0.00012891296288319865,-0.006357090824531064,-0.011880093422155347,0.008616365836092044,-0.013436036779685967,-0.002100099390080601,-0.009470626280285166
2018-02-07,0.0024470445970075083,0.002527130569461411,-0.005191957632983746,0.0010896513674667485,0.0010748221375400657,-0.004852797996805824,0.003699768546991944,0.00890044742151308,0.003978462593469789
2018-02-08,-0.009693459025583051,-0.0048308935829634025,-0.007043616031025102,-0.009139738824166854,-0.005690475277493112,0.003947028821868148,-0.011618298820642803,-0.014194855245028393,-0.016190895884394707
2018-02-09,-0.0038236735171894853,-0.002033278351971868,0.008149074591158545,-0.0006008013016098879,0.0040132240133117225,0.0061458211263383244,-0.0013962739957851245,-0.000195039160399757,-0.0031539824058567367
2018-02-12,0.004199384183187105,0.00028601894866064903,-0.004704611553442484,-0.0006494849380261902,-0.007715652803836459,-0.0024908429737467985,-0.007452139416221137,0.002847879782948759,0.0017552880853302089
2018-02-13,0.0049827307153937905,0.000795139347009366,0.001065516397565025,0.004158724034000194,0.0018007995660427323,0.0010120582195305428,0.008379644694429755,0.0022516166607624566,0.004589549989620245
2018-02-14,0.00023586535167563483,-0.0009532765698028189,0.0034964344157084604,0.004064377397143604,0.0024997031027058636,0.008592874271238893,0.004989833548985301,0.0027091646282826343,0.003427908285539294
2018-02-15,0.008562547090862349,0.008475441398203332,0.008345125861947134,0.009188381801677359,0.009278469721639038,0.01104264099155916,0.011049866617777626,0.012595432530075001,0.010554438399440036
2018-02-16,0.0019542117232105305,9.607798399735579e-05,0.0059544523538759275,0.0029133778536047927,0.006304501181137123,0.004485849012174414,0.0021609073379107446,0.0033221219194981,0.001893594521605646
2018-02-19,-0.0040035202345583,-0.005956857073879274,-0.005618988735023089,-0.0073354603053779055,-0.005149500846811872,-0.0014116329004943973,-0.000795200035145549,-0.0014849377462828883,-0.004767335766423519
2018-02-20,-0.0003954297988182365,-0.0008117083306298234,-0.0023564163974979513,-0.0010662864839592334,-0.002770567669443613,-0.004198315497395133,-0.0014186071034273384,-0.0032548918174453156,-0.00323757542462233
2018-02-21,-0.003538571164258708,-0.006325623360306953,-0.007475405286442971,-0.0051067549655630096,0.0006019815638247383,-0.006258063260152991,-0.007598789923913496,-0.002929530833123861,-0.01312862848655727
2018-02-22,-0.010465466471617502,-0.003992826244087255,-0.0024077187206434925,-0.004335586347391951,-0.006496059120472575,-0.0016178104279710448,-0.002919293546845503,-0.0034754668748114836,-0.002790857413742298
2018-02-23,0.00526820318707677,-0.0011248548566815675,0.006001795434552593,0.003648732082101702,0.0030836416589343774,0.006937267527713953,0.0015280929932566245,0.000988714705911331,-0.00016147507658625937
2018-02-26,-0.0001411136957456538,0.005020295785305828,-0.0042686787533162684,-0.003206951718940809,0.0010756406020751008,-0.002428175961597945,0.00028151891205774326,-0.00613631388212732,-0.007143579214536899
2018-02-27,0.0014679112278708217,-0.002798749261050837,-0.0016407470711263805,0.0023152774549177746,-0.00011180104398278434,4.6673205184477595e-05,0.0038449022958511048,0.0016916594287270659,0.003442458193373632
2018-02-28,-0.0071701036669579166,-0.0068201070177609235,-0.0008090815100605386,-0.006922334724479007,-0.004324794278014243,-0.0033232387874813085,-0.006264258915673726,-0.007705514166354899,-0.008991909461285585
2018-03-01,-0.003572320914183802,-0.004823549727958953,-0.005231360135330321,-0.003194101254277104,-0.010920884430905442,0.007370621880079975,-0.003572979288287592,-0.0038128568812374475,-0.008153032986921604
2018-03-02,-0.00013969028514704274,7.013895688601224e-05,0.0029846322208724185,0.006528162810397697,0.0015429192340457032,0.0044930660064090855,0.007433729163912162,0.007464781138276866,0.005878036809276566
2018-03-05,-0.0012873260257942887,-0.00434507454315014,0.00465252449493847,0.003632962028863096,0.0014208608050541027,0.005750523510792638,0.007146453318710444,-0.004244396396153816,-0.0004060944227346486
2018-03-06,0.0015844451056334918,-0.007072435081636574,-0.002734950572609529,0.0017148512838880414,0.0041556883847255754,-0.006531767003682187,-0.004016299231924592,-0.0007586384669353574,-0.0012110333616253133
2018-03-07,0.002491702956837649,0.0023939626185003338,0.0015561218736608318,0.0064938961550604635,0.0034471927285120163,0.006755900008577509,0.00503310272329438,0.008011308607510204,0.0065174073024445445
2018-03-08,0.00523634274789031,0.0033085469410489843,-0.005490663010857766,-0.00016138874583759844,0.00044501668362317837,-0.006111864691017765,-0.0042753213145987345,0.0005465325667690646,-0.0027810348055358203
2018-03-09,-0.004666563100644838,0.0007831368234871849,-0.008377253115525174,-0.008700747242001095,-0.007234197876699766,-0.0020675640881374635,-0.003782107634084597,-0.0036375522073522903,-0.005065987587897891
2018-03-12,0.009254393884215117,0.006548500081692277,0.0006205578224922625,0.00017222754338819257,0.0036024410942163687,-0.0045373381820147385,0.008101252876376863,0.006592202417885273,0.0031931145906753944
2018-03-13,0.0012989524462112545,-0.0023282854658808194,0.003811289145930985,0.0025049078334542507,0.003768985600317132,0.005938233497234213,0.004339384396642165,-0.0009783581883833214,0.0007528538859049583
2018-03-14,-0.0018937756453517585,-0.008867784040270332,0.0041131380561092445,0.004275448803297444,0.004652784599267656,-0.002328473833888789,0.0012284252535326168,0.003928776045642124,0.0031398100549655528
2018-03-15,0.0027736901828949723,0.0003860127888595244,-0.001185870083419971,-0.0013490517486015596,-5.596866573776005e-05,0.003325368184502908,0.0011612076757367973,-0.001960563162213602,0.003695378969285068
2018-03-16,-0.011473752025988881,-0.007638904111590961,-0.007221729398052434,-0.005366700104590616,-0.0023555082904813673,-0.001448601071923239,0.0015338766013885952,-0.0061001955696463606,-8.801077578279859e-05
2018-03-19,-0.009413545021530134,-0.0030782073735294846,-0.0015742557973934534,-0.002308799625633573,0.00034851159038362667,0.0032084508885779073,-0.0013336992604169318,-0.005962778887613096,-0.001319583740306829
2018-03-20,-0.0010020560998466044,0.0008715184260577047,0.001998062488658414,0.004564607286908773,0.0058626157766799025,-0.00025473061894898397,8.675570704319568e-05,0.0021439463225840782,0.003463008864527106
2018-03-21,-0.002307226394212214,0.00047421487395338247,-0.005272286864481557,-0.006885565378181635,-0.001456495236939137,-0.004442603620682162,-0.0024388810639865977,-0.008794605755689688,-0.006347629157491652
2018-03-22,0.010954714226379503,0.013739403321355592,0.007769584760031645,0.007816095488087704,0.010100362671626728,0.00509776275780216,0.006973547931140356,0.007172913143217441,0.003674681466829366
2018-03-23,-0.010455524977658115,-0.0026215515562126868,0.0023246800148184477,-0.0018364604103370263,-0.002230096134974713,0.009155156942327825,-0.00671741410947202,-0.002034902459704613,-0.006567997021322269
2018-03-26,0.0019657508605825935,0.0039128694060979186,-0.00055972594327236,0.0023843820845586006,0.002334318022136017,0.0010395021739888488,-0.002244398807740855,0.003439443979684542,6.30821206515364e-05
2018-03-27,0.006166130141331605,0.003474557846656401,0.0022226828978710866,0.008346521319475997,0.0064502413563682914,-0.00607581839177318,0.011092451181356378,0.008529542696197767,0.00758188125027659
2018-03-28,-0.008840701609318047,-0.003292336791761885,-0.0017960740281504073,-0.003982928774167616,-0.004394582635207422,6.639098738236981e-05,-0.00481259755631025,-0.0044638094749150925,-0.0058005358657637895
2018-03-29,-0.003577250800031684,-0.0031272033565253876,-0.01059960039267882,-0.00786628053268501,-0.006772711173270718,-0.01234880245530423,-0.01938711091669043,-0.008040958985837454,-0.01553245876833842
2018-03-30,0.0033586803570266888,0.002475394293957045,0.000669492359195667,-0.0006028120966424799,-0.003619539587317089,0.0031273790583037364,0.0029227681362673508,0.0024361316130951938,9.588452215991694e-06
2018-04-02,-0.0003611578144097072,-0.0004575904538623998,0.0014665765041805834,0.0009235128642599566,0.0006316758145232804,0.0015708463997985422,-0.0019112320798464477,0.0009262423656530849,0.00047645335976143066
2018-04-03,-0.0036970568541478954,-0.0021747554184364803,-0.0004188552650035149,-0.0017455142626162656,0.0006040185191584779,0.004848749434550381,-0.005253973033993997,-0.004530796159972539,-0.00528621249815453
2018-04-04,0.003579724797559969,0.008964387548325181,-0.0035683681311100557,-0.0011542031731180957,0.001561624551206009,-0.005984755403266484,0.008027204141746846,0.00842603513866913,0.0007867230257458946
2018-04-05,0.004940837814141563,0.004053461691239768,-0.0017602463078379982,0.000675729861065566,0.0013806552189383758,-0.0031656120342842264,0.0018970912913804927,0.007597094291753814,-0.00019425555961372076
2018-04-06,-0.0066944209838512014,-0.001151183938206679,-0.0018608868853914329,-0.0028668079178540973,-0.005631524351500605,-0.0025968676237494437,-0.002006938205990849,-0.007676793046070718,-0.0037735195271474398
2018-04-09,0.001820637618805243,-0.0007435012903057592,0.0027939405610162282,0.0016198671529901176,0.0059184518181008006,0.0007852781389550145,-0.0002693008366028149,0.0016368551666723352,0.0035174764169194628
2018-04-10,0.0022560079002562627,0.006038454427458317,0.0032317407675237497,0.004152599457122541,0.0033083680189738285,0.0020515580370061848,0.006528570535980105,0.004523348662700544,0.004124298800741055
2018-04-11,0.008361812829502435,0.00862353761935486,-0.00021957375019832082,0.0033009309184357516,0.0031058911933026234,-0.003398265538378187,-0.0012266204724670215,0.008675701990431994,0.007302323886735573
2018-04-12,0.0001553072907904962,0.002100747071418496,-0.001107174614771833,0.0006928037696238842,0.00048239546543227263,0.002658422111072145,0.004545895096553565,-0.00031690536052819684,-0.003229166941149053
2018-04-13,-0.0010085346641477422,-0.0017316823245961954,-0.005112650309992972,-0.003390605609685071,0.0034599113791529135,-0.0036652715044696027,-0.0008460691466553039,0.001461187332806535,-0.009711076333745683
2018-04-16,0.0022079694203611666,-0.0010315806521064008,-0.0007787031677227718,0.00023436369242313404,0.0006126191507409562,-0.0025674986859470783,-0.0006409263115777497,-0.004159406323418713,-0.007774094554215738
2018-04-17,-0.00020201773938088863,0.0028489369018960264,0.0037939152728496683,0.004260379303768547,0.006683392580240977,0.0042225163859968,0.00029999488038146005,0.002460516839932758,0.006997569118693425
2018-04-18,-0.0007612278228270597,0.0006131186313833581,-0.007212383851434523,-0.0009651184794344791,-0.00317380365206843,0.00028032050928805674,0.000971583337972648,-0.0035455452599723047,0.0014487900071860071
2018-04-19,0.0028196171745398235,-0.005361869038591149,-0.002168292003549288,0.00048278455409289656,-0.006448782711902634,-0.003074188409356915,0.00012499668150423027,-0.0021607498502715927,0.00025004178718268655
2018-04-20,-0.008410809369654992,-0.003071510702848057,-0.0030982439480433666,-0.0027160017803657954,-0.00829694715280549,-0.0008004927376530357,-0.00409435367947486,-0.008850094730898372,-0.0007614680595862122
2018-04-23,-0.008219063906501733,-0.007973866901524018,-0.004498413077475449,-0.005842116657323038,-0.00602076484743308,-0.004051248050897405,-0.0048917601907764174,-0.007686780464985055,-0.0055537633516834495
2018-04-24,-0.007375276044690016,-0.0060183799862041365,-0.002300276759569453,-0.00524987383052844,-0.004529920496940787,-0.008201453443800522,-0.007816301210634147,-0.007450874457613721,-0.007665726748674495
2018-04-25,0.0003802797325482832,0.00177047825599419,-0.00045985597432696146,0.0026564143873653023,0.003988281472502964,-0.00038601707997387713,-0.00036991559352494985,-0.004590892120161949,0.0012214089958930696
2018-04-26,-0.004618356352238173,-0.0011451930357476714,-0.004080929497872754,-0.00569636407493701,-0.0039030108989899226,-0.005129631482184038,-0.008835455624430666,-0.005774482008296444,-0.005687628538465939
2018-04-27,-0.0018892620667383397,-0.002665057486808009,-0.006491225004022549,-0.005098069250610404,-0.0014198154479375669,0.0005855019171177034,-0.002670976022836946,-0.0015685765178629074,-0.011425460120975117
2018-04-30,0.0024241389787098555,0.0023754027670168654,0.0009310680862009146,0.0010909323947758676,-0.010658703527359759,0.0018515782122037194,0.002188636349219397,0.0026353296481966826,-0.0017890227001504666
2018-05-01,-0.005649360101659839,0.0006546969933733937,-0.0024128899606158383,-0.0034309910205797545,8.258302385621974e-05,-0.002058107426075484,-0.00527172836401979,-0.006552118254321115,-0.008275897278250843
2018-05-02,-0.006569940996666079,-0.0010743981509624412,-0.006110882974563303,-0.007422782869639044,-0.01182657439021062,-0.0049967561602553,-0.009390942055520268,-0.005215760329782659,-0.011223276763199896
2018-05-03,0.0005090716066447065,-0.002856692057942589,-0.0027118830892443047,-0.003382061959303573,-0.002606090764871727,0.00040971862583782936,-0.004188137103416256,-0.0008533330518120108,-0.008163393249925988
2018-05-04,0.005570984291615622,0.0024434443288483543,0.0019652069383881976,0.003201024774800665,-0.00010854882602595595,0.006700546336422697,0.00933949865893613,0.006547892734671379,0.012390476276092022
2018-05-07,-0.0005568226730782166,-0.00040447961638800933,-0.003198267441807956,-0.0028572229693840656,-0.0029770727193598745,-0.00045812993653127076,-0.0011794688128062836,-0.0029553369101008586,-0.0009553492960024945
2018-05-08,-0.0007217457453955189,-0.0018013293238383632,-0.0013075718632047373,-0.001778117783750477,0.002836201542534278,0.0018633866169368574,-0.00035991505010590785,0.00041426033685243446,-0.0012781147143343663
2018-05-09,-0.009237106530543437,-0.0050216361548963695,0.0007092020393490994,-0.005518567539894659,-0.001246964394971739,-0.0007429674218194515,-0.008811137538750069,-0.007659072605747275,0.002089303002539955
2018-05-10,0.00134262266054197,0.007338639275413561,-0.004237064060235052,-0.0017415490223751107,-0.000650163376416768,-0.007492221416700695,0.006466335079115648,-0.00541341301685716,0.011218679825759414
2018-05-11,0.008956182513901512,0.006256951844575642,0.0023628406143312297,0.005934897250166937,-0.0015686418780822553,0.003755648269536449,0.009810276315559419,0.0046727312393137765,0.007159955600731571
2018-05-14,0.003314935679223696,-0.0008762782750142417,0.003170397714628681,0.0029044280524377353,0.0022499533904225544,0.0008962993200167801,0.0011653218365252904,0.0006341531303917236,0.006985066398279782
2018-05-15,-0.0033265586035700068,-0.0014843419525997215,-0.0004199163456565236,-0.0017539073934901284,0.0006373925779781242,-0.0035815344892391465,-0.005451104187829792,-0.007201703027883588,-0.0060066239560852
2018-05-16,-0.0076402773372362676,-0.005601274321858862,-0.001038610871055612,-0.009243950202825535,-0.004590047680382736,-0.005131547346965415,-0.01131675119086617,-0.00786566922678078,-0.006382479979474609
2018-05-17,0.006585536273442161,0.007048941558257971,0.0009196894695555624,-0.00033087668404485626,0.003563246454568514,-0.0005618398925747448,0.007372037525514408,0.006000232214388168,-0.0001046342555662827
2018-05-18,-0.0015013615008286907,-0.004168122477175462,-0.0011183904889674467,-0.0018400451940926432,-0.0024327905213293866,-0.0042317984410145115,-0.007937090711686245,-0.0028984881712902366,-0.004784362575459111
2018-05-21,0.002385176743518347,-0.003230484756011287,0.0036276465202691455,-0.002423958215423183,-0.00283016812629322,-0.0004689242876888544,0.001744706072018598,0.004300764158965409,-0.0025048155500861924
2018-05-22,0.007757104242559265,0.007921097316258452,0.0011035350254124943,0.0021934890121912964,-0.0033579522426535613,-0.0008830540787992947,0.008570755425814536,0.005639108600856035,0.009827454397939528
2018-05-23,-0.0004926276042663824,-0.0031288717904833785,0.0049096180803256395,-0.00033015821412107904,0.0006854263865994081,0.002275878349171645,-0.00023850685467274868,-0.0016313454223706447,-0.0008259317521980281
2018-05-24,-0.0015512008751654704,-0.001402571442902345,-0.0022330383068741577,-0.006651355991797114,-0.005188040757197254,0.007800149297784609,-0.003791019657754857,-0.0018638596009203923,-0.007520644017906308
2018-05-25,0.0006359690683044317,-0.0038034452344231084,0.0028750087034927763,0.0010667618428479297,0.0009100743482957085,0.005095569141322143,-0.00229684968647359,0.00033264252876441525,-0.0014100038630846523
2018-05-28,-0.001995015609674744,-0.007174734146784378,-0.0006049399563892166,-0.002875428438939065,-0.0055631692312571035,-0.002837038172240458,-0.006751854379658195,-0.0015294576238509272,0.0027590041032412582
2018-05-29,-0.0012076524989595994,-0.001200745662506053,-0.001489846095838132,-0.005301880425141681,0.0004927261316018949,0.002139165362129658,-0.004327832149850219,0.002776033050235327,-0.009929242996157384
2018-05-30,-0.008753451491174458,-0.0029393370170194277,0.0027051616286388747,-0.007535216942765155,-0.004638888127916574,0.009179500455326561,-0.012358919360604514,-0.007289104236337662,-0.016337528264079415
2018-05-31,0.011962403283578338,0.010618078693610089,0.0021445083150346544,0.011083886334456894,0.0022448975553563955,-0.002925167408824647,0.013087574873413166,0.013815590486546014,0.017812190882704027
2018-06-01,-0.0011948216679260604,-0.003940028170160703,0.003940250082851593,0.002221677519788967,0.0004386586414633076,-0.0003402565843309002,0.0008144922712445268,0.0031459545405514433,-5.681483072694782e-05
2018-06-04,0.0008855425774940695,-0.0007642682814491542,-0.0039449640406619135,-0.00210032824127937,0.005048641682878108,-0.007746482844100955,-0.0002616326553928072,-0.003678832206204463,-0.00025295137891467867
2018-06-05,0.011259081085354783,0.0023212789965019187,0.0006073279086269423,0.002737951201332356,-0.0029961895644600167,-0.0033192789600011707,0.0075210695316569876,0.007291849174220655,0.007290662233063738
2018-06-06,-0.003842822059747064,-0.001159293975872444,0.004064988202338915,0.0021927346739081255,0.006729861375257995,0.0009466341015083035,0.0019277335883718383,-0.00028820288126596427,0.0011555423755418293
2018-06-07,0.005396733598358461,-0.0005252435513094511,-0.0019271302222154674,0.005055982908025003,0.001154293704035192,-0.002415426472937021,0.0038267433952934304,0.0013373925127895259,0.002040620427327111
2018-06-08,-0.0067007064440862685,-0.0027884982779299294,0.005179324100271332,0.0008256799721879649,-0.00017444103151498247,0.00392910965869353,0.0013644349898722652,-0.0028776544677397986,0.0022081668095641493
2018-06-11,-0.001641975712599164,0.0010101017528836298,-0.004051537400506011,-0.0009544638670138106,-0.0004025102926172863,0.002293426248036079,0.0013492167103374975,0.0021311803678680796,0.0010213591513155151
2018-06-12,0.0003573814960438071,-0.0014090656960931147,-0.0014094304921705714,-0.0008360043524019423,-0.0029422366437369396,-0.008542757051625771,0.00037899994264045667,-0.0023157041979606774,0.0036822638596518686
2018-06-13,-0.0037954495362910734,-0.0022049675560661397,-0.0006080664266817637,-0.002196853815365496,-0.0001337883026952813,-0.0005975617463753746,-0.00018389610438807047,-0.001709361346078131,0.003358846754343281
2018-06-14,-0.0006662464205383634,0.0032836239741029782,0.0022344174505641856,0.0050654713259681294,0.0007628112531998799,0.0019049610858825616,0.004998468009745238,0.00291569722080931,0.0033117892671827853
2018-06-15,-0.01390067223323399,-0.010887353532107569,-0.012348124472433053,-0.020426599495713016,-0.009425478963499323,-0.0036422783691757443,-0.015447174202607106,-0.009099348660073225,-0.015929397910724008
2018-06-18,-0.0034223596612977802,-0.006130195657880311,-0.0005915051400716687,0.002539486751588216,0.0013939171581032195,0.0002531245536276927,-0.0019019188867226422,-0.003302915133599482,-0.0060582233308910105
2018-06-19,-0.004886349825698688,-0.0010748615051057175,0.0033293684433928217,0.0030007027580272183,-0.0012331221346769672,0.004349055500669108,0.0033833268852667686,-0.0011089437126455826,-0.0020767628849295283
2018-06-20,-0.0020687333766090665,-0.005090822254830152,5.0243115524262194e-05,-0.0036270917556435744,-0.006441694376190243,0.0006087102260623478,-0.007281997855520528,-0.0038253305435926865,-0.008361484375595252
2018-06-21,-0.0019172386986785472,-0.0020891592612152232,-0.0019075114276546623,-0.0008221216561060674,0.00014487923397332736,-0.002546381004993603,0.0007289172155802159,-0.005138240802326277,0.001497095563704809
2018-06-22,0.0006640172794836197,-0.0008109962498137335,0.004457334881002861,0.002309538249867682,0.005511127936342897,0.0036378954800975194,0.006405881277072201,0.00024052494830284488,-0.0012241284964750188
2018-06-25,0.008048381078945788,0.002906886709072909,0.0037960726712453763,0.0047928074505709795,0.0011007735559509513,0.000136505630738748,0.004376686504029781,0.006507619476239679,0.003294905684831484
2018-06-26,-0.0038677772757107487,-0.0014137367338916684,0.000982881767790822,0.0035458973772093394,0.001208413918979856,0.0026814180961634015,-0.0022943706749686266,-0.003830440830363546,0.0016575157535163587
2018-06-27,-0.0024171340438705613,-0.0003007655990114877,-0.0038357065692298242,-0.004485290687215593,-0.004323367452297888,-0.004123658045799172,-0.002660883117541868,-0.005603757283396349,-0.0036914719285059405
2018-06-28,-0.006557428339815097,-0.002085585749546648,-0.0060896873568212495,-0.0074354242825039885,-0.007609858209834064,-0.0010706003696494548,-0.006804568042300896,-0.00863863328498371,-0.010173376573798909
2018-06-29,0.00044075093894968553,0.005597760572008781,-0.0008219620222119639,-5.7833382129168776e-05,-0.003451867562839217,-0.002452833146231015,-0.0007507862413301813,-0.005712702436229566,-0.0069568901322022425
2018-07-02,0.007102618813818351,0.008168698762028637,0.007452973331013135,0.009996784442930728,0.010143574748291195,-0.00202329532372858,0.004632737088543948,0.0038230236037790633,0.00930141792987893
2018-07-03,-0.008072679492348911,-0.0030028765023987214,-0.003110866737207063,-0.003120034991428211,-0.004823781908195879,-0.00145216611740151,-0.0017276772019356734,-0.009959021489228781,-0.0014607583747507924
2018-07-04,0.0053862491015337355,0.003454547582075085,0.0013206287632576696,0.0014690584867949052,0.0038263071152679906,0.004193582692811448,0.0036313939958763086,0.006287122930941358,0.014769988259907718
2018-07-05,0.0004428478656017809,0.00022074282091355535,-0.00021169800906584157,0.0002681876303234354,0.002645862367272045,-0.0008506793628556553,0.0031065900738893593,0.001305050242580874,0.0060608832805171264
2018-07-06,0.0006647852214038963,0.00023604093735762888,-0.0008055931127518567,0.0028772098465015272,-0.00026447374230798015,-0.0006963661938182986,0.0063591699408009905,0.004967553777482925,0.001214867638931194
2018-07-09,0.006729857712824749,0.003061998134473054,0.003841462731249523,0.004818454594461397,0.005452124123727087,0.0014218662424565487,0.0043483861124467005,0.005857833362117537,0.0058986543622923104
2018-07-10,0.004594389986922964,-0.0010984097881402421,-0.002198935151193293,0.00039975606866438085,-0.0031813354006754446,-0.004785862891078518,0.0010627070934685623,0.002116629946324222,1.9477636063358617e-05
2018-07-11,-0.007562270588080455,-0.0024879486867613876,-0.0011586672744053894,-0.0025447016071965534,0.00013255901124287206,0.0011007899102009056,-0.0012979703146610566,-0.004724491258333741,-0.004024906444983545
2018-07-12,-0.006489302996858792,-0.004845996894077831,-0.003083564563757135,-0.0042855011041584845,-0.003566749542534331,-0.01006626502369612,-0.009696034529167008,-0.009052577446045484,-0.007187479306525746
2018-07-13,0.005562511966024086,0.0031750932878900073,-0.007080867936861135,-0.0009332123761051081,-0.0022406948446148656,-0.006275247207889856,-0.00038231644723940583,0.0024243448763370257,-0.006769240557152778
2018-07-16,0.001929482667367921,0.0006992536190248977,0.0005188598168528458,0.001132836238333823,0.0035847516323801454,0.0023665587364707363,-0.0008377830029223654,-0.0009404424031177472,-0.0017694527698571827
2018-07-17,-0.0008675067209482634,0.0014997013937165793,0.0054274866283172685,0.002599533353754291,0.0006618488563956415,0.00022248496766752446,0.0017067919514657248,0.002876929930951455,0.008133396176339236
2018-07-18,-0.005031341683880863,-0.00508206393840982,-0.0035090157177544157,-0.004801065622979439,-0.009842723032389644,-0.005645422454456428,-0.006185448830760665,-0.0016257534383758987,-0.002378089852544507
2018-07-19,0.0029151101126472234,0.0026959900090848254,0.0016823718279299626,-0.0006522460547092601,-0.0021317518512415923,0.001959382137486365,-0.0021224173636924526,0.0028259225712876646,-0.0025008609927248404
2018-07-20,-0.004881532451242898,-0.0069456943240013835,-0.00014018794494685682,0.0008158396966100323,-0.00421947081923868,0.003809095589830447,-0.006414896960601935,-0.006620102823004292,-0.004050639966814984
2018-07-23,0.009536523902146543,0.010809367646085866,0.007942533824509601,0.007444375325635244,0.009531680854328206,0.011796147263329004,0.007904678621037275,0.010860018421092521,0.006106375799155295
2018-07-24,-0.007121755378143413,-0.0038575325442532504,-0.002345957671460397,-0.004069511859595587,-0.0033804696769187403,-0.003651513403977069,-0.004186584839338314,-0.0056300879730188935,-0.0017182117635715644
2018-07-25,0.006252852493948913,0.0014220482843725346,-0.00010069122304412481,-0.0007362066255334199,0.003774600111014381,0.0019687145504556636,0.002140584989798411,0.0032188890228432854,0.004361733093378062
2018-07-26,0.004468209256986544,0.008682908827034153,0.002341108317476026,0.004448548149435627,0.0036035110054508657,0.003572520992271233,0.00605457236399265,0.005845428501257244,0.008459890757670063
2018-07-27,-0.01063468852878191,-0.0024409216686708257,-0.003058244439850255,-0.008056971819692005,-0.006882028154523323,-0.002708172065196801,-0.007319834513559997,-0.00856414395612981,-0.0072600061204585176
2018-07-30,0.0028123742853267686,0.0006125208908323021,4.0236943426696925e-05,0.0015042796510340573,0.000235986194034421,0.0019110968580433596,-0.0002284050374895541,0.0015360096685694824,-0.002598161183381298
2018-07-31,0.0008739961266153173,0.0025329685316954897,0.00597114162364365,0.004027299309011578,0.0017995270661401719,-0.0005406164856310847,0.006916195604535602,0.003971293800409059,0.009152495539846539
2018-08-01,0.001647168997688464,0.0007682030422269115,-0.0022417196761592706,-0.0015196184947062763,-0.001049661151665049,-0.007280296321402591,-0.0031077134099225523,-0.002959438657029745,-0.003896639369678656
2018-08-02,-0.0018440127787499039,0.0015001927744964227,-0.001391604453278683,-0.0020298875316873133,0.00034123032610944293,0.0016842492924058483,-0.0017464582401102158,-0.0012367011478734424,-0.0017676846743490682
2018-08-03,-0.006175180981350392,-0.001996203095405269,-0.003737176453638469,-0.0068473952277203765,-0.008227420909884153,-0.0006267319661014126,-0.008135118324731683,-0.008435612218501864,-0.009506009237088886
2018-08-06,0.004866549893656424,0.0008221298485164841,0.0010056185648084082,-0.0020464967350711794,-0.0011183664469185395,0.004099477470765667,-0.0026501406754334544,0.0012345237781399288,-0.0035979053901327163
2018-08-07,-0.0014032581184187931,0.0009845930173117967,-0.001927076441017972,-0.0003698259168478657,-0.004504784895810965,-0.0009519955245911316,0.0012583026589545465,-0.0023286987022073102,-0.0018431839973633846
2018-08-08,0.005271388073816441,-0.004426120188798954,0.0013266376450951078,0.0038869294031267376,0.00012938528636041724,-4.494932649357075e-05,0.006453581022523247,0.0015301703848886739,0.003323618119940752
2018-08-09,0.0004456425654399965,0.003057009948330469,0.0019132184930092944,0.0006734641857293333,-0.005023827292528038,0.004085082212147428,-0.0023975913822740225,-0.006808572875481089,-0.004793894711220714
2018-08-10,-0.00744624218065526,-0.002054258146991672,-0.0008752672770390157,-0.007478994461084021,-0.004130712489602839,-0.0017913703255061364,-0.01233643745604518,-0.01311459909396806,-0.006196706838469956
2018-08-13,-0.011442300299403407,-0.007924017905869163,-0.0006334416816256017,-0.011212409102833498,-0.00542251233314206,0.0041761710257723905,-0.006113249844679092,-0.003312273056519377,-0.014770750662324916
2018-08-14,-0.0027618299883866992,0.0013554721058874897,0.0014095790280952425,0.0006842021899073902,0.00030627227493118525,-0.00028921941024695474,0.00013263692112785996,-0.0014466205000842614,0.0019622785431863132
2018-08-15,-0.0044138619918761,0.005836379229790634,-0.0009153756853628181,-0.004980806300560192,-0.0035228274379649482,-0.005258607706512208,-0.0054791456118444826,-0.0006242841173490499,-0.0023078064041965884
2018-08-16,-0.0003037939064773898,-0.00664968600468574,0.0010170181436159886,-0.00012482300979776983,-0.0018786221850076723,0.0060592336506943845,-0.005069595741372779,-0.002006812004300418,-0.0076087950030910845
2018-08-17,0.0035716519306292493,-0.001223481606875465,-0.004261282480901518,0.002388010955532316,0.0016274722576083978,-0.0038557296338833646,-0.0024201786457843655,0.004069409816970682,0.002415522599180875
2018-08-20,0.0067016068929781625,0.007634166819255661,0.002170392653126685,0.005833203078767113,0.002562127633840783,0.0047884076571123035,0.003182750972388293,0.006201709529826349,0.004239432263701826
2018-08-21,0.0038737179054813,0.0014031988839491305,0.004735034028506169,0.004688443233400008,0.0044814997972519865,0.004793178926475683,0.0017351432807193312,0.0022778645737049352,0.0005400678191720409
2018-08-22,0.0031794068936437103,0.0005524072104505784,0.006298847740443536,0.0074323314978568256,0.007911093508765843,-0.0016888938396611985,0.004289775894115833,0.009397892587255763,0.006049267672752601
2018-08-23,-0.003644559776587064,0.0020448786388860274,0.0010271646092356868,0.0006950676455279581,-6.447461593728221e-05,-0.004105280514157261,0.006087127037983864,-0.0009108903143656422,0.002998353745985227
2018-08-24,-0.01224095457938279,-0.007151883974260476,-0.00301135628458038,-0.0035783983078884196,-0.0072893345458052705,-0.006994884941150303,-0.004311607943429108,-0.010614818791487624,-0.008240442545299542
2018-08-27,0.01392431937801808,0.007118303549337401,0.004102897703361474,0.009144337754020793,0.003922630911548763,0.0007638170256099031,0.009087940242825443,0.011453562046552124,0.004412029476968504
2018-08-28,0.0006173034891525653,0.0035098935077269022,0.002889553394205935,0.0029793875380468293,0.0027856480313830367,0.0013046657882909152,-0.0014501468479934942,0.00035530205833289585,0.0011397268621433643
2018-08-29,-0.0010277448110688203,0.002614131170875167,0.002867077429705489,0.0006546323554696976,-0.0022518696100758406,-0.00022491071861163725,-0.002227424080028406,0.001329309014470148,-0.004816255171832484
2018-08-30,-0.003970359520520272,0.001960585424544359,0.006492808834584141,0.0015808572704292256,0.013075072511136598,-0.004923333502940386,0.0016896238611441294,-1.3495634916815824e-05,0.0005127214036111383
2018-08-31,-0.00687678242230505,-0.006291354312837449,0.0017551556080641628,-0.003849395505841957,-0.001912606458748245,0.006423458166245233,-0.002290746180661274,-0.009594105311234391,0.0011711855309328723
2018-09-03,-0.0094231267244822,-0.005673851049726397,-0.0007221675110093972,-0.005452411025046566,-0.006758762532956375,-0.0013045836637992636,-0.00526521805544955,-0.005961347389838556,-0.003059144113225276
2018-09-04,0.0020903692123839246,-0.0026499752244750763,1.0269347142433105e-05,0.0012428484833599818,-0.0041824037216935395,0.0005041026677270466,0.00425832661050074,-1.9931105113890624e-05,0.005800879638747203
2018-09-05,-0.0034479878744078096,-0.006042037735657924,-0.004529083816546153,-0.002491129718552476,-0.0008229495088425409,-0.003346471891828462,-0.004363727524939298,-0.00832343146516834,0.0014084422729290225
2018-09-06,0.0017702849681688893,-7.600786427919282e-06,0.0027186878114435764,0.004200319378601991,0.004391072043099964,0.0001076818802090429,-0.0008180051053784387,0.00679648425723367,0.0036317600238882086
2018-09-07,-0.0007622752362759222,0.0014899801958232484,0.005810750666628284,-0.0013014936799229382,0.0008142113807569906,0.008633827116730997,-0.0026586962026521332,-0.0023173472146532648,-0.007041151635841292
2018-09-10,-0.01010745810794944,-0.0010783059010451845,-0.0032521023622111844,-0.005075289652726744,0.000375093946415328,-0.0038315491289235837,-0.0017899409253931964,-0.0070012366947121984,0.006740588748117338
2018-09-11,-0.0011375884080369048,0.0005089962828779271,-0.006288961659989933,0.003014905215417807,0.007438033596258498,-0.0020513590004450633,0.005809774980230165,-0.002490919482001086,-0.0010650645053965624
2018-09-12,0.00012088853238978459,0.007640254694016857,0.0018707052580264616,1.1616684766790897e-05,-0.0008330464388387471,-0.004112641899716829,0.007576466647291058,-0.0006842705612746247,0.0011934233049808451
2018-09-13,0.008425465469372284,0.004807710823928835,0.0029999569863403686,0.002860858097059049,0.0022960620369971707,0.0034795992928431385,0.008297059400074636,0.006928981687939428,0.0078086385466753505
2018-09-14,0.0024296152215654843,-0.0004152260552975351,0.00414079505313536,0.005378188128950745,0.005047824574023307,-0.0070706692993419695,0.005015299793053929,0.0018734813278207252,0.0030338209248848003
2018-09-17,-0.005859681584579279,-0.002859882222939203,-0.0010341128412688638,-0.005372562806159276,-0.0029021959949695475,0.0005269899544080303,-0.004352310860457509,-0.004788917080204902,-0.010060211525965146
2018-09-18,0.0,-0.00159219481427042,0.004487498986136318,0.0034540896185308867,0.005587121972000952,0.0023547361673645906,0.00831629690001634,0.0033148114236360993,0.013583744441291401
2018-09-19,0.011207483878372448,0.00708467970981963,-0.0010169764933821712,0.0009226873411831704,0.0016855399749002853,-0.005228123156178044,0.0038927701018032224,0.003861313440436387,0.0024426182398871177
2018-09-20,0.004638863127967019,0.004141470926742885,-0.003660028460109044,-0.0004553048991460251,-0.0020762217345067224,-0.0003561430152967393,0.0004087376211143745,0.008244884689840415,0.0035368341823367455
2018-09-21,0.0037160903675013124,0.0007204936960958364,0.008729370432272177,0.008678831564500333,0.009873477501350925,-0.0015823049865659744,0.0002701066411929798,0.005766515988119725,0.011119776182404006
2018-09-24,-0.0010918035224836142,-0.00032532604150026234,0.0006575048109194181,-0.002115127565657682,-0.014349268721051911,-0.00025771682554354136,0.000592079420647762,0.000574995629105457,-0.00089408323501039
2018-09-25,-0.003481506594668282,-0.002757003051972129,-0.006542229282008205,0.0001645452636427347,0.00282018819117158,-0.0023229924845877825,0.00040316073326929214,-0.006529305696388876,-0.0017668988231122063
2018-09-26,-0.0005799225663262186,-0.0006559767903818736,-0.0007562658854739501,0.0008704655560571872,0.004771249308295644,-0.0016199015159886754,0.0007993420412155672,0.00036549710882183284,-0.0021340397243220233
2018-09-27,0.0012266267296254796,-0.006098220579651925,0.0001969013119258456,-0.0012453796102301906,-0.0005401534245563777,0.002351286414430165,0.0034284172834606608,0.0028453147706273274,0.001539680585633807
2018-09-28,-0.007270015990339607,2.3043739669770247e-05,-0.012211088472676823,-0.009461223483405501,-0.0071409011247453025,-0.0057605605734233345,-0.006447089408199824,-0.006816661790189693,-0.005822494713385695
2018-10-01,0.0026079147254487456,0.015248513759859916,-0.004300865202865878,-0.0027504212446839427,-0.0030381256882768826,-0.00385773990747329,0.001468634448676509,0.0008147118625505545,-0.004146736759571112
2018-10-02,0.0006433313225620019,0.0022245032550618493,-0.002237144058621632,-0.0023966412508881207,0.00035216978460050896,-0.001316426438872642,-0.0008086695554573309,-0.0028531298217714385,-0.005827174273266733
2018-10-03,-0.005678158212673923,-0.0005305361446693579,-0.0003761302234573938,-0.0022294163309379833,-0.004725383251941828,0.0032488589696986203,-0.0023525939878983326,-0.002220807744814368,-0.007338749946530387
2018-10-04,-0.01270223844071594,-0.004589159767021012,-0.008046371602189795,-0.0065300304727187175,-0.0031834552886514933,-0.00793980557925189,-0.00733315711754412,-0.01334211284414999,-0.005871809629750979
2018-10-05,-0.0021455647772582465,-0.003250851949634481,0.00040349702229325324,0.0036397522018474238,0.006460019017287877,0.0051978408278379185,-0.0018035518821333252,-0.003137085148196772,0.0006328007330713703
2018-10-08,-0.003970809294924438,-0.002162486638672023,-6.0541931449997755e-05,0.00039173804285597136,0.007902512944015783,0.0015741182804125398,-0.0017762159568232017,-0.0068491683106786105,-0.0016021812210392783
2018-10-09,0.002942674553124691,-0.00046316222282161146,-0.0006954776410182939,-0.002471276723194915,-0.0025923888726790967,0.005464302458532577,-0.0018079276810485378,0.0022387383212314482,-0.0011344137433807466
2018-10-10,0.005834207492622978,0.0012366881193635049,0.0005042591534993868,0.0011161622934408033,0.0048812269969036315,0.0008761130504562065,0.0020345052835235578,0.005644487981396162,-0.000947387464683147
2018-10-11,-0.007134724450735708,-0.008650709616320529,0.0034101242069544124,0.002295205842824277,0.003777142092954211,0.008082630399969926,0.00463657032332776,-0.004180206956164945,-0.004167310221644849
2018-10-12,0.008549431662133511,0.0015117053564135396,-0.0015861652666178117,0.004949103265734278,0.002077698598126565,0.00010707563706424672,0.0007512611491740095,0.010320117753368274,0.016976456352312264
2018-10-15,-0.0023456892375882665,0.0006066050474813345,-0.0009084789847757513,-0.0033730113426572172,-0.009840994406042691,-0.0009982842838901496,0.005314675878195452,-0.004089039728087718,0.0006400819781355871
2018-10-16,0.003881692773270773,0.00230889842443327,0.0037182021612096605,0.002779987680046059,0.0038806914359059697,0.0031383653050056637,0.0028846823612458383,0.011088698771121175,0.0026564820283347945
2018-10-17,0.0005211656836581202,0.0044605336494649706,-0.003422744514635534,-0.0007060887366550084,0.002465965427005168,-0.004459591585433409,0.00038073426083662376,0.001527163903108475,0.003858702347835141
2018-10-18,-0.003939476417409993,-0.006863709324463452,-0.004653061796606961,-0.006428907457512012,-0.0062770283164144125,-0.0025392929607418457,-0.008608589734316108,-0.005746675803062429,-0.006157291179098023
2018-10-19,-0.0019375882993672988,-0.004121178225850564,-0.0006828857213372341,-0.0035526885741700154,-0.0061213686809451495,0.00394884167310372,-0.007034530845662634,-0.0009742279462086056,-0.008513657512368211
2018-10-22,0.0022620807161797263,-0.0018697355123020731,-0.00047183519058846546,0.004316082180734426,0.00316177402029294,-0.002622739949639241,0.005836545644425817,0.008513436955490228,0.006254385260156203
2018-10-23,-0.0057076713026203985,0.0004886879969709934,9.035449058547584e-05,-0.0036122815085490867,-0.007611001257657679,-0.00245661393925789,-0.0033567793594527773,-0.006121550656651986,-0.0014147576958519759
2018-10-24,0.002616636207085188,0.0012461625865791692,0.0014577867456995186,0.00045883747589914314,0.0011812472584593614,0.002783639316988662,-0.004091417932350905,-7.85742198530226e-05,-0.0026423450003253413
2018-10-25,-0.003976448945692157,0.0025445325168416133,-0.0022169003539255216,-0.006440624007078455,-0.007165810473900414,0.0038567225167049912,-0.006862084010948122,-0.006530358180169005,-0.009521352661718496
2018-10-26,0.002570436361509776,-0.0017750014638153733,-0.0028009716379037153,-0.001877250156367971,-0.004937448289800028,-0.003008432942721906,-0.0001762334254004072,0.0027354353402315734,-0.0004608679281656869
2018-10-29,0.0023423010289895796,-0.001893803192665966,0.0022759604257183152,0.0018350998067984126,0.0005003683744877474,0.003949685045787188,-0.0013738050965802495,7.833336543972003e-05,-0.0017460256605388302
2018-10-30,-0.004852525922644624,-0.0025364025614268426,-0.004322501642247012,-0.0019794069309045925,-0.0022275371193474225,-0.00370357515293529,-0.0037806506321116373,-0.00018933645059882043,-0.002133624654894195
2018-10-31,0.005090191836604863,0.0011285521326089842,-0.0032537612310276076,-0.0026210758262471545,-0.007307615703216919,-0.006439553860078995,-0.002235117528587627,0.004768456746278904,-0.0022510304005070036
2018-11-01,-0.0022666438633747177,-0.0033060588761157916,-0.002926686076195728,-0.002614095481043077,0.004762967379892347,0.0017811453333744787,-0.0029391228080298815,-0.00510941509124474,0.0010579364128260327
2018-11-02,0.01722025479898126,0.005141220320164397,0.005938098016925908,0.007651635381950905,0.018348212747854475,0.001206597092958006,0.009069573459196345,0.01927544558488936,0.012805395528387553
2018-11-05,-0.0009501826657098977,-0.0008014803728302322,-0.000399108499120171,-0.0005014754689952605,0.00014310176607379432,-0.003747634337431971,-2.3968547786856753e-05,-0.00031257289521624543,0.00014385533131622275
2018-11-06,0.0020340794633242343,-0.0006483707887953161,-0.0017924129613096085,0.001346619983840558,0.004034874071048522,-0.0009448656572856873,0.00028736271922569223,0.0017117999725517752,-0.0012040225096375812
2018-11-07,0.004252029186001094,-0.0005413192156507041,0.002615848724961234,0.002242044736443516,0.004169838291414152,-0.0010320542523385434,-0.00012568398457279972,0.012148080401947148,0.00206753700893314
2018-11-08,0.004460065618145492,4.571793380026001e-05,-0.00021954596941575755,-0.00038883559320357364,0.0012209559312186258,-0.001620457719337165,0.0015704872786643786,0.0064662868672114016,0.001910734931242386
2018-11-09,-0.001249862987753314,-0.002061953853884746,-0.003778872926877175,-0.005741074675465474,-0.004704073582803336,-0.0035629237399300573,-0.004569520445047992,-0.004908511808899396,-5.425105675926911e-05
2018-11-12,-0.005478079684007486,-0.003797503697250626,-0.0002982898640344622,-0.003816487317488404,-0.00982027336053104,0.0009398859658649172,-0.0060801585479111075,-0.0031835474634334116,-0.007018574434565883
2018-11-13,-0.007103897155719463,-0.0037078931365536194,-0.004266451237725066,-0.008088106657998861,-0.006223211554549635,0.0013193210579593995,-0.010329030167834485,-0.0017802688434442882,-0.0068696164096554435
2018-11-14,0.007766580611292095,0.001315713683178954,0.004384597752208785,0.006922533588078705,0.012142110673672324,-0.0008173225719431132,0.0047284413757857635,0.007697500525886136,0.011709618428987989
2018-11-15,0.00047740486933189885,-0.0016909055289553443,-9.942995467793203e-05,5.659472391705833e-05,-0.0021427169287919767,0.001981248178960948,-0.0032951234146592068,0.003328340470459601,-0.004842144168133
2018-11-16,0.005090190748894496,0.005693936200039884,-0.0007946890943223428,0.001155015031003126,-0.01691563726151224,7.928039736682102e-05,0.00247949321325569,0.004763769657416317,0.0020277534883876847
2018-11-19,0.006366642439566972,0.0019395934960235728,0.007324587724298892,0.00786430419997286,0.00522311553575272,0.007318344040413427,0.006391383689100305,0.0054898974306798465,0.006808766218977302
2018-11-20,-0.0031368741004385026,-0.0019055783441588314,0.006424996736150268,0.0035968657063256693,0.0020703647187854113,0.0025524271092924877,-0.005003523624036665,-0.0031331086514343465,0.0005779619596522068
2018-11-21,-0.010752679386446418,-0.010026303097300127,-0.001729141130321521,-0.007210096528688648,-0.005486514489261296,-0.0023069672455124923,-0.012561266679216199,-0.007280065842451111,-0.010729660085005976
2018-11-22,0.006318122628205636,0.006049161640947265,0.0006236872857612319,0.001400751225303587,-0.000932761826020867,-0.0028136433316094944,0.007178918261107503,0.005407713493786881,0.007210208962253661
2018-11-23,-0.0016457797961078047,0.0026079348566665495,-0.0002011799117902502,0.001299977264267449,0.0077256308528141915,0.00038066613129350557,-0.0009813930033391038,-0.0027713292000551837,-0.0009823547521342624
2018-11-26,-0.0022642524505834816,-0.0026765757172320104,-0.0030281038662275384,-0.00577074479834816,-0.004945582666444515,0.0005224816778335306,-0.007065355930156669,-0.0052963183400538405,-0.0054595475031836704
2018-11-27,-0.0014230041851319708,-0.002074953034950422,-0.0009016350225614644,-0.0003514024870714394,0.0,-0.005153995416872337,0.0010173491708169724,0.0005285620182515771,0.0001761014394670024
2018-11-28,0.0008458600550902418,-0.0031514419003335625,2.0063274552173382e-05,-0.0030505557939733974,-0.005352290007867855,-0.0023117467475796127,-0.0015346675064612514,0.0032905526307664967,-0.0013538727646772442
2018-11-29,0.010084772571357759,0.001461292539021386,0.00523668536940014,0.0061730609388910285,0.006309417091954428,0.0018669189843634193,0.0049285605719393555,0.01038643397814254,0.007419829416247525
2018-11-30,0.0026505113863513063,7.534206780479558e-05,-0.0029119434268775057,0.0021305226680250478,-0.0030937954908409893,0.0012696933139719757,0.0025802598438717794,-0.0005081219687088634,-0.0034774811761381086
2018-12-03,0.006997110322791267,0.0014635414591690488,-0.002404127605165618,-0.004434890019770932,-0.002423170835641919,-0.003094128793871609,-0.0027239747576038864,0.006593230485871349,-0.00016547676981792936
2018-12-04,-0.002199672369269434,0.004387124489648064,0.00048104487271172225,0.001112715552509469,-0.002163409432315744,0.0015494951496428655,0.0035609045709130704,0.00244556154641673,0.005973381861174909
2018-12-05,-0.0014912320642602728,-0.004322921819212011,0.0006217484028918641,-0.001054786760268711,-0.00041984980954989926,0.007879400065645026,0.00167123507533673,0.0018949107043226832,-0.0008082845999265453
2018-12-06,-0.010826889210418855,-0.00785924737534327,0.0001805440473670039,0.0005447130829194791,0.000560034876603055,-0.0031136831791928055,0.0006609280066249834,-0.006728829848769435,0.005189279230989774
2018-12-07,-0.004844978329457406,-0.0025161431006324175,0.003846155923517669,0.0022635879349817145,0.003999722761816704,0.0032123765594800346,-0.0015851461193208127,-0.001686362946700104,-0.0016668168160047792
2018-12-10,-0.006394624819113348,0.004974761250905901,0.003516163390876237,0.002303016380289069,-0.004503218637085804,0.0016622290375434279,0.002294847563850011,-0.0054760383701991655,-0.005699846823804422
2018-12-11,0.0008413574907404353,-0.005262046630061135,0.00022233526724657615,-0.003895309912609113,-0.012561319412713434,-0.00599924771786986,-0.007058054712126505,0.004310282898234208,-0.005282261640449093
2018-12-12,0.0030511076697850026,0.0014575925486171037,-0.003685230152090102,-0.0029439813237839285,-0.0054344029986159725,-0.0017904018633997376,-0.0019790708310274407,0.0019493370060601478,0.00029384265780785235
2018-12-13,0.0011554148688885935,0.0024276857104983396,0.0005641604113117982,0.004447013736577077,0.010860731507514654,0.0008738934566530077,0.00048304464340631625,-0.004149912237191855,-0.000161750015508888
2018-12-14,0.0005057257114435831,-7.493563707561268e-05,-0.0010064282552890713,-0.0008636638486141379,0.0020880366074731427,-0.0024215736385688746,0.0022018504956453633,-0.0003496639914996047,0.0034424637018832804
2018-12-17,-0.006816874962359942,-0.0030550501153771004,-0.003919765245504969,-0.005076417971386138,-0.005487384657817951,0.0014992342345940823,-0.007543529943022542,-0.009421108021119617,-0.0004823693578606125
2018-12-18,0.00021530456625096228,-0.0018192074999557883,0.0049365192294204,0.003881647191652293,0.0023970521193790173,0.0049720993489419385,-0.0027406211265136315,0.0025741096379054973,0.0004284415690696264
2018-12-19,0.0015095480972568964,-0.00332168436158764,0.0002115952897434603,0.002252405541810276,0.003113147696019336,0.002710535526209812,-0.009736184028382389,0.006283873279569363,-0.00012363033854856376
2018-12-20,-0.010315162391499655,-0.001328341987682724,-0.0015092167107697563,0.0012414097661415102,-0.0021467050446674074,0.0010141304988091626,0.0011118398635459048,-0.010925802430617693,-0.003532006745220251
2018-12-21,0.0002846218806276113,-0.001741015124682388,0.006990894197708153,0.005911731388308361,0.0033194515442487305,0.01114504744052458,0.005164458101457159,-0.00047417621556022915,0.013618964888042706
2018-12-24,-0.00923581043897359,-0.007134722614849931,-0.006642534464334049,-0.007335466024604886,-0.0016444022672559289,0.0010535123834933824,-0.011304594533198098,-0.008370558691835228,-0.008301992273512249
2018-12-25,0.00028212076358102856,-0.0009259569112036736,0.007912338003915664,0.002736942996828473,0.004893644632903982,0.00673553739299293,0.0025607203508690723,0.002667431122046704,-0.0007637320251309143
2018-12-26,-0.0008595621642203399,0.0016193194506193276,-0.0003042188131743284,0.001016065012271694,-0.0017383147453544634,-0.0008242913861784551,-0.0001679754435384151,-0.0008345402502629717,-0.0006946334484068117
2018-12-27,0.004067949449453545,0.0009577670826388385,-0.008246997617612606,-0.004749041800903631,-0.0031495409049020484,-0.007229833329362112,0.00010748967564944145,0.001428874819973558,-0.0040281706541175355
2018-12-28,-0.0055789937321834016,-0.00337758201820737,0.0074982633178546365,0.006138464056676618,-0.00020243969997080224,0.0031662795018316814,-0.001592145589240368,-0.005876169662426878,0.008495273380119128
2018-12-31,0.0013385235184995015,-0.0002202685193142262,0.0033549730427759883,0.0007778653659904489,0.003744667325074502,0.004758465668141643,0.006256628898646532,0.0011201759686849666,0.003822938416368382
2019-01-01,-0.0004225362956901124,0.016999804110964023,9.15120456514984e-05,0.004643244708864236,0.0035030517994496524,0.00638515547909968,0.041494728235377254,0.002568936764968388,0.016203562808892347
2019-01-02,0.0008739550312257816,-0.016960993415990888,0.0015377027301479718,-0.002727909868198375,0.001275379733834292,-0.0003465187147868587,-0.03306207715028742,-0.0016851622672199307,-0.002999875296600951
2019-01-03,-0.01829381431703203,-0.0004254601287888571,-0.006776554557241687,-0.012529146529702495,-0.01821942891687911,0.020727630385694473,-0.015189384484404322,-0.011920543912326331,-0.019307420151672083
2019-01-04,0.012611258326068242,0.011306610327892708,0.001620876781844638,0.0064473312242818714,0.008537108504435675,-0.0034041700959793753,0.01025929771145151,0.008280386065194323,0.004066046719383154
2019-01-07,0.016776535106133306,0.008190383185635142,0.0013593893643772947,0.0017001675155818852,0.008405091384908747,-0.006579352534239025,0.00986313532519123,0.008220315579059223,0.005338641938620103
2019-01-08,0.003108424708659019,0.005512981448950516,0.006802149590310114,0.006072750351946432,0.004014749235200066,-0.0008653802657875298,0.009301682060603778,0.0015128546239160379,0.006933268696472261
2019-01-09,0.00243551015342236,0.0036989345855333866,-0.0017027467715693412,-0.0020620147536289934,-0.0037703664117412217,-0.0014709463546439538,-0.0006962211365538762,-0.001954667563100254,-0.0018802222224840737
2019-01-10,0.001722157722088724,0.0026870929038460556,0.007002375128287941,0.008631489238603907,0.004851053427753271,0.005425671460258741,0.008635474609513194,0.0075040594927135995,0.005132482058639365
2019-01-11,0.0015811429084058304,-0.0020772257218334422,-0.010223425502339789,-0.003878884068224897,-0.0035710616874525813,-0.0010064224064646465,-0.0015639061183573277,-0.0008684745917423298,-0.003618760562178358
2019-01-14,0.002521771186191124,-0.0021406168937297965,0.0003151405556569564,-0.004343374419858104,0.0075171047220248255,-0.0014752591956272987,-0.00769469106414622,0.005389222871936106,-0.004831858514715792
2019-01-15,-0.0007919291884764812,-0.0006553049349903306,0.002731854309528714,0.0011128148567545182,0.0019570054393525105,0.001921479751556987,-0.0006788599528217976,0.0007508959812474458,-0.0004930996441981916
2019-01-16,0.0011459909895403797,0.00124436312315801,-0.006531841588430565,-0.004886350046035215,-0.0002187898338928962,-0.003626497575242027,0.0008785341617296716,-0.0004776669110151399,-0.0022091518387026277
2019-01-17,-0.0047986883739477015,6.788222909803743e-05,-0.0025656830514763085,-0.0016414103181224826,0.0010566814682333447,-0.0036043302902148966,3.284556551341744e-05,-0.007302074218843102,-0.0029701340119542285
2019-01-18,0.002401523693285945,-0.0016189060216751372,-0.0037133986583108847,-0.0004783813266034942,0.0076215385805238345,-0.0010627038613959527,-0.001108146382454711,-0.001548855288414197,-0.002742355001722152
2019-01-21,-0.003682229405047255,0.00039170691271106506,-0.00166772758493261,-0.002375367747233459,-0.010051369155553491,-0.004632487579386835,-0.0015434392577757805,-0.003383649483736595,-0.0012718546191029523
2019-01-22,-0.0006872495408074553,-0.0015043056119197207,-0.001945264135289393,0.0003296575934785828,0.002977943518959414,-8.201929701179278e-05,0.0004325104265106017,-0.0015546676905549006,0.0014445827090265873
2019-01-23,-0.005142180315759415,-0.0045672794782137816,0.0003009526460517886,-0.00046596104255325344,0.005118276754048301,0.002880479194753649,-0.005197746578582185,0.0032815676632913515,-0.0008447455032363216
2019-01-24,0.0036311283136201133,0.001116847101049423,0.0024432288496614163,0.002129587067182692,0.009602351778098095,-0.00125117280030429,0.004346719122511944,0.006202773535338935,0.0009987265363549103
2019-01-25,-0.007942102138782325,-0.0007040674561807903,-0.001034520165839381,-0.006561824992528664,0.003018012944651094,-0.0009580860499471822,-0.0017044590338332055,-0.004975407654254638,-0.0062407108177922055
2019-01-28,0.012441995059782496,0.009794980045676693,0.003224500800584673,0.008799478296548369,0.006617469902504114,0.001800718404422419,0.007965161426397804,0.011743367375414593,0.002924378473325273
2019-01-29,-0.0018703917868472253,-0.002963713190020534,0.000806790601773022,0.0014859055187195214,-0.003658551554015732,0.0013363696164934158,0.00046082055434548685,-0.0008610217626736638,-0.0009227134731233377
2019-01-30,-0.0009450581204090147,-0.0008363531481631048,-0.002916042675847552,0.0004688060911626213,-0.006056326124723954,-0.0014897320748341603,0.0014835507437354067,-0.0015488197456244857,-0.0015379807702426973
2019-01-31,0.013334161450761828,0.00992310043933542,0.00100652957338343,0.0045721316074203155,0.0028071558140077,0.004000669823590597,0.008981363611025639,0.01126748062522731,0.00351419287493715
2019-02-01,0.0023414845598732636,0.0011504156418018496,-0.00020130138103824358,-0.0033203826269594394,-0.0005899954868798796,0.0012586916630124012,-0.0014947507246078073,0.0020742769444790365,-0.0012153218293264878
2019-02-04,-0.0031170908267053044,0.0020535594514787814,-0.001778014354045454,0.0005040323105427458,-0.0024454891351100017,-0.0054277467680750036,-0.0003675285267169537,-0.0022833435660090107,-0.0014255777739188291
2019-02-05,-0.004826173474686168,-0.0013341915299194262,-0.002335142499784726,-0.0016581708047048727,-0.0035444562026798465,-0.004756186303180088,-0.003156068055725103,-0.0029438531997846296,-0.005590321767875439
2019-02-06,0.004121749163066735,-0.0005714306995170393,-0.001910584866724685,-0.0023048017136692023,-0.005662229766779658,0.00018188521772644073,-0.002339722697200286,0.0034924281184269823,-0.00033928564511864767
2019-02-07,-0.018471653089772055,-0.006735825435669418,-0.0023849590493900674,-0.0038531703871318435,-0.0017590811413897844,-0.00030004484369794415,-0.007137566741960311,-0.0191852441446283,-0.00964167349460443
2019-02-08,-0.002043506844188636,-0.007354832423307922,-0.00030931788924126735,-0.002392479741115894,0.0011395191107694824,0.001986245179142365,-0.0061788306441766805,-0.0033263850215823343,-0.006628470134550257
2019-02-11,0.0008948148954590618,0.002779873764238605,0.0031222815882132604,-0.001279588983948976,-0.0009573254174547463,-0.0004917662844200477,-0.005392210643010542,0.001960530552624462,-0.0011595450452184242
2019-02-12,-0.005389436154560889,-0.0019549426545076853,-0.0045921520179011965,-0.003992851395924202,-0.005621647901117521,-0.005344238760236486,-0.008046553385302357,-0.0033621675303524556,-0.0035395113198759542
2019-02-13,0.005847226328914212,0.005397427077736827,-0.002196481411662732,0.004930589046378886,0.0021788226629064766,-0.0010405634022997434,0.008036056912054335,0.0005662620353903414,0.005526094184995278
2019-02-14,-0.0017730060623988297,-0.002300284134764574,-0.0025677210273390427,-0.006150587103886607,-0.0027385047020891395,-0.0036782014924205964,-0.0018666556800756018,0.009878558188491926,-0.001508753549326669
2019-02-15,0.0015627711685317625,-0.002850282742166921,0.003731495544790908,0.0026995517431898097,-0.004543421005661297,0.003482915375890183,0.0009712287808349984,0.003600831196756138,-0.002534871290070684
2019-02-18,0.005930606939641647,0.0043810022224668455,0.0004479990581931492,0.00023725025268506172,0.008375710829799266,-0.00023516674377921376,0.0015807415691295734,0.004812699126091502,0.0021087718489705143
2019-02-19,-0.0018543532715654676,0.0003777873300543355,2.9907056700473333e-05,0.0012330288394326594,0.001434606389859594,-0.0002441466883476018,0.0033580417864771395,-0.0012958416124901895,0.002151246649856997
2019-02-20,0.0048734820981537474,0.0019002876062188534,0.0031859627149497527,0.0027449212844001813,0.010618828746620235,0.00017187734705026436,0.004298952177008708,0.0034054980168134463,-0.006340803054338373
2019-02-21,0.00043021959579148117,0.002953620527241796,0.0012799501419067383,0.0002950014334945905,-0.0012392506777408885,-0.0017424348351936514,-0.0020519418037494574,-0.0031342938075128446,0.0006373750888852836
2019-02-22,-0.008530612635102797,-0.004188919144747727,-0.0008592368918729498,-0.0002949144333140863,-0.00028694029622289285,0.0005148607729257293,-0.004309902026167989,-0.006425871949777062,-0.00657107018353853
2019-02-25,0.007087573977198058,0.007189143684009247,0.0011603140747984408,-6.799641163912629e-05,0.0018552266871105783,-0.0005777903160472109,0.0033623198053882586,0.007559229093510922,0.004078411677050031
2019-02-26,0.002080561783318613,-0.004110646607261015,-0.0003899580933616198,0.0022280586566212346,0.004712688154658418,-0.0024673959591003936,0.0005867306723035259,0.002926572384810644,0.0022447389539219653
2019-02-27,0.0027696520379532075,0.0017625983530968892,0.0003800898275978515,0.0022558243915535847,0.009970076783639703,0.004432123673543398,0.0038410471149576964,0.0014343033245973746,0.003198330629934798
2019-02-28,-0.006326357211832612,0.0012933006554467497,-0.0007895456130148082,-0.0011379817523226032,0.004541506468470402,-0.002760186152220734,0.0016961602522025387,-0.006120206752107782,0.0014152446359532167
2019-03-01,-0.006392482908367136,-0.0014660851225862803,0.0032488913258466035,-0.0005914274446006118,-0.0040060332170650526,-0.004445187429112374,-0.0017994149338513843,-0.0046116806922278375,0.003034967334164307
2019-03-04,-0.0003480053636630842,-0.008980991001509397,-0.0010418125113631493,0.00021612558930095283,-0.0018932556799244882,-0.005190384528611869,-0.00026870340580475993,0.00013647423275608972,-0.0019797319148238124
2019-03-05,-0.0011417575864213214,-0.002125938863048793,-0.00030041075037134934,-0.0033898816606555693,-0.004625652083325882,0.0014403957180595395,-0.010812100428064797,0.00011601347643286353,-0.009686025245351115
2019-03-06,-0.0006732648470614278,-0.0031003717339371795,-0.005774600445930811,-0.0026684297776489174,-0.001657809097678764,-0.0007955669224232187,-0.001168057780335685,-0.003339280663617994,0.004094057882484403
2019-03-07,-0.007421751610751426,-0.0066726340774152515,0.00029882461132291205,0.0006109592703660294,0.0019378206652849173,0.002176936773146121,0.0006456441324529383,-0.004340473679113499,0.0018289664342816536
2019-03-08,-0.0016154240204214743,-0.00012643825734393044,-0.006530149795373141,-0.010224132032449207,-0.006808095342996423,-9.855050119211839e-05,-0.013152381479279107,-0.0009741631545034934,-0.016980482562394372
2019-03-11,0.0022524892628685844,0.0019899014146798066,0.0028775594718688513,0.0030440151064905496,-0.007948844767893704,0.004987404081391755,0.0038568622699297617,0.006221533319711536,0.003121007501594164
2019-03-12,0.0048453211063552715,0.0017469421392721785,-0.0024152437422024775,0.0023869618457559305,0.020031796823401393,-0.002353119495316247,0.010295464940071053,0.004444108194139762,0.0058619187494024505
2019-03-13,-0.001306798173415058,0.002814988472657376,0.0028190617469545654,0.0025057890853388276,-0.013720114205165057,0.0003234606658351069,0.0018482951255520685,0.0024399310389078277,0.00022427891578580272
2019-03-14,0.003260048271698457,0.004663463961134262,0.004096500953457927,0.003863930829871798,0.016753272132016273,0.0009892497139962764,0.008361931961749391,0.0006652865811087594,0.007660291061912794
2019-03-15,-0.0026859704656786443,-0.0022290177765845742,-0.0001594288313616632,-0.002001644997434049,-0.002041842151496498,-0.004984199213957874,-0.0004772913183404004,-0.003097218308959482,-0.0008988685699518051
2019-03-18,0.002089579802949215,-0.0012217589432881315,0.0010474814243890407,0.0010074681462122204,0.002912044705298822,0.0017210436256487327,0.003929996909104894,0.0009443966322884023,0.006774278800491862
2019-03-19,0.002378410965986788,0.00029996730392145565,0.0013985952358923637,0.0014510758697108272,-0.0024670827031674225,0.0016879845994091092,-0.0014508142502501764,0.00035604641807118753,0.0013658033119188229
2019-03-20,-0.0014180524601333788,0.0011258754124272574,0.0024034053793877685,0.0016463550313727815,0.0005308731924855703,-0.00025134314489194676,0.002557107579970852,0.0014396986453721894,0.0029571047185825705
2019-03-21,0.006421782946023136,0.0027096200529290737,0.007669030743666649,0.006434020762722037,-0.004978416144353903,0.006696162027206798,0.003973549206407467,0.009202268108225109,0.008187776235139443
2019-03-22,-0.0038383078966494066,-0.00591096096598287,-0.0009073798888921125,-0.004629667781540836,-0.005528717210140921,-0.0013175829293634589,0.005168412275399659,-0.0053130050344069035,-0.0048864342989081155
2019-03-25,-0.0034707057940358554,-0.004469216298134793,-0.0021026139657965848,-0.006958252476328197,0.005652317180440791,0.006586045418179642,-0.01302719782429862,-0.0006878306969954062,-0.010255664243050022
2019-03-26,0.0046539910080847235,0.0024641214937763944,0.0016930359854543386,0.0017652605545475097,0.0006608320996328576,0.00011811324079613605,0.0033762409633650847,0.005122327816500238,0.0030643894585589138
2019-03-27,0.002933275929799084,0.0009641632607020334,-0.001298332641665234,-0.0036192180213564518,-0.0002906426594508904,-0.004396042271455514,-0.0009018571846489687,-0.000656256014171186,0.00013003194716554312
2019-03-28,-0.0073537505355402155,-0.0024306369404728523,-0.0011058647865626048,-0.0020477843846290478,-0.0044456351043928866,0.0005792650190941107,-0.010720192414049534,-0.015908028276452546,-0.003980380887464663
2019-03-29,-0.00019123600634940452,-0.0013998359712843467,-0.0001306733096559931,-0.0019316303301136761,-0.007311692336109843,-0.0013286981068713066,-0.0003914640080109333,-0.0024210865114514535,-0.0016045721319003503
2019-04-01,0.004339523058907169,0.0062560985684971815,-0.00017084667948241705,-0.0005498689178315974,-0.0025785622885493575,-0.0032253858293128657,0.003125322368814798,0.006237295119031705,0.001002487868313695
2019-04-02,-0.000561702999036573,0.002704531117287745,-0.004203344421912947,-0.0016136592061788413,0.0035418050994779904,-0.004091427327509889,0.0021073705225731487,-0.004963674920475447,-0.0009369424963615591
2019-04-03,-0.007241942757089004,-0.0023983017836275433,0.0010418989312657168,-0.0001680841407932787,0.004489620375323966,0.0013116759655864563,-0.0013603483946711403,-0.005590956156819593,-0.004140072857099386
2019-04-04,0.008370176635047022,7.496371765003396e-05,0.0008723534597394611,0.003846475502299551,0.003755442217487026,-0.0008079028735821225,0.004379351006953858,0.005554067169794896,0.006879168295638394
2019-04-05,-0.0010024985838901213,-0.0016984917568024782,-0.0026302057347356023,-0.0018746903030062434,-0.007584650161878814,-0.0023554111217969353,-0.003804290241749886,-0.004683280524368727,-0.0023853312811705774
2019-04-08,-0.0012073742121533337,-0.0004711847143936687,2.0029163893431345e-05,-0.0005610103836299896,-0.002972706073208431,-0.00047445107915367046,-0.0012547967664716664,-0.003884186178809812,-0.0012718037797830872
2019-04-09,0.0027916564202978833,0.0043114158279129455,0.0007907037012375717,0.0032868820627189876,0.0019333114081465652,0.002287873694415188,0.006051535709289846,0.0011390132766235794,0.0029233880097250253
2019-04-10,0.001055151082368866,-0.001065457955063076,-0.000540207153344241,0.0009351247909736848,-0.00047005303176450575,0.00315915498132302,8.54003430950101e-05,0.0019581934844805637,0.0018780041725632302
2019-04-11,0.005303470318817727,0.0007509098818629933,-0.0025543742722711205,0.0008457988323449239,0.0032224411032149014,0.0010812519342433546,0.007099364606362624,0.0023554613116030243,-0.0008749277718435033
2019-04-12,-0.0061965593742961955,-0.004492525348871013,-0.0005285562437457036,-0.0013963867106357997,-0.0033031857081636806,-0.005697866659448381,-0.004338465604289965,-0.006489265808570122,-0.002682571820955104
2019-04-15,0.007101418760686595,0.0034051876447589446,0.00033917086993140444,0.003934172506313338,0.002132724919025275,-0.003632999617122712,0.004996276667219579,0.006558862951966171,0.002570599555573594
2019-04-16,0.0004305143162837144,-0.0026555456977422898,-0.001265292965265341,-1.1282911303478471e-05,0.0014412953016269547,0.0007593068246294354,9.427189790711665e-05,-0.00016238136319857155,-0.0005720728390683494
2019-04-17,-0.0015690689343786923,0.0006512237929938713,-0.0038015633395308557,-0.0017604703698440582,-0.004305289525966871,-0.0004464156157257815,-0.00018850825375271718,-0.008481752777555362,0.0007777463776172944
2019-04-18,0.0012841147041531276,0.0008465574254223895,-0.0028701546157612334,0.0010732508493576098,-0.0005346287961979224,-0.0003838667551303576,-0.00041908103344945324,0.0024282641886059775,0.001633985747772071
2019-04-19,-0.003645512122669614,-0.002093292320679341,-0.0043750245944630395,-0.00541579444208895,-0.0034435310189774304,0.0004197260478495668,-0.002014194055656726,-0.005824633791613132,-0.0069694641328422735
2019-04-22,0.00042919238700922513,-0.0003661563877986884,0.0004436312184759039,0.0007646358213686533,-5.19241045729979e-05,0.0007058774764676645,-0.0009486494369175258,-0.0001537509756501798,-0.00017397319952150436
2019-04-23,-0.0019271614489693167,0.002667566127957599,-0.0008963298381088336,0.0012835261166872503,-0.0009477099867990502,-0.000169725381603536,0.0027913557566177083,-0.0004745172725000302,0.0004933722769067117
2019-04-24,-0.005684416071497056,-0.006136556992201059,-0.00475411556319616,-0.0030754762768938626,-0.003338038421694667,0.0004648136224234545,-0.006769122000204297,-0.004298636339272077,-0.005756035495264045
2019-04-25,-0.011567118110236252,-0.004839580769924079,-0.00014709839363657995,-0.006312881219592614,-0.002568071824192497,-0.0022562949990894143,-0.01017826534375188,-0.008851242745222532,-0.007609469503610633
2019-04-26,0.00045621674552531744,0.0011129325361045606,0.0003922604076118663,-0.0014923747591043535,-0.0006834846948479134,0.005298557283215821,-0.0030990790902282184,0.005717834492414031,-0.010535812575683479
2019-04-29,0.0037757249128538284,0.0013373405132872662,0.000568960863445378,0.0012043116734206105,0.0018734502692177024,-0.0004839089671376806,-0.002031218188435102,0.0051271277517268565,0.0021136823322795983
2019-04-30,0.0015450545435560237,0.0003939177539420413,1.9647955419532792e-05,0.003131870076250376,0.0009440616703304539,-0.0007521659099057887,0.0036414462713634244,0.0004535252401591805,-8.092634288781042e-05
2019-05-01,-0.0005499884130705235,0.004989499656518515,0.00028462548585528324,0.0027590878682304254,0.008306396446994935,0.0025315796809277646,0.0026152389744096283,-0.002129967895890039,0.0017643333626666813
2019-05-02,-0.005204857472500435,-0.003794873687237632,0.0015823878648837386,-0.0013553414770735017,0.0010181358359770964,-0.0005114922491972207,-0.004253925261368918,-0.004221925373846691,-0.004516367105583119
2019-05-03,-0.002728123455361331,-0.002249622614256541,-0.0019130087401039164,-0.002435731065745683,-0.001524965487815444,-0.00038566094012104646,-0.010043228516398495,-0.0017533593463980868,-0.004224732885848348
2019-05-06,-0.0031658708960984328,-0.00022262925504135112,0.002784036191063155,0.001096226728920291,0.009008184169515987,0.007882643205203044,0.0011766984480665599,-0.001314829328937006,0.0008914483254494066
2019-05-07,0.0027550443972259586,0.0017324432235941156,-0.0005702027401843779,0.0014338184202289384,-0.0039035330046698347,-0.0016425179914455468,0.0025141230831395855,5.944592608231325e-05,0.0005772228539966395
2019-05-08,0.002284789011191224,-0.0014923066683567576,-0.002451997977323872,-0.0009624563281714904,-0.0023262537695148966,0.004970174249151915,-0.0026982573686351596,-0.0017085854298126701,-0.0027634705139978344
2019-05-09,-0.0019306357388476636,-0.00024492575422607743,-0.0006860697120202319,0.0006494636731757542,-0.004346013256868342,0.002081323903949661,-0.0016664155813389536,-0.0018371035278134107,-0.0021779176201939254
2019-05-10,-0.0011249529423373872,0.0005198524865450693,0.005023652217002406,0.0021209636993082537,-0.00018213007165368555,0.0020126282749137747,-0.002459326214762747,0.00041504142719928083,-0.004155209789325154
2019-05-13,-0.00028637480379445357,0.0019271254572332808,0.004750555991434702,0.00128099622605915,7.806996388248777e-05,0.0013952968324579818,0.006924700902537717,0.0006525707641602541,0.0037683331655278263
2019-05-14,-0.005612318343741873,-0.002715912476531468,0.0049931590247220825,-0.0003481922963568529,-0.0036556247216913418,0.004580684199159801,-0.003951154275906199,-0.002249231771696336,-0.0017028590226630946
2019-05-15,-0.0009714868064523152,0.0011887274416784166,-0.0033308027819677344,-0.0024985821238937556,-0.004362419008147933,-0.004714083962358062,0.0015554990069390762,-0.0008346011555360189,0.0025400273967555176
2019-05-16,-0.001731840307522381,0.0013688812626095892,0.0004859411663580282,0.0002465155605368974,-0.00457374124441523,0.0017903553161791042,0.0032632991395116218,-0.0012011097884370159,0.0002988167393371821
2019-05-17,-0.004894169047467645,-0.0015153978519304445,-0.0017128708220151,-0.003005642400352837,-0.003877692758426643,-0.0036042605894563984,-0.004345956815431595,-0.004280682431793026,-0.0037625591773753353
2019-05-20,0.0014497302616276464,0.0011229533273577896,-0.0005145877729604287,-0.0007370057657791751,-0.005168928416335539,-0.002623470000328476,-0.0030069951035579523,-0.0011162464059902844,-3.630746187510692e-05
2019-05-21,0.002519151804971864,0.001467121561652851,0.0021818978030045955,0.0002904073849743227,-0.00019101118230024916,0.0008176975336924297,-0.0005009509817190949,0.0018966989786330934,-0.0020962847661786244
2019-05-23,-0.006217373195352094,-0.0006921085693971651,-0.0007135875697772409,-0.001171325515886501,-0.005103595133266525,-0.0013699837203620113,0.003117670327219324,-0.006910897962892237,0.0031100390336882278
2019-05-24,0.003201410770034663,-0.002753556190126516,0.00610226989748508,0.0026060336834154985,3.793488509917786e-05,0.006051607571204709,0.0010517640843117348,0.0042201035392268604,0.0020863517820928212
2019-05-27,0.004825320978959047,0.0028730902445810447,0.001127988294340243,0.0022418843339460093,0.004746387145173836,0.001435066217520653,0.007486557357818224,0.005350945384553718,0.008457923793120381
2019-05-28,-0.001868381258103513,-0.00022319585054431101,-0.0021714032356486834,-0.001410352939174464,-0.0033354896037630644,-0.0009862358923561354,-0.002068963400558177,-0.0016758366389680868,-0.005084497182298642
2019-05-29,0.0009003657019670541,-0.003670099393369597,-0.0029594846106917316,-0.00206665390139249,-0.0017849940373301232,0.0014906993686001346,-0.0014116954761496103,-0.00015714864258531414,-7.307696328329172e-05
2019-05-30,-0.0011208087998636485,-0.001813195194538486,-0.0013586762152331122,-0.002984744284602603,-0.0023869786917729563,-0.0017892602457034723,-0.0030996606479387623,-0.004748984337849427,0.0033193570056855304
2019-05-31,-0.0017816595210747854,-0.000953769544739802,0.0013904002006042138,-0.0005565852978207664,-0.0015635689658038965,0.0016916846180194955,-0.004086360638442366,-0.0011842418880162464,0.0013802897938381964
2019-06-03,0.0034093196240168044,0.0003475710497122808,0.007373400882837666,0.0038550003250341636,0.0023635378553190645,0.010581121259872317,0.001958111676064078,0.004227671143229195,0.005088693469029515
2019-06-04,0.006121463501823188,0.005855059625932135,0.007286146932331317,0.006466649149157844,0.0019503360814154824,0.0017125122225192246,0.0069325338554322435,0.00896615143739643,0.004668627542084192
2019-06-05,0.0027755488390073246,0.0038160966365825555,-0.0001713422542615195,0.0006865524129822109,0.003048628098529349,-0.002096896004722293,0.0003243155975738432,0.0025645395405688998,0.0007079512916572384
2019-06-06,-0.002906916273104354,-0.002205638332874904,-0.0014387514149278857,-0.0022233824627768684,-0.0011165693523954578,-0.0006831578627127799,-0.0041938340078780945,0.002670881931201574,-0.00010379647482150478
2019-06-07,0.0006278475124865679,0.004942356139407744,0.002825131425202576,0.004228744357100522,0.0007745240585361746,-0.0011617777852230837,0.004346655244073627,-0.0012575953298721299,0.0015889797266153138
2019-06-10,0.002931249785308898,0.00641348838713629,0.0012122641901388675,0.003871487176689614,0.001933966692326372,4.614964572091651e-05,0.008948624100347802,0.0057517179871580115,0.0015723158850333707
2019-06-11,-0.004970281572325597,0.0002789446402726714,0.0010112115679179468,-0.00018112820970772603,-0.002500187157991607,0.0008305386440208284,-0.003573122128633033,-0.006442183926405942,-0.0010576688282213365
2019-06-12,-3.476377118416529e-05,-0.0011295089809112424,-0.0031249778435352704,0.0010082874848489354,0.0026212373957565926,-0.0010601421981795145,0.002371407281490434,-0.00453654245732793,-0.003159045364557578
2019-06-13,-0.0043661731951901706,-0.003960112408825989,-0.00271441717510168,-0.0029933009529046206,-0.002437131716879426,-0.00012904596912588495,-0.0035917510662084595,-0.0010786284372624744,-0.0021718741342581227
2019-06-14,-0.0024887703033921182,0.00042764820322438446,0.0012078714848260397,-0.0013423121942290894,-0.0010524972321116488,0.0015417123015124545,-0.0017938633732698106,-0.0027940496918715807,-0.0009708038247615569
2019-06-17,-0.0049665943612837715,-0.006092840472377681,-0.0053063531403411135,-0.005619736054805591,-0.006625487623065807,-0.0023485601042174675,-0.003617253400431397,-0.009117941345130554,-0.000557956064203835
2019-06-18,-0.0036189595842122113,-7.458359198309061e-05,0.00015016801090728116,0.0006733588790275302,-0.0043267632804885325,0.00034084461421524104,-0.0023847321189905957,-0.0002014058236549099,0.0007683704767762478
2019-06-19,0.0038529904897071088,0.0026917911200754485,-0.0020385623932921426,-0.0023515592807045183,0.0019980780582113944,-0.0003131218870490171,-0.0012783226730037622,0.005691502824056505,-0.005742745652555947
2019-06-20,0.0007367829966598016,0.007859995718430213,0.008048758725893057,0.0035963319394261006,0.00716359735983918,0.0042362317176665165,0.0053491298062664505,0.0030610568604605426,0.005405593605501968
2019-06-21,0.005357978679062292,0.006568985058576837,0.011874997265981513,0.005082990533778808,0.004053819731421049,0.007811529341659851,0.016502954054877117,0.004596169455638233,0.007685250212992267
2019-06-24,0.0031665706030037377,-0.0013105400035292591,0.005792540143002345,0.007889659172591434,0.0033790213999060903,-0.0003261148228403954,0.006837050886166152,0.0019395673643236577,0.007004599072016671
2019-06-25,0.0030787250306894,0.0014718246066935947,0.0037044058675061997,0.0013679296106814398,-0.0008790965919884819,-0.0001398251936277628,0.0014316731997294774,0.004034155300117304,0.006791251765663642
2019-06-26,-0.0005499521626332049,0.0001972890976380537,-0.0030979960214654323,-0.002660493599308089,-0.003845209115353021,0.001502371202084074,-0.007240959351749621,0.0014062317084373444,-0.0007098734041974808
2019-06-27,0.003556150987102491,0.0043746109753401985,-0.002629424786114276,0.00042085088626131473,0.000609447259140472,-0.005309162985210669,0.005978105028874969,0.0071283025266293265,0.0026169250065126715
2019-06-28,0.0024583716529682498,0.002039093086993571,0.0007576835766913703,-0.0001591937147512601,-0.001648016372204797,-8.355393104775288e-05,-0.002013387084932594,0.0031767393375008446,-0.0009753861876926617
2019-07-01,0.0027882464556938658,0.00029796859545805354,-0.0028078206602456524,-0.0007045888946014545,0.0013456020393720625,-0.005858925966117701,-0.001373249814491051,0.003173260936499833,-0.002411080623587303
2019-07-02,-0.008336728715958142,-0.0031678697739272454,-0.007700110972134411,-0.006817681434481249,-0.003932404635008657,0.00014770749241521663,-0.007402741656583056,-0.007148990827184676,-0.007070996581002631
2019-07-03,0.00447739249696566,0.0027489320000027018,0.0018270408949456751,0.0004969057714576675,-0.0036661365489971676,0.005203812510450101,0.0018324263776341443,0.0005543354064954098,0.0028284668548492764
2019-07-04,0.005055530923613771,0.002979250876168127,-0.00040585102805923423,-0.0004515849332774602,-0.0012331342958189495,0.00024124344004494702,0.005001786552107035,0.004542085980763888,0.003028341412532942
2019-07-05,-0.0008431255765440904,0.0006667403022768692,0.0008936580783329706,-0.00019178324944379987,2.5200944372194556e-05,-0.0002689905106652013,-0.00031660161105662166,-0.0025897071445444286,-0.0018767535724326656
2019-07-08,-0.006068058774361118,-0.002080209266298816,-0.006537508833659,-0.005175866546490382,-0.004571866639963229,-0.006139723548564624,-0.009846241001306932,-0.00907129799912687,-0.01208563668563134
2019-07-09,-0.0012552161250842797,-0.002022593727612043,-0.0029072320928396067,-0.0010094279101561243,-0.0007259805877283254,-0.002271885343442137,-0.002952140740900333,-0.0004639056922244311,-0.0026325259373222165
2019-07-10,-0.006719423227000032,-0.0017447698683966673,0.0005032491937155825,-0.0006948888470127423,-0.004622012011954779,-0.0018637116060389314,-0.0011909625789633393,-0.00401368891662679,-0.0010034435580120737
2019-07-11,0.005012567342256968,0.003977685712949208,0.005759670504998926,0.004514813137107554,0.003977509927030054,0.00544615697084927,0.008489362551586943,0.006678637434445411,0.006281369598255981
2019-07-12,0.001541004468818885,0.0004208245095200791,-0.002624891141034813,-0.0005738722932974172,0.0012273435132255095,-0.0023390964814800075,0.004015970536819902,0.002752195410627767,0.0031024893119990793
2019-07-15,0.006484417949224497,0.002647154137800811,0.006605636115713409,0.0017471838155604935,0.003872177681353728,0.007010875240813119,0.0007978677041480253,0.004673091134624219,0.0014221043295317148
2019-07-16,0.003168024727239871,-0.0011112800359907027,-0.0001015719854650099,-0.0009122557209518822,-0.00429370488928793,-0.0005283134200466666,-0.00018736322735746214,0.004404386634118573,0.0020004584894153243
2019-07-17,-0.003332854127074958,-0.0029802094272124435,-0.00393732472105901,-0.004395125846612946,-0.008465024990822134,-0.002883489712148468,-0.004189389091278306,-0.0033041172406738095,-0.004114506755518832
2019-07-18,-0.0009113279129936425,0.00256647472750271,0.001408919467332792,0.0015496194528010765,0.0018278970396077288,0.002445870717393106,-0.0013630426560802267,0.004686597051013708,0.002831230076595359
2019-07-19,0.008134354722621806,0.0013347899333646662,0.004029912961110549,0.002837971106494308,0.008616242531754192,0.004990600446213911,0.0041753746613311105,0.006492637405126178,0.004674680482630533
2019-07-22,-0.0034088530320304233,-0.0012564834665608204,-0.0002034650430381424,-0.003836731081829914,-0.0023148269159792845,-0.003793679540795236,-0.0026940417747829404,-0.0024270802954886594,-0.007156267049137077
2019-07-23,-0.0015962619948146628,-0.005637692948806006,0.00044788425049824276,-0.0010869658775174429,-0.003031385928992436,-0.0008711611302951727,-0.005211349032207213,-0.0031004539862318214,-0.00320812491293776
2019-07-24,-0.004898243643946754,-0.0009970172046936954,-0.0030242077559836655,-0.004895445604800819,-0.0028733742964440756,-0.0030305540214033977,-0.007733560116479743,-0.0059960096171746136,-0.0060500708995047114
2019-07-25,-0.002582347242567451,-0.0002815424608481054,0.000710887750739575,-0.0007910757250821909,0.0037707131186526244,0.0003974458252731239,0.005017618955684977,0.00032838411350444296,0.005446096582764515
2019-07-26,-0.0038931999110799476,-0.0011551288172476637,-0.006357375480620875,0.0003343336238734729,-0.0026028317610399254,-0.004389573315308093,-0.003908486849223625,-0.006147598757939798,-0.00273156290954768
2019-07-29,-0.00660925029261461,-0.0008353430872098944,-0.0023356403304718443,-0.0012578507383254056,-0.006163564335774252,0.0003037486800989697,-0.004640794779335211,-0.003497798908510652,-0.005967076000277904
2019-07-30,-0.0009865609018604449,0.0004178460660162475,0.0017144450561596969,0.0009805837562772979,-0.012864939898824423,-0.0021401914770260433,0.0018785988523144503,-0.00094823970824498,0.0020775384372770933
2019-07-31,-0.003506350254559587,0.0012093564914190669,0.0019197308474236952,0.001338864668436468,-0.004572846778116757,0.0028002511413356412,-0.006416608009179314,-0.001978730245394744,-0.00855999243782768
2019-08-01,-0.0041764426061646764,-0.0034412837122239637,-0.0041255435295342036,-0.007728002186328076,-0.0006441942337754858,-0.0023709174378503395,-0.011844844773722496,-0.009822659117098231,-0.010168194730162394
2019-08-02,-0.006279620038196043,-0.0015816505441818007,0.0037674094967445892,0.0006425735328399185,-0.0024247399787353796,0.012929228454740871,-0.004085396089362425,0.00026214921056433305,0.00035099560322482404
2019-08-05,-0.001542000660219145,0.0008331982741924815,0.007704802617629847,0.002632558396775675,0.002296718216891591,0.00801295072087016,-0.002035277211026476,-0.004846306879176754,0.0033791608704467624
2019-08-06,-0.004342187199888103,-0.0008475577796240863,0.012239641112013144,0.012222036561796434,0.0004985306001850098,0.00931881031938353,0.0004130679764955403,0.005700551057228553,0.005935326378174732
2019-08-07,-7.437890092665267e-05,-0.004984864442440395,-0.005237130554348934,-0.0032724860429519387,0.0009492069841867679,-0.0069965833209152395,0.0010730503626446009,-0.00419382264353485,-0.0003582294499470118
2019-08-08,-0.0007231330300375705,-0.002343886569251441,0.0010567640235725761,-0.00023529143961464882,-0.002173631740939874,0.0020353726793229665,-0.005325487871284729,-0.012418661159143807,-0.00551302880044402
2019-08-09,0.007928821498546235,0.006312378615469072,0.0007905833070276369,-0.0015326269737026,3.6420642120393865e-05,0.0023329773756259886,0.002716520920940546,0.005337761002681907,0.0033457425701632904
2019-08-12,-0.0051233121289755434,0.0008019799488778734,0.002583857880024132,0.001905377916114892,-0.010026306329441459,0.004668698140766647,0.005993068116075362,-0.003535171821187455,0.005735148277296043
2019-08-13,-0.0030874426233314933,-0.0014202947602470761,0.0022595192750056725,0.000875098419323983,0.00472276746161171,0.00022781444983110966,-0.0042333373766046956,-0.00225689810655183,-0.0018593000877206167
2019-08-14,0.006199567144596907,0.001831629241428434,-0.0067329183486593,-0.0036772366987478655,-0.0012064277412058289,-0.01155825754042128,0.00473052477114666,0.002171323426712668,0.0019877755950221676
2019-08-15,-0.006436517351950055,-0.007362853112746204,0.002403754750887499,-0.003019839816450376,-0.0003135323135413648,0.006363495310897527,-0.012395827236039492,-0.0036058664552868214,-0.008849234792950522
2019-08-16,0.002776806285351485,-0.0005181261343518706,-0.0029089240052077026,-0.002667292846995184,0.002587526969467957,-0.001574237310470461,-0.004353171605521511,-0.0005919825658126099,-0.0011666170925340724
2019-08-19,0.0020428013167144154,0.0037687744595644723,-0.003063433996788878,-0.0017750133088455522,0.00574001786817413,-0.003260360058957801,0.0016441417794972324,-0.0013046150676973012,-0.0031701523970182333
2019-08-20,-0.004533182739565267,-0.004569430032766109,-0.0019872264739027035,-0.000964196016010388,-0.0024262365660541185,-0.0013511475196953393,0.002394221499418814,-0.003407281424770092,-0.0018144898582888036
2019-08-21,0.0028658710080131655,0.0009612843338857591,0.0035283047690664038,0.0013206089644373087,0.0025418986316216863,0.002822848641299114,-0.0006232027996575518,0.0010321563561930258,-0.00018483243565969865
2019-08-22,0.0014452479073465696,0.0021827519794559436,-0.004175542512153352,-0.000632149682732841,-0.0024749784685402787,-0.0030300857107166124,0.005749629953964996,-0.000954394696592531,0.007186278816350811
2019-08-23,-0.004296719344838773,-0.0006994589571541754,-0.0017892421994540886,-0.000609655232012174,0.009862770556560374,0.001211610999779289,-0.0046866191938371715,-0.002651054456933477,-0.005925883129615617
2019-08-26,-0.007070230735127692,-0.0013295421801017282,0.0111116386972816,0.005326444644177641,0.0008583684305674133,0.015412247589907002,-0.0018902761801018464,-0.003964152721253167,0.004019029139322727
2019-08-27,0.009165928577623106,0.004587941206922963,-0.006383376884720793,-0.0035310081699094775,-0.0032999690855746167,-0.01062484180117318,-0.0010075341008083383,0.003761856559910015,-0.0037228030935093637
2019-08-28,-0.0022424939977692127,-0.0024840202741566175,-0.0018350501444053258,-0.0012309884431378482,0.005011550824358668,0.00226974092685861,-0.0004918193865566245,-0.0035132373531248096,0.00024828795246989444
2019-08-29,-0.002190350755274295,-0.0016382206453069426,-0.000438168523598792,-0.0003769751693002421,-0.005266163400717505,-0.0031300153990450053,-0.0035214551746692857,-0.0042712810387356415,-0.005242448911022546
2019-08-30,-0.0005590266127091237,0.001957739538332115,-0.004534439245951094,-0.0021569993116826724,-0.0026200935565113825,-0.003457447837947769,-0.005920175953356366,-0.0030767801152327134,-0.005507216450177044
2019-09-02,-0.001211061166906946,-0.0027033126254518702,-0.0035378395801829443,-0.006342304929374376,-0.0022372585771441855,0.002921049984944135,-0.0020349000909166692,-0.0026905027460714104,-0.004333125596708287
2019-09-03,-0.00225539722305379,-0.001200050319499324,-0.0010400253265424597,-0.0021168948030496626,-0.007614088283933507,-0.0006121160615146781,0.00023168958662656003,0.0006999345756517616,-0.0014873086872796426
2019-09-04,0.007670340774786011,-0.00039735536144180905,0.0035466947245330616,0.0005487410040276863,0.0019707090670102456,0.003136194937039649,0.0006371594714198459,0.0053437258440252045,0.0015200799412029564
2019-09-05,0.005317643853303355,0.008544205045777797,0.006106978314286637,0.0055064510953648504,0.013106337061422613,-0.004363949217256358,0.00845122115100927,0.002790525359158913,0.008798246114461561
2019-09-06,0.0017438003663261537,-0.0002797079286924742,-0.005465244756588605,0.00012142419781158154,0.006124989294529204,-0.006976629349808916,0.002176085128307026,0.002517208347023514,0.004781618351628492
2019-09-09,0.005121317150129867,0.004632486758471499,-0.00179145745968734,-0.0014217004063976635,-0.0033163878505195754,0.001187516029079294,0.003025448857924218,0.008554416024712186,0.004502387673297692
2019-09-10,0.002718676802093034,-6.834512641318291e-05,-0.004423665493240914,0.0025190469937259596,0.005073871020024878,-0.0036520333004632644,0.006441943946793982,0.00014142768324942878,-0.0017708442070895059
2019-09-11,-0.0009876657255075694,0.0017648746596210518,0.0007966921945983252,0.00017673613036772728,0.00076602565650008,-0.002444242490804993,-0.002987781616372809,-0.0015467682502380287,-0.002128747802366826
2019-09-12,0.0022271389750536663,-0.0029428677861403907,-0.002133415867640154,-0.00333711195582298,-0.0016282350135076173,-0.003897438780542384,-0.0002268187556204726,0.0003917256545942216,0.0005687514839998187
2019-09-13,-0.0014414274736440635,-0.0020436523565885434,0.0031901145441024514,0.004069486396331534,-0.00043152154205794435,-0.0014328388525342017,-0.002636126181284837,-0.0028490642091252294,0.0040434941444480454
2019-09-16,0.002339155387494962,-0.00011358850538478737,0.003749283600906761,0.0022721208923117686,0.013622146679528546,0.003813883126449369,0.0056674838891273005,-0.002637118820608464,0.003772144129732924
2019-09-17,-0.0024706670021187316,-0.0020995413060441726,-0.00610321511032863,-0.006988703977614419,-0.0055057780145088,-0.0036612430704940913,-0.003528282053007481,-0.006641219564149647,-0.006208240638999829
2019-09-18,0.0004806275150655015,0.00013596648489166974,0.0003828355630279834,0.0062460093225475966,0.005963660192606524,0.0006846811210543535,0.003833189298794615,0.002996486964840006,-0.0008267258420004975
2019-09-19,-0.0059041734608556995,-0.004137174083321926,-0.004273679317326362,-0.0039051159828811244,-0.002568843518890418,-0.0031174088669922995,-0.0026047388720490394,-0.006428521439132084,-0.005824499037262676
2019-09-20,-0.004822892523460021,0.002768269015394287,0.00408972146172526,0.0015468169869332637,0.004371264594381641,0.0035542311182290565,-0.0029759272707489126,-0.0038787119402451387,0.003526457240524916
2019-09-23,-0.0034995249378663162,-0.0006558038777977337,0.001381878738216269,-0.0026665498509088614,-0.004240502365426169,0.003613494755515312,-0.009789562662557927,-0.004650351341683012,-0.0008612804375728311
2019-09-24,0.0010298927787926182,0.00039968065102469197,0.00156596025730793,-0.002297737141640277,-0.0029967827095970234,0.0003531326288457315,0.0022233694622515454,0.004861905691659452,-0.0010612103162617181
2019-09-25,0.003467737863577236,0.0015180489456219082,0.003976081482132354,0.0021041610122873866,0.00413292586320968,0.004208508444610848,0.0035855817457908223,0.0032729729681129083,0.0037541192441539195
2019-09-26,-0.00648512751103647,-0.0012371436602727215,-0.005005753172305338,-0.005804942170237082,-0.010122516022328276,-0.0049121505963054535,-0.004024438913523887,-0.0070269254001057435,-0.007574600046729274
2019-09-27,-0.00020267062890544363,-0.000829020292443805,-0.0025468731277734635,-0.002752623786713926,-0.002232070088274085,-0.0005938914147292085,-0.0038438547952235336,0.003873448107936772,-0.0018092997302658897
2019-09-30,0.0010141763175357532,0.0024933520669503384,0.0025129111819797156,0.0018274149347297097,-0.003147084741607631,-0.0017416766065155853,0.0011909361399540241,-0.0018921538548021255,-0.002232544990153462
2019-10-01,-0.0011481236425926467,-0.0005286187359870853,-0.006716157560597513,-0.003934782765000033,-0.00025804246907756845,-0.0011566684221967494,-0.003213841194316003,-0.003832631698714284,-0.0057928380021338155
2019-10-02,-0.006574501722532156,0.0018915466929816382,0.00495628574466811,0.003236798112715489,0.000184391336420342,0.0030815851000778327,-0.00278739103293435,-0.00290347444190564,-0.0031901569263500518
2019-10-03,0.00013424734064093613,-0.008350634152693992,-0.004063303284734587,0.002631231814619106,0.0009843382570287051,0.005356302891578624,-0.0001676376551794645,0.0036662338308224296,0.00010029421569046626
2019-10-04,0.0053220015714869895,-0.0006298918404114007,-0.0014225932627731641,0.0010646919993482218,0.0030855543776642236,0.0031547153932045546,0.0010334389370239006,0.005887802112935825,0.0015393409662014523
2019-10-07,0.0028478989223421625,0.002284688777673738,0.004185139645072722,0.0010217427997381012,-0.0006413293908317241,0.0005806869356352884,0.002395040029196549,0.0020276685754203605,0.0015783108836271431
2019-10-08,-0.00473293093052396,0.0002931302493032195,-0.0007740287296599258,-0.0013166996248463736,-0.0037601767648407503,-0.004540745673354718,-0.004433907342737964,-0.003957488234870632,-0.007282370084994105
2019-10-09,-0.0006526620546513096,-0.0014262447650069676,0.0021760558792032203,-0.0010959258329719113,-0.005572108047110613,0.0027112771898072374,-0.002819754355293691,0.0011023437499260158,-0.0027076375202919056
2019-10-10,-0.001478041943471009,-0.0010199165776358932,-0.0002819706512796616,0.002527190822104286,-0.0005373390653404808,-0.0020246959806112796,-0.0014031165489152286,-0.0017041206352372829,-0.000624486107965283
2019-10-11,0.006702378260105446,0.0036956413092448237,-0.00326262927015164,0.0021140823313881008,0.01802800838613705,-0.006507191949225666,0.006087198098152946,0.00607944455940701,0.011277422936187165
2019-10-14,0.004906948384504561,0.006583831611712387,-0.001673685056892138,0.0017229052205089967,0.01494597160033373,-0.005338444779368512,0.003864615296736984,0.0003924264798647048,0.002456782941365754
2019-10-15,-0.0030881973120676642,-0.0018904552787113449,0.00018043546606083538,-9.046068807616603e-05,-0.0005725712577731024,0.0006550461784298189,-0.002780064830483764,-0.003569256305887114,-0.0008128546039356532
2019-10-16,-0.0032766112277817783,0.001666419856536816,-0.0009013641400092975,0.0005187098166072879,0.011803558970202799,-0.003942406509990448,-0.002186694773602227,-0.0016682859595257282,0.0014771290153119399
2019-10-17,0.0004729043795816956,0.00015144997775218272,0.004324996684700544,0.0036435624311303982,0.004950021939582383,0.0012882154193842865,-0.00522143414462628,-0.0011759057480299484,0.0030183050791894317
2019-10-18,0.010224568394219036,0.004887419199448795,0.007009054798783554,0.00471791789460152,0.003493786221631545,0.0008841387558815583,-0.0005142187723512492,0.010612578558286012,0.007089199686526992
2019-10-21,0.0032594714827027804,0.00028939934204319506,0.002426584575401902,0.0025658447178631416,0.0024575339176549083,0.001595861513622232,0.001983200099925142,0.0049070449960184614,0.0045699761432125285
2019-10-22,0.003339145487931905,0.0034691718841490804,-0.001024424591679396,-0.0003568028922085187,0.005538882467000628,-0.0017771548802030246,0.003095048142234713,0.004069002896883722,0.0022616613232664395
2019-10-23,-0.001351704226537298,-0.000565092470959927,-0.003456845253067331,-0.002014480528594542,-0.006700034811581879,0.0010876931312930882,-0.0011253243129392132,-2.5656466238199727e-05,-0.00013691371942803343
2019-10-24,-0.0016029398465809974,0.0016063572939482018,-0.0007676182259092057,0.00027827990030759864,0.0029852348099139725,-0.001463490956833624,0.0022040793288771177,0.001541193721887657,0.00016087971322620298
2019-10-25,-0.004914774751744511,0.00018359394309630517,-0.0022673010240333857,-0.0025538302527958745,-0.0064201005166041325,0.00033143180365735603,-0.0019853348927820758,-0.00683694045522365,-0.0016841202768079766
2019-10-28,0.0010809334256234315,0.0005817646752306338,-0.001860801630320874,-0.001773545888299255,-0.0006416185684841036,-0.0011771695208999677,-0.005611392404538229,-0.0029950005443841743,-0.002358022721724806
2019-10-29,0.002285746928011756,0.0005668458543599542,-0.0005629354323545277,0.0013430624340129427,0.0019799734046457296,-0.0021107497348713533,-0.002734507783426654,-0.0007560846252356868,-0.003069704403784179
2019-10-30,0.002381711177127377,-0.002551765511529469,0.0006437603808386871,0.0014116106506520953,0.0007205904836624644,0.0008266100027323198,-0.0008345309344925944,-0.00027954835492360885,0.0007628254014666602
2019-10-31,0.006125311058083893,-0.005803093063361908,0.00506516853282557,0.0035693662573050844,0.0027223190975276257,0.0007813205685165414,0.005774088964195956,0.009050328270279184,0.0058160220604390744
2019-11-01,-0.0007099449671675861,-0.00015951908887623656,0.002737169269791284,0.0002342615162191919,0.002937237601446041,0.007342857619207166,-0.0018463970716644518,0.0008403758322157451,-0.00041564579742559005
2019-11-04,0.0036285145451879774,0.0020928760111806888,0.0005781863232783291,0.0008486785701768973,-0.0001552345409658873,-0.002069848650079642,0.011111459672460189,0.00313392010208724,0.009386484232955628
2019-11-05,-0.004006729347776128,-0.000882041397843536,-0.0024790185971624856,-0.0034052868952607618,-0.0035580489489496214,-0.004360857290854114,-0.005054874048309843,-0.005096196025893396,-0.006094405823942162
2019-11-06,8.269917655501224e-05,4.5685867240186084e-05,-0.004141453763546354,-0.0048837204070870666,-0.0008500826178956533,-0.004141273739636464,-0.0039793352795574055,-0.004385515751026747,-0.0038016728625084317
2019-11-07,-0.0019661919815073814,-0.0026241123787316134,-7.05668239596724e-05,-0.0003431754059061154,-0.0018514490909343762,0.0021393378630292226,0.0005672830698824072,-0.0012287077753263542,0.0036084758135648265
2019-11-08,-0.002370561426635609,-0.0031375228737338112,-0.002141536281256351,-0.004579755477884806,-0.005972158669713679,-0.0033036225834114363,0.006818199195612884,0.002295285975443262,-0.0005921387633990305
2019-11-11,-0.0004361105437716839,0.0001436799481380202,-0.0025772672085200288,0.00024913478938515254,0.0012835060609750482,0.0004394938137712856,-0.0033364476712931523,-0.007571968825854425,-0.007994057535628873
2019-11-12,-0.001130297241666245,-0.000513882855249892,0.00418927003531766,0.001180689130078516,0.00484768820226944,0.0016874058456282093,0.0007613824482122222,0.0050855213941845,0.0010224176206510283
2019-11-13,-0.000912917963201032,-0.0003551052892135642,0.00035258646369418223,-0.00209231461913173,-0.0004883913420118402,0.00044960321098841405,-0.0037173010988911237,-0.004442006733712867,-0.0019400130866183973
2019-11-14,-0.0006573580997438766,-0.0011469438354648753,0.003021216632928203,7.707426939429496e-05,0.00012846479285544277,0.0017923096110192827,-0.002188838068251653,0.012420100962527547,-0.0014405334739677755
2019-11-15,-0.007484066358407926,0.0001584382825758901,0.0009101919800389435,0.0006612505960075232,0.0021771289887020373,0.002820482293477422,0.0018208676573285842,-0.005226648203605078,0.004905085666055964
2019-11-18,0.0040759862673305225,0.002072260354156752,-0.00021841282821000174,0.0031396489910286984,0.003062273413422023,-0.0019043481282026153,0.008993369924931827,0.003136868270492421,0.005084733843827127
2019-11-19,-0.0015788800331884012,0.001181189036551178,-0.00011521998097641095,0.0015611910211783542,0.0022923458234367367,0.00034045879156785475,-0.0030290042780333204,-0.0007164508949957238,-0.0009825430886694075
2019-11-20,0.0028917606018814546,-0.004860064963149835,-0.0012218738348006575,0.000690340731384298,-0.0016484777837035836,0.0020010407972905764,-0.0017528257615762044,0.005344390830754664,0.0005667922882983678
2019-11-21,-0.003795277705824218,-0.0023079213150553057,-7.065556022245456e-05,-0.00010307083300920006,-0.00018753365855783688,-0.0003041827127413521,0.0,-0.003173462211870315,-4.355943120093464e-05
2019-11-22,-0.0014088056930828818,0.0018074418987152896,-0.002337052114046667,-0.0011730626846091496,-0.0005555135969420588,-0.0009854239462421255,-0.001367519191645461,-0.0006233807672948455,0.0016657503948689367
2019-11-25,0.00038039620727503554,-0.0013312721090423807,-0.004911826532801311,-0.003912969895997098,-0.005141356865361213,-0.0013336178422144185,-0.0017680598365774625,0.00036086537358581694,-0.0008332710774483498
2019-11-26,-0.0022972178889710815,-0.000556210257334544,0.000862848319170828,-0.0007379091269722471,0.0034048479388344433,-0.0024037857455518896,-0.002691381968706996,0.0009045814020964826,-0.0015145334966744084
2019-11-27,0.0018595448587819252,0.002569885985285625,-0.0008520753361024314,0.0007384540389474559,-0.002816530386168359,-0.0009624770325172838,0.0018113444250564825,0.0018509180771077993,0.005979609832026167
2019-11-28,-0.003211047675638401,-0.0012494651078008845,-0.0008813514357803864,-0.001606680051341125,0.005365892407971362,-0.002468721378959482,-0.00016365706219245713,-0.0021739477206426105,0.00044267286793586713
2019-11-29,0.0002659977849959194,0.00044426211554582373,0.00011021092257057497,0.000627739250439241,-0.0013171186798056622,-0.0013240948123147689,0.00026183660688028354,0.0011041664904616333,0.0031167576611559333
2019-12-02,-0.0006203496887861037,-0.00031615288159037025,-0.001749859437911283,0.0006611214165122004,0.0,-0.00021000249913227798,-0.004651978940032664,0.0018717632797384809,-0.0021777564285279105
2019-12-03,0.007984878213954438,-0.0014357447758003294,0.008755076747526847,0.005450891561823434,0.0021481488798542614,0.004705476631747363,0.004168556295688797,0.01036558379314867,0.002958745190577705
2019-12-04,0.004382400573003098,0.0008350632203213415,0.0045901436176643,0.0005542388512287388,0.004419280898901201,0.0033961629804357685,-0.0015343785330735882,0.0030036284940144764,0.0017228756473672835
2019-12-05,0.00013159026134590412,0.007519310617964514,-0.0013660968183272226,-0.00019948428741312085,0.008732079719653285,-0.0016447446825170742,0.002598582337762112,0.004894341066734809,0.002631722399315306
2019-12-06,-0.002423657233675325,0.0012674581984883915,0.0012664930341674818,0.002021162890928796,0.0035922858321193463,0.0008644794912264775,0.0023310879673381635,-0.0009292574975984236,0.0012721514527667122
2019-12-09,0.0003389779648621527,-0.005569901872630734,-0.00351346535522179,-0.004191322504694672,-0.0014322239795732106,0.0010218459697577398,0.001140489974972958,0.002302260992073535,-0.0011854051099626783
2019-12-10,-0.0010705667140865627,0.0009594668051864375,0.0027537036723028763,0.0005521259976966064,0.00047322379811265414,0.0004144164653674398,-0.0020129821918233315,-0.001584808519872416,-0.0032403693580742576
2019-12-11,-0.0024309760541700864,0.0004610338962176552,0.0033418972085528242,0.002508082857232141,-0.0011029713484080883,-0.001673340504634746,-0.0032304898370533186,-0.0005759510929418399,0.003986532717237701
2019-12-12,0.008675374856717877,0.004425767022845584,0.002107094572682877,0.0038863998572851166,0.005240337050519184,0.0019806385204768073,0.007493237446143608,0.005467311967634947,0.011717122021928317
2019-12-13,0.008243157754833641,0.0015206714519448994,-0.002629468956557024,0.004507980252282495,0.020846296493304717,-0.007896670388171989,0.007570965536037644,0.006032560647369012,0.004451641491749481
2019-12-16,-0.007555291186236435,-0.002328683772375384,0.0010468188694416902,-0.005506554292647348,-0.009053530124794373,0.00011883444332716486,0.0014104770263096977,-0.004199469630708608,-0.004233421674073812
2019-12-17,-6.87533525929318e-05,0.00154972977990675,0.0007729446809856544,0.0011248544504565139,-0.006052204616901702,-0.0016061444005203152,0.0014579283238504992,0.00013715213580312025,0.0015193173549596928
2019-12-18,-0.0031590566009924714,0.00028880115542229134,0.0035725065203415785,0.0012935688381461308,-0.011324402644788512,0.0005478428652405665,-0.0014370251213128293,-0.0037036846197424644,-0.0012658002573903149
2019-12-19,0.0003064342671967868,0.0034543140155061103,-0.0003162663251962128,-0.0031792335118151493,-0.002656786032927627,-0.0003195193226028792,0.002028303499932882,0.002330859568092869,-0.004136256022925777
2019-12-20,0.005587429661489063,-0.0006933814906291413,0.0018502909519455546,0.0009012606925509203,-0.005337108741370389,0.001535880919431909,0.004886523555760691,0.004271769253852531,0.0012142355659590098
2019-12-23,0.0015809540477889072,-0.0017800145085238306,-0.004153599252035511,-0.004143951861756645,-0.0009233666150083586,-0.0010593458741294803,-0.0004716406266452866,-0.0007731111979437655,0.00023397886279385993
2019-12-24,0.00308517296178068,-0.0001369054472953879,0.0008253203171999512,0.0012647340712363953,-0.004647223490202301,0.0010696162173817747,0.0014170333672700597,0.004100199556936968,-0.0029445896565313268
2019-12-25,-0.00048310658968409026,-0.0012002429826446503,0.001193491340667041,-0.00033268147392939706,-0.0007761275398193712,-9.137166236961036e-06,0.004536334106291617,0.001266102423221005,0.0022817682229032688
2019-12-26,0.00041548475963160136,0.0006841734106832753,0.0009189607466830729,0.00047715262316239127,0.002983886991812179,0.00012800646017141482,0.0006410003887962201,0.0006022375385639211,0.0012982969404926603
2019-12-27,0.0031259021743079707,0.0035856460297021275,-0.002109091191761614,0.000510553699354821,0.0022103302686420356,-0.0015792711588651365,0.0033437459320195817,0.0038688766026986343,-0.0007603555600262935
2019-12-30,0.0052721441294132365,0.002646542101803373,0.00796950663323659,0.007313235600164614,0.006899486240268482,0.0010417663817583467,0.00833536306887761,0.005049950598309261,0.008396919868184138
2019-12-31,0.0026353067946427444,0.000980099990644634,0.0052445046940430284,0.0017878774213926363,0.0016128684190563902,0.005097685372639882,-0.0011773569720590071,0.0042293935161505924,-0.0019946712833780467
2020-01-01,0.002228598077470112,0.004506976704953036,0.0014785304644633346,0.0016540089524841317,0.011405898721910335,0.0017666505019720002,0.054931693420052996,0.007575659686335667,0.01895907684158127
2020-01-02,0.00035803548857948897,0.002235415423659015,-0.000310067375736911,0.0,-0.0009275109602061571,-0.0002943316937185081,-0.04707654866583011,-0.007164364742794693,-0.01805153868485221
2020-01-03,-0.004889617214061115,-0.0007702739802755154,-0.0038097384367482556,-0.004401494957191221,-0.007365528652949149,0.0015661827118609306,-0.0023809040796268777,-0.0054874248835453665,-0.002350007472388449
2020-01-06,-0.005867888501329466,-0.00027721808893921285,-0.0002882433171172982,-0.0008483365294456036,-0.00551984191111865,0.005362920946469174,-0.004901369162061409,-0.0067019295547025015,-0.005130962377232762
2020-01-07,-0.0009920655357222863,0.0017510033188326002,0.0030769166385518076,0.003228338291148658,0.0068748043383457524,-0.004077277549131675,0.004856942887801363,0.002134293841687729,0.0006572832993454458
2020-01-08,-0.011087061454871705,-0.003014634218789114,-0.000340587427180683,-0.0038628596467005227,-0.0042751428381604395,0.003610570599137386,-0.007575687436846779,-0.005742661591113474,-0.006907934758349277
2020-01-09,0.001953458783661821,-0.0025620418205913875,-0.004490375705853311,-0.0037228795184237606,-0.0006551468571631691,-0.009309273565555443,-0.0007624773370609184,0.0034802572544609944,0.0018388303166445574
2020-01-10,-0.002995493103082003,-0.001990395906264042,8.226019407842067e-05,-0.0001888991043865751,-0.0026664228835899806,-0.0043468046586060405,-0.0013551941966958303,-0.0069582300180418555,-0.0035917615396079405
2020-01-13,0.006915074040380054,-0.00022198799786710133,-2.057993774595701e-05,0.0005001783132465576,-0.0018785000128145324,-0.0005384709388991382,-0.0015183232819730996,0.004493718589791973,-0.0016839051906274438
2020-01-14,-0.00024625801828548344,0.0007506507359362757,0.0025136248833637076,0.0017148976262311155,-0.004402990605083201,-0.003872962447952766,0.0002924874501855079,-0.001636826549994752,0.0039061366428385647
2020-01-15,-0.00034075091514174094,-0.0007577460717640427,0.0037536498269123975,-0.00043409236158020725,0.0026435283439527613,0.0012562172789123416,0.0017130045614206502,-0.002584468096875736,0.00033081002493418055
2020-01-16,0.0016303540393654004,0.0021092492164489496,0.0034969254158918606,0.0020757662165888924,0.0014345360972436438,-0.0002639803896357096,0.0019988024416399686,0.0014364399446995524,0.0005499387886771512
2020-01-17,-0.0009834022715842217,-7.670572411222487e-05,-0.0012229429206820353,-0.0012933037942931547,0.0028773940196127334,-0.0026503272866369443,-0.003466033387937939,0.002874342084528303,-0.003099388858990304
2020-01-20,-0.0027837373768780926,-0.0018830972222401154,-0.0034393286131110257,-0.004038394119527999,-0.005463193852872195,-4.5355358543774926e-05,-0.0025032011278157684,-0.0027869089446326267,-0.0031369712913006387
2020-01-21,-0.000783839566662281,0.0013951033854124884,-0.0001755431250125561,0.00021081316828008845,-0.00012995701703755191,6.357078776253466e-05,-0.002027730334087763,-0.0016324462238178628,-0.00011033304545871037
2020-01-22,-0.004289622317685815,-0.0021493871483754257,-0.00043356103234393206,-0.0010198972346647794,0.0032619967841998054,0.0024111019813408685,-0.006300607416390713,-0.002057648056413175,0.00015765780438692367
2020-01-23,-0.0005714190204185732,-0.004985124016130937,0.0014471716721564665,0.0009765264799332929,0.00741356926655512,0.0016404227761639412,0.0007017982224932773,0.0001648428069296326,0.00198915430362101
2020-01-24,-0.00046513134995751493,0.000914116460943637,-0.0021660555269368276,-0.0037146146349177345,-0.0018892470626751257,0.0016064961836304015,-0.00176804317113477,0.002778191674262187,-0.0032841830301930663
2020-01-27,-0.0055435645711027215,-0.00243174636132637,-0.00045363783809049263,-0.002701160722729412,-0.004427944835910358,0.006893255514935692,-0.0075706459787104885,-0.006349268138310604,-0.005021052766817413
2020-01-28,-0.005908247992362892,-0.002176333055973534,9.280096227848311e-05,-0.0005068798012614062,-0.0001306008460307817,-0.0010833292123060279,-0.00872966913827855,-0.004097596895674793,-0.004679552693168554
2020-01-29,0.00037067233438325964,0.001800364473966809,-0.003216940367667176,0.0002534602516883755,-0.002722164763122703,-0.0019426530062852665,0.003271723788554892,-0.000869877190059043,0.0015042523522310614
2020-01-30,-0.0017758362899763513,-0.002500531595565292,-0.00020548468324521618,-0.000517823376805393,-0.00019522605034905105,0.0013304731124779146,-0.005339360024302464,-0.0019712084540408625,-0.0007645465471156632
2020-01-31,-0.006507064650371763,-0.001082432915056164,0.003888956966984658,0.001113983627091697,0.005143878935115476,0.001010320007547083,-0.0031774961293145054,-0.006401068485414996,-0.002831801645882037
2020-02-03,-0.0021821321062901466,-0.0021978322752629342,0.0062800931959843265,0.0055005980931706056,0.007078601143384988,0.004659849829653506,-0.0018584333886138005,-0.003998444589798256,0.000850252917571348
2020-02-04,-0.0004663389144997643,-0.004031810068585218,-0.002423070534880889,-0.002422820498873768,-0.013972231705414617,-0.0022096809270516493,-0.008343354679219095,0.00025200178089868075,-0.0014191964135208401
2020-02-05,0.006171071484347257,0.0008732656410359585,-0.0036832051257766896,-0.0014140775226544333,0.0027107029245692082,-0.007629255211946906,0.007878178991977736,0.0050585998688554845,0.006353484521969044
2020-02-06,0.002972801105572076,-0.00014304073188042832,-0.004140541790493502,-0.0040708387449320815,-0.0027293521568595436,-0.003342054606298439,0.00045615778833485443,-0.0018343628620319796,0.00019822812713798932
2020-02-07,-0.002636383916610363,2.2614228100570344e-05,-0.0012314215625199854,-0.0017573176694881676,-0.005146204751957151,-0.0014004012564201584,-0.0012582348278115107,-0.0029141669285870364,-0.003700939794218705
2020-02-10,-0.009159681292941535,-0.001923438289024082,-0.0022116321880943923,-0.0030657140611913825,-0.002990867992466617,0.002945922624464581,-0.008580791134050747,-0.009811202777061712,-0.004120618584489533
2020-02-11,0.002665287630147839,-0.0005556297051615422,-0.00045031366402459305,-0.0032740540687078434,0.0020669038045473265,-0.0011023650178045852,0.001407564263704364,-0.0017184932732318137,0.00010358404754273742
2020-02-12,0.004618622832514685,0.0020013820326427734,0.0015375261213259606,0.0005459388777842022,0.0029670759126829704,-0.000701032176636307,0.004622945430671654,0.0028060472389226376,0.003105483627172445
2020-02-13,-0.0011606988847517874,0.002587494648167432,-0.0020049711186722607,-0.003980624613736494,7.774584524367079e-05,-2.729596008732571e-05,0.0004048327659791351,0.006337527339064675,-0.0009266650133686882
2020-02-14,0.0013108551216531872,-0.000588052054874888,-0.0013484844711473265,-0.00275489189509992,0.0068886663925686875,0.0008017405011890855,-0.0013133085055487825,-0.0006249726112225185,-0.003311591734938335
2020-02-17,0.0005938298621139815,0.0014118594937448936,-0.002862412169987727,-0.00039029385027244956,0.00046991768445603377,-0.00030054495576092854,0.0012554022654425179,0.0005414574335638189,-0.003925007221045718
2020-02-18,-0.0020799625108712805,0.0007706495298325233,0.00131575243596882,-0.00015173635873622082,-0.0033693428251754254,-0.0003551075679957272,-0.001670421018020618,-0.0011783016091527765,0.0022146322481642056
2020-02-19,-0.00238374185575585,-0.0014108641214447548,-0.002543491256631336,-0.004123896362855595,-0.0005201269710944922,-0.0008096588237285207,-0.007673583826228958,-0.006906065201660705,-0.009504422959402126
2020-02-20,-0.0017920559899106125,0.0025188287725737,-0.0006100461128437651,0.0013611103197250785,-0.005688434006500431,-0.011608671673753568,0.00683654987620641,-0.0007348843955259365,0.00027920098959266504
2020-02-21,-0.010502687202623373,-0.002971376931269143,-0.0002642874895320002,-0.002044404117788723,-0.0034783771323193546,-0.00664561587865975,-0.006148684300861684,-0.008973041325018416,-0.0036426352788583305
2020-02-24,-0.0010432479256705651,0.0005130685873038221,0.005026363686739144,0.004732348696283584,0.005466409346221335,0.0035587473367975075,-0.0009004034948498774,-0.001448117212310862,0.007001727185364404
2020-02-25,0.0007728782610736395,-0.002588935733620179,-0.0009594243964633486,0.0009362707871525267,-0.0020940786578460546,0.006314413469450164,-0.002156288315709576,0.0033181084868110222,0.0014060586671003072
2020-02-26,-0.0010297385574663531,0.0006175377488912837,0.003975841765211152,0.003022975138468942,0.005942584191835243,0.005177439832720898,-0.001123954870221544,-0.003577992994334034,0.0010771933980153747
2020-02-27,-0.008884209295265899,-0.0049530815467004885,-0.0005018586657091761,0.00035821955024295526,-0.007421499631739437,-0.0006976599977661646,-0.004244802480934062,-0.005501009252233069,-0.0013573537520419343
2020-02-28,0.00514575308980092,-0.003055349296892884,0.00788645590505288,0.010227393434993015,-0.0013920645669690535,0.006410680985015738,0.0013613889174208804,0.003957419789981209,0.007371819138517699
2020-03-02,-0.009709369298160686,-0.0015589474272922343,0.004948215536594303,0.00491786361275226,-0.006352286697425047,0.018227110239884325,-0.002961267804301282,-0.013038198100530085,0.004457083467891643
2020-03-03,0.004785612884813828,0.006153837069990953,0.006137144430555352,0.008391445909351924,-0.0031151418493947647,-0.0072819869577277485,0.01425268220875786,0.00580822976872053,0.008567028505426677
2020-03-04,0.005299284589297626,-0.003924453731011246,0.002563751368570788,0.003287119964528573,0.004205188786710945,0.013546688654537009,0.001090324335749182,0.0005767744542666264,0.008966517246574046
2020-03-05,0.006791938959843868,-0.0005229868391144477,-0.0009931407304523132,-0.0037204257922510697,0.004223004935145491,-0.005943696221470174,0.002031622529831578,0.004958370773222365,-0.0018428323259254142
2020-03-06,-0.001719449240180082,-0.0006869277419304654,0.0114189087888239,0.007609796086103016,0.005879641147636505,0.013449672838218296,-0.003768051482055501,0.0020328051054845364,0.0028807892405013913
2020-03-09,-0.00029092768721583617,-0.016766764708198822,0.019785438703231017,0.014448797785124645,0.011474968153470044,0.022224763608278852,-0.02008863265298766,0.0025824213693668163,0.006354386652170252
2020-03-10,-0.002356217683006312,-0.002621155450289958,-0.0009802060904652299,0.0010486546000194608,-0.0018305529525777242,0.00801074590961437,-0.0066262878965732686,0.0019150647681007715,-0.008544566675242726
2020-03-11,-0.014989423741858854,-0.0053743926701020905,-0.009020005263069453,-0.007146411649794571,-0.012664418261677635,-0.01822407258247083,-0.004994739448566876,-0.01157707961559118,-0.005130335238849759
2020-03-12,-0.0030310873083375656,-0.002991354232392718,-0.002279126211589322,-0.004859278542138523,-0.007088442082984869,0.004552825546725092,-0.011051540681699334,-0.0006076382120183688,-0.0018018043262917338
2020-03-13,-0.03168243821792083,-0.012178280769229555,-0.006033972597069837,-0.006800472200027663,-0.019345659916359392,-0.0005735355916595131,-0.039749557925353285,-0.023913826189354337,-0.02131485675516387
2020-03-16,-0.01536999986699883,0.010508850799961333,-0.0017436704316124985,-0.0026438297866444582,-0.01355309284930295,-0.019477381343142364,-0.00326694799869387,-0.010383482505277652,0.004851418242388661
2020-03-17,-0.012668615125266847,-0.015188451096887046,-0.001298050596609257,0.0007032639633588467,-0.010745484059676236,0.004831650327632886,-0.013331744606679297,-0.001039707877055429,-0.009246095406147403
2020-03-18,-0.01757868976341448,-0.016054307569034587,-0.012629613630343317,-0.013229605475047146,-0.011818666932037702,-0.011194165062423544,-0.009780952354677908,-0.015783523569628644,-0.009562819496650943
2020-03-19,-0.03043982618943697,-0.014247099034243926,-0.007220965681220437,-0.0048998489149221225,-0.040944382580547,-0.009071628861634817,-0.03794102078197581,-0.03674512729794177,-0.03164537014756441
2020-03-20,-0.011514456678695772,-0.0036694707075460853,-0.022342035965946194,-0.027751725571960928,-0.011264513756658712,-0.026336359150467392,0.3934937815240438,-0.00801549242363575,0.017799099845835942
2020-03-23,0.0018122487088987338,0.0026833920555502377,0.003705330249198724,0.0034757157946581074,0.011192997772601299,0.007504864980595993,-0.3422290980345789,-0.010318386242179622,-0.04020594483166284
2020-03-24,0.02142958079460011,-0.0012088170522915886,0.003432807375116864,0.006566417369906263,-0.0023655108032583083,-0.0032934707400376073,0.024680533881107358,0.020989338946904468,0.015319145067946627
2020-03-25,0.01682949093749042,0.002624850038939641,0.0017653855249213368,0.003532443485666059,0.016945219773723874,-0.002636782400428639,0.041007556256703825,0.014889050693311923,0.018037270989389453
2020-03-26,-0.011279844336691824,0.015607947162911362,0.0038207808987698044,0.008047422242644542,0.0050130020824157295,0.0022006863262356013,0.029204430210194143,-0.003004916755421916,0.0036811269618686193
2020-03-27,0.028943889435020242,0.012801491241292595,0.015161233020151599,0.014572570730083667,0.029488812765523065,0.016194798524726384,0.03009980228100817,0.028699201240620864,0.012312281482789178
2020-03-30,0.016693728037148636,-0.0006762907189558076,0.011773182894525558,0.008220695167680647,0.020700998678310434,0.015789514432200003,-0.008568302835017638,0.013261656249065501,0.0020595902471063354
2020-03-31,-0.0018753435622462789,-0.009295645620347126,-0.009927091721057879,-0.00975092410858569,-0.006548321379402533,-0.0057574084959965965,-0.004179458764662525,-0.008005014497553087,-0.010727245110107808
2020-04-01,-0.005186449973110685,0.007153065646740453,-0.0015704715152579096,-0.0003528575408736634,0.00297810184092695,0.004901964610902532,0.01178977424980654,-0.009718663481693812,0.01317654908651189
2020-04-02,-0.007430817755137209,-0.005186817852330772,-0.004843745006933409,-0.006616062836650616,-0.0021051025680290936,0.0023401683976620458,-0.004247989076573311,-0.0024342063225467614,-0.013013071089152173
2020-04-03,-0.004626276436040078,0.0015641404744781706,-0.008242488895023214,-0.009697489183293495,0.0010164548619140401,-0.00688878501391732,0.007149279885648729,-0.003791086544218003,-0.006195559285195995
2020-04-06,-0.011300002644413776,-0.008609299662982073,-0.0030495230316878175,-0.003728463827186168,-0.014102046233568366,-0.006366567651297728,-0.017846100260014208,-0.01020941057622582,-0.008542390887316342
2020-04-07,0.02050124291084443,0.009899178552919885,-0.0007771471562365573,-0.0002916541788892113,0.001664713688755759,-0.0038674524911656016,0.01573767222244493,0.016501104781058373,0.007063823947916603
2020-04-08,0.0056557967946815335,0.007014412891684696,0.009048781972791353,0.008454590683961927,0.00802019696580003,0.004270525655872159,0.015847505664712047,0.002081040584398286,0.006640654688616188
2020-04-09,0.013508753131031614,0.000728341357488338,-0.002706257696525771,-0.0028896516334027122,0.004411797810506268,-0.0024879831534426744,0.0017927505718708936,0.009007078296678683,-0.0032370893316950866
2020-04-10,0.01560350521087095,0.0012655561854355568,0.005130009033229577,0.00586792639167788,0.004981967744998039,0.0033253200595135812,0.005032872050006576,0.01005770355541391,0.012713553627689667
2020-04-13,0.00041179024656679,0.001267159847418542,0.0010560903514207354,0.00048109572004806367,0.0004984740453715109,0.002076857897314044,-0.005085436261880183,-0.00029766931303021327,0.000734653515136463
2020-04-14,0.010401820878457979,0.006869371691757609,-0.0005795169976230419,-0.0008847468401705916,0.005047118106849435,0.0066249540455578515,-0.005006614856477243,0.004491582966597241,-0.005059266028783482
2020-04-15,0.005185452945888125,-0.0005619134014411831,0.006750602383080784,0.005712292577293887,0.008169256524839685,0.004845802582703618,-0.0018852183339959083,-0.00024524777496981454,0.006385388857295116
2020-04-16,-0.01948890602857145,-0.016870793214431634,-0.005367320806702991,-0.007308567616241546,-0.00833900051899239,-0.004692961344955893,-0.020961536630409894,-0.01724326243338048,-0.011600645558856981
2020-04-17,0.007877686219009084,0.005669775445509506,-0.004230318444513159,-0.004275971806308454,-0.002647440298350401,-0.0031126827190369744,0.015006426605077117,0.00044991803857197255,0.004206515764443308
2020-04-20,-0.002895585867291217,-0.0006051262877602159,0.0014155510336482102,0.0007823250313490071,-2.5010629517541183e-05,0.002554114707494781,0.002614646895314987,0.0028032212601261097,0.0012827789315972282
2020-04-21,0.0008694121841048563,-0.005746921813177153,-7.22965745894033e-05,-0.00019559291749593477,-0.0035834827962659688,9.282622622563963e-06,-0.008854550264144279,0.004920658701027758,-0.0030679104733400964
2020-04-22,-0.008147604054734359,-0.004214542777054797,-0.001928329498370851,-0.0007706749407427882,-0.011585259882737287,-0.00048274665850944753,-0.015273031617287214,-0.01340128962614806,-0.007641261679293243
2020-04-23,0.0007943499257261344,0.000366609027860898,-0.0030122191053753022,-0.004313134912290573,0.002058095021897577,-0.0008533559555083947,-0.018418258319431002,-0.006688424742804178,-0.0020663712875841345
2020-04-24,0.012351194165461932,0.00844652706847615,-0.003717987296657954,-0.0030176057328222816,0.002297530821803395,0.0013560675359509666,0.014350224836302106,0.013759099353185311,0.004889036651998913
2020-04-27,0.00325316846026813,-0.0030479149020741225,0.0029070045099928166,0.004329554527432444,0.0011624420335178964,0.0016000471270123384,0.0007528157219665044,0.0026615926562352232,0.003238291302306351
2020-04-28,0.008061362692190377,0.005115327143982773,-0.002387716225872638,0.00010826512245132314,0.004534284853880743,0.0019761343447022295,0.013032388541760698,0.0004819484615063985,0.0027635094368028135
2020-04-29,0.008308547035247082,0.0038045861175193263,0.002146401409444776,0.0010836352792000792,0.0010446324642137128,0.005077709882153059,0.007919702393744066,0.008880141683359488,0.013046117705995064
2020-04-30,0.008044936812763082,0.007834701166101743,-0.00016432741340477452,0.003752645927246556,0.002880909252652941,0.0012287468656924094,0.009876656547606055,0.01051261668944714,0.0036297804222693575
2020-05-01,-0.009078801366166678,-0.005633283697327296,0.007687788519486594,0.006271686807133081,0.008819585944293218,-0.00629168130416069,0.005791710639162728,-0.003535034514308033,0.008605317665821621
2020-05-04,-0.018271473932482518,-0.01288286866728583,0.004124703447533129,0.0012933299570614398,-0.01011284905635712,0.005124741938433486,-0.017725625698924663,-0.016972304623816936,-0.01541344675022771
2020-05-05,0.007730596931708522,0.003642461350110482,-0.003003940796917015,-0.005048729550992004,-0.0006969220758610284,0.00038426916174461034,0.010973684324852018,0.00563213341647284,0.005492460108299513
2020-05-06,0.0015382285124529993,0.002955400892622251,-0.007402840627742657,-0.00602622621344473,-0.00010833245131647296,0.002301460838507463,0.006372309259089715,0.0004631200400051494,0.0037417769827494674
2020-05-07,-0.007029846866269396,-0.008522307856892786,-0.0026661343484538635,-0.0036931120457724953,-0.009531318942491596,0.002457850309944609,-0.0018634792969027814,-0.0076162308253812094,-0.00309162695743026
2020-05-08,0.017610295180616076,0.013844474182883593,0.0023125708186142457,0.0035762058614008385,0.0040840636021795,-0.0015795491283850938,0.003778133055373889,0.014766119429005853,0.004314315563227922
2020-05-11,0.005197637627413654,0.003260509801819911,0.002088724375310269,0.00021681074149260127,0.003352635275741367,-0.005237587007990374,0.0018583091123820505,0.007790250892622641,0.0026101659484840667
2020-05-12,-0.008021473751932517,-0.006698527810383714,-0.0020228660197108006,-0.0027780072010431534,-0.006758706627664424,-0.006014941175159438,-0.007172820152942183,-0.010660303078962818,-0.009054170046651322
2020-05-13,-0.00452844125274221,-0.004467014874387387,0.003165532534196158,0.003460125949687365,-0.006372553568073314,0.003994860851027848,0.012189691065253916,-0.001268647729006811,0.00973556525603314
2020-05-14,-5.4938997399278655e-05,-0.0005749358432520779,-0.0020374630944034466,-0.0021322207671115034,-0.0010894775245163801,0.0019171054176829738,0.000846904974594942,-0.011680179046064332,-0.0033948543120688734
2020-05-15,0.0025238238276412694,0.003990576069761831,-0.0013359133632314668,-0.0015454488283191958,-0.0006239192548962436,-0.004023650306323456,0.0011336834482778002,0.0023210595342182394,0.0016543171522802602
2020-05-18,-0.0070233475740059115,-0.004116108540599517,0.0012244001328598486,0.0013310858459365527,-0.012109953179277877,0.0014644213155403651,-0.008972900537781547,-0.012692699888512848,-0.007091536792629527
2020-05-19,0.01559586367426391,0.010904669259868438,0.00018524284355359022,0.00866660982343559,0.009454965249991787,-0.0016110534108085828,0.021671676612465385,0.017502609156621274,0.016746250132235074
2020-05-20,0.002159503500516413,7.175820955840351e-05,0.0005869261719542163,0.0011583319408448034,0.004583780855584196,-0.0039792307226417245,0.004706586284561887,0.007599036276586757,0.0019418653984755174
2020-05-21,0.007982624128761717,0.002409305946361018,0.0066963938169832815,0.00505210281016133,-0.0015541230803618467,0.002035431715184277,0.007338483795581885,0.010119713596152602,0.010272525150132772
2020-05-22,-0.003854052686580123,-0.003047285751503037,-0.00616064491994861,-0.002738140153006774,-0.0011000421721798492,-0.0003715777736652548,-0.0043893844425481054,-0.004016949638926293,-0.0037674652999099
2020-05-25,-0.0032140011000760804,-0.0027813143340352786,-0.0005560203378247586,-0.004117779777254138,-0.0030587777040812503,-0.0009653678531699184,-0.005085584773536156,-0.003003594345685201,-0.00395559612273344
2020-05-26,0.00024612980683857977,0.0010091810045651517,-0.00024701820314343426,-0.00044043104538349365,0.0012567492679071979,0.00044577481004415276,-0.006015826999772544,0.000262533535510423,-0.0015373685972357443
2020-05-27,0.01516644085284713,0.013734778381433221,0.006332430529207178,0.007224939774857164,0.010953516337458113,0.0018234005675301646,0.016850603144580756,0.015031151203638071,0.006003383232743742
2020-05-28,-0.0038956850996546555,0.002013803864551633,-0.0027715917296926573,0.0031947931525848627,-0.0056908213531484675,-0.0028479119877010683,0.003701349655119701,-0.001775811897603119,0.002392761481402106
2020-05-29,0.0019170191944990478,-0.0013939195301837515,0.004180486824034491,0.005650423605935373,0.004620508045941385,0.0014399336933053064,0.0076145665166857945,0.0020025585893850284,0.007986991022502554
2020-06-01,0.003962651642117843,-0.0002902795543519021,0.0035185615959858474,0.0035579530369995727,0.0021510220039306915,-0.00060350615827931,0.005058195723251169,-0.00012402047856907572,0.01019159341107656
2020-06-02,0.0189519357144039,0.014393495706052084,-0.000499423799016685,0.0006675319779554378,0.011260782468080821,0.0014877419132364178,0.009598986054386804,0.013355104671844309,0.005064058312683972
2020-06-03,0.0188916664178016,0.0053664476927530735,-0.0005303989508801399,0.005706559007063072,0.007561509942059619,-0.011589129656933261,0.011943604996573098,0.01650651088886601,0.005275208687803623
2020-06-04,0.002147308704699258,0.0012005032059947407,0.0002600914232204765,0.0041573002584596175,-0.0005030273548720654,-0.0017431576477612287,0.00751456508996573,0.00671767721657579,0.0038850285405624962
2020-06-05,0.0015663641092469316,-0.0005776992208078591,0.006017099668017556,0.009070276259834698,0.002698414007522576,-0.0013834262432661504,0.010928109867130331,0.005507162927924636,0.010049677388437983
2020-06-08,0.009005756139624621,0.008123763039406207,-0.00560879072350795,-0.0016186702973103317,0.009251550544215004,-0.004414699343372797,0.00929125526372343,0.011421152221783748,0.004849141918151556
2020-06-09,0.0031554102986735,0.001855199056241874,0.0036344067547613434,-0.001232268175929474,0.0007512803146758618,0.011299856489205506,0.0022726189053410284,0.004570992613620151,-0.004015503526723974
2020-06-10,-0.011601723050355117,-0.004023291195903056,0.006750096040499365,0.002357072805333038,-0.0018811902504228817,0.005677333583967714,-0.0041169385271341286,-0.010688090646654658,-0.002522179346024611
2020-06-11,0.0036443575428011243,-0.0004765388930482173,0.007809431874694406,0.0029323119315063373,-5.08298154943132e-05,0.007627468814837002,-0.005722250422086739,0.002044370499930892,0.0012947596965191543
2020-06-12,-0.019720775247759614,-0.015361660096326335,-0.0004342791789487821,-0.006806778164859195,-0.010514428570209344,0.0016666329735013363,-0.03129706932376153,-0.014987158689991342,-0.014548866714639619
2020-06-15,-0.0008598366746606079,5.865574836372289e-05,-0.00766215644854773,-0.003195541723474027,-0.005428808684729058,-0.004733863440148367,-0.00536885498922135,0.0006545067698511264,-0.0012551367491892007
2020-06-16,0.019515631771015007,0.007625346404466438,0.0026662855922463535,0.007619025622873643,0.010312486151620393,-0.0014237315041477627,0.01881745752052666,0.012777383181893143,0.008807025938175395
2020-06-17,-0.009037748657799272,2.9508339100869918e-05,-0.002344567659981478,-0.006353943827566044,-0.004165709631305026,0.0005026833931365271,-0.005087243973525668,-0.006001455998952299,-0.010471858040224324
2020-06-18,-0.002844381760377157,-0.003115767312252604,0.002550777915012903,-0.0020237334999583245,-0.0025733263503900927,0.004827272655897108,0.0024096351791329518,-0.002135644372355139,0.0038374346205565235
2020-06-19,-0.0026901272019608236,-0.001221350533391341,-0.0031416915870081663,-0.002837487793214688,-0.010028408394844979,-0.001046665749284803,0.0007359877484227617,-0.0026406187992752406,-0.008303441329889472
2020-06-22,-0.005001181278739941,-0.0018065673749131372,-0.0005251243093620239,-0.0029832625318875206,-0.006334665050328647,0.0016380584312030155,-0.014531799553261449,-0.004257368952847451,-0.006235482896712274
2020-06-23,0.015930187842241983,0.008532216341131882,0.005639672220412395,0.009136542940247905,0.012426590639128765,-0.0006734946285310572,0.011500817915559791,0.01468104848192664,0.013229188268681247
2020-06-24,0.0012547618953440143,-0.0029832691330412553,0.0024243946349069567,0.002895980281716115,0.0018662026794706854,0.004425367134860858,0.00441784213993035,0.0006629369695128062,0.0063494575289089195
2020-06-25,-0.012033607325386941,-0.0074465832940812104,-0.003786267910986796,-0.005434121121245528,-0.00893729890101902,-0.005717270646145578,-0.016451125634207697,-0.014812441607354399,-0.01001716423065091
2020-06-26,0.004580584524797704,0.0006454000557971629,6.330754048766707e-05,-0.00255872164999138,0.0010064592982770293,-0.001035883181373265,0.001901710264978096,0.0041800394391109386,0.006001731534393651
2020-06-29,-0.0038151801770541782,-0.0031656265060976407,0.0005276105494431693,0.000336847087887282,-0.006701863080519788,-0.0005876209095140306,-0.005338747178187719,-0.0017717934487019305,-0.0014571926662134693
2020-06-30,0.0014568669404126933,0.001589038254760533,-0.003627544823188611,0.0019007239932979925,-0.002560519931392391,-0.003457514929052996,0.004211769927073394,0.0012468950650847965,0.0010136015321560166
2020-07-01,0.0043792481456566,0.006070328055204577,0.0044887938482567336,-0.0010000172763980908,0.0063928459930104875,-0.0036948400397965875,0.004588718225641442,0.003690030056435978,0.0005204204383073563
2020-07-02,0.001628203025707986,-0.0012361243007933398,0.00108902612074524,0.0013726735475050322,0.006095234099826818,0.005802592200648382,0.011318305811679252,0.004353991602461749,0.0009206143971716152
2020-07-03,0.0008620949052768889,0.001569696942543386,0.00024326239136329697,-0.0012024360215885377,0.000129683563497629,-0.0012186789537161902,-0.0012681418773148323,0.00462802484863345,-0.0006505728624204288
2020-07-06,0.004220445553211549,0.0015203493213722385,0.0006031929171539385,0.0008322910247819948,0.0007310488844596286,-0.0007622373382109027,0.005340205878433757,0.0044853746184734256,-0.0004409256348065771
2020-07-07,0.004115725495803746,0.0007534393002814888,0.0033445734662571613,0.005837408743786465,0.001599392731468141,0.002049210763204634,0.009587326613231806,0.003135213750526722,0.00884583295395669
2020-07-08,-0.004970072945433501,-0.004785371572141095,-0.0005093878736591728,-0.0033261636145835993,0.0037879366072757215,-0.00203574861082223,-0.010667779728383509,-0.0014474764083064473,-0.0023348017076701977
2020-07-09,0.006737535829165253,0.006421437988318068,0.00447717874646103,0.0056695953320384795,0.005638271129141392,0.0027497907984281866,0.012725064589959922,0.0037603575010709545,0.010487014243973025
2020-07-10,-0.004314603429935726,-0.004624495138139673,-0.0024139890044809764,-0.004515257193776656,-0.0006680849965913227,0.0004382583300928111,-0.010278252927747644,-0.0007029413284711516,-0.007462698129951484
2020-07-13,-0.0012440079015572092,-0.0013236807529944938,-0.0001488040633903509,0.0019566960604069372,0.0017779593566056295,0.0030492600108418255,0.003362621639754204,0.0008527786802969839,0.0043076659419796215
2020-07-14,-0.0014644132403333066,-0.0009110790523552126,-0.0013273324472213854,0.003134739407461451,-0.005997232061264679,-0.0034117352541258583,-0.0017133511800689893,-0.005568752687875711,0.0010039573656646095
2020-07-15,0.00704492016922309,0.0008088180894747499,0.002469547346304113,0.005747538270340025,0.0013951686515765171,0.00028904125308337747,0.009343494205432679,0.0007982980580762966,0.01044908517122467
2020-07-16,0.0028877852253978986,0.006848384731742652,-0.004841058072239557,0.0005686381091167814,0.0017275419311841844,0.0030678276630429213,0.009334780927334974,0.0044927540984323056,0.002387772484472084
2020-07-17,-0.004448420062968861,-0.004569240033180932,-0.0014068572896399623,-0.0021964124845104127,-0.0025018703670427467,-0.0033650894073963267,-0.002367508995866907,-0.004700540921302787,0.0008598403400277288
2020-07-20,0.003868833947132222,-0.0004346921957735228,0.007481452792735599,0.004462768406512829,0.0009302680521692253,0.0017555658461845258,0.0024022958722005328,0.0031171216101997246,0.003529251439092995
2020-07-21,0.0029873801503994546,0.003689565949801521,-0.0005112869791020769,0.001375032190692238,0.007204512570985422,-0.0009888690665892375,0.006309195921569755,0.0028826406143336314,0.007523299301591013
2020-07-22,0.015609863528009749,0.005733265064137072,0.006723635156648422,0.006574425313873089,0.005448785754184948,0.0034072039331898285,0.013492637362234605,0.009950477196525087,0.010938609288069001
2020-07-23,0.0007311501627733641,0.002280642226150098,0.003367720051857148,0.0030078212447555153,-6.367444827759527e-05,-0.0032003947708758584,-0.007086124532445726,0.00157779299624905,-0.0006934307942837448
2020-07-24,-0.0057012753100881275,0.0009997401262653582,0.004441892089496413,0.00236559286041671,6.367850297128719e-05,0.0031543610262283472,-0.00607715377248208,-0.003271303493305955,0.0013752019814448069
2020-07-27,-0.0002698119769821705,-0.0009690063677560978,0.004767077161381694,0.004870829620063688,0.005118395613654458,0.007972236382323139,0.006319794012270341,0.0013688490942456166,0.0026966053887191865
2020-07-28,0.008567204798810346,0.0058401284063245296,0.0015443091885523064,0.01001567077740706,0.007334182722836147,0.0069540914286425615,0.009979633658298903,0.006574662298867606,0.01376737667922212
2020-07-29,0.00017400991273697208,-0.003041977001720153,0.0018304821319528042,-0.004289165041998277,0.0026365270719854728,0.0014651671658834076,-0.005098278189107797,-0.004153639663627251,-0.006913649542195199
2020-07-30,0.001599280773168843,0.0028181532996411907,0.005896445272224771,0.005467304712160281,0.004543862557128131,0.000714111692569519,0.009002864634231722,-0.0006017199310509591,0.005304940952223003
2020-07-31,0.004459067535275585,-0.005278509336378412,0.004314759494114195,0.007586362212601561,0.010428651524754029,0.003333865364136601,-0.0020221280175953815,0.006053952798688478,0.0053680227596080154
2020-08-03,-0.007882993578229747,0.0011644020769530083,-0.00514674216762212,-0.0075760337032135805,-0.0012315464550282096,-0.011174491217545768,-0.0019079376939494797,-0.008926867648315295,-0.009831962389510562
2020-08-04,-0.004050125716275832,0.0002388813800864309,-0.004795069079615688,-0.0016115393013034218,-0.0017525136938731922,-0.001546745890138701,-0.006649986934895047,-0.0032706128355590725,0.003611533413725887
2020-08-05,0.008311136333166935,0.007385869236304021,0.005511880041676243,0.004430779333569168,0.0005626530023321585,0.003938875267120556,0.004725348252339945,0.0045480580203107746,0.002103848573663747
2020-08-06,0.0030645667617292816,0.002336950646071978,0.004999863793441417,0.0048559695029375405,0.0031110249948738122,0.0005778803867808602,0.016227258641170472,0.00040567638397481787,0.007443685492247054
2020-08-07,0.0044311675008636975,-0.004024512803290636,-0.0021539128029497423,0.0003087460372570572,0.0008540114472403992,-0.0002651980715228097,-0.0034767143587617344,0.0054610965012473756,-0.0040216400392318885
2020-08-10,-0.010216788369482366,-0.005109503741074328,-0.0030074148026481007,-0.007894332439634888,-0.0065261974313320925,-0.0025413055858346523,-0.00876308952382876,-0.012476018117623333,-0.006825890567709547
2020-08-11,0.0001231714268938866,0.0024562255789002396,-0.0030202074397926992,-0.0038148260412613766,0.0019092996363789805,-0.0013397076699211974,0.004049299183358279,-0.001153790483458761,-0.0007596233758323523
2020-08-12,-0.0017884720080565408,0.003268056684886611,-0.001853514636637521,-0.00010562276706871376,-0.002022890541120259,-0.004966222054967662,0.0003662034827649485,-0.0036526772725025136,-0.0009004310270708249
2020-08-13,0.002751997554818031,0.005051515648221816,0.00591137204036718,0.00487906845504904,-0.0002087185911632261,-0.002817723661811211,0.008656363424210944,0.0010785168818694402,0.00945952656881266
2020-08-14,-0.0022418928233973734,0.0018155168663709365,0.002374488046473111,0.001929577399301552,0.0017252799560001364,-0.0015329245391962898,0.006123605709480229,-0.004438934358477642,-0.0008207087340269537
2020-08-17,0.006125300647498388,-0.002475056263340547,0.001265835989408215,0.003046169826061096,0.0027904972787271554,0.004054274856682083,0.00033791566312668664,-0.0005301093073921681,0.001499853005170193
2020-08-18,0.003551207815060353,0.0023143468950750368,0.0025380976094144803,0.002018980265106496,6.684887152719199e-05,0.005273815683991767,0.004161088177371486,0.0016648595316897108,-0.0007717589611654363
2020-08-19,0.005516095562226875,0.005284262620990798,0.003832764714240211,0.006009806361055858,0.011146554307439827,0.007327261179013167,0.0023791730699975755,0.008494330535414152,0.005804719310943174
2020-08-20,-0.009631911136040117,-0.00453370990337898,-0.013064552788904615,-0.008734567738023058,-0.010803229897081823,-0.008060062196548201,-0.009340271226674024,-0.0073817034814092075,-0.007481682380538923
2020-08-21,0.002514940674714472,0.003021499917193138,0.00881217877948437,0.002546942903547178,0.008355234014200352,0.003918056700477068,-9.202393522167451e-05,-0.0029701518677156535,0.0005534812809424583
2020-08-24,-0.006208923214813589,-0.0005690071029558208,-0.005593344675516865,-0.006370959580544899,-0.009545692761100288,-0.0020023044479835495,-0.013363027305382857,-0.0005034698511666713,-0.011122185178051747
2020-08-25,0.0010508712051884306,-0.0028523429554138113,-8.771925237582856e-05,-0.0002949409890677934,-0.0017385024953193717,-0.0010943865971790867,0.003716665595152824,-0.0013478203204012607,0.001050178159878401
2020-08-26,0.004243387546405408,0.004148008612628429,0.004306315235351965,0.0034321894453757107,0.0061815382847532074,-0.003872022632421701,0.004047754124927527,0.0035215127644796507,0.004047247295982492
2020-08-27,0.00634658933227894,0.001902920736528202,0.0006502528031027133,0.000651394338439415,0.005142551095813852,0.005186252617881859,0.01116077439100982,0.012271856020215965,0.003736363848339419
2020-08-28,0.003435015371720418,0.0012498187549307982,-0.0017821723618172136,-0.0019502937318516267,-0.0015311659910178799,-0.00732389529319788,-0.00599935462720913,0.001794228546869947,-0.0015071150191744431
2020-08-31,0.014182003803272059,0.0031574243765191135,0.005976097982756112,0.008342792041090119,0.011887262693667022,0.010442008217632637,0.015555485486454135,0.015048813860633947,0.012661751722561565
2020-09-01,0.001084977479906435,0.003475222713762882,-0.00033195018557974354,0.0017430930674864342,0.0006013799608377557,-0.004424306161523894,0.005341258356920342,-0.0018850795156636346,-0.0036427819428296315
2020-09-02,-0.00033949048808867843,-0.001378948185558282,-0.006015128962710614,-0.0013234919979409066,0.002612976630298691,0.0010198126066371938,-0.002971227493058226,0.005347206317315445,-0.0030782025285089887
2020-09-03,-0.006421974400477426,0.0006439052349878072,-0.001986450766478076,-0.006361980408355561,-0.0035915529734491525,-0.002937598480552417,-0.01088518297613339,-0.0001624716114981828,-0.004608664609032642
2020-09-04,-0.010267033107929646,-0.007237548264308669,0.0012526904418919127,-0.0006393457221240961,-0.006670867302036032,0.00115002591891189,-0.01008393317998979,-0.011584831228859338,-0.0031071913368707627
2020-09-07,0.003633860090800578,0.004894567191785715,-0.003863924963011578,-0.00044976148142794603,-0.0012451034500113867,-0.002116417684437044,0.0012447252763094774,0.003557155206113105,0.0004956723903490889
2020-09-08,-0.00016607302449422878,-0.0015348339769514219,-0.0030773087311676273,-0.0010758034478893785,-0.006304736931535104,5.641036718850856e-05,-0.0018551991273013657,-0.0032585500868334005,-0.0034572758889410693
2020-09-09,-0.00983358176112159,-0.010824020900142006,-0.001536290545428809,-0.004354940069280722,-0.014719225335771968,0.0031801862681586357,-0.023435325140869878,-0.01171751677761479,-0.007449305079899271
2020-09-10,0.009321255760263991,0.006584268072205024,0.006205184938806285,0.0030697019536038983,0.002365803807512723,-0.00247574136862716,0.016674907855741328,0.010504198840197931,0.011206487043348368
2020-09-11,-0.001869413037726586,-0.0028052752333999065,0.002054375267977804,0.001525357772983904,-0.014683398364637057,0.0008291179615225186,-0.006307304518749168,-0.00525106884780302,-0.003174695421433671
2020-09-14,0.002549960247143934,0.0006297258833887209,0.0014852634052251457,0.0015513640318849387,-0.00013569888696196575,-1.8831800183138903e-05,0.003462992487945238,0.005762656116025111,-0.0017395631102242737
2020-09-15,0.00061564983350193,0.00034152334974790755,0.0006605385193503288,0.0023028061782486287,0.0033665896578016774,0.004067543111875294,-9.965668062361654e-05,0.00215735178448484,0.0016546229053999717
2020-09-16,0.001484880292928148,-0.0012203934192007715,-0.0002311284869698227,-0.0021557096226498818,0.0027315859619265748,0.003169448422722043,0.0002513162158830351,0.0016709573432578395,-0.0027265636691795603
2020-09-17,-0.0001808523290904862,0.0008572505544683917,-0.00225129323518225,-0.003458398421950948,0.005838444265778842,0.0030363047999228954,-0.0005168317003054756,0.001606530571642617,-0.002389731635074721
2020-09-18,0.002411882268184007,0.0023802515540711777,0.002521167001277913,0.0037913635082373887,0.0012002794427887764,0.003476651128738073,-0.0003761102770100111,0.006099865985441433,0.003980006056530927
2020-09-21,-0.0026912615259876427,-0.0035614104149960246,-0.003106033164732791,-0.00022507314877340256,-0.003297936807352464,0.0015400813056696272,-0.006471465438926072,-0.0005473332180496726,0.0011285565282110888
2020-09-22,-0.008532876594668726,-0.007729332896770358,-0.004306816180325468,-0.006545397017979959,-0.008679403513038086,-0.00146145643673945,-0.019562619383742264,-0.013758638667366485,-0.008758882847110794
2020-09-23,-0.007848724207272229,0.00022565223986514837,-0.005260357740611177,-0.005067306447492315,-0.005964224139454077,-0.003275074278985879,-0.006395371218359092,-0.005040732073028131,-0.006902331077939916
2020-09-24,-0.014694407631069328,-0.006463230168557654,-0.0043833717526694516,-0.004255377205412136,-0.0020856868674689055,-0.002564045717831198,-0.015396808337263201,-0.01314925904433939,-0.009842861477944664
2020-09-25,-0.0016747308727218524,0.0024042930130323548,-0.0030105253259929965,0.001260749603063438,0.003112712882958668,-0.0012424404337652017,1.4678779541865694e-05,0.0007205170602357924,-0.011455126407866167
2020-09-28,-0.0021618327233365875,-0.0020480353162016796,-0.0014761318755729391,-0.0032462486057818207,0.0007659750464261705,-0.001316611497718445,-0.008397534614956514,0.00028829051821777085,-0.0032285092911483737
2020-09-29,0.007567740879360629,0.0016471066614689445,0.004730740248961807,0.003737229825137023,0.008354941692445772,0.0013373312162987538,0.010943376943903349,0.002476145786017181,0.010764616177062258
2020-09-30,0.0068222107188598,-0.0020173427883936057,0.004676822872148767,0.005413030530529328,-0.0005404170063564306,-0.0021862015863007844,0.005994100699350691,0.005010027405549566,0.0069275456818385095
2020-10-01,0.003206264242832102,0.005899853018847656,-0.001368569753326776,-0.001360210502676873,0.003965725928989583,0.002019943605958474,0.008660404220375728,0.0033113886413735916,0.004880011886043922
2020-10-02,0.002284128711314004,0.0016034564591305145,0.0018716525166875275,0.0016089994172752142,-0.002422657364986369,-0.0008717098177124516,0.0017294829304994597,0.004323483194404121,0.00316050711797633
2020-10-05,-0.0007894868302410485,-0.0005266698830124206,0.0011765731869237683,-0.0020861974904528013,0.0034785157111849596,0.00031273936764453225,0.0004191772462804888,-0.0017462691609511083,-0.002841026340679731
2020-10-06,0.0022298991010312186,0.0025646586956415973,0.0031145795281810607,0.006143927966141716,0.004755247462867818,-0.0018636286606041885,0.011885694729636631,0.0021092069360375554,0.0037067777798527324
2020-10-07,-0.011553915690679095,-0.004826789334064552,-0.0028223934301604414,-0.004648194991886068,-0.008412723884750006,0.0006342421730394232,-0.016214012476837625,-0.009588355626168332,-0.0063623072961157545
2020-10-08,0.003952461813323982,0.004789573732703278,0.0009423995879580538,0.0025417808980194856,0.00266098481606436,-0.003067021747495402,0.0062230363834816504,-0.002412765843137099,0.007559600617575324
2020-10-09,0.005575105904216393,0.004980239168592027,8.290162717350391e-05,-4.0015102408919034e-05,0.0017728809476897922,-0.0004999283606313965,0.004286482527449342,0.002326031561677988,0.002824432646106212
2020-10-12,0.00649199185928917,0.004729694517334959,0.006864763542814067,0.004235185563027155,0.007050139628342,0.00365413836423345,0.01175828025059067,0.011382819079218232,0.005967963694281764
2020-10-13,-0.0017596930383840803,0.0013345985958350681,0.001584128473940849,-5.911618479070846e-05,0.0026131158731101944,0.0027815614884438844,0.0010950155177675835,-0.0022673266786565893,0.000498075042439261
2020-10-14,-0.006584054676481377,-0.0022295614687802834,-0.00674188052980762,-0.006258514217526101,-0.009986001350505203,-0.0012421004264704383,-0.010911647918706024,0.000918368060404795,-0.003065345017263077
2020-10-15,-0.0031993687785834,-0.0005171423533149033,0.002036550754171751,0.0001526893942391805,0.005959693824277634,0.0031482255103263412,-0.0021268964379946853,0.00011982909040142431,-0.0003683024714307148
2020-10-16,-0.0074329284145486785,-0.005784468710975599,-0.001071879627174921,-0.003137572239784059,-0.008476705869721046,-0.002097576595538775,-0.009321206748550082,-0.008604990256769751,-0.005889397419425513
2020-10-19,0.0010722011564063827,0.003475162537566856,-0.0008851040037911595,0.0007147180392019781,0.00199084674323724,-0.0006355235521440239,0.0020480531779665245,0.0028588727075884446,0.003933403612359276
2020-10-20,-0.005613136343396774,-0.0007884803063396006,0.004985851122255136,0.0045544851656167396,0.001618596570821751,-0.0004076919226416731,-0.0018291221990480722,-0.0037316719623288197,0.0014679158317154606
2020-10-21,-0.0008741976455370892,0.005274174100533546,0.00426823680562749,0.005181497776384436,0.00041446739788586484,-6.632872530343281e-05,0.007191046232474463,-0.001862337798062219,0.010129748636769742
2020-10-22,0.007887175572067306,-0.002486109832201433,0.0010046961715337588,0.002038879280469974,0.01373608297324802,0.007652134719495773,0.004007904685235042,0.009936085956354868,-0.000356875831314718
2020-10-23,0.0028846870086494114,0.0012560047252856421,-0.0019942863338617833,-0.003284551955978321,-0.004106427981372396,-0.0023350437257150247,-0.0014468548953040505,0.003822081727870019,-0.002123864370896733
2020-10-26,0.0008287320775606233,-0.0007986456391708696,0.003360701328459781,0.0028316561500714155,-0.0017884970317202376,0.0022735206810584607,-0.0008104270481706921,0.0019191311493542695,0.0006166206379294437
2020-10-27,-0.0020902558275565086,-0.004460068892804592,-0.003678760170834794,-0.0032947233516972263,-0.00298062933366261,-0.0014213415193289336,0.0015085434248540697,-0.000957682984996211,0.0018602860781751218
2020-10-28,0.0008433475622062758,0.0010840329786039327,-0.0010727688532665702,-0.0021447579912098336,0.0012380016782675973,0.0027452538954835237,0.004788384194340134,0.0034133872292030354,0.00031018023086715196
2020-10-29,-0.009532340689740626,-0.008917791402691333,-0.0018833991777924552,-0.003007617828291731,-0.0032214838035298232,0.002204819270055669,-0.017197880180227054,-0.007627154073938325,-0.012049282727646937
2020-10-30,-0.0024947909727598416,-0.00036043995160839337,-0.005156757912718191,-0.005956166003128649,-0.0044615334070804424,-0.0022858849124193226,-0.01729934806227773,-0.003003318745196104,-0.007816756777170197
2020-11-02,-0.00417755944648035,-0.003934792171828794,-0.0020170410955308027,-0.0031317368936795154,-0.000400715849782185,-0.0002486228352118758,-0.0045492531873639885,-0.004711215744857444,0.0006971629045524619
2020-11-03,0.0064921965046547125,0.011149344206877299,-0.0017556250617520863,5.826265274877507e-05,-0.0002197581479966848,-0.0013845466238177062,0.0011511480091497273,0.0051400051145318315,0.0006065311037872778
2020-11-04,0.020292218903575687,0.009036708574905905,0.0089310750278635,0.010256598756917423,0.015299931115627885,0.0017121731923552819,0.025081524135584177,0.014568378959927353,0.01473449163503715
2020-11-05,-0.002269782810291887,-0.0018512023461155769,-0.0008339025770799369,-0.0025108289252275817,-0.011799882767941194,0.001034049636421841,0.0010696477515994562,-0.004301458727839713,-0.0008393402967736829
2020-11-06,0.01144819524595464,0.0033862578310799307,0.007996332102900183,0.007232409142491791,0.013310234557259548,0.008059677224087736,0.01514151215086712,0.009673810689835749,0.010386073680284769
2020-11-09,0.003306744998191169,0.004592134107452628,0.005392930554610986,0.006386490672249501,0.003136963438262974,0.003389717293513783,0.004770460875034077,0.004819373921933989,0.007597739641219903
2020-11-10,-0.0006474393141183699,0.0011686215178496884,-0.014648980169466697,-0.005523335652097172,-0.0008297231542865324,-0.017919501859035458,0.010833397482826301,0.004074689338806614,0.0007855678602159966
2020-11-11,-4.149897574468042e-05,-0.0018341087136400924,-0.0025027983852585756,-0.0007209612763262596,0.006975679441713956,-0.0011685454696642728,0.003626063655937095,0.00044390012413142443,0.0012547850799677907
2020-11-12,0.0003540246918511958,-0.0020829811031793932,-0.001753244194317105,-0.003257206770447163,-0.002816822912125261,-0.0014703673855704924,-0.008327927010277625,0.010878278246664541,-0.003145485236299095
2020-11-13,-0.006052784443678738,-0.005922621951081064,0.0019315052847144187,0.0019605283529799955,-0.007754803054180526,0.003092630973092536,-0.01039300794111564,-0.009198498472903993,-0.0004561682682417967
2020-11-16,0.0069919229545758466,0.0009447832721130034,0.0030041504589903845,0.0035464667435043395,0.007535684733704029,0.003955002345828351,0.0042911282388578,0.0047482323878935695,-0.0034907293248001015
2020-11-17,0.004140714474972773,0.003693989902042727,-0.00031789317182318033,0.0011978037781641415,0.0001189341015808143,0.0012913798008142852,0.008701183066313067,0.005326134900357271,0.006824745109090369
2020-11-18,-0.0034145061841975854,-0.0022662954456410533,0.0015038559166673515,0.000355935881684033,0.002797729503347446,0.003455530386491601,-0.0016941433358649283,-0.0021830332902870175,-0.0011786923750094491
2020-11-19,0.0008207075813004838,0.001589767035216072,-0.0009431007227390653,-0.001350688437114167,-0.00019887570493215545,0.002762455687841836,0.0054135521539793174,0.004220402790046984,0.002313937194020399
2020-11-20,-0.004503904796320679,-0.0001146935146054684,0.0010066683517537811,0.0015900757859321768,-0.0005432401048424129,0.0006645821928197293,0.00043259866322831186,-0.0022377708124180495,0.0004909282015566063
2020-11-23,0.006589711129334486,0.0002675379266448008,0.00045358263511041663,0.0,0.004217730140129827,7.701633994905421e-05,0.00214791898150124,0.005835499128144406,-0.0014659727160465374
2020-11-24,-0.0025690190171109295,0.0005965752586571949,-0.002093322122786123,-0.0020013415276962654,0.0017993667139466485,-0.006773500815779876,-0.0024818656285563456,-0.0022734501401247,-0.0015923827540866853
2020-11-25,0.009385222823088624,0.00600164866245434,0.0018006388194038436,0.004879207110725758,0.0025658174340716933,0.0001148281796652384,0.013880207906097564,0.006923263203191921,0.010719848107537677
2020-11-26,-0.0002504193006205302,-0.0004306460846504878,0.002840707173000556,0.001637805068741116,0.0016597797611597187,0.001082365524432083,0.007902236971355059,0.0035790469590739615,0.005229504401747187
2020-11-27,-0.0009307895905659169,-0.0014131635059015935,0.0019858351344534952,-0.00033602610922867093,-0.002310276316742188,0.0015157495601190174,-0.006073455294417274,-9.803512755202082e-05,-0.004540720105342011
2020-11-30,0.005746364323078623,0.0029115950883853436,0.0024219433791798917,0.004654525577231228,-0.0016931804852915455,0.0015372113486389338,0.006549724471947238,0.004516441132559779,0.003344845350990111
2020-12-01,-0.005875908493274462,-0.0007235871424272622,-0.004448019660010627,-0.0027816090374511715,0.00037340331187984965,-0.0020805842928568463,-0.007052889694326159,-0.0023020798869420878,-0.007911736678090975
2020-12-02,0.0032749021098290587,0.004561992746419552,0.009738607886915496,0.011410306402095616,0.006429417631393708,-9.581634391275795e-05,0.008123559230917454,0.007289119210057038,0.009489598940486843
2020-12-03,0.005027909050090873,0.0012231752111278027,0.005477289891142378,0.0033314170009388633,-0.0038641263441157037,-0.0014264304786020254,0.0020811836228891156,0.00021422306244045508,0.0033326145319092504
2020-12-04,0.0028305371463908102,0.004088732273380247,0.004310842930251413,0.0025627638016210152,0.006296954338254279,0.006116199186846805,0.004431040750432214,0.000266688941318316,0.0012504038432896714
2020-12-07,-0.0009980314998484507,0.006651303297807276,-0.0010877676933527258,-0.001999998037004569,-0.0027908598719004196,-0.003598917513085942,-0.0048946790853391375,-0.004521969975494589,-0.001306736816416243
2020-12-08,-0.001880396967880893,-0.001749774841383278,0.001314948637558766,-0.0006783939588516086,-0.004474763276893334,0.0019230845413233943,0.007346708695907811,-0.00012528029349445635,0.006997322472256373
2020-12-09,-0.000890100152940998,-0.0011079891299495825,0.0022970376519100277,-0.0001815724171323474,0.0006149052131201316,-0.0013156098793555282,-0.002565193168271307,2.810693843469103e-05,-0.00747098218713893
2020-12-10,0.003238726707250228,-0.0006393449419337394,-0.0009355280499244722,-0.0026573445846650445,0.00010694024341528774,-0.0013138813241093672,-0.007138320532956044,-0.003452061492866587,-0.003880488455824893
2020-12-11,0.012024025604265631,0.006687929797979164,0.003953242282400238,0.005426062727728942,-0.004590447502860084,0.0008639109248302912,0.006279375229207407,0.011059598176456298,0.006004954146471508
2020-12-14,0.003549077163098824,-0.0008940743058676315,-0.0030184686247504144,-0.0008966983830571706,0.000945563783670611,0.002337873260544132,-0.0011512105428325148,0.0006316705391986588,0.001740590171294798
2020-12-15,-0.001575779830649604,-0.0007600815200509148,0.0022107865731761933,0.0012768419520983176,0.0009464607033078387,-0.0006826184410071434,0.0051312614615128815,-0.001785580536609599,0.003415524827980576
2020-12-16,0.002176036481262633,0.0047795980868465815,0.00128749372779291,0.00044489219312326966,0.008523863105613927,0.003628147528228487,0.0012652399552846028,0.0001417392473956891,0.002781644968651742
2020-12-17,0.0019045915068141017,-0.0037185216926390874,5.6481661064200495e-05,0.0037257618774535484,0.004347828785543628,0.0015366437668058452,0.005927383200894365,0.0033276668097594886,0.0038793738963467383
2020-12-18,0.005984086110369269,0.0012567960577318793,0.0007572522227272671,0.005174836135400485,0.004980366516413204,0.0033355807760380163,0.011766686358343659,0.0052751730050362156,0.00811425191155557
2020-12-21,-0.0036601997189807944,-0.0062135747061086155,-0.0008582455078922635,-0.003799173146871393,-0.012396812190566098,-0.0031511065081404332,-0.007484039217527938,-0.006017825244162722,-0.0008052110996629169
2020-12-22,-0.0016112068984479588,-0.003314398769955096,0.0,0.0017008809157939009,0.0035505852323691744,0.0011322275854170893,-0.0005536450341249166,-0.0011567915172089327,0.0039303432904340685
2020-12-23,-0.0031022706761261176,-0.0031101130543385036,-0.0026806179640073147,-0.004106843593038367,-0.0037249533317219585,-0.0018737830137374178,-0.010510109977222348,-0.005975013123359574,-0.009067260040936387
2020-12-24,0.0036943401203395343,0.0037211897339040068,-4.5044168122787553e-05,0.00039010441651421424,0.007900526882689718,-0.00017387757603914977,0.010759943887864054,0.006028080854339368,0.004669349441642989
2020-12-25,0.003588892723814574,-0.00021015321143336152,-0.0033674047901285364,-0.000548358191325371,0.003458537229941161,-0.0009743849664165527,0.007630267484526776,0.005734957337840241,0.009771323878672522
2020-12-28,0.0006721466969177303,0.0006697839691374163,0.0016527769205516574,0.0016721969568598283,0.0015038375742826293,0.0011590772981220354,-0.005443814387172008,-0.0030661218752546793,-0.005903195085425583
2020-12-29,-0.003020435962928447,-3.1194953325042185e-05,0.0012720757104462965,0.001503461095783143,-0.007837267996709918,-0.0015045554964855379,-0.0014742583418336785,-0.0010704455177659167,-0.0004915852678194499
2020-12-30,0.0027639588127645887,0.001396063595271002,0.004750573006182313,0.002413844119172115,0.0025163518607946855,0.0012553702255531096,0.001478762997429106,0.005712421241633514,0.006809567940445627
2020-12-31,0.01043275351051376,0.005599724459338429,0.0028585321698624266,0.003831388176507966,0.009685956339065438,0.004247397729963298,0.009952511370194372,0.009343917965294546,0.0019380314417387634
2021-01-01,0.0017794674294904222,0.032453664614931155,-0.018394413768652917,-0.00972591227614994,0.003106549641431977,-0.0010171442238350314,0.11513019182308537,-0.0046287500119780445,0.004432979608948839
2021-01-04,0.001210822656033228,-0.02925617717498319,0.01698567065419132,0.005782208063576988,0.0008183264674470614,-0.00012592613722850476,-0.10513192466725985,0.002281940296587459,-0.005280755780026181
2021-01-05,-0.005355166702952108,-0.004608412271440154,0.002110620169939903,7.356497217481106e-05,-0.00822849385180191,0.001105439157194299,-0.0006312564009204324,-0.0027924405378834116,-0.0064515644220013435
2021-01-06,0.012384417413725535,0.008386795380006307,0.003484460087192165,0.003972994689505738,0.004270212250146566,0.004353401800584411,0.010972644020602607,0.010950690960276566,0.009141945148329222
2021-01-07,0.00656710199953392,0.0007342457646037914,0.00012530911505015396,0.003319759284016177,-0.00031347043874929703,-0.003358447200815018,0.007580878451552975,0.006735907735230251,0.0019734416509109565
2021-01-08,-0.006140566450708818,-0.0014506656661600337,-0.007998665082237233,-0.005644835359129852,-0.004084442730004301,-0.007380275879909082,-0.003477012030848381,-0.005514455426416376,-0.003672202417667192
2021-01-11,-0.006754298051920071,-0.0036917911535784276,-0.0028051733103556797,-0.00694615929964848,-0.0039332244402126015,-0.0028917244772115325,-0.004006838915540101,-0.009107125028518515,-0.008635915594676802
2021-01-12,-0.0011699974556205195,-0.0031790014530362898,-0.0022256768971602447,-0.0020928282920179564,0.0005815709736638475,-0.0003552832539504003,-0.007443628488067677,-0.003515267183156534,-0.004153593742795669
2021-01-13,0.008894260977562851,0.005012762205896637,0.004199103057430875,0.0039629900042505994,0.010827028195791844,0.0036240212686524664,0.00935100168170333,0.007706382778260856,0.006377508365315476
2021-01-14,-0.003718597671769852,0.0007560126617336405,-0.0011275083061077495,-0.0038007870478364847,-0.0015560252814867948,-0.0008185818746816453,-0.0019158491602968564,-0.005392723455201587,-0.011151238507776773
2021-01-15,0.0037004711816872593,0.003984859081252123,-0.0015198261859429296,-0.000923486741711943,0.002517852657452968,8.663420173604663e-05,-0.0005917167095149667,0.003810883615687377,0.0030122314086011848
2021-01-18,-0.011178914994606215,-0.00916583658687875,-0.004404976731821941,-0.006842590880306143,-0.007914509222109012,-0.0007698560637096064,-0.012215620964812435,-0.013190835882059715,-0.011471643210725468
2021-01-19,-0.00024589538050800996,0.0013100117759854424,0.001436760269172943,0.0007608065497719529,0.0004346750566854851,0.0019767431594901463,-0.0023907514394398977,-0.0009392795598575088,0.0013233579552052177
2021-01-20,0.0032281318915812207,0.001988554963404443,0.0032657706638830053,0.005098325770698464,0.004639083727420834,-0.0018672361879027433,0.008997204585603935,0.001824957531855187,0.008325038115998717
2021-01-21,0.005692653298300376,0.007658814803177316,-0.0014393776044104856,-0.0019143025297215788,0.0017768370587909477,0.003302620517067867,0.004415194307135772,0.00807749269302449,-0.001411761153165103
2021-01-22,0.0006860638731844837,-0.0016368454138306898,0.004427598560806656,0.004181602719109279,0.0044620788707021575,0.00047343731410554035,0.008436247651429474,0.004121092283952077,0.00827690929723035
2021-01-25,-0.005826892054157762,-0.0059891825362217155,4.180901761907663e-05,0.00025916567074868446,-0.0030059603452877726,-0.0026114044733276387,-0.006983495420150865,-0.004476211920892981,-0.0033460097549131707
2021-01-26,0.00041444688451819367,-0.0011461874223736013,-0.0030370836586733896,-0.001906945525246062,-0.0006729371953735352,0.00016382315599638986,-0.007490337293825089,0.002255014436722158,0.0016177416207232564
2021-01-27,0.0044231308718103435,0.0034346895758665674,0.0014886709158699052,0.0013792318288194938,0.004573076011713084,0.0015154514335262714,-0.0019214071065281058,0.005138984632468979,-0.0018364554800324173
2021-01-28,-0.013174211096427357,-0.009527162528695454,-0.0024749774814599723,-0.004762003705163664,-0.005248955387956444,-0.005185186975956935,-0.013279066187551258,-0.013016178801557143,-0.008207167200600995
2021-01-29,0.0024442506356026072,-0.0011612567438413768,0.0003274667242629814,0.001236204229644322,0.004066718177965223,-0.0014191313151774576,0.007341314209046601,0.004441034561861734,0.002805690796346516
2021-02-01,-0.006483017061430174,0.0022417737379396563,-0.003086287046361047,0.0003152348219104262,-0.001990381271447017,-0.0037731564330643064,-0.0005114097136801332,-0.001540207738208399,-0.004096418539301316
2021-02-02,0.0019193224385822827,-0.0034096120584936607,-0.005711269464940494,-0.004549946712114394,-0.0013814943462642226,-0.0018592471558414037,0.001985939795075886,0.0002937224359591539,-0.004595634266419624
2021-02-03,-0.0034571717302940286,0.004763392618629458,-0.0011364397836008955,-0.002455957182741275,-0.0014205310485384537,-0.0013996569866920883,-0.0017847988935485448,0.004354133894275414,0.0023902536258422202
2021-02-04,0.0036530352179575676,8.606866321092532e-05,-0.0009350672030203899,0.0002769556190749256,-0.0007507233632406685,0.00031427335096290143,0.0027410203840876335,0.0031982711975950817,0.0003133468844311871
2021-02-05,-0.004321414512730937,-0.003033664453209739,-0.006294081000417839,-0.006282587967714526,0.0019830248530963157,-0.00546542508697756,-0.00627027516772638,-0.008227191448535676,-0.007306242082583236
2021-02-08,0.010022012867794805,0.0050554439411569785,0.005617481376615885,0.006855858420775629,0.004574985933613718,0.0016318507383525915,0.012342315073884391,0.007168409253119901,0.00985155974961871
2021-02-09,0.0041408589039722,0.0016251516004865962,0.0004239854231793405,0.0004002080092257998,0.0005085523299999117,0.001805935206347753,0.003960078491846097,0.0020906513707630303,-0.001831031053745713
2021-02-10,0.0038261074439116527,0.0031976043035557566,0.006946438909782637,0.005508496493374926,0.005259163078285223,0.006072217592752116,0.005478211865217242,0.0023658087681901474,0.008033082589582463
2021-02-11,-0.001957585493630787,8.657133116196647e-05,0.0024196147135659984,0.0001006197804718223,0.00105682035624044,-0.00038236310609651714,-0.0016335529590855158,-0.0035340015480850306,0.0007516498105508695
2021-02-12,0.00370874618778938,-0.00036211632494154156,0.00014149172049116032,0.0008492320522897057,-0.0016157883088936398,-0.0012029621057109141,-0.0013421489017508836,0.001798329167399526,-0.00037511071612938984
2021-02-15,0.0013020163727521794,0.0010009036601335008,-0.0018378832814114343,-0.0007758942166108396,0.0044388912267072644,-0.0030268782225622015,0.002481496554141538,-0.0016170580917692634,0.002022480480525113
2021-02-16,0.002846616430181692,0.0041390592583996355,0.0021633154457012527,0.0008334358533188535,0.0031168845008193724,-0.0031123661026406513,0.007582240053363609,0.0019529750360995912,0.0027308820974942805
2021-02-17,-0.006202676231339521,-0.005775398782224883,-0.00378854229872716,-0.0032733877135847633,-0.0019165448425745302,-0.006748120316969586,-0.008534239779927844,-0.006039579118066185,-0.0024398239760023976
2021-02-18,0.0026875580850320713,0.0007165755162084064,-0.0058012410673971004,-0.0036781674916279705,-0.0015669262931776728,0.002285986009930685,-0.003991534972363708,0.0005683660363491327,-0.002305684569464783
2021-02-19,0.0011986692719907488,0.0014982829628362726,0.0029247069604114717,0.003643164233586349,0.007291043920267137,0.0019781890824979165,0.0034975121440457,0.0034360978349980975,0.0013698998123718997
2021-02-22,0.015511099986817545,0.006524448562320151,-0.0009813904076599878,0.0028497294649860727,0.004560137874398906,0.0013078879424608392,0.001764823945434646,0.013023969907629995,0.00498903215914237
2021-02-23,0.003411565381183479,-0.0008168516495298261,0.0011164432992607498,0.0033349308049044346,0.002856455648388101,0.005048376642566188,-0.00441796653961557,0.0023382246381240535,-0.0001947100464044782
2021-02-24,-0.0008304318170145875,0.0013023220941590363,-0.010396601712025166,-0.0012042622122976354,0.0034877745323074194,-0.0028399264822139836,0.0022689072411974376,0.0012116385280560582,-0.0012008446351517987
2021-02-25,0.00862315460090235,0.006602726910014178,-0.0016545449955243097,0.0015822117375803302,0.001980756221353408,-0.00623917457590617,0.011814437360527785,0.014524990747055488,0.0013754352026043026
2021-02-26,-0.013416792016336276,-0.007922328246746435,0.0011374359793230315,-0.0008997964463968167,-0.009903834819642854,-0.0040891300687023735,-0.015667770568015826,-0.010716722013927815,-0.004603526756025711
2021-03-01,-0.01494039270448233,-0.0067816713280914875,-0.0020167967647172214,-0.005827132900038223,-0.0025430414206923935,-0.0011642916277938564,-0.014982284501958376,-0.01280469009778784,-0.013437273444843578
2021-03-02,0.0025259101268675366,0.004311205314669886,-0.008197609364489544,-0.0031815938102786046,-0.0030783191239458496,-0.003256867783291817,0.009137009986634581,0.00041322930545839576,0.0011358275792408001
2021-03-03,0.006844640038456085,0.0004669083759532011,-0.00010930775036888107,0.0028521567302313144,0.0018280817525075932,0.0008710793301027753,0.008973607434069608,0.002583152731148397,0.004464359972447429
2021-03-04,-0.008574244908197026,-0.002770169106009801,-0.005110367423058815,-0.0028800481356082708,-0.0020055035383977904,-0.0028021766343988563,-0.004825644926276462,-0.008374576359287178,-0.007078050870246155
2021-03-05,-0.005478053979368069,-0.00056784240478569,-0.010309009885424936,-0.006881411661313397,-0.002362017357125601,-0.008309046904859008,-0.007289356137257008,-0.007415148070540001,-0.0066888854179888435
2021-03-08,-0.0008426657717784947,0.0036415176994917253,-0.000989032155623626,-0.0035180865848333243,-0.0029092556422167792,-0.0042796640136156805,0.007068640906974677,4.309497659549244e-05,-0.0037457250485567473
2021-03-09,-0.006800592497475222,-0.0020540173603553757,-0.005984222157806696,-0.006198454709617107,-0.002170323871488855,-0.004773352593517188,-0.0015961927416699995,-0.006405098904106232,-0.006920876067691983
2021-03-10,0.00798792193756559,0.0011705857954533716,0.008253099150665744,0.0038977317898649666,0.004833872811384365,0.0033340348335251235,0.007728303053005536,0.006583688107135277,0.009482403561596575
2021-03-11,0.0018355964221006271,0.001822508595138883,-0.0016779954170396127,0.002366169783703187,0.0029534491478344638,0.0013372830301137117,0.004102959737933176,0.0017548711205812584,0.0021782106281433844
2021-03-12,0.007192563637109295,0.00707822414170356,0.005450641101548248,0.00503413381222062,0.004197045955295797,-0.0011330763049794967,0.002746750863165559,0.004914694582929702,0.003913019767095349
2021-03-15,-0.003161008372386087,0.004980206992213354,-0.004955524140372813,-0.0030114376748069382,-0.004318142350090093,-0.005150402564418899,-0.001122409588769746,-0.0055629456933457,-0.004443735521073799
2021-03-16,-0.0016569986020585903,-0.0004969800886900355,0.0017949505177363712,-0.0020273558871979347,-0.0021822132206912315,-0.00015582604862696137,-0.0035954106596430835,0.0022546267865783953,-0.0032542819381244925
2021-03-17,-0.0005886528586271922,0.002636118920148256,0.003027732982270992,-0.002023177780549945,0.00022248091608623177,0.0009630773241990909,-0.0033344855867272205,-0.001460096568599356,0.001359917146141587
2021-03-18,0.008705250576456214,0.004253433761630454,0.0027758065537706322,0.006818129005479179,0.005296766315203927,0.0012673268658600634,0.009477921697736535,0.008092323938900137,0.006451852582897821
2021-03-19,-0.007590074488634468,-0.008077875757554143,-0.00547813553648302,-0.005387043935496605,-0.003634404295129068,-0.0003672133333673111,-0.012949269846657452,-0.011461744358828074,-0.007194218795596119
2021-03-22,-0.004023431052917581,-0.0025553618906100084,-0.0029246036237294826,-0.002947064563059154,-0.006639652850229494,0.000551088511935971,-0.005617847289512201,-0.002245786759187851,-0.005922288105909557
2021-03-23,0.0029781085672431207,0.00016775826966397567,0.007409001876590882,0.00420042332273729,0.002162600235926515,0.0008733656307480242,0.007081776656839844,-0.0026321213140988453,0.00595757055514845
2021-03-24,-0.0181782783029667,-0.005504319953309023,-0.012113164888494565,-0.007778902857818792,-0.009528909377628847,0.0023590521693233057,-0.018936544637250585,-0.020040971017801223,-0.011239513356794517
2021-03-25,-0.001801298766037407,0.0010653926441084316,-0.0015704973207552042,-0.002291819283459895,-0.0030252887047464982,-0.002481885009547713,0.010208801477295415,-0.0029620612631147125,-0.0010646554220298254
2021-03-26,0.00039487766173373906,-0.001991740543796472,-0.0037466466002999965,-0.0030854165403151335,0.004399696805660991,-0.0035629556592408074,-0.006275584031695258,-0.00024390857157319257,-0.003795049249930682
2021-03-29,0.005711967369874227,0.0013985839101084974,-4.2567949962601936e-05,0.0009666010928697233,0.0030478812053771343,-0.005574222929724204,0.005430959000394697,0.003769871379550427,0.00014110431613678642
2021-03-30,0.0004966678224884724,-0.0004924446529988025,0.0006922874166590542,-0.00144197878443586,-0.0011571701980657156,-0.00040968507178706925,0.004166193730184675,0.0022361277245748212,-0.004213863486730696
2021-03-31,-0.0042365857636771365,-0.002408687407517096,-0.0029627942690070297,-0.004027045738019597,-0.002061988245792956,-0.004251863185912308,6.90897718336192e-05,-0.002468291157339264,-0.004237249662439102
2021-04-01,-0.0019319342177260834,0.0044968077361602354,-0.0023413088672439297,0.0004457788887903824,0.002881405538296189,-0.004018055935214315,-5.156353587432161e-05,-0.001264050510875414,-0.0013380593660052842
2021-04-02,0.003279233309287255,0.0014586176739879164,0.0018999767366574272,0.0043584335414605935,0.00354171018972127,0.0012385618225998485,0.002409635319180925,0.005930436940842165,0.0016890782786833647
2021-04-05,0.0002621539983804766,-0.0014326178593619954,0.00011680485938581064,-0.0010002289071011639,-0.00027658796604534963,-0.0005782862707989223,-0.00011611621465557054,0.0008704402430343983,-0.0005377862957351986
2021-04-06,0.004950604235254508,0.0034983368570287166,0.0063672361659929955,0.004313981953136592,0.005983020385001536,0.004392304013708159,0.0036259024338543,0.005059828764211405,0.00310145030570097
2021-04-07,0.001073373215415785,-0.0040727674098953726,0.004981729838908322,0.004678428163524373,-0.005947436749689561,0.0036432334351683693,0.0019970139286995536,-0.0004238383203147844,0.009321652144910653
2021-04-08,-0.006921011608174932,-0.0032744818199861303,0.0022597555382193324,-4.7486026508836154e-05,-0.006322171400804155,-0.00053706905034967,0.0006717094594863582,-0.007118608856314879,-0.001734083918519369
2021-04-09,0.005925796496142777,0.004020046808023148,0.005561814536268583,0.003538931154240421,-0.0006866942813118504,0.004774494975681831,0.0018340952935602672,0.006856725791053897,0.010647449382580998
2021-04-12,-0.00430874710838991,0.0025058038279055506,-0.0012212223947888345,-0.0012733601511303316,-0.0016180562649947827,-0.003318307403104903,-0.005530734753076305,-0.003069409732858186,-0.0004975754363891749
2021-04-13,0.00022353688659548787,-0.002245413565293619,0.0034594739807722874,0.0011914405802817551,0.003039663505320478,0.0029257382304481716,0.002960505113758005,-0.0010548761669869622,-0.003730576173439415
2021-04-14,0.002594792645154609,0.0017468105090463482,0.002173713631837604,0.0033112327681075193,0.00042643357737981447,0.004131292767109107,0.0016315597580589536,0.004095553246769024,0.007949594446777564
2021-04-15,0.010146858529076486,0.0016058063121968669,-0.002817832712556645,0.002672952619411806,0.0014192799064809414,0.0002755561322476119,0.009275542481471222,0.011159791223348092,0.005447505999889524
2021-04-16,0.003443291776753732,-0.0021285031634362683,0.0008753589463055267,-0.0011971556290383267,0.00045497586049836336,0.001886062030384661,0.0010658395851654845,0.005001530186242054,0.002071873762908627
2021-04-19,-0.004859752145105145,0.002085038803777861,0.001458923331157047,-0.00019148372403277047,0.0023905852190664323,-0.0002759294953916802,-0.0006739056541184008,-0.006763687585696565,-0.0004203213278631823
2021-04-20,0.006867569340969881,-0.00032740023931943085,0.00639555838189465,0.006335809454036445,0.012692379129000342,0.005744807486915304,0.011917317580178999,0.008938215768953484,0.006294046735904724
2021-04-21,-0.005562714624996579,-0.007120513629785941,-0.0013102088915371013,-0.0010708288987623105,-0.003930696660654154,-0.0003237093307543182,-0.00897883210612982,-0.0035326547802450037,-0.004634015902791111
2021-04-22,0.003962532047792067,0.008621429355933907,-0.0009053861993917334,0.0004453360191536415,-0.0005015931247618344,0.0008700725547714505,0.002945313642379155,0.0054322694858179865,0.0032461022091538894
2021-04-23,-0.006326034923556101,6.397670218305507e-05,-0.0003380482429485854,-0.0019103788602828908,-0.0065741247085727705,0.0005649728691563549,-0.0024271647964425602,-0.006954753973365091,-0.0025399154636812638
2021-04-26,0.004901283928923528,0.0012252564542425404,0.0034467892774381337,0.006250504777101318,0.0018857803171872245,0.0009640532132444424,0.006320652057804077,0.005229060057209356,0.004007485609907047
2021-04-27,0.00730840849555725,0.007389514544284159,-0.0008200004783278647,-0.0006766122021124588,0.002112201040892492,-0.003031394236167384,0.001329090732179905,0.00533579275973195,0.0007943314939589108
2021-04-28,-0.003808117115649323,-0.0008222291085632216,0.0006564049004873507,0.000714564737621437,0.0005699818753657215,-0.005039048468927887,0.002651738056021813,-0.0035804421839089606,0.0016233675615160426
2021-04-29,0.0040277234406522755,0.008396362900312093,0.0058765706975245635,0.0037730907940705105,0.003824179649503101,0.002257985832767373,0.012340350718260673,0.009550879959558722,0.004776956328045534
2021-04-30,-0.0030347471674355697,0.00217498057636889,-0.0003300222045339307,-0.0007276763569032951,-0.00027904576427406624,-0.0036637963495911308,-0.0012433790995713956,-0.0035236635611014533,-0.0041702282973447025
2021-05-03,-0.007023313077141435,-0.00023620313508454505,-0.004272090739570467,-0.008190845873297992,-0.009535571391833364,-0.0034680399758649783,-0.01622287527270927,-0.010690285126083166,-0.011488964788643696
2021-05-04,0.004650676389051922,-8.144607061544296e-05,0.0014919797506103283,0.002786131525111424,0.006075883984317576,0.0017967232495821328,0.0033307174179568744,0.003930055241903929,0.005310613456166902
2021-05-05,-0.005814647109204429,-0.0016341098157460765,-0.0020363724067427036,-0.0038327774773150303,-0.0011249800442720836,-0.002213542511711797,-0.004548038462940274,-0.004914971123768375,-0.005617461789466205
2021-05-06,0.00484839287359029,0.0026983430849891743,0.00031757027213275,-0.0005884542128350434,0.0015579135700449775,0.0010071563424767227,-0.0020907486430364886,0.007899300766338602,-0.0016802366410106906
2021-05-07,0.004659131856914911,0.009305563211428058,0.006082092054204402,0.005044664866080906,-0.00080611246820117,0.0015497360250511516,0.004992501424402329,0.0018878067335048598,0.007281865438856006
2021-05-10,0.009179067983687395,0.003301922070151786,0.007929347395824182,0.008495398926473774,0.010264139770498781,0.004402649502146749,0.011644252459936721,0.008733391985564776,0.013992010505033514
2021-05-11,-0.0025187208941888084,0.001678572284030233,7.771813209034306e-05,-0.0024767285752496093,0.0064155278084596645,-0.0024990184980800967,-0.005623357773568927,-0.0033956980853020458,-0.001719279248786676
2021-05-12,-0.00011519460131947934,-0.00022321437370476094,-0.00382810011053214,0.0002938764513154002,0.0004948467105598819,0.0011866387938646028,-0.00013567078455667403,-0.0011837645960199872,-0.00020313064211974208
2021-05-13,-0.013497419761899221,-0.001996558444675056,-0.005238793165316391,-0.005434086426121532,-0.005273843043726134,-0.008653752501061596,-0.010564060697325961,-0.013575958522007991,-0.012480278642112985
2021-05-14,-0.0007888904734191238,-0.003920054939941298,0.0029361508415830517,-0.00010027452124083958,-0.0009133295596505109,0.0013514246875239166,-0.0015586785447262441,0.0026361647526012,0.0023498273230373456
2021-05-17,0.006796263906358124,0.004731263318274559,0.005259653561559441,0.006050930549080791,0.00362416377280228,0.000950501539309645,0.016458462721026024,0.008482504414556669,0.010115958902563227
2021-05-18,-0.0006444191614857209,0.004103906731818263,-0.002357977172833259,0.0005349045844813549,0.003324926057336919,0.0015562311507852922,-0.004337236141069067,-0.0034217970926819774,-0.0009449236177206943
2021-05-19,0.0020946776830912395,-0.0009276891258936937,0.006574357164409239,0.00552151594775574,0.0027809120542250376,0.0034353580695511976,0.0028710563385421217,0.002612850392228916,0.005461603786706348
2021-05-20,-0.00894477268732874,-0.004912496041439618,-0.007355511903556988,-0.004183833562572015,-0.0057694760461759476,-0.003706372104398281,-0.011290861580631417,-0.01034346199965197,-0.008402534357527913
2021-05-21,0.00643751276778759,0.005786579736366759,0.00755596645612977,0.004315598457791392,0.005631657011129665,0.0037938821591472216,0.0024385608196066944,0.00467060346476722,0.007523810542605425
2021-05-24,-0.005148167752130672,-0.00037293037226937553,-0.00011145151719549329,-0.003447842784843669,-0.0030124169866803108,-0.0005416695765104729,-0.008843083501910542,-0.003249502292102524,-0.0033131054938464466
2021-05-25,0.0026909991364651997,0.0014273694228541522,0.00044593842195750355,0.0025772895778577443,0.000934347052824025,0.0006247144698021678,0.005753617676695688,0.005800684109961152,0.0011445413914927816
2021-05-26,0.000301606744179006,-0.0011770731215173802,0.0015631910047302355,0.0028209965686414318,-0.0008627379318795203,0.00045032233599040516,0.00299439151548464,0.001329348674501185,0.006741490980744391
2021-05-27,-0.0017073851383920813,-0.005449185860302297,-0.002372619827758604,-0.004612427257485008,-0.0019622006044801577,-0.0033708548318405196,-0.007370508891774485,0.007460161552541367,-0.007625546135695327
2021-05-28,0.0003360697139811464,0.004962559818465051,0.0007580065437864381,4.869039459753921e-05,0.006207089852694692,-0.005819194692383789,0.0024825503345733413,0.0008231146244646048,0.004846199785015548
2021-05-31,-0.004185141147665106,-0.0006292199064845683,-0.0033995658663401596,-0.00025595431068903274,-0.0016449908350510967,-0.0008916590828733639,-0.0016686220236887817,-0.005678428428080307,-0.003935362229153361
2021-06-01,0.004331755930875314,0.0014178756910969703,0.0019033811636719467,0.0035108358588156197,0.003272200252871782,0.003781077138731881,0.00641618639119601,0.0047448107823906405,0.003730127681418338
2021-06-02,0.00160159378864555,-0.0006877572978279956,0.0015831134213981635,-0.0012340095487372027,-0.004898324859706871,0.0,-0.000803429372433051,-0.003292995604643245,0.0014673598102612484
2021-06-03,-0.0014954380263937361,0.0025752098937179557,-0.0013582586312100853,-0.0006471845860595016,0.0010486849504192097,-0.0009307450499179692,0.001974034691289761,-0.002734233086365112,-0.00031197185356446333
2021-06-04,-0.010140245560958383,-0.005699241676519584,-0.005866126057718413,-0.006294536179352717,-0.0043741399092213085,-0.0060852631517058775,-0.009360258955627088,-0.011734484091244335,-0.007135830406398536
2021-06-07,0.010205013096927118,0.0025837334271807677,0.0048937991878361675,0.002917987829320845,0.003852815568135881,0.005920633609274528,0.008670790090690161,0.00854714394953282,0.00661256629654372
2021-06-08,0.0015877122096901175,-0.0009018588411410233,0.0017827600251860698,0.0020728666661509187,0.0008647619964581299,0.00313884989501112,0.00496192712657928,0.0021892592778760545,0.0019362877485746832
2021-06-09,-0.002488145039382772,-0.002039414440018761,0.0007805496906880816,-0.0017042140583581888,-0.0018819966806694621,-0.0017813234036281322,-0.00033506102056568565,-0.004867784331969216,-0.0016478481987297622
2021-06-10,-0.00096937497693661,-0.0002641092026607339,0.0013398399739110722,0.0007517140274577727,-0.002653125046336191,-0.0012863683929043024,-0.0008534228157283108,-0.0025747421278875526,0.0006642151738727176
2021-06-11,0.0023934399480072255,0.0017861184518190854,0.0010619107491296464,-0.0007754178831091973,0.004095188120170068,0.0018371800729377608,7.978058954449807e-05,0.0024660322179894667,0.001871420575823901
2021-06-14,-0.0050447019551681516,-0.005346278558310935,-0.003410904430138806,-0.005122571731379644,-0.0035863419177835087,-0.0027345345665285015,-0.009119430288074049,-0.007024814217528208,-0.008078071591155811
2021-06-15,0.0004009770665240886,0.0014002501225132136,-0.0015437808410614373,0.000993919050279235,-0.0006631974950638275,-0.003017063924510066,0.0045485524928272625,0.0006716081014772612,3.611838160777481e-05
2021-06-16,-0.003343562677675771,-0.003660039080330635,0.0006677577489517805,0.0004002410493513242,-0.002013639590617955,-0.0003906041542939276,-0.0006326052982182917,-0.0029772386380712,-0.0006344780675930917
2021-06-17,-0.009040945278419699,-0.007525681018741404,-0.011039780341993821,-0.010843962346389069,-0.006449723152150089,-0.006192985736819923,-0.018511800206102325,-0.007205606488058458,-0.014176234087419415
2021-06-18,-0.007854760721062837,-0.005443368343314048,-0.00993841621885505,-0.006850199257112499,-0.00372154395378832,0.00403353462165823,-0.007799490495086214,-0.007892203636706951,-0.012460333202216733
2021-06-21,-0.007000425054539683,-0.008409732420390004,-0.005246687076551737,-0.0033365033317003245,-0.008718605413124747,0.001125221671015808,-0.014382059527480395,-0.009450756853251585,-0.006767662497749405
2021-06-22,0.004117837084664844,0.0064591776120130895,0.004180078766503614,0.003275888241700775,0.007837187219547292,-0.001567435714287635,0.009990794456216756,0.0053584400276636135,0.008353069965214788
2021-06-23,0.0026426534084944553,0.0048741204077789035,6.527642587306204e-05,0.0020292243125450415,0.0017604795832306674,-0.002530399090819979,0.004743796241178044,0.004533708429310668,0.0066669021084710955
2021-06-24,0.002598054670076344,0.0005445337531477801,0.0005228090289570719,-0.00029830447809264804,0.001257045672630852,-0.0032248919543713672,0.00028358888550594763,0.003931382683316276,-0.00011313423207892637
2021-06-25,0.0010084359225728257,-0.0015418856357748423,-2.1748070994864754e-05,-0.00023855495634861335,-0.003618409233071551,0.0008204345428011184,0.00392277616338621,0.0025003980367019896,0.0007481899610195519
2021-06-28,0.0017043203814155472,0.0024731376863957877,0.0015708566972176818,0.0009912185233162951,-0.0015701081558681107,0.0008933156294830269,0.0017462508701753254,0.0008199104916981614,-0.0017870321033293113
2021-06-29,-0.003501881490246661,-0.003413325209498219,-0.0031752933014337348,-0.0011094247801214374,-0.0011519364448856484,0.0019800708507462517,-0.0037319197528100645,-0.002840691108358606,-0.0024864574469839473
2021-06-30,-0.007240855429314519,-0.0050176531919514655,-0.001400764187349357,-0.002261387132008741,-0.0026163404422279157,0.0006151278944197536,-0.00441883601577564,-0.00838484369318715,-0.0009086781789043874
2021-07-01,-0.0021159426797133785,0.0002824231055962301,-0.004378632777263802,-0.003794147491686828,-0.0009819036754389332,-0.005300357117236976,-0.0058547012903436,0.0009836325588772343,-0.001652612659336694
2021-07-02,-0.004253975815037281,-0.003858368940791279,-0.0010260058823136076,-0.0008884818090967306,-0.005035887812280815,-0.004015326896642524,-0.00228366661540802,-0.0047144113694496115,-0.0056882813801558685
2021-07-05,0.007071229235933396,0.008978112479036904,0.0046657968286138995,0.0008417743052646642,0.00521437857136986,0.003932122657676951,0.0021142293150018254,0.008929880550040625,0.004036848967995832
2021-07-06,0.003245808108947257,-0.0008022058341925487,-0.0005422658723951423,0.0006406783710117825,0.0018012495754147206,0.0019744831160199983,0.0057788686596853545,0.003730573429534978,0.00018728165587278411
2021-07-07,-0.006364095181223606,-0.009487865399653184,-0.0027793413018479818,-0.0033109661497897624,-0.0036447166921896867,0.0028390354439717935,-0.016304436585484527,-0.0048772600591745485,-0.005044312214553037
2021-07-08,-0.001412220791551455,-0.001890757085038386,-0.0007888887772458109,-0.0026321867575267444,-0.0003311448129512673,-0.00029832114705918844,-0.0035274428082104903,-0.0006101718121177546,-0.004182455097382132
2021-07-09,-0.006831219160543189,-0.0036956973515136493,0.011653576307906865,0.0046301331645948185,-0.0007447395963843251,0.007595555730660619,-0.005843234571778155,-0.009172782945959801,0.0036997984390116923
2021-07-12,0.007639813535177842,0.006507618783101465,0.0007658274539363852,0.0021062849877842016,0.007881002498232537,-0.003756238708030768,0.012128902532253294,0.008218213189437495,0.0013868756086616862
2021-07-13,-0.0012118958853393202,-0.0006583922423225586,-0.0010709711006519074,-0.0006526261676987888,-0.0009025921737093601,-0.0009970597180513074,-0.0007542312946684504,-0.0027946910228738853,-0.0002865625285773943
2021-07-14,-0.005213037461780035,-0.005255167481388878,-0.004114069849014745,-0.007571489140241527,-0.00582622349105244,-0.0024413786290604644,-0.010052049139292696,-0.0060829683370330345,-0.00829154557887235
2021-07-15,0.0051576203408036925,0.0004394803882592502,0.004493302207644323,0.0049226055054825135,0.0037694204374687512,0.005555354002335866,0.00411846481080258,0.013634181089927644,0.0040430452717517
2021-07-16,-0.0076709169458898385,-0.0058384994004500035,-0.0033885285673341814,-0.001818965027435615,-0.0020467937621736487,0.001876526097830844,-0.009891685396415606,-0.003877342257509464,-0.005102675985193539
2021-07-19,-0.004311078232070109,-0.0022112992630357597,-0.000794724281873882,0.00018549789937249983,-0.004762345191887896,-0.0008737341946881694,-0.0025097315571550594,-0.002378322740529626,-0.001669663907886365
2021-07-20,-0.007008203199344476,-0.010128674201187238,3.264141112668817e-05,-0.0017066072430054202,-0.006821255697226913,0.003104095330171308,-0.01188203170949309,-0.008408522792876738,-0.0013268035721631932
2021-07-21,-3.963246412086452e-05,0.005593622283072586,-0.002963442230766722,-0.000824893946899663,-0.0026857448324397737,-0.003511659328092498,-0.005254742747879182,-0.001756600981826617,-0.0005521456848569528
2021-07-22,0.0018675102435299351,0.008449424757752455,0.003988821814870258,0.0007310905803727952,0.005924497998148315,-0.0030384027283857362,0.013304386538924629,0.005367056474484766,0.0010270312111431146
2021-07-23,0.003792100355684669,0.0003900584157783271,-0.0016864160982862364,-0.0016952306802587858,0.004364940112569604,0.0010441062684445335,0.003573013467661479,0.0028900768946091837,0.0009968418686767677
2021-07-26,-0.0016637294383925472,-0.0002784949095476774,-0.00044583728442959547,5.8932597007066434e-05,-0.0011680417005427435,-0.0036546473196013007,-0.00034117122238486175,0.0003701226416528147,-0.0017544136817713163
2021-07-27,0.0027188550942454093,0.0021930137269408068,0.0044458348823839255,0.0029164853819825254,0.005185823688059976,0.0021939471709675473,0.004162913881780916,0.003023982328083097,0.00843649142947056
2021-07-28,-0.002961252416313731,-0.004066363044892607,0.001159239965149661,0.0013005454274701567,0.003873375264584533,0.004517077376174017,-0.006506862969839711,-0.005895967529207513,-3.0203304750120452e-05
2021-07-29,0.0014562181778459138,0.005710947121417176,0.005387552086071334,0.001930942027677629,0.0017383286438932277,-0.0007734854116326906,0.009124950261115261,-0.00041770772613780593,0.003272854818264115
2021-07-30,0.00257531840821823,0.005654955411304785,0.004173483395698341,0.003971074884161263,0.004133409875420879,0.00440550844409171,0.00746069050967102,0.007256594276554118,0.004713732319600483
2021-08-02,-0.007273264437008042,-0.0013957011715436396,-0.00020975549930513093,-0.002182413613337264,-0.004877527000931248,-0.002707278510177491,-0.011092987644780505,-0.005162857554814049,-0.005315637024520425
2021-08-03,0.0024915684696280582,-0.002751775752161123,0.0007070097202312997,0.000641198473579907,-0.0002500644033791577,0.003999341996216543,-0.0001868903243315012,0.001762185989113041,0.0005562769842055726
2021-08-04,0.004918116287124352,-0.002569125561386887,0.0016043042069942004,-0.0004391046481545535,0.0018092373127285288,0.002550668264165612,0.0016497286160714886,0.008384513831615648,-0.0010230480178399226
2021-08-05,-0.0018657072721164347,-0.0009326736927768309,-0.002846476812550791,-0.0026989581497277593,-0.001972391486991021,-0.004911959549142919,-0.0031330345022114736,-0.0002395766396533494,-0.0008619784315961887
2021-08-06,0.0027088104275114766,0.0034956156047225573,-0.00011026695122617891,-0.00014199493007605035,0.002674101295907949,-0.0020318497611617747,0.0037692649424463376,0.0006273470513673551,-0.0003099768353501675
2021-08-09,-0.00880253581049728,-0.005536529057911022,-0.009938859669925693,-0.007284770079574732,-0.004243750351998421,-0.004598298296106362,-0.012788556763236536,-0.00783252437077575,-0.007884988274423521
2021-08-10,-0.0009310492328632458,-0.00023066710101227184,-0.005431235333136497,-0.0009390033374948592,-0.0013986931261950053,-0.0004260608708150926,-0.002356067813035767,-0.0001887868133220172,-0.0028478879022945103
2021-08-11,0.0017456164457070322,0.004377387352026307,-0.0025569757603941534,-0.0012895376634771694,-0.0009409125672642515,-0.0026401907631533605,0.0020639710268262057,0.002073892920700704,-0.0016595864716959507
2021-08-12,0.004124390768494024,0.0009754596689268702,0.0016278628856380983,0.0015839553267043005,0.00223253941708923,0.0020294546027459504,0.008389476350861624,0.005041972198204014,0.004409667673715978
2021-08-13,-0.004419614949191186,-0.0010543166855780939,-0.001733394453718895,-0.00048011034517492224,-0.0039915147536719875,-0.00026266794059237597,0.00040694043103584043,-0.005197900965211999,-0.00043178272236565896
2021-08-16,0.0032998327188433763,0.0003195487038896161,0.008367895431291794,0.004977404980553768,0.003784828148121866,0.007106101991443126,0.005334158708236059,0.004941978423323334,0.005798918900291827
2021-08-17,-0.0033474859908435572,-0.004264262299124355,0.0031780869163071657,-0.0012487248704858844,-0.0015227200772908178,0.00299187981159732,-0.0026193434509115265,-0.0016095349493877587,-0.0016615948090403787
2021-08-18,-0.011642328254547918,-0.004506378284639956,-0.002459640535928731,-0.0059601863558819135,-0.007392265523563868,-0.0021910905680002646,-0.010267524119470406,-0.014312930408319935,-0.012392844491097232
2021-08-19,-0.003390653399463983,-0.00289025884300409,-0.003062471588144766,-0.0005500445339591264,0.0002473474351734062,-0.0027767183519066263,0.0004916012500564282,-0.007706391740088803,0.00245187432473859
2021-08-20,-0.011726894084300943,-0.01310862693271575,-0.0014799973976640235,-0.002281654337924044,-0.008219427836297699,0.0006741958355422906,-0.014233099809587424,-0.007884245442431381,-0.007383235041542369
2021-08-23,-0.0008960463612035507,0.0004132266354772707,0.0019626665072216554,0.0017944800214149126,-0.00040876706530368345,-0.0006554861488760055,0.0012794581208031008,0.00155052525769106,-0.0004883578266791089
2021-08-24,0.009776190724252176,0.013832932482557236,0.005283337996037529,0.004016666301490446,0.007301584440761344,0.0014770047959433708,0.012530995352342034,0.00925192638667216,0.010533071620903556
2021-08-25,0.005437305514514712,0.004366432838164291,-0.000876151066147135,0.0007286823861358815,5.4980532722348485e-05,-0.00047390824327908643,0.009579940107150353,0.006383087623351491,0.003555433123588081
2021-08-26,0.0038354754135294655,0.0005799150714189683,-0.0005910622000978583,0.001813127383051727,0.0029872850828818187,-0.002236802325164655,0.0023620788328788667,0.005006453940769706,-0.00029021571163956317
2021-08-27,-0.005249952695380311,-0.007583781957575808,-0.004684400055634863,-0.001528285068751245,-0.0046588237087115125,-0.000654247223642157,-0.002051411903957634,-0.00394496673106548,-0.0022928482940528516
2021-08-30,0.010718610594944833,0.005859886411351489,0.007396876342404823,0.003623508401804143,0.004423461073586044,0.0016656684183693482,0.013604381485488481,0.009656118564050242,0.008121565486527427
2021-08-31,-0.003383116679437359,0.00016658611537812007,-0.00652000129713759,-0.00017812175809306385,-0.00018440503348648996,-0.0007185692734081872,0.004774906836453763,-0.0020225558969595436,0.0012011877195554632
2021-09-01,0.0036575855128810897,-0.0005707184400262078,0.002053960534210475,0.0011337958991550767,-0.0005130333604230763,-0.0010176593004198597,-0.0020480792477335363,0.007644053473368828,0.0008704377001236274
2021-09-02,0.006846236687533702,-0.00044362174035539326,-0.0002369818512266697,0.002593169540356932,0.0013262331623817847,-0.00036332759849377894,-0.0004902050619850495,0.002013816343837682,0.0004133104796517628
2021-09-03,0.0042479623759530405,0.005568887247318521,0.001123017252099956,0.003004669747078248,0.004732140816765984,0.001373422865818652,0.005600566424057485,0.0063426876799512755,0.005370278145789165
2021-09-06,0.00617868566913371,0.0017158877640437442,0.0007112718355721803,0.0007963691029264641,0.0016215858561734464,0.0016489901603415902,-0.003261758124367131,0.005793062842870844,0.002568552198547458
2021-09-07,-0.0011155527378077235,-0.0003191772758713851,-0.00113674128561847,-0.0009143836244996928,-0.0014255144814483423,-0.0005099231106762137,0.001808263267264687,-0.0021409469671209713,-0.0013333847488159467
2021-09-08,-0.00673886237064425,-0.008864155005260388,-0.004970370763650811,-0.002653005049222168,-0.004313054803411598,-0.004315640957763933,-0.003006688145312575,-0.005465118910915057,-0.003935677051792985
2021-09-09,-0.0030905400747023304,-0.0037498242710074514,-0.002592670110757589,-0.002065906493599612,-0.0008811062022350269,0.0007076457443486728,-0.0029403397903678963,9.934688034007877e-05,-0.0038092122666257833
2021-09-10,0.0009582854824645715,0.0024797218719847525,0.005815568004289062,0.0005771297849099799,0.005231381570311555,0.003980689704065066,0.0035883835399590502,0.0009591941526354564,0.0016725647865458715
2021-09-13,-0.0003685046208635745,-0.0013328838050997716,-0.0017753373462303657,-0.001181213920583013,8.303497305583996e-05,-0.001219148291233818,0.0017667467060296094,0.0016154689054324045,-0.0025084653246270072
2021-09-14,-0.00029971756170177333,0.0024905958212091406,-0.004186547541848551,0.0,-0.0001937034743463295,-0.0007182426132698039,0.0022360253383095774,-0.0002775629238247479,0.0037821419678563117
2021-09-15,-0.006625703505594327,-0.0033097720425385724,0.0020867585478747674,-0.0005902961926452788,-0.002016319212120865,0.0025064165863988297,-0.00025114346967913814,-0.002653749006917616,-0.0006171838481836556
2021-09-16,0.0032940555079064016,0.005698249825292212,0.0004023286064256393,0.0012718707234042892,0.0027975269478521803,0.003071761838853826,0.00906354065204118,0.005113634215887952,0.0030767345741602448
2021-09-17,-0.00677011009060946,-0.004999429874733119,-0.008249242746047658,-0.004443422009814957,-0.003745884149858103,-0.002880557433558306,-0.007581198874311856,-0.008567867625655423,-0.004699539131544972
2021-09-20,-0.0037700969998872846,-0.006463489725950344,-0.005021220134046156,-0.00319046996268868,-0.004880951897511032,-0.0024734081909548733,-0.007734180499006205,-0.005277163402653051,-0.006439045886956984
2021-09-21,-0.0005930916312620882,-0.00299950686405015,0.004710698984562001,2.337450871636726e-05,-0.004877542224394071,0.004879558364174974,-0.0013627892614918036,-0.0022597540981452724,0.00028254328994270494
2021-09-22,-0.0043671635867343905,-0.0014351641912447866,0.004515431019676885,-0.0006213408951152299,-0.00038251127727706447,0.0026385434524358597,0.0035557851918508465,-0.00290383687144935,-0.0019221896826125962
2021-09-23,0.0008304080758876342,0.0027296400477734295,-0.003022765654262738,-0.0030036928399174156,-0.0029548607122669157,-0.006128066595022852,0.0022761730160223426,-0.0009019089668218516,-0.00030386191039977195
2021-09-24,0.00909634117784508,0.009785198257710404,0.001946999123692672,0.0044965722892382765,0.007739478272653644,-0.0045682596956773125,0.010132684217347032,0.010640503724287154,0.007365301929623813
2021-09-27,-0.004614013985586918,0.0009960337707186628,3.243062087610049e-05,-0.0014654093037851368,-0.003895660513566268,-0.003954385362401336,0.0009844322726750843,-0.006904308321462271,-0.0011346745887766962
2021-09-28,0.0019927765234797334,0.0018374896994077794,-0.0012089788996669792,-0.002239981224344989,0.00238409073585788,-0.0018023589078652869,-0.004139790026177259,-0.001240409802448439,-0.007948600176823306
2021-09-29,-0.004989102583729865,-0.004007245277000582,-0.003843228160263168,-0.0008940088868886198,-0.011632830779614967,-0.005057052859729905,-0.006491815156471126,-0.006834724325641028,-0.0028176789665808055
2021-09-30,-0.008873132787790117,-0.006021780478551397,-0.0054482186361536344,-0.007250889529971327,-0.008552509150921539,-0.003644914435468105,-0.012731524539202677,-0.012590267532052057,-0.0071326128489845875
2021-10-01,0.007128484901010701,0.005503044611380847,0.0018981850267616451,-0.002338131769523355,0.0032326484979314785,0.004261566649896187,0.0022773167347678314,0.003553270875650716,0.003490927897254359
2021-10-04,0.006089396655497126,0.004673192820286776,0.0031304348272143123,0.0028322114278427346,0.007504794540551529,0.004632842217164201,0.015839196082302998,0.006537861459285477,0.0028886951886302192
2021-10-05,0.001990777487132389,0.0027959235268328886,0.004984001421809436,0.0009642726160647985,0.0026942820030975145,-0.00018927729350326494,0.004560315453805419,0.002868315256747911,0.0017265223950979625
2021-10-06,0.00014505216358706718,0.0005642751669472368,-0.0037052595193607374,-0.0019249431217834845,0.001485354821962881,-0.004655226121926592,0.005007485958935298,-0.0007326221210955941,-0.0021255534136125354
2021-10-07,-0.001281489801589375,-0.00027808112656957373,0.0007545509981448095,-0.003512824105595058,-0.002609664883793661,0.0006641729081922065,-0.005515062981715002,-0.005876412329721692,-0.006601835468932893
2021-10-08,0.004859783523198935,0.0031243153327646933,-0.0007539820802135999,0.0003814994434316876,0.0020702684455393694,-0.002229948806213522,0.00047826673199269365,0.003233265427433629,0.0027315435242341035
2021-10-11,-0.0029923710139260207,0.005038376031829106,0.0005927381070152116,0.0005435686067938317,-0.00027228548612456827,-0.005415463594638292,0.0026574800075500615,-0.00238790357941554,0.0036898569783638813
2021-10-12,0.007333797049175583,0.0002964854062126321,0.00032342210272973126,-0.0010629439476148583,-0.00190275298608511,-0.009859983776056236,-0.0036058487148462603,0.0031313562751991153,-0.0032321473790483113
2021-10-13,-0.001811807269843202,0.0003446493028520514,-0.0031274406605594773,-0.0017069772903097746,-0.0008690722636043313,-0.001153962837424194,0.0027251020436593887,-0.002548652006115981,-0.0013298169788755754
2021-10-14,0.006950296829160596,0.0031599548498457697,0.007209336056642313,0.005683771346053135,0.006656977522561114,0.0019240314306723239,0.008259686726103999,0.006742194437592719,0.011398072646404911
2021-10-15,0.0037543469378746863,0.005026411370399941,-0.0006166353555875359,-0.0006954468119872992,-2.729671079881868e-05,-0.0046822314340457805,0.004415452526323582,0.009097201782287234,0.006176786778036236
2021-10-18,0.0014819558826886237,7.273734822965672e-05,0.0009095625206285707,0.00047543786974224567,0.006784420740136188,-0.004286045576561315,0.0024010569492736167,0.006950035784576869,0.002795574152579361
2021-10-19,-0.001048670497261539,0.00012121149054089564,0.0002729496913953522,0.0014517452243154594,-0.0018269132650188258,0.00034119818173805605,0.0019172284181450117,0.0010290252251261567,-0.0061868971073485435
2021-10-20,0.00811569777449761,0.0014732778773065558,0.0003011875079508286,0.0015586486059819826,0.004130965518270857,-0.002252390867341525,0.0076192978047835425,0.00899393750519506,0.003822811334942111
2021-10-21,0.005096116265012052,0.002401712596155736,0.00457115988900636,0.0019814300628668846,0.0021605671560085415,0.001346277427857645,0.004257720559559308,0.006010954041852923,0.0048979519291543205
2021-10-22,-0.006865880218073772,-0.003710527938818431,0.0007515258064327845,-0.002545992695255239,-0.0023003608618876736,0.0047343124467964515,-0.005823239270066338,-0.005932313975875014,-0.0017093346037456714
2021-10-25,0.0007230468013483815,-8.084565908450525e-05,0.001698747913145171,0.0012687600472556237,-0.002064414432558781,0.0016363756939790086,0.0010414118453379029,-0.0007365628096168697,0.0019339703457876833
2021-10-26,0.0030394064670480336,-0.0006219991837643768,-0.0036275707820151437,-0.0024384463829573155,0.00012394960075834405,-0.0008877767797440539,0.0008792889185036401,0.002164221789555665,-0.0026608600255978443
2021-10-27,0.002827080140330951,-0.0010007061318023647,0.00031532904926567795,-0.0011598870049538412,0.0001238476324230131,-0.00370445350891202,-0.0015884419375141734,0.000265244135226661,-0.0002590154664802169
2021-10-28,-0.001627569302400711,0.0017543562079385122,0.0017429489262204,0.0001623959612331305,-0.002416981269975693,0.0036211728302932844,-0.006971120162872824,-0.0005874734691077022,0.002845946481629058
2021-10-29,0.00411294474622137,0.0019115237838764898,0.007086920162637789,0.0071971863610362785,0.004940640010625108,0.00140828462444742,0.010777706357165018,0.004360259289242663,0.010333021769332928
2021-11-01,-0.0017675787826918476,-0.002971832858420953,-0.005021119005061525,-0.010863366820322073,-0.008511014322424182,-0.005427384942136904,-0.0147435455601449,-0.0025907482601875698,-0.011706783831017642
2021-11-02,0.0002940478344237718,0.0007272653704535337,0.007477946334452756,0.0037119176436002377,-0.002034612988800699,0.0012445727979826238,0.004085751509375735,0.0003805602957174248,0.009727580041137829
2021-11-03,-0.0108371020336121,-0.0027482121729323072,-0.005751137773533754,-0.0017369213195504996,-0.0027847238008638087,0.0011583140565500916,-0.012143542814584851,-0.007439356850352019,-0.006438255681218363
2021-11-04,0.004033310022428571,0.002439890935892697,0.0036101848063785358,0.0031362426898386975,0.005690225689233053,-0.0009468020450027481,0.004069074728717981,0.0070829909765013355,0.004850154602173529
2021-11-05,-0.007989526056615515,-0.005879083044956324,-0.0015010224834018926,-0.0051999189655006495,-0.01360190464965605,0.0020468012430656657,-0.006835264196719093,-0.009278146467087467,-0.00675313625346885
2021-11-08,-0.001811952418148799,1.6085039305169246e-05,0.0007784805518420423,0.0011684323137661767,-0.0012829340909157327,0.0031901257244904,0.0003510472481689231,-7.117652532806495e-05,0.002103210359438057
2021-11-09,0.0025550709502841773,0.0006911766424835264,-0.0014343803304674996,0.001959059651367445,0.00542841538427119,0.001951371922172207,0.005245191907418567,0.007498548910011893,-0.0008571340870449085
2021-11-10,-0.005206121879715142,0.0004985586278010157,0.002832971322554778,0.0003478111346459922,-0.00033219864353961626,0.003028865235706446,-0.000568001689314146,-0.005207179554948538,0.000215803681833604
2021-11-11,-0.005704389890560213,-0.004044323154423157,-0.007757462042967234,-0.009452917379883963,-0.010860263698648787,-0.008717758012928956,-0.01529821227673378,-0.008198187986469874,-0.014484027884056005
2021-11-12,-0.005743211915726243,-0.008102652282448108,-0.0036799581037982865,-0.0030573628652154072,-0.0034485428015790243,-0.001210074175241882,-0.0049773306700546804,-0.006054603270568726,-0.0013546969798818864
2021-11-15,0.005555035599718705,0.003443541091777025,0.00011939047570730388,-0.0008008833973945917,0.0037835945182471686,0.0005439192359544265,-0.0011795679256290104,0.0027326144175152667,-0.005469828512160713
2021-11-16,0.0016900634495227163,0.0025011659914584428,-0.004592845883910512,-0.006569840434676122,-0.0006436226537404055,-0.0013230379871976838,-0.003291874067823275,-0.00021114505699271202,-0.004380801958200009
2021-11-17,-0.005893109754553705,-0.004114365100499784,-0.0053315566389881,-0.003985047341380721,0.0012082364921559563,-0.006718613355020664,-0.0032685760090293003,-0.0070591515542627326,-0.011212509784926827
2021-11-18,-0.004521032806569347,-0.0036078884655045274,0.0019170443110438917,0.0,0.0049919246188836475,0.006252709273509183,0.0011422902936764068,0.0016850758812676503,0.0044900249243655654
2021-11-19,0.0014303761947613847,0.0006109198301795793,0.003165498647014431,0.0041721000208909675,0.0005939419686358249,-0.0008049845218450757,-0.008386173329330782,0.005471730484657655,-0.0005551575198937675
2021-11-22,-0.006498535022985696,-0.0039514721572563305,-0.003981510694553436,-0.008152241730157717,-0.0048229801932583305,0.001261606053791553,-0.013569099932457585,-0.007201119352169272,-0.010498691576683927
2021-11-23,-0.000505160566716123,-0.0037634367729388885,-0.003217807001650197,-0.0029791387340473152,-0.00274647730478228,-0.0056799409534443734,0.0002800275627441451,-0.005976668281951647,-0.0038992518099117968
2021-11-24,-0.0008088798164900268,0.0020037963698249506,-0.0011678395084037119,0.0002473862995922005,-0.0016185063882064865,-0.003048418272725728,0.0034611257789567418,0.00047283298746392255,-0.005016172332937718
2021-11-25,-0.0027965216667913406,0.0011215089831815295,-0.0004390241536053052,-0.003730654999169025,-0.0033860142718278308,-0.00231351637367605,-0.0063923295878361985,-0.011158659722944386,-0.009146707130011866
2021-11-26,-0.0039290891887107104,-0.0001579579259578523,-0.0015824596857069162,0.0005940791916181354,-0.0012381764699254116,0.002946031394107429,-0.0023915368511051582,-0.004496805551521876,0.0010536830913592254
2021-11-29,-0.004307099393975,-0.004801610142307511,0.011857411593191758,0.007453537686689327,0.0020144639568624445,0.011871353539057994,-0.008884922206262358,-0.002641734705740695,-0.0039336311439073235
2021-11-30,0.00041948856941620427,-0.0010362729213267974,0.0015711879510091897,2.2589547499674012e-05,-0.0019440227599708537,-0.0007468901254327198,0.0052046694069733945,0.0006421221289396595,0.009406931786799522
2021-12-01,-0.0029113328445939946,-0.0028416757964363493,0.0036650212457014497,0.003263165872567031,-0.001435967737415722,0.004457208248686451,-0.0045051489825089774,-0.0008463347831292323,0.003922072477194227
2021-12-02,-0.0024421596410971746,-0.0028569136808589413,-0.0011948769529245284,-0.0009509143844579349,-0.001197837580396821,0.0036941213206291845,-0.005058365758755623,-0.0015843246096938213,-0.006823300423971501
2021-12-03,-0.002785425152820986,-0.0005304928282094945,0.0008697690329695362,-0.00117582037298114,0.0015055557989211987,-0.0012386914557941386,0.0006632389704663844,-0.0002962693677243111,0.0042155444341438475
2021-12-06,-0.009862289885190556,5.45961240099313e-05,0.001426244045554359,-0.0001244157074618002,-0.004712443769940622,-0.000176895694515955,-0.007283827809269505,-0.008027718101420667,-0.010627509100662569
2021-12-07,0.004460730689786363,0.004309637008570011,-0.007574266069087288,-0.0016026315298299787,0.002042728075366984,-0.003666558246567475,0.00718999894178407,-0.0011407749648717491,0.005858968417593147
2021-12-08,0.010411782726076568,0.0091888568566596,0.0011899651154196889,-0.0009020955422790466,-0.0013775561697000338,-0.0005901901948697219,0.009301325145090633,0.005409261330064474,-0.0003759283023170301
2021-12-09,0.006655209231801518,-0.0005058682697918204,0.00478255999223598,0.006126595156951353,-0.002721384625810508,-0.0013985836588932266,0.015601406075606672,0.0032537421767899755,0.0076751482110883895
2021-12-10,-0.003330045518159297,-0.004422273874617799,-0.004102622271499823,-0.004607681451426537,0.001057900348909735,0.002080248793257411,-0.01371961822490908,-0.0018484736610012709,-0.003970797555927108
2021-12-13,0.002794763657012478,-0.0009040109276047259,0.002953085454659554,0.0016402570745917,0.0025056100153004746,-0.00046696860877226687,0.0058340926697595386,2.718992239736373e-05,0.0008149406559136985
2021-12-14,-0.004593804693349579,-0.006847581031430905,-0.0014202291080670504,-0.0023361654386201414,-0.003290110820147518,-0.0006691850109856734,-0.011482234558916726,-0.006454887488090533,-0.0038201731409007733
2021-12-15,-0.0038094891123313657,-0.004624176348697939,-0.001753305412901085,-0.0021395631044885954,0.001284698474321333,-0.001459366662904471,-0.005551515776734517,-0.0023240648810199938,-0.0048164981739650115
2021-12-16,0.008513831778742542,0.002383814245809024,-0.00047596542255012864,0.0026193465162343,0.0024655466347731636,-0.003443307682323149,0.011436787825190864,0.00620191529216485,0.0062565970599810505
2021-12-17,0.0012707725230685085,0.004444614836271343,0.00609467942717945,0.003842314341898634,0.004570050270912285,0.004161420729449361,0.001103051741098593,0.0026845444004193197,0.00534875473478702
2021-12-20,-0.008170335038559906,-0.009210404465932909,-0.004819745806325937,-0.007994095774539023,-0.00707772008764973,0.0012773681296898154,-0.006467297695766927,-0.00951843883991721,-0.013033745061518776
2021-12-21,-0.0010514798857048646,-0.0028988611070742687,0.0017033223710247736,0.003022341214965474,-0.0014689587180428676,-0.0012669565776570746,-0.0011477549933398556,-0.002745675974285988,0.0005391808768295814
2021-12-22,0.005387265118284246,0.0010059408161802175,-0.00140839558751793,0.0008917295886043952,0.004514339627238684,-0.0029124403286376888,0.013341924772809266,0.007875608343930862,0.0017977493811780487
2021-12-23,0.009261327764962246,0.005587007790457399,0.003893711270253064,0.003659212882693552,0.006208664154848664,-0.0011128442523413717,0.007294052065716539,0.00588708931458104,0.005269692869771081
2021-12-24,0.0026618846328276824,0.002128846874454693,0.0009143790913710426,-0.00013595204470484568,0.004089106450779756,-0.0029442938484054437,0.00506681797303532,0.0024081566772289342,0.00018393848324005369
2021-12-27,-0.00026468246015587393,0.0007726183678316012,-0.00019695629860194686,-0.0002717305796564595,-0.00017303482543706838,0.0010932976463418065,0.10313782817612638,-0.0010290260842124033,-0.0038392972251661828
2021-12-28,0.0007902187291153329,0.002111496998139062,0.0017674211307165955,0.0005098175404814054,0.0028619719512341657,-0.003998533299537366,-0.09407086273652532,0.0004117545606978634,0.002696612425234779
2021-12-29,-0.0004145228445079363,-0.0020291537572885154,0.00028355923921097315,-0.0013464403555435434,-0.0006984420556472859,0.0001655196949419402,0.0035938521119289746,-0.0018184752398523463,0.004624732372588758
2021-12-30,0.0034268963118122553,0.002378198574964685,0.0036120309257803296,0.004010104595437269,0.004877070456531962,-0.0015223877347674275,0.0029342872294417788,0.0050122163413020004,0.002389796434609792
2021-12-31,-0.0012382752861684887,0.002997349678386385,-0.00010939804200338354,-0.0030917400915148052,-3.108549854424769e-05,-0.0009995001836056172,-0.0033255399343256054,-0.0013592871959990926,-0.0023488689124105955
2022-01-03,0.002535198738418787,0.006762142960932804,0.0018914535709582125,0.0042764713968939105,0.0017713986153806704,-0.0006860637486622023,0.0008619240600227229,0.0015049477579105464,0.00022890951030918316
2022-01-04,-0.009656072235614488,-0.007254197281632346,-0.006920156725949811,-0.0062614580888779026,-0.0028854001573086485,-0.0016128315235444113,-0.007843340208284588,-0.007455139856301196,-0.006034370275658785
2022-01-05,0.005668652301432653,0.0036916746510793352,0.0023138996684306523,-0.0016473983257055957,0.0035723177512319015,-0.007282185731422919,0.0013297011296855565,0.0035226256294431657,0.0005993103997918858
2022-01-06,-0.0024868471377832435,-0.004365211789145507,-0.0012862503045559803,0.002647328567832119,0.0017893594998639184,0.0003961598380768372,0.00015818425168023786,-0.0029957102164521743,-0.001991838402375934
2022-01-07,-0.008060097933937471,0.002348751262540638,-0.0043520964190184586,-0.0014686344133981732,-0.0016240887145708705,0.0022698873096287375,-0.00414307399801217,-0.007771713175131145,-0.0036028832242465114
2022-01-10,0.0023051800018456525,0.006586584263590156,0.0027861428735360683,0.005052597944538606,0.004335922525762648,0.0021363598750461232,0.005688623206845822,0.005278495181423315,0.009908847950698574
2022-01-11,0.0002628574749574675,-0.0014290996041855797,-0.00901642374067313,-0.002073518183627665,-0.0008826477538219635,0.0029493601402792446,-0.0018512613913007625,-0.001400659276590277,-0.00490648348737055
2022-01-12,0.004010801715445433,0.006956836902550778,0.004006516430260287,0.0031826550455393843,0.0038991421430825124,-0.00045955903633998485,0.009734276102948636,0.002557456443829098,0.007171698247631975
2022-01-13,0.010042958697960236,0.006071267352982801,0.01023914885604027,0.0066132886860921225,0.005627988918202709,0.005720498910170457,0.013455375475689202,0.009304977415640847,0.011437045381369915
2022-01-14,7.202772871028884e-06,-0.0004956967026209513,0.003402680390180546,0.0013518511765535646,0.0002673732624651759,0.00488097280365718,-0.006086513421741047,0.002188952237488717,0.0011286112353243727
2022-01-17,-0.009027792271889656,-0.0027427584030659258,-0.0037747765539546396,-0.0040508067641774614,-0.002926150556018192,-0.0016447390376784776,-0.00793692372170951,-0.007815849656057083,-0.011397011083206454
2022-01-18,-0.0007924966303406444,0.002117358626069432,0.0006368672782288698,-1.1387388185513103e-05,-0.001867013699599851,-0.0023129709230538253,0.00704715055210503,-0.0015099282576153117,0.001020216813523822
2022-01-19,-0.003230776199664831,0.0014562658109098514,-0.0034457565348386954,-0.0070923341737112455,-0.003498016468837628,0.00014838670748584804,-0.010517438159187598,-0.003865885148375936,-0.011945147106986465
2022-01-20,0.004104281523924724,-0.0010710912648652648,0.0016054715449342893,0.0012138050969503489,0.0006123383101670488,0.001810285641078213,0.003374123691207931,0.0012672234164086138,0.0015101422552119548
2022-01-21,1.2305792501665636e-05,0.0008479868228263854,-0.0013524879009739754,-0.002613516237083058,-0.0008022276665702321,0.0031054882142029783,-0.006607365259396425,-0.004353583715676956,-0.01156987431943346
2022-01-24,-0.004046738972080854,-0.00483243175835546,0.0046020790307557125,0.0024497759060904123,-0.0030770905919527136,0.0018279434636969683,-0.007184630260824609,-0.004174755772858196,0.0030126998241775116
2022-01-25,-0.004644725978000808,-0.005108659331470422,-0.0015862795006615915,-0.0015288134830735434,-0.00491018959315237,-0.0019822466398720096,-0.007009326647648639,-0.002675143095595911,-0.006876562650224072
2022-01-26,0.0006012534764523458,0.0007609385027889104,-0.003983705373364899,-0.0017295885653034748,0.0015943449492246131,0.0011943059224013286,0.005079847957551786,-0.002047388281987028,-0.000139300749390725
2022-01-27,-0.0050009683214834455,-0.0033652835148947347,-0.006713569423761445,-0.005396850069372183,-0.0031650852416607034,-0.007374418514790038,-0.0025820167192540655,-0.004529173760296601,-0.0046895054919577905
2022-01-28,-0.012284013686559736,-0.0068415547217755,-0.007434973040018944,-0.008583232760032589,-0.005917530051015252,-0.005470184465445116,0.00030319960427149795,-0.011437182790801081,-0.008152671702927217
2022-01-31,-0.005330402704731618,-0.001050255584615578,-0.0002792257394153008,0.0004795308554150779,0.0011258191995269229,0.0007807979826826017,-0.006007724019587712,-0.0049335558653688105,-0.004896920833669993
2022-02-01,0.010046170187739234,0.0032790195243250775,0.0043685728413616065,0.006928700232702534,0.0031328108483625883,0.0012247881589071419,0.00973790426024057,0.003979604266586945,0.009836621201670503
2022-02-02,0.00929355992026748,0.002190739372659234,0.006667094260242257,0.0039458137962296025,0.005951075828006802,0.003355547831769501,0.008642805352886418,0.00901355594450326,0.010614733117347841
2022-02-03,-0.0018493838715177846,0.0002522052928533025,0.002154616901863582,0.002305314001488812,0.002930127670540905,0.0030948599005431454,0.0012727138586585696,-0.003824967998794504,0.003511971177786899
2022-02-04,0.0033989256964006564,0.0006231020515543584,-0.0015320007206673925,0.01201888537307716,0.0024613400963358067,-0.005001843685716989,0.011277395978969595,0.008243001733086563,0.01131674181913045
2022-02-07,-0.009055650628222,-0.005241156717189388,-0.005134483495778386,0.0016954011306149486,-0.0047773440838772,-0.002317210765803157,-0.007186297973141631,-0.006977419547503971,-0.004993052513940444
2022-02-08,0.007019498400886448,0.006292710129957024,0.002242575959035653,-0.0010641802908315512,0.000322126609939577,0.0013991941670661312,0.0011412902299101635,0.0027215120463779385,0.0027419523202578677
2022-02-09,0.002233043017677794,-0.0031325582455797862,-0.0021081357117198607,-0.001895917178453499,0.0007208310849555755,-0.004050814907788247,-0.005425027736703392,0.0017474888098218955,-0.0016599831902819329
2022-02-10,0.0044069229578382885,0.0023114721676802397,0.000843940144096722,2.2753724643775897e-05,-0.0010555657334290203,-0.0006141688475894691,0.0007024677385387701,0.004483232495336775,0.0027889095765647465
2022-02-11,-0.0021893091821435506,-0.0043905757625012365,-0.0015448333948279158,-0.0005249937193843035,0.0013686821769887114,-0.0038346506679117764,-0.0014708404343996007,-0.0018268738932296635,-0.02207526338005017
2022-02-14,-0.0023599841369383867,0.0006681192083570764,0.0010057220382297949,-0.004421035549465824,0.0013162311542229688,0.0040057225739846825,-0.003792822251826644,-0.003064130205060911,0.0010028944945565943
2022-02-15,-0.0017772618105028615,-0.00040074833828518397,0.00022713346860347983,-0.005166933596931544,-0.0027065735678216685,0.0004154248000824978,-0.002739985745031537,-0.004314840212990778,-0.008739783476093721
2022-02-16,0.0023820636946934037,0.0003851626466622182,-0.0010049395519489135,0.00446309909039444,0.0006093963311839534,-0.0008561337104597833,-0.001921334062248925,0.0034465845147231278,0.010717940249421298
2022-02-17,0.006352665434846916,0.0022291764263560054,0.004166698465296825,0.0016266791759769195,0.0032331684381627923,0.0021492984166635587,0.0004991465408907825,0.006066364527223422,0.0012312041884383618
2022-02-18,-0.000718867594232564,-0.0007399442968134551,0.0021748306102902237,-0.0007728770560625486,0.002492220421763669,0.004535752401281901,-0.002153710049844215,0.0014854105915751425,-0.004921248563467984
2022-02-21,-0.0024527230664742605,-0.004060643983951895,-0.0014116378766326765,-0.004334500659839646,-0.0018622645504572377,-0.000826377831737557,-0.006784805596907195,-0.00021406290866154976,-0.00866068406471665
2022-02-22,0.001785305854865804,4.710056756174197e-05,0.005667749610364314,-0.0006672941795093923,0.00019030099829975278,0.0030712890953368266,-0.0029403573366819646,0.0009575641464176776,-0.0026984713214590617
2022-02-23,0.005900813143433714,-0.0008694824002644097,-0.006347950364301913,0.0017219991211343544,-0.0004891646393675453,-0.004231246167364255,0.012667368192268436,0.006842966931861261,0.01032327574753289
2022-02-24,0.00015249837955000345,0.0026071969870724576,0.004512611103321795,-0.0020689076079442037,-0.003210381716728272,0.0017232505557345235,-0.0002810962001067452,0.004299396422385859,-0.006071397045028015
2022-02-25,-0.009379817933647838,-0.005901788367417726,-0.009094433547942593,-0.010172287699242832,-0.012731341121547168,-0.005823230100730936,-0.007533696952705449,-0.012245499809851124,-0.010147032680453694
2022-02-28,0.0036715766144228557,0.0042570741965510805,-0.0008169452192560156,-0.0008610449440320522,0.0,-0.00012112245599560367,0.003873277813038367,0.0007964944618368275,-0.0050269525774490065
2022-03-01,0.010507402009251265,0.0070027283601699075,0.009914964474982746,0.0031181271875186933,0.0037046558503075477,0.004405673907076357,0.013532809582553762,0.011351944199105235,0.008268176734231636
2022-03-02,-7.920472871103534e-05,-0.0044798934157325165,-0.00115398990842841,-0.007414391565838674,-0.006534174976704943,0.0021335569582874303,-0.007444770741607432,-0.0002504220148070724,-0.017492087252706456
2022-03-03,0.004405280919563381,0.006120385908491732,-0.0021292090535185437,-0.0018336334242975427,0.004635401404324613,-0.005938391311820834,0.0025187326226256967,0.0022926752149134977,-0.0051270714876400225
2022-03-04,0.005975980194697472,-0.0019099378677452927,0.002854321485976863,-0.00409463455796899,-0.0034312571770009903,0.0003896822602986738,-0.006227791258795579,0.00393602258555692,-0.007228054966930242
2022-03-07,0.007879073001109793,-0.0034449845106026,-0.0024560616873355867,-0.017377526810348876,-0.0103718045493435,0.004558521871308452,-0.007074596200291383,0.009514295557527142,-0.01799984869957061
2022-03-08,-0.00896712430570279,-0.0068196084906096965,-0.005716171893491717,-0.0008476009724390776,-0.007582758195700201,-0.0036664050199191056,-0.008138464747944885,-0.005279140160924123,-0.006258204251203714
2022-03-09,-0.00826657275452658,-0.006796473979976292,-0.0044214237389686994,0.003029792687134769,-0.0009916912672709444,-0.0030158398841155787,0.007315680650460177,-0.0049603316417696774,0.004496441448628596
2022-03-10,0.006739633712635307,0.007071150206405585,0.0033135779172348556,0.01611238118156666,0.006592811764826845,-0.001613304104724711,0.007633046811731825,0.005012565138293512,0.028040240145092987
2022-03-11,0.006710481608371621,0.003339680745360951,-0.0031095900575722757,-0.005407776023448663,-0.006250198898320236,-0.002324036792154094,-0.0019348330203524666,0.005265871833656455,0.00117533346297094
2022-03-14,-0.009435109628934013,0.0016096258546574038,-0.0057661119753963375,-0.00743389608975531,-0.004040377390589933,-0.011486513812180688,-0.007303524995534771,-0.008979178554294975,-0.006776058619380465
2022-03-15,-0.013403997893394859,-0.006684259531136494,-0.003762150091900174,0.0010177217492250978,-0.0029459092692829536,-0.005828240853382516,-0.005073339551587064,-0.009347329158919782,0.01096393302165577
2022-03-16,-0.0010693516127461278,0.004095882029037101,-0.0026360791017602248,0.002391442268559807,0.0026615339765869717,-0.0006255494680379448,0.004816574657808381,0.00195426086362116,0.0019691312005953865
2022-03-17,0.013600152579920977,0.006463449847446068,-0.000828397984269591,0.004794404206408531,0.00725389784620778,-0.004862479316339097,0.011122916450007292,0.010129942682638005,0.019947080869143097
2022-03-18,0.012649633121632586,0.004369981787731847,0.005918627390423037,0.007037183889137211,0.0014674008145998396,0.0032409118828402583,0.012802454207298863,0.009022073639764816,-0.00031234195476792515
2022-03-21,0.003927317056901636,0.002046714027722052,0.003312171351232074,-0.005079824821331402,3.288118235311721e-05,-0.006515016594123235,0.0036304430627021045,0.0009242958621933361,-0.0008268244192595198
2022-03-22,-0.0019155565651449713,0.001413976692254515,-0.001017238678863941,-0.002346698435271688,0.0005662080239763334,-0.0027677080525791986,0.002007177836546248,-0.002751837402265478,-0.006107171595404526
2022-03-23,0.0089927677782915,0.00041325532073344107,0.000503511457615291,0.0011360200928076658,0.007455757157355691,-0.01438927493460851,-0.0023304218040587354,0.0122990044822342,0.003976020845852357
2022-03-24,0.0049412663996999395,0.0018790895968943122,0.002890254110019974,-0.0021242026269255865,-0.004556048753846076,0.0017584637484209242,0.009566604652748945,0.001723182764954423,0.0008660943522200704
2022-03-25,0.0020138253477637313,0.0030989615888910027,0.0013233079312418017,0.00029731091215534633,-0.0007785688036821004,-0.009963560421511808,0.0011245528435230856,-0.0015533571473183017,0.004702273800011092
2022-03-28,0.0005262212294649959,0.002666745839760898,-0.0019114038949271661,-0.002514860044454559,-0.0014757808783391058,0.0006216081655943118,0.004306588780044862,-0.001147940475842102,-0.002516798752756011
2022-03-29,-0.002491219922402199,-0.0024843284375899444,-0.002570481071613062,0.0010883301611173124,-0.005516572879650128,-0.01124055456800499,-0.008955458116918114,-0.007142630118007531,-0.007282286254075787
2022-03-30,0.0020229571018328674,0.0016242849340490917,0.002706293422044981,0.008884330857018119,-0.0007463553541217083,0.004345207408001706,0.00453906274684579,0.005124011625494029,0.016931466519599647
2022-03-31,-0.0015531988861576806,0.0012497478729647238,0.008862717387239982,0.006339906610299373,0.0034424086427027323,0.009047592161754325,0.011949267584026702,0.003959397843938728,0.009572770767016126
2022-04-01,-0.001475856229772865,-0.0012961989038678956,-0.00023830494743282138,-0.008016361027705421,0.0006178725767100879,0.0021765418231283196,-0.02530366570602638,-0.005262224961506634,-0.014626493235441518
2022-04-04,-0.00072620988372607,-0.002235251461031318,-0.002926865569410797,-0.0022647094954258984,-0.0032890238926417403,-0.006965205953823883,0.0031605230690729957,-0.003792983637863734,0.0003948449676198784
2022-04-05,0.007669120361623705,0.003227554528352883,-0.0003238935284167743,-0.006464783279227948,0.0008262202008744168,-0.0016203820617824993,0.005150504440667891,0.005906190049232984,-0.005477305363367213
2022-04-06,0.005540601965762226,0.00014418476121780266,-0.003657516943338268,-0.006325795120395661,-0.00283784411473198,-0.006849648494163696,-0.006151400249085781,-0.00011811991186894133,-0.0003289997658245669
2022-04-07,-0.010627192046448575,-0.006319692267374499,-0.003697525888143094,-0.0007518871777932867,-0.00040519270171823774,-0.0005415431488474676,-0.004328589231606617,-0.005204324402973581,-0.006514108774788863
2022-04-08,-0.0035447883137778025,-0.0018193891190300127,-0.001530299867208429,-0.0030639568589273525,-0.00020910764566128837,-0.003005746330375203,-0.0008763040774066866,-0.0038487858115208162,0.0024136521462549965
2022-04-11,-0.00427439359282511,0.0008508449631750015,0.00025692317684367083,0.0018505415077689769,-0.0028410109281368223,-0.002323443018693472,0.011936867632639236,-0.0071908209314953675,0.0025299911046166024
2022-04-12,-0.004189566162463576,-0.005071164744809176,0.0031568765731981863,-0.000641882475600597,-0.000612136399942731,-0.00866327136558298,-0.012188504015276158,-0.002577103161298333,-0.007670518235227353
2022-04-13,0.005351166858695633,0.00045110144328885937,-0.001436815492299015,-0.004763457779174862,-0.0016643613589917283,0.0004465120534484779,0.005728671719543943,0.005677211971190532,-0.0009515918228013565
2022-04-14,-0.0004694816537171853,0.0054272279501192955,-0.0012956837837131419,0.006505222026846003,0.009052996297534976,0.00031107352373682673,0.002129309878497354,-0.008126972966624568,0.0055650561612372584
2022-04-15,-0.0055486768469066305,-0.0029199322787588633,-0.009608578830872738,-0.006936226472684548,-0.0038295224672344474,-0.006356065174817682,-0.0018947215795578343,-0.0025505240577144983,-0.00609376895855962
2022-04-18,-0.0022033961563594495,-0.0009512173663980272,0.0006048763801687063,-0.000529893075068677,-0.0009532171146023893,-0.0034670850467446446,-0.004341346732229967,-0.003393724697868139,-0.00407109906513814
2022-04-19,-0.004900127604046789,0.0011745712838466815,-0.0023925150800510053,-0.0030944085600286275,-0.003655735491382539,-0.003776639746868371,-0.0042831463065322595,-0.003563541386735869,-0.0028054449712920926
2022-04-20,0.004946535132794194,-0.00027769501785235295,-0.007835638777540455,0.0011765266514078832,0.0002993559311783578,-0.01728091909748386,0.0013609654490485124,0.0015247304159473618,0.006331581697784694
2022-04-21,0.007169255369625871,0.00941037507074527,0.00322442913635812,0.005132047716967181,0.00423424777659398,0.010311390721209124,0.002370491432857502,0.005467491458093665,0.010878005062552543
2022-04-22,-0.011532665828343558,-0.008173664471632147,-0.004928179747158201,-0.00135438752007766,-0.0032565226001355363,-0.003076165486697535,-0.009849655865348028,-0.008694828512753272,-0.008678854026307081
2022-04-25,-0.01686928639098295,-0.010368706347245848,-0.001988297630010405,-0.002227037703191659,-0.014999331943531868,-0.0015317520573907561,-0.005708417380231978,-0.01478057556953949,-0.0013617338957697678
2022-04-26,-0.008075070382189575,-0.0011464519334488665,-0.0028070392807612032,-0.00895714415828408,-0.007083409866417645,0.0067399831649646025,-0.019259925056655414,-0.0009795699213015485,-0.019304755051717692
2022-04-27,-0.004526997999422466,-0.005505125186932358,-0.004094702642995052,-0.006588426666132574,-0.012244226157982596,0.003755947856634023,-0.012172319662813846,-0.006496644421017828,-0.012788361449141972
2022-04-28,-0.0028403534206060677,-0.0006165131756316056,-0.006648274205360738,-0.008317396565946322,-0.003348735622580201,-0.008785444621375205,-0.009677139474323138,-0.005083368881261818,0.0012416780250170678
2022-04-29,-0.002367220668797576,0.0007340840386109715,-0.0031182485104513935,-0.004821411811927856,-0.006219445857772454,-0.018477095661526444,-0.009618010445781144,-0.007505939791766947,-0.005827055861402419
2022-05-02,-0.006111524378014654,-0.003765670507494101,-0.002535508592492297,0.0030238676157678945,0.00882688904789175,0.006153348885816534,0.002268356012153916,-0.005681506801844649,0.006527082819185459
2022-05-03,-0.002037075499601082,-0.0016311875352678085,-0.0037531468995666284,-0.002553798236022531,-0.0060116263900625855,-0.0007762383575998788,-0.004082252739994852,-0.0023059175307433843,-0.008103527703550495
2022-05-04,0.007486721245525407,0.003132334587802932,-0.0009399624916298643,0.0018530708557984443,0.0001698727404233491,-3.072491327937854e-05,0.0037568679798578586,-0.0010874714992152867,0.004966212598743969
2022-05-05,0.020990544190654603,0.007584088631841013,0.005723439816176956,0.008922921299691522,0.0094182775293008,0.006910457600683317,0.017918190318791494,0.018139840710968302,0.012566552319526858
2022-05-06,-0.018185546185615187,-0.007000792838929293,-0.012190396307367624,-0.007788880434709267,-0.020128936978955125,-0.008493782040612019,-0.026884907206069508,-0.018429253519334,-0.021804736448586937
2022-05-09,-0.010392266480355739,-0.007059889418905008,-0.004174548292968705,-0.0007161781962646829,-0.0030322608450088495,-0.0032045454386298022,-0.004231765096079476,-0.00638918228978147,-0.0026565684484554097
2022-05-10,-0.012715323651557586,-0.006933958637444948,-0.00339476888924517,0.0031908163887828245,0.000987104013607354,0.0028532181419214098,-0.013679427916715392,-0.010269507161237201,-0.010209000232492271
2022-05-11,-0.0030747304277859433,-0.001749644577716536,-0.0030129767757984816,-0.003107217974838483,-0.0024002575320591912,0.00019946894903721812,-0.00772005246605223,-0.005315091347388723,0.0013368136175839762
2022-05-12,-0.001225435644090167,0.0028319820030158205,0.0012469229999274578,-0.0019448387415861301,-0.006092654918130602,0.0039742071417971925,-0.001877159849029253,-0.0008232857972966245,-0.0016778891849348332
2022-05-13,-0.008025008221180796,-0.002203748468589284,-0.008563863462604293,-0.012642271766999169,-0.002294792620455177,0.009697711312133706,-0.011523442183785648,-0.005984836328169929,-0.007553247738749214
2022-05-16,0.010808257470543259,0.008995143331926858,0.0008180970975870672,0.0020281326891944396,0.00429045096076397,-0.006520870842128046,0.009974317823598478,0.006678820037280708,0.008641572075367643
2022-05-17,0.0038350719141413414,0.004435791694888058,0.0005092207149890449,0.0036849476364928524,0.005410582581401702,0.003948113751311322,0.00012805127833415142,0.00357860321689496,0.0010599816072613955
2022-05-18,0.008608148206971977,0.0032713424426713544,0.0079693774385321,0.010431853616484466,0.012946352963524976,-0.00410177068391393,0.011086502967758038,0.007554584550735877,0.01325289674712593
2022-05-19,-0.010499736718389885,-0.0059064308547795985,0.006746747765792094,-0.007121462112616772,-0.01109888988184382,0.012039286305610464,-0.022460622616205184,-0.00998481928045114,-0.012053991264337927
2022-05-20,0.011855148469863463,0.005039120836611399,0.015388087433878095,0.010145163935909807,0.00942138964048822,0.0006414726512324886,0.019044759533201283,0.013643752716035573,0.012270411440648665
2022-05-23,0.0030383427615297,0.0005931620281396377,-0.0028820822200392726,-0.0008666601008888719,0.0033635909525975283,-0.0005551014876482574,-0.0031260873539191714,0.0062672916772328335,-0.0009191277943797482
2022-05-24,0.003693382654950117,0.0019473091046489088,0.009358660324305434,0.010617928594331305,0.005077237291152503,0.0004458427032814072,0.012129648001884874,0.004049017035258506,0.010935859360267752
2022-05-25,0.0020059132273737568,-0.002753014561171163,0.005988336186828702,0.005099795195760315,-0.0019566655679315037,0.008495795524579464,0.005184979871498019,0.0002192824121731718,0.007059186192901468
2022-05-26,-0.001943158930127309,0.0001716512637708334,-0.0013832308948595884,-0.004648668454274474,0.0034398116595482087,-0.0030121683778073782,-0.0007997506835556445,0.004788588131787952,-0.010274044490163337
2022-05-27,0.0013253701266753293,0.003695273318538028,0.0030984391959989477,0.004336175406728371,0.002481817088290539,0.0008422390479090325,0.005009403715937832,0.0004018844877831107,8.822855917833827e-05
2022-05-30,0.009017951602881658,0.003874674389532151,0.0007412544175329217,-0.00013950201778101246,0.0008713937850528541,-0.001885575568676079,0.006649012083666417,0.007976165474952612,0.0037705526143043677
2022-05-31,0.004522184115736794,0.005412798156283927,-0.0003966054159281196,0.00392148673024062,0.001479598271228344,-0.003904971931297019,0.0055545988220206954,0.003700832609799365,0.007638631085606695
2022-06-01,-0.0017489060638959941,0.0012816955316183876,-0.0013443844276028738,-0.0036603042876901526,-0.003013453557279777,-0.007394947066680091,0.005600598223930886,-0.006049276886018418,0.0003243746929011415
2022-06-02,-0.001255473454317091,-0.0020765361020983475,-0.0037171983379025164,-0.0074472314707665355,-0.009974076119019126,-0.010651555083885489,-0.013701518342692731,-0.005832445168468481,-0.010431624329408695
2022-06-03,0.013298707427854994,0.007597650752367846,0.005911594828868827,0.0090954131655403,0.007698520086141469,0.0015701808227226444,0.01264642460494625,0.012313773071481737,0.015609608013222642
2022-06-06,-0.008815238649391155,-0.001199869773350959,-0.005009029955567512,-0.0023275099568660362,-0.006911992800769595,-0.006036413202229141,-0.007029729078286806,-0.007817377087458777,-0.007141228171698821
2022-06-07,-0.0022644217906668818,0.0003894675466926678,-0.009307112117238336,-0.0032288394982695756,0.0024959677657920842,-0.011113925354109044,0.00032256122516560737,-0.0036124841959539467,-0.003154574439622859
2022-06-08,0.004450817139812546,0.0034619057245679485,-0.0022496315923657972,0.00067401764019559,0.005097826291818874,-0.005050962749689303,-0.00341726591501601,-0.0007517682406960047,0.00019904427585992757
2022-06-09,-0.004724388259327195,-0.0012269477189590372,-0.005465646828289095,0.001779121710889564,-0.0037369970090954663,-0.011775590567262295,-0.0017879128515528864,-0.0057091836138750685,-0.0029473481439938887
2022-06-10,-0.012287042579416374,-0.011863589368303451,-0.0015912202433517875,-0.009185684635764857,-0.003772878584016204,8.922471891881223e-05,-0.011111233871411663,-0.009003808983606865,-0.00838739045441883
2022-06-13,-0.011257319701380109,-0.007415463133435551,-0.009146447251047962,-0.012168340155825574,-0.01745490042094977,-0.0029373515167145925,-0.02027998439341172,-0.007579372413290986,-0.014879136477619292
2022-06-14,-0.010926031047521767,-0.0071683716029977695,-0.00723916565159155,-0.007134383580962855,-0.01060237313221224,0.004388073987932728,-0.012482824981018825,-0.009764565609493236,-0.012834696346669339
2022-06-15,-0.007448004146977216,-0.004233307563345612,-0.0028363939827157347,0.002443097685334905,-0.010883443753332389,-0.007901312652344616,-0.00866091436259997,-0.0077461912541316735,0.0008952343413879404
2022-06-16,0.018433416530175162,0.005546258905114287,0.004906347503184305,0.0014952837362547378,0.013464868625141513,0.008790968990799009,0.006471207067961782,0.010565295072340053,0.0009629777003965501
2022-06-17,0.0033625227661522317,-0.006206635386858728,0.02883920458251743,0.008669524471857093,0.014825743245532097,0.01279253424300264,-0.0031626350094122735,0.010825957101012973,0.0015939920236505145
2022-06-20,-0.01242778951161172,-0.003592187873947439,-0.0029085511724141755,-0.005256267333593856,-0.010247218661010749,-0.02110496841219678,-0.0030937466043834405,-0.005522273275077927,-0.002839042568868022
2022-06-21,0.002373127110819162,0.001440506053164814,0.002543690246668673,0.0027985968155990193,0.001923515426971889,0.0013990639622811774,0.010474115353143354,0.001869573656924084,0.007269900052675471
2022-06-22,-0.0011047746825804117,0.0038586608633577324,0.0011180267247876685,0.0011269656037542486,0.0012143989712685155,-0.008673958137959015,0.004008185117569507,-0.00309506179260588,-4.4538999650733935e-05
2022-06-23,-0.008127507927250477,-0.002460729479392132,0.004439841202190209,0.0029896728110676563,-0.001286298251126139,0.0018011168135703137,-0.0066843754311961545,-0.007406755385837016,0.00020188168072454715
2022-06-24,-0.0002485102548244189,-0.0017940460801355584,0.0004056682198163575,-0.00416595669291786,0.0008092046936596375,0.008780820004899548,-0.0063880282337185346,0.002420206054459584,-0.006657400744867759
2022-06-27,0.00577690371291828,0.006978269083874888,0.004251568475295064,0.004374321239690504,0.0017685824884277057,-0.0016436905116807843,0.013809328522733422,0.004470596222356127,0.005428355891940795
2022-06-28,-0.0030044471380321625,0.0021835428380869715,0.0011817947259089578,0.0013967370732717033,-0.0012266987652358452,-0.0027540968387582687,0.004752565192193581,-0.0031974914705713564,0.003243576632629974
2022-06-29,-0.0026181184091772502,-0.0003106868401665519,-0.0005539981539627314,-0.005419735136569348,-0.006326535689186397,-0.004498441897996308,-0.002335075628351224,-0.009056280152246132,-0.005683186962746167
2022-06-30,-0.003466348586400936,-0.0007994599943834668,0.002630542654757262,-0.007312588994527469,-0.00475565056838223,-0.0039681630904857546,-0.00708314517075892,-0.0019235268124041527,-0.007434758269559083
2022-07-01,0.002490058046489496,0.0007457004852748916,-0.0009527731677808626,0.0029757272313561955,0.0023957218368557687,0.005913783894604174,0.004589349015854616,0.0024399692684324847,-0.0014160651915626765
2022-07-04,-0.01185949145585341,-0.0009545254385933122,-0.003453698560209384,-0.004173591269306276,-0.00478058030410311,0.005501923238151685,-0.012688259950730307,-0.00504772592530256,-0.006266788189783545
2022-07-05,0.008509744067538572,0.0022321666573177357,-0.0025290240999222835,-7.300662772213862e-05,0.0009691205243553824,-0.005867175292979865,0.01525627521117845,0.0011125489842194192,-0.003423143785791005
2022-07-06,-0.011725049552050115,-0.013617412157594821,-0.007917433394671769,-0.01682257214386984,-0.013645868870987732,0.00235388060401176,-0.024485942569006824,-0.008009429040020222,-0.017466262848928604
2022-07-07,-0.0010600063998731368,6.136982572790828e-05,-0.0017542884227098599,-0.0069472013164806334,-0.002170063676284806,-0.0032729308285429637,-0.006717721197156523,-0.0017696043910472303,-0.0021255002567733827
2022-07-08,0.009283778157614053,0.005244528448921093,-0.0036968590286499126,-0.0016271539983527816,0.008792514474975421,0.0003900218183210402,0.006064393542652757,0.0039144408703186695,0.002220551236154389
2022-07-11,-0.00046750785590732313,0.0014674886985048818,-0.004019486713485287,-0.0003659561389496302,-0.0009493690645231423,-0.0028466445798277507,0.003210709471312523,0.0011320753624961544,-0.0020319424981092293
2022-07-12,-0.014970121922338597,-0.003678344434019265,-0.0050980003749476754,-0.011665164743481893,-0.00962780795771545,-0.00791193999018458,-0.015418855555286215,-0.010310027318879311,-0.007322167931696488
2022-07-13,0.000546519717711913,-0.0028010015508468378,0.0008860535499053412,-0.001434779126710306,-0.0019479669353472673,0.004841819211587772,-0.006103550715596984,0.00014700822681401604,0.004773788075766561
2022-07-14,-0.002178612476246955,0.0023383576572229003,0.0010909692215050892,-4.0159774116754754e-05,-0.0011744536361795177,-0.006553957170320257,0.0028341009528429773,-0.002388483880727099,-0.002101799488455014
2022-07-15,0.003354425689616969,-0.008170583879080207,-0.0022380544073391517,-0.0007017548862624512,-0.002036458710139022,-0.009635304091507257,0.0003833350898965193,0.003555542285329949,0.0012929641785601742
2022-07-18,0.008866109811885181,0.0075790730312883525,0.007585051477738025,0.007047208975643482,0.0041133476838519645,0.0047211410257079756,0.005593953956497311,0.009686876333623973,0.01041517041746709
2022-07-19,-0.000671547441048248,0.002164653229384861,-0.001943751631505286,0.004839300418470804,0.005042182301101761,0.0006148597810660128,0.00875814302276745,-0.0058947044053319075,0.007994683256806079
2022-07-20,0.012889544608400527,0.00857756022959566,0.008980195175678274,0.008491970757633638,0.004621393900997139,0.0002750515238412188,0.01805975005543292,0.013065609155777924,0.015264326115520754
2022-07-21,-0.0015359173958997552,-0.000939294778479649,-0.002748401975585235,-0.00474514783408686,-0.0026457727322835023,-0.001474113974249902,-0.006838116054161403,-0.001344681065900022,-0.0015614677405627608
2022-07-22,0.005156937885419266,0.0003883234876280728,0.00545436173122682,0.0037613253014305847,0.002039406215245121,0.009460364134979082,0.0024575566342279753,0.0030158426047657283,0.004411733480600644
2022-07-25,-0.002630028734271428,-0.0036055355406873213,0.0033229434741857133,-0.002039989199988823,-0.0007672578357982296,0.005766262417108203,0.00350761611442052,-0.001614597319104072,-0.0029094374521780875
2022-07-26,0.0067357524135338576,0.005750677090464507,-0.0013377959911489157,0.0024232829634853736,0.005690083198173657,-0.0008722599417456678,0.007841003136304536,0.003930292712436501,0.004217110871634011
2022-07-27,-0.0005488680807015367,-0.0017866068748157993,0.002130489476147579,-0.009329266323505392,-0.0015167209635894574,-0.003935178944586393,-0.005439601965286922,-0.0027336531531965136,-0.012140692846364431
2022-07-28,0.006838923377256112,0.004415926950770643,0.004226673934751846,0.007871334021945176,0.010484619253902983,0.006311090483705595,0.016389991883143606,0.0030424500958154965,0.008642550333453292
2022-07-29,0.0008491333343842999,0.0007886783285193655,0.0039500990163319205,-0.0016614562011467715,0.0008521892246236007,0.012753180631529526,-0.0003226485249080424,0.005653514644925028,0.001405254870077144
2022-08-01,-0.0042315073228293976,-0.0006710383066691472,0.0014164600930548499,0.0015618813922195773,-0.0004989312393431922,0.0074209412577688205,0.004631639932753284,-0.002630840728194195,0.003483973543520369
2022-08-02,0.007557782269624447,-0.002141258058027673,0.003125965924913876,0.005202551026187496,0.007131958874597499,0.013946670782942094,0.005199495104707408,0.00838958044503757,0.005065101049420484
2022-08-03,-0.019021392543019378,-0.0034761321501850517,-0.008743005402899073,-0.010297809557554993,-0.009070845380336645,-0.013547796931427714,-0.014821438914328966,-0.01745082084187921,-0.013365834098053253
2022-08-04,0.007068078361924135,0.0026685200606433312,-0.002819405966430044,0.0001928583032602127,-0.00038846358382171875,-0.004352038548719572,0.006555701774359601,0.0074081092847255725,0.003629848758168519
2022-08-05,0.0029109987202051713,-0.0012897930088308085,0.007452205018290359,0.008874700426048987,0.0016657294217450325,0.010111546404808935,-0.00047520329558004004,0.0047417298379002215,0.011093295697314431
2022-08-08,-0.008146991700125339,-0.00573994850549342,-0.008480207892759273,-0.00750610337660651,-0.00814007881139156,-0.018036862327561964,-0.01118774957281865,-0.009116217839659546,-0.009698134274727988
2022-08-09,0.012343101238403209,0.006805694415688679,0.007707755470146793,0.0026309358534308824,0.002090593918862016,0.0016093926426901106,0.011654542485533215,0.007962373168157066,0.007792728839539187
2022-08-10,-0.004392661661072217,-0.00224275441288746,0.0007441132471399658,0.0010310493136156396,-0.0008693539466133604,-0.0025668158266491936,-0.0005090583949819427,-0.0005720328803286989,-0.0035837473972812894
2022-08-11,0.017412218162240478,0.008759932240895774,0.012596802197913703,0.00907498261166495,0.01149250636810617,0.017744444752062716,0.021977342328079352,0.01918715546134231,0.011898839401420336
2022-08-12,0.0034974707273245365,0.0008696751080228271,0.0010411120206015312,0.0015475198656440536,-0.0013782328809469613,-0.0012331493208651567,-0.0006303131961363784,0.004343073398033415,-0.0017186481093123263
2022-08-15,0.001939968880609877,-0.0012989469807620502,-0.0005096583194426074,-0.00584623010886498,-0.005591013014223711,-0.0022056831916820174,-0.0071202042983214975,0.0023734512144657494,-0.014134921883965479
2022-08-16,-0.013584310094202579,-0.009617413521620377,-0.004397635246360054,-0.00920673663656335,-0.005859628795159888,0.001088972066290328,-0.011630776163666812,-0.013425689319760292,-0.011755783086840887
2022-08-17,-8.575593859871944e-05,0.0045307397714982045,-0.003896150113374075,0.0008543621622787434,0.0034238448861525494,-0.008445135708870288,0.0038650671647324497,-0.00306383649996278,-0.0008012952874191237
2022-08-18,-0.012679041489054521,-0.005604621383292097,-0.0017659474875910686,0.0009366167938638092,-0.004384405209850839,-0.0049428462553541275,-0.004588996271631451,-0.010612948816116075,-0.005522658805463543
2022-08-19,-0.002770724444332795,-0.0022630898325771698,-0.005488220793963716,-0.008869099630645416,-0.009331465199475142,-0.006266784022092131,-0.0022158526925979416,-0.004952266118797621,-0.01095777883572846
2022-08-22,-0.00493304567079722,-0.00409217709836962,-0.0023049864183098956,-0.005418936765523519,-0.009608174455844276,-0.009092185506054284,-0.008765413482991757,-0.011017737453015486,-0.008353710028718653
2022-08-23,0.00023184523935926293,-0.0036634099368327844,-0.00580669392798383,-0.009541994707629509,-0.004365356878037185,-0.003671534348808403,-0.00036255583899003074,7.971479474733201e-05,-0.01041962273804331
2022-08-24,0.006440424298889136,0.006953292735813799,2.0705070059579e-05,0.002760910212849188,0.005632462924726855,0.0059459203694622875,0.012207027937885417,0.0049534067493750555,0.0072134822005387456
2022-08-25,-0.0021690298729128976,-0.0009483215315494453,-0.0021521467071341505,0.0002192958849878135,-0.0034668355152173147,-0.0025385863793899732,9.69405045838645e-05,-0.004123160738452869,0.0019530305457322594
2022-08-26,0.008106006750662642,0.0025275400137017012,0.002915997932625425,0.00021942717310774462,0.002734934934469413,0.0037930486213442194,0.0038861751593717297,0.005663397890245392,0.0026413517967496247
2022-08-29,-0.013939768511873396,-0.009470810003054941,-0.005007774759559713,-0.003269883377028826,-0.01094962482971551,-0.006958992893320359,-0.01315867906533097,-0.016682334769429596,-0.006014730445743521
2022-08-30,0.005912806416523253,0.004614955363794415,0.001426944280146225,0.00758057217874053,0.002391415369277894,-0.007763491179767712,0.0059889533294330555,0.0078055558264022995,-0.0005557444746534523
2022-08-31,-0.00725445677389247,-0.006738177975255111,-0.006982088862770852,0.0011028088293274507,-0.005351882077174519,-0.0009947128657444848,-0.007607333471799871,-0.004629761764590068,-0.001655266855690285
2022-09-01,-0.004213804579912495,-0.003934272877973877,-0.005260114273232808,0.0013954237236539768,-0.005254105901263739,-0.0040346578334713445,-0.014323521191611621,-0.0034223034379525785,-0.0005863916402922831
2022-09-02,-0.004862029938742962,-0.00028902245206585686,-0.0022623027174233368,-0.008638561886686547,-0.004273072949449119,-0.005603818068769195,-0.009457250973646247,-0.004302006136610692,-0.010434918978850738
2022-09-05,-0.0007368017104325553,0.00017496763688296113,-0.0020948758552240543,-0.00431065331347924,-0.0064372705205029135,-0.002889988830182655,-0.001563475157674521,0.00023127144538181987,-0.003971023389758188
2022-09-06,0.003490801840729141,0.0010435466676377292,0.005059267145534951,0.0043193306859965475,0.00800397440448597,0.00040594487581113725,0.012054096705415462,0.003150479515321658,0.00455582920761799
2022-09-07,-0.012311326642694742,-0.0018854096175645596,-0.006216253604887978,-0.005453890685378493,-0.004719851388839125,-0.019007958604677633,-0.009079855961914629,-0.011873012972168917,-0.0018164257759223368
2022-09-08,0.0031636886969999,0.001820293480445656,0.007738305251603572,0.009875823850971743,0.0006912198305843997,-0.006778731157977447,0.0018794811969018443,0.004892461193505726,0.009214467349058841
2022-09-09,0.0021474406399168977,0.0037535872238785295,0.008578970848396539,0.0016320209803155628,0.0001555334517995277,0.0018908016941934225,-0.0012926488515107026,0.001300237975502494,0.0007527039066501651
2022-09-12,0.011986384638370762,0.004438287428495169,0.00909450203774842,0.00593199865645655,0.008487929511571402,0.008836221402475752,0.016305477377520416,0.007004214271967735,0.010906088592768537
2022-09-13,0.006862326991317502,0.003320527878979407,0.007472726088686876,0.005773918897869379,0.006055367493053243,7.705107555167068e-05,0.0028768931144287357,0.005525960302947386,0.009925227362276967
2022-09-14,-0.021900648848233173,-0.01388024857654091,-0.007841089536127388,-0.014563821472942773,-0.015705974978577064,-0.012596605055903431,-0.025384172100937796,-0.023035560813064015,-0.019498832019613555
2022-09-15,0.001304442370112735,0.00015951335473696204,-0.001625923764692283,0.00019961698379278303,0.003371092791250918,0.010362242358534113,0.000739709033281466,0.0019614102143408196,-0.0007324133819268663
2022-09-16,-0.009552830833120751,-0.006529739014715874,9.772980540923015e-05,0.00042948189641855983,-0.007993927679622481,-0.003083049041514574,-0.00963963936123724,-0.00983619549157455,-0.004740029873205098
2022-09-19,0.005936578217103028,-0.0008447385779116745,-0.0014638630166788902,0.0034075863686759966,-0.0017035170455272919,0.004202753518584013,0.00040470662563740767,0.006361450440714345,0.000815186004565982
2022-09-20,0.0009960100233643576,0.0011175252167787697,-0.000912780948770564,0.0007222246803870735,0.0008810511137893329,-0.0031978647945480887,-0.0023324770511865545,-0.004803385483589828,-0.002754694010998815
2022-09-21,-0.005865486818410703,-0.008950108107293242,0.0004046831920654359,-0.005862889656867543,-0.0054739596262922685,-0.002639223614755548,-0.01242636363988825,-0.010877137602728348,-0.011757056041783565
2022-09-22,-0.012563164410531957,-0.008583896720835704,-0.00438041255129995,-0.014048072829345282,-0.010952032640317078,-0.0049474021327878814,-0.003179911051555462,-0.012282584995389145,-0.018151429155305765
2022-09-23,0.005340259268086012,0.0005641404207894496,-0.007953313259451922,0.0011022116201444554,0.0007321414103651502,0.014309780017325746,-0.00313051642193396,0.00323993847112769,0.002553187308120153
2022-09-26,-0.017260623112073104,-0.008077577325447227,-0.0068301348644485005,-0.015406887200598907,-0.0414404453005891,-0.008577759154379305,-0.018067008505687543,-0.01819032184782199,-0.020578955712525326
2022-09-27,-0.008375428607883761,-0.009467116065726366,-0.009797070971721,-0.0068329364477182075,-0.00227303239391341,-0.006562402129873357,-0.018172594461279834,-0.013308273119650882,-0.002094417436552365
2022-09-28,-0.005867688376340552,-0.0008671504188026979,0.0006152109309649489,-0.0028596715824625862,-0.004205195666309169,-0.0016033798792252085,-0.0006069467476701451,-0.006020013617912379,-0.003565660003011284
2022-09-29,0.010406091041584853,0.006941621571406431,0.01421818487328963,0.011669258220226686,0.010109997717502317,0.0020291089747330737,0.008867265003703384,0.015468611196109316,0.012085902928945513
2022-09-30,0.0012303029658851106,-0.003407810407495271,0.0027591901525321205,0.012503246332641993,0.030771869371839733,-0.00022851576736793167,0.0019388997786671247,0.004163204018155842,0.007931965484377468
2022-10-03,-0.014131876464892112,-0.00818148537744523,-0.010876086379535854,-0.0037506538312601645,-0.0025846337615477166,-0.0026585081903142127,-0.018163525670901848,-0.02154184219526789,0.00331876777826956
2022-10-04,0.012590113046271112,0.01168177721655006,-0.006961821825738901,0.004021387262655107,0.01737519968403678,0.002055072869879604,0.022099376193739806,0.017976735913934228,0.008818305923902203
2022-10-05,0.001892336486432944,0.009085235071895514,0.014172005885128014,0.015485641697837726,0.010340598376043397,0.005090826123749892,0.01895519482755703,0.0030924607734246212,0.014336499734542985
2022-10-06,-0.00021557620426670976,-0.006795152411384953,-0.002680058781018735,-0.0073440755512070854,-0.00838021074771056,-0.0045829499683641695,-0.004047563856185654,0.006746389547116705,-0.006781803412399645
2022-10-07,-0.01509184922446305,-0.010421378517827873,-0.00873764317664838,-0.012304863326973892,-0.017022266985891266,-0.004067846109893858,-0.022313784075234877,-0.019965262997455935,-0.019543784034786627
2022-10-10,-0.006949528754711332,0.0006481285353647781,-0.004615080905202351,-0.00551972128853806,-0.008005502254247454,-0.003045003370984234,0.0017031664855042816,-0.009520317715266957,-0.007726529416011596
2022-10-11,-0.01177760799415728,-0.0031144128741524835,-0.004952413665816113,-0.0025634555979036078,0.00033223964835538133,-0.0013180207043290704,0.00277770084278095,-0.006135239334079001,-0.006014500359246333
2022-10-12,-0.004511814289258398,-0.0011963714876520593,0.001914566159631148,-0.0010184906511190306,-0.00980513287216922,-0.0013436563520135003,-0.007412188332831637,0.0022283833551004495,-0.004740953937346415
2022-10-13,0.0017388465704981648,-0.0017515931948104413,0.00021059643072507406,0.000805816280401439,0.012560354338920332,-0.005908560195564627,-0.000809273908603636,0.004758498160519098,0.001797364931169776
2022-10-14,0.003774365308426786,0.004040697896040557,-0.004014374968156265,0.0044659963486877174,0.017860098595773533,-0.003774787387201939,0.01734643312481432,0.004939799873576067,0.007208383052362821
2022-10-17,-0.012230069238265528,-0.0068495225089172385,-0.002251706001643372,-0.0012270756894514623,-0.005284736369040588,-0.009008857328918984,-0.005750745059474038,-0.011191061610294373,-0.002402013783389112
2022-10-18,0.01203070206436796,0.010362495212207445,0.008206879782853171,0.010988583263887186,0.009764435808861105,-0.0022755386863559934,0.011868168663271339,0.014469837820018094,0.01292377775629916
2022-10-19,0.0027919144627963632,-0.000968963046266369,0.0018316035621706028,0.001775476176293589,-0.0008508679609152692,-0.0015951222270865761,-0.002014832337457362,0.006736848893327485,0.005250332700233784
2022-10-20,-0.008343270741423936,-0.0033834879969308895,-0.011076696677892683,-0.009873983931926955,-0.01174911898420894,-0.004084871381243693,-0.008170596034194566,-0.005634335282512781,-0.01363588669372151
2022-10-21,0.0017569171893740965,-0.00032663516375075474,0.0009961322091183167,0.0012713727108564221,0.0009313646262205655,-0.0023638646631735094,-0.004022862562567009,0.0011452095138702045,-0.003988599986510577
2022-10-24,0.01549004764889772,0.009607100807162539,0.005942664664792652,0.00830219127795706,0.010981661041433721,0.01594513983326329,0.01611759395971535,0.016721329572903842,0.007090948045393564
2022-10-25,-0.006639116400901868,-0.003577880440090553,-0.0015209501912967216,0.0026792235915789053,-0.0032566211588748173,-0.007173179735962543,4.660818263380051e-05,-0.010234771855090918,0.004169958923419204
2022-10-26,0.008863386903699144,0.005764929547921183,0.004755392160005867,0.007811452480285697,0.013662997252683606,0.006129191153211533,0.009342699631198714,0.0066966219023709694,0.016110732076437317
2022-10-27,0.016881152968139856,0.004774177045140382,0.009806951900328098,0.012867329366482494,0.015350763612114182,0.012632193795195423,0.01646540757157311,0.016854152394341293,0.01171560522064019
2022-10-28,-0.006559220699445811,-0.0009214563281113586,-0.005482394772624022,-0.012300296335898353,-0.006199436372041123,-0.0009571037071625099,-0.0037993162437927053,-0.002051462728647535,-0.010539712970639048
2022-10-31,-0.0076881043247123415,-0.0032040326221768334,-0.005991510670643518,-0.0012842637772674248,0.002585881964676684,-0.010405071452931902,-0.004455204638227683,-0.00447902986636961,-0.0009247279453518109
2022-11-01,0.0013416679570603662,-0.0001910228375202605,-0.004992955127567145,-0.00690054553054209,-0.011020841360496747,-0.0062190514451268,-0.006290082372226613,0.004013461280839348,-0.004735818058168584
2022-11-02,-0.002059135806441237,-0.000535995376591214,0.0017105107903958583,-0.0008494874618302228,0.001861294960678439,0.005557288056632581,0.0034245107436874367,0.003894788724799536,0.000947471884924056
2022-11-03,-0.009098217814918153,-0.007087090783044481,-0.0035683295027885142,-0.006428526689766123,-0.009153058334172015,0.00015548505248674793,-0.011053696990669382,-0.005894839968880183,-0.009148190539831402
2022-11-04,-0.007885847236300148,-0.0019792745655541344,-0.010005666270212377,-0.0066003896793398464,-0.018722868746303578,-0.0033762176244425124,-0.011040384224086264,-0.007603794740809411,-0.007174610571972995
2022-11-07,0.023979987073452502,0.017013866741619532,0.016734557143952333,0.018378184728221614,0.014357163658241356,0.010569268235713025,0.03140000872186266,0.021667038945458517,0.02355753087694934
2022-11-08,0.0055100353324639695,0.0014081423652338998,0.007948391181468173,0.009046823766432288,0.016447545255629414,0.0014800476629015513,0.003480078818462573,0.007799496078611412,0.008149449194083225
2022-11-09,0.005311470061510226,0.005821665196181325,0.004499970635123196,0.006209722711393306,0.0030153311591016863,0.00914687200333475,-0.00070388029279711,0.0038760895575464804,0.008952880998132295
2022-11-10,-0.011523538441646664,-0.00821355634263643,0.0009659164461062186,-0.006081764073436191,-0.015972298681335206,-0.006251335192320129,-0.013683841308530842,-0.012896866151883568,-0.011980436775250292
2022-11-11,0.026844506038114835,0.014627023770232617,0.01926608037815436,0.017234983280186578,0.028806344429947783,0.03157327322863224,0.026725811017444423,0.022338045599986867,0.026610649678198817
2022-11-14,0.013912801072484715,0.005847317309784383,0.02209624112236175,0.013375543780960841,0.008849345551445786,0.015628469851276305,0.017598483237601714,0.014542835731634618,0.019304366477825408
2022-11-15,-0.0010332103452366237,-0.005305983796655589,0.0009012106087675775,-0.0008978306983772333,-0.003952381880915512,-0.004011074451103047,-0.01111511133497145,-0.0025091279401417976,-0.009023145083550177
2022-11-16,0.011596091437315437,0.0038573389893268306,0.0003075336904263537,0.003739182328805768,0.010886110950226957,0.00827553114511037,0.0057660137183657145,0.012417566284634862,0.002898843817848329
2022-11-17,-0.004431937207809988,-0.004649211540778797,-0.0015565447937072596,0.0035863385602117326,0.002931156552577807,-0.002562480238174736,-0.0020431075376676766,-0.00248468364897958,-0.002407325779960945
2022-11-18,-0.007463075310597422,0.0010584529477037918,-0.008712271131688487,-0.003201732300133542,-0.004625499887746853,-0.007762843047531942,-0.011709531238911386,-0.0034751269373992644,-0.010436734179168572
2022-11-21,-0.001064457698632837,-0.004148963445330112,-0.0006818086755450148,-0.0029753632285509646,0.002210873020444204,0.001133641171669808,-0.003134989160581858,0.006346732455385418,-0.002751212396020497
2022-11-22,-0.011116284753721284,-0.005161276480831867,-0.00532121476484726,-0.008247803589722214,-0.004944034238467565,-0.012984004892326095,-0.009685507589843101,-0.011239602333812493,-0.007213835093066501
2022-11-23,0.006359163665973222,0.006271323297657894,0.007717475894990722,0.00638264774293118,0.0056619272282698585,0.0066806590698580415,0.015131874120972277,0.00951183537930489,0.006943034258698022
2022-11-24,0.0140878714534165,0.0014163674507789992,0.011044949201724386,0.01019750586330015,0.015043567344826592,0.013476635958383998,0.01663628374194781,0.01564456587300289,0.01879447293444625
2022-11-25,0.0032766413943992045,0.000524869115680282,-0.002830268194053298,-0.0007806339603814161,0.003306974365789639,0.004870046587839516,0.0024346264486752034,0.0011016654050466368,0.0043749416943774655
2022-11-28,-0.007936187701472752,-0.0054438753757294345,-0.00423274890733516,-0.003898316208238106,-0.004846045094603291,-0.003573035625695997,-0.00016149942300991427,-0.006869428581385839,-0.006620349214254029
2022-11-29,-0.008926969778454419,-0.005952555586936303,-0.0014861112114513686,-0.002120752501491019,-0.007833972278542878,0.0027466459459959403,-0.010264165666940772,-0.008475540741301857,-0.008805996489245294
2022-11-30,0.00482590609617195,-0.006898089032229882,-0.00578426942291288,-0.002033884087158655,-0.001122991880809554,-0.00018740118545812479,0.0004007174987368245,0.005335494980610145,-0.004302496420137691
2022-12-01,0.017281190849829153,0.012794555694301213,0.01105011032365577,0.009768476834405293,0.010934913283135117,0.010090359220698453,0.018814571691015303,0.018962219933242208,0.011426945043062409
2022-12-02,0.0016789339676577253,-0.0017490772825444756,0.007998845577315228,0.009886202162251445,0.015049539350174834,0.01634480010025352,0.011108769283795006,0.008771153966506962,0.01722938538788288
2022-12-05,0.0002929031073546362,-0.0006323128631908759,-6.409512199834211e-05,0.001497302952485846,0.0030988508930345215,0.005019429353653404,-0.003939175593108968,0.005463126864636125,-0.0017333767386353838
2022-12-06,-0.01544136855493461,-0.010597589617738046,-0.0062082319180432055,-0.0044822536852026085,-0.008522462891442983,-0.015930881429268795,-0.019054226367888782,-0.012801904492457994,-0.00811691214724175
2022-12-07,-0.0013397212007925097,-0.004498361433463383,0.0002866246692985186,-0.0026591461795627547,-0.004875063124739176,-0.0017095158478592776,-0.006519862711244273,0.0002832884691128523,-0.0008138711798242326
2022-12-08,0.004206337053110021,2.9345975160133264e-05,0.0018718090957572375,0.004226465299703053,0.006543390466249077,0.003702897727821286,-0.0006649799177596005,0.004695696280886841,0.003170206384222718
2022-12-09,0.007358654251437002,0.0037726476775068463,0.004712273802036648,0.004413799046621314,0.0019332320887828214,-0.0017055478332511642,0.005441566046573421,0.0038590516989480683,0.004997463668939828
2022-12-12,0.0007242449939446338,-0.00421810900771169,0.0009304799041265355,-0.003545912740065993,0.0002571045468535704,-0.0007168880429082591,-0.0008276182455616565,0.0022887381523950534,-0.000847895910208396
2022-12-13,-0.004041638998305008,0.0018341909566654824,-0.0008015103019840542,0.0018552850472817184,0.002589182800805556,-0.0057597757167563435,-0.0012072976388569634,-0.0008431829765794818,0.0008514817093558946
2022-12-14,0.013073661596006536,0.005525413825617775,0.007276799537627721,0.00805502444178785,0.006993811354687018,0.014160949478783547,0.020814705085101526,0.010345546072265233,0.01063086353534004
2022-12-15,0.0022650863619708694,0.0003837514599622782,0.00500889217321121,0.00467631552644221,0.005079532912965368,0.0017435973866186671,0.006119766416664785,0.0,0.005209810006923332
2022-12-16,-0.022146932469373715,-0.007907340358298098,-0.0035466317792783864,-0.0033518427765883985,-0.018539720787869474,-0.01744451767625199,-0.013739817285093103,-0.017183186471333323,-0.01745571959751646
2022-12-19,-0.002748548641346993,-0.0022207940028722284,-0.007425803036049561,-0.005218380116402188,-0.002371241841826799,0.0077621231964322135,0.0026457473127419195,0.004492005343083472,0.006121106940915277
2022-12-20,0.003038572544716178,0.0033423687618714393,0.006298942643791161,0.0027916391825502096,-0.0005712310514415231,-0.0022263052421647167,-0.006607059329821197,-0.00155235023805389,-0.010272550913508316
2022-12-21,-0.0028786633959591024,0.0032059946683047347,0.0027424095286083805,0.0011690042821561608,0.0029497940597840167,0.038690723412285966,0.0013117546207042086,-0.002721633009788005,-0.0029309245545795504
2022-12-22,0.004234216684171788,-0.000976954522048823,-0.00011872025357873017,-0.0015915521649506603,-0.009170347017346314,-0.0036110662824225814,0.004901698303480639,-0.008635511082533576,0.00015264414547444538
2022-12-23,-0.005779153198984255,-0.0017673165243177191,-0.005048340583631128,-0.0006361526137086404,-0.0031026758284141698,9.822290327643479e-05,-0.00316652424865993,-0.005964439103718355,-0.0037858750245274297
2022-12-26,0.005164574569028968,0.0034658299083663024,-0.002015253979441578,0.006080575010922296,0.0016678513411276796,-0.0032607777627752244,0.0030266477097864453,0.00654336219217222,-0.0042916275794817604
2022-12-27,0.004781964341053602,0.002412060177784392,0.0009334550056590007,-0.0025855972022179596,0.0020023395059201032,0.00019572863345374003,0.002012593554647779,0.0022402528117531073,0.001619848157316639
2022-12-28,-0.0021738240931080677,0.0023660290269560402,0.003024108257225766,-0.0002871494728964308,-0.004702610446976729,-0.0054086938271915574,-0.0006517800023482234,-0.005344761448615065,0.0015497373382913349
2022-12-29,0.002551779324051262,-0.00547089569744208,0.0016061020312325702,-0.0007441358397561881,9.614190465834227e-05,-0.004088545923907727,-0.005722944037304334,0.007190327182357459,0.0014945632955951638
2022-12-30,0.0028011202007252045,0.0034976384211387046,0.005266277134693631,0.002963731578736084,0.0023148150442264814,0.008411298961305436,-0.0003785858265262787,0.004353280705052809,-0.00014060313910824185
2023-01-02,0.00843882265416851,0.001766712991222219,-0.001028338208551971,0.004594488939143604,0.005308703742888277,0.015827881280798817,0.011383574584174605,0.004553541590234245,0.005193196960590285
2023-01-03,-0.0025643695634360864,-0.0022789467381810757,-0.00021648612824476388,-0.0029897675594858786,-0.004740702273078212,0.0003898869257861204,-0.007550673223954418,-0.007593637407951159,-0.0036688602765504452
2023-01-04,-0.011402531620736345,-0.00841729678119818,-0.012609522259035333,-0.012255395598315344,-0.0077204723358964555,-0.003459060307023476,-0.024425992346407077,-0.012531652999555387,-0.012365630699780805
2023-01-05,0.015028114648586888,0.014015407542457448,0.006680395887850743,0.005642484981084106,0.007294531810050575,-0.007546550232529703,0.0007399123097029392,0.006083916544293411,0.006102917601940927
2023-01-06,-0.01074969999588915,-0.0055162833084054785,-0.0066678886989317565,-0.007933674891517195,-0.012007585382517005,-0.007959106305473473,-0.015994075592601575,-0.008642084661096283,-0.016058870344369258
2023-01-09,0.020469676677095316,0.009281593517383113,0.009666953006302492,0.012745001629152375,0.017132533079255552,0.010958481818645449,0.02600747510177559,0.020590708419627735,0.015100349158845505
2023-01-10,0.0022794893425119866,0.0030984962774074365,0.006449958519523014,0.007212636696105612,0.005653809190605541,0.0010096152063996389,0.01123343978087643,0.0016370169604893459,0.011416768650693188
2023-01-11,-0.002127141633697205,-0.002918177870675276,-0.0014204446305795537,0.0005368935499137084,-0.0024917308367172764,-0.0028159818956553506,-0.010786692677036136,0.0003759032275181262,-0.0015758421304183923
2023-01-12,0.0023200422064761916,0.00021587265856504168,-0.009324094395747218,0.0025192926532231485,0.00041349792172207245,0.00150873480174063,-0.0005375599742198922,-0.0006621904500518916,-0.004322743314342015
2023-01-13,0.00822123428305499,0.004037127419723063,0.004012063640428387,0.008753345079312025,0.004789338515998942,0.02113457861964374,0.010641541827961953,0.0031619742363686587,0.005132048466759409
2023-01-16,0.0008159928089297441,-0.0015078913574287922,0.0005179516924018746,-0.0032798297386377184,0.0007336319768702637,0.00895127618616276,-0.0017172090238147808,-0.00042782578933853177,0.004800281879802304
2023-01-17,-0.0010184969682278666,-0.00011940682037170358,0.0014372513601521586,0.0005090112725845142,-0.0015504273522606304,-0.0022989079800689316,0.004288116044213863,0.0007539864571821653,-0.0035890336266363176
2023-01-18,0.003160166044972046,0.0005825141070263662,0.0037638879720776064,-0.003399900781191456,0.006302056759230901,0.0003117631161746459,-0.001962189850992724,0.006728808836850453,-0.0023977845141179843
2023-01-19,-0.006355178320613053,-0.007839522279552757,0.006528828185056845,0.00042113596705495304,0.005124325071260261,-0.0020071387090936366,-0.0036406266730379944,0.001959396835259586,0.008878431349368832
2023-01-20,-0.004320563771984753,0.0023767838052872747,0.0004806133204109386,0.0033367572336886475,0.0036930985215344325,0.0013165564702406485,0.0016419983080864231,-0.007757620526599784,0.001753023683676247
2023-01-23,0.009937097863620403,0.006940368075055492,-0.00477231121259214,0.0028793633886876613,0.0010546138780032077,-0.007607099582137122,0.005220607373149111,0.01463289612683849,0.003006676099667871
2023-01-24,0.006670745186974747,6.731663328030102e-05,-0.0019313128057408813,0.0008481189095626007,-0.0021416932492606122,-0.009517800674279209,0.0028449404026416047,0.00017516506574799529,0.003969163427350653
2023-01-25,0.0024805012320254782,-0.00035134958080040857,-0.0006830331817508917,0.0012739505666399253,-0.0040810226620446866,0.002748805759769102,-0.004342647037773095,0.0004739740839676543,0.003619716999523348
2023-01-26,0.008724599350692142,-0.0004035949350171819,0.005812585428534467,0.00311277903582563,0.0067524188505001526,0.007753189142071237,-0.002827566292724293,-0.0014135379094178946,0.0008301388599314397
2023-01-27,0.0008017220126819158,0.004813723898096756,-0.003510080128800941,-0.0025275947466020243,0.00022348454763299053,-0.0043374693898482475,0.0036254332637155606,0.0010450848059340156,-0.0072068836315863916
2023-01-30,-0.0008323320185325,0.0009696642323655524,-0.0007167237549360328,-0.0021090037851332344,-0.0012053178782257534,-0.00041585821667811107,-0.0036525997118546094,0.00020119538156038175,-0.0030835331568033197
2023-01-31,-0.0070171528259425076,-0.006022189969043912,-0.00477691353216414,-0.0019097249254850235,-0.003765383752765361,-0.004790042698740726,-0.008856394932146183,-0.0035902157737582874,-0.009365811462203277
2023-02-01,-0.0009492019862979983,0.005846953049674086,0.009855371970718174,0.0009449341051011029,-0.0036188505618904854,0.0028360871121928533,-0.00034762354682282837,-0.004744219062787991,-0.003083467943311491
2023-02-02,0.01327406623981875,0.002335244902579081,0.009908945341517095,0.013986332519026812,0.006591572653878552,0.011568834732757827,0.010144451217128703,0.012145895541076701,0.011878874262746919
2023-02-03,-0.00984089690758283,-0.0031239554215312104,-0.006504621056887205,-0.009781939220090186,-0.013482056797323061,-0.0009632002283221919,-0.01628269999325771,-0.006017359110551124,-0.007297840921786314
2023-02-06,-0.021752064728701392,-0.0062016018350814495,-0.014174160385420964,-0.010477944512183424,-0.01455040439300459,-0.02471801484671532,-0.017477079163972453,-0.02307719843631828,-0.012579112761302969
2023-02-07,-0.004767735352836477,-0.0030726923898335423,-0.001659720917385088,-0.005569247387685716,-0.001527483469499602,-0.004629652533868711,-0.011059475275305819,-0.00298837458703205,-0.009336499365475981
2023-02-08,0.011149625634334415,0.0038013145864252973,0.006748747519922382,-9.653820013244552e-05,0.0023144552748617375,0.012064785049873405,0.002173653350138638,0.002090621171847662,0.003969157727911066
2023-02-09,-0.004967454329211418,-0.004083261906765223,0.0008035439556988155,-0.0012966698660300535,0.0014003002536462361,-0.002625723848038719,0.0003219585438374306,-0.0011681469794774246,-0.001459726689355345
2023-02-10,0.0013538765456564406,-0.00027513859530581275,-0.001154048281252873,0.002470776201964231,0.0037562669873636434,-0.0010036860605464604,0.013171856072344834,0.002043769052964217,0.023705438850756932
2023-02-13,-0.00373326530585949,0.006835163483727147,-0.0019657874144179965,-0.00601157126484031,-0.005327167185114501,-0.000243234045441576,0.004624720304447161,-0.0024043397937640876,-0.010810905996056053
2023-02-14,0.008175781632916435,0.0018225035014614033,0.005627993874337989,0.004935963763336604,0.008287795839574175,-0.0059394629531897,0.0041752307456401905,0.007779303285654349,0.007858532258015583
2023-02-15,0.002522550349884245,-0.0005621528766303063,-0.003157811401651167,0.000493927118309756,0.0018261797821810255,-0.004917563687948712,-0.004716871953278301,-0.004073771639979351,0.0015645132620287772
2023-02-16,-0.011546999164649185,-0.0037339592119506326,-0.0019818725345203125,-0.004094928431470968,-0.011052551491915974,-0.006810919578408625,-0.006949335516976407,-0.0087916413550726,-0.0056828250110237954
2023-02-17,-0.006442350699883859,-0.0061160123206819295,-0.0033461104441624423,-0.0024318489142922672,-0.00535293180519536,-0.0012754541707171718,-0.004692337429809346,-0.0054771668128832385,-0.0038567698681163387
2023-02-20,0.0010208284440169635,-0.0006674906921343426,0.0011995647994624825,0.0017521907973379047,0.004547248178213836,-0.001734844029916971,-0.0031970184891825237,-0.0014717456988349031,-0.0004895420898611835
2023-02-21,0.00576410259792004,0.0021556563405111806,0.0023505993844419315,-0.00017081787957773376,0.0007825540296231281,-0.0002158148190701814,0.005187254202011715,0.0034479917634333557,0.011779377431512694
2023-02-22,-0.006817306167633874,-0.006051050137234726,-0.004657709325726511,-0.002865454534092482,0.005824513256627029,-0.004741579239926241,-0.0058185083760154965,-0.006632734169520482,-0.0025077852966962633
2023-02-23,-0.007138588438860505,-0.0007751675327311025,-0.004016163992776267,-0.004337728174182431,-0.004904294491572925,0.00032602412058979624,-0.00549485578755915,0.0012572571313289593,-0.00482916551126189
2023-02-24,-0.0004085675656144705,0.00016239967748910011,-0.0026239857861480864,-0.0007312747413590337,-0.0026679282144487226,0.002258080347211644,0.004713138881258017,0.0010903870117342507,-0.0012620854583405006
2023-02-27,-0.010932030330730202,-0.00371491495999976,-0.006744430916171162,-0.004084682530496653,-0.005438412895226508,-0.012955007409832686,-0.00466223574307012,-0.010463048438090428,-0.005248119991549394
2023-02-28,0.0010863136165111253,0.0014513428653930571,0.004734925283639724,0.0053479946234309406,0.009130673109375875,0.0005722171770028428,0.001606221279081721,-0.00022805107493362176,0.009029528357999084
2023-03-01,-0.0018112982724116655,-0.005217961978165375,-0.006654886243908531,-0.0031943562553166105,-0.002322500991305154,-0.00022740236553842053,-0.0045971850692163585,0.0036811720186447072,-0.007249578531951406
2023-03-02,0.004310071146149896,0.0040913059485432335,0.0025525180007655024,0.008663242754052058,-0.0003007586428733777,0.0011307910607849525,0.00048183054066841535,0.011331435752900854,0.003237647929697829
2023-03-03,-0.003668528338620858,-0.0003824925060145201,-0.00254810227290847,-0.006487102779762277,-0.006513542124872762,-0.0037379874918347378,-0.00626564607871416,-0.005704975201724194,-0.006882118287878769
2023-03-06,0.002911910353198488,-0.0006027505158825441,0.005412010106830012,0.002497160273063681,0.00643515778340209,0.006219646819577429,0.005223107550702544,-0.0018814641197759663,0.0023257996199033126
2023-03-07,-0.0031847740779104017,-0.0009694367828813055,0.006565035181977041,0.005846596508106927,-0.00016838081774783742,-0.0010220098442315084,-0.002383425753471613,-0.0018037089346896185,0.003927282814800481
2023-03-08,-0.02110440555273707,-0.00958686193590419,-0.01224753599381001,-0.012871932027811672,-0.016523328883392807,-0.010131766158309463,-0.02555222524118106,-0.014068022817552928,-0.026528549727666717
2023-03-09,0.0004549702447109727,-0.003724847474588233,0.0014454698296422208,-0.00011603719969588422,0.0018960215798942137,0.0012024583345582318,0.0012349373341460357,0.0005747647175806669,-1.1207391897860575e-05
2023-03-10,-0.0004547633409223151,-0.0022847225597993903,0.008597291891071945,0.0033341684009291495,0.006104335334546018,0.006092551972684879,0.0012185499425654278,-0.002208546354031782,3.7270414469769975e-05
2023-03-13,0.00655470051816498,0.004882420721723957,0.01573390004474895,0.009348143711590318,0.01315436230873912,0.010483098160533721,0.0035594000355891886,0.009767268420956432,0.006996474040070533
2023-03-14,0.00376762737046743,0.002082204868441684,0.006475642951013327,0.003871752264984485,0.007619253831239847,0.01401803970055715,0.006163504548216681,0.009011227245540931,0.004038980705525219
2023-03-15,0.004489861605713186,0.00338228012305386,-0.002196801045756591,0.00024675464840751005,-0.0015797122982401657,-0.0095463792379602,0.0008455981071908703,0.0023115762815857366,0.012928036112578312
2023-03-16,-0.010584058160593157,-0.005521253226533407,-0.01775450603968942,-0.013451478167989639,-0.006819137375296269,0.01104350675849175,-0.018768014179804893,-0.010609225459194627,-0.011657641788663797
2023-03-17,0.0068145968020469905,0.0033384267077614105,0.002001746628976342,0.002908325458965022,0.0034151011156760003,-0.00329160948492202,0.00032284022727746553,0.006296378625070931,0.00882900890258198
2023-03-20,0.0074753124784199265,0.0006783116101451991,0.0026221181638905744,0.006097634252235196,0.006374236885053897,0.008194488084715568,0.008190884624664996,0.011254208834278634,-0.00010662377980941162
2023-03-21,0.0005493256133566327,0.0028381420197618468,-0.002647441795184946,0.003773132904811183,0.007267471431299244,0.006788832673360057,0.0012305342329843594,-0.004881753421617119,0.012946612072109343
2023-03-22,-0.005806414858061326,-0.002757358296140655,0.008388778023585175,0.005139307461304199,-0.004168739464659232,-0.007223447721984244,0.010849790870259834,-0.007945615732466216,0.003875513669026498
2023-03-23,0.003206989147737982,-0.0005759402461342766,0.005400849885807579,0.008924567538366901,0.004469853040624416,0.008911535688195693,0.008698172297813223,0.006382033061067993,0.00323912927461234
2023-03-24,-0.00264458162823622,-2.1900371732663793e-05,0.00013092988642804393,-0.00325055660065543,0.00014736453384167625,0.002399383701881863,0.004144009346239708,0.0023114038309111073,-0.0038190390036322297
2023-03-27,-0.003934660742002105,-0.0007575956256060667,-0.0038047447992696215,-0.005248921648501104,-0.0028936654622994107,0.0001453040382091153,-0.005737123320612381,-0.005732886093667511,-0.006548705186772086
2023-03-28,0.0007193423749081163,0.005368394961746237,0.005333228935201273,0.002680116800534371,0.004209412683647162,-0.0029490193926198227,0.0002496491503636289,-0.0012220141814678342,0.0037213588178095502
2023-03-29,0.007028772521685989,0.004472726950639716,-0.00584532193566123,0.003002549519729447,0.002675763532415054,0.0014269527682715388,0.009748338090854514,0.008092225738719927,0.0017642964158117724
2023-03-30,-0.003641825457567749,0.0022266650834321666,0.002505199906357003,0.00037952901230453584,-0.0013668438562166596,-0.011540540767631335,-0.006014060302276136,-0.005182334827076196,-0.004902435253862358
2023-03-31,0.005138277343173403,0.003046903321451966,0.005167589034019482,0.005626793311566125,0.005983019922068955,-0.0046921568238741385,0.0021828636396499235,0.007793446319542596,0.003984089800405322
2023-04-03,-0.00862325085775506,0.0014886813511161279,-0.004501254867145366,-0.009290861759459035,-0.008097139887596971,-0.0010948584791349303,-0.0052967456121078005,-0.007158691813763718,-0.0067251073816805285
2023-04-04,0.019463331572049825,0.005069392113091764,0.005259022017819914,0.010082984873371226,0.01108143242773063,0.007921482265939916,0.017019026522633984,0.012498301601000295,0.005808878831355946
2023-04-05,-0.0044812562619537255,-0.0003199791068813074,0.008073816015980562,0.004384046445045531,0.006061732543743759,0.006190784937819993,-0.0025725089627700592,0.0019956144146118238,0.009035512774263621
2023-04-06,-0.006125675031237399,-0.001211558985086847,-0.0010591734409332032,-0.005179136878680768,-0.002829047096323367,0.004208187704519251,-0.014195363501967262,0.0005118312487748522,-0.013472445302914693
2023-04-07,-0.006055165957106978,-0.0030158759043166228,0.0021671600548172076,0.0015397338358560386,-0.00193184213778419,-0.005582183922705375,0.0008399512068362203,-0.011523376920342665,-0.0009845034507949268
2023-04-10,-0.000376322787992045,-0.0006664915250527148,0.00014375986289194564,-0.0006001876104815285,-0.0005930275561352172,-0.0032399961696190083,-0.0047877792094755955,0.0014887547482687058,-0.004193068514732667
2023-04-11,-0.003776255604988621,4.440531440685902e-05,-0.004995572331419784,-0.004054300117389831,-0.0031722978101249577,-0.010279496203515093,-0.0022853001004981,-0.004415314580801022,-0.004055172123359374
2023-04-12,0.0008577195114647385,0.003038032565541249,0.006545618645923179,0.0044325122994950394,0.0031325631983849522,-0.0009356708046878159,-0.003828252727379966,-0.005185196032742145,0.005994315753951485
2023-04-13,0.006762625874911166,0.001674163222177505,0.007956242297590732,0.0075459674748579175,0.004959586723482401,0.0038245286927900413,0.011749127807676674,0.0037433443718071224,0.011167795005138537
2023-04-14,0.01268816301152631,0.007496244773311567,0.0076186670483868735,0.004974544770415257,0.0026127898165608787,0.004513704773702276,0.012586007640515984,0.0137037392761159,0.006601159698606196
2023-04-17,-0.011615439960828255,-0.0018706001717004872,-0.006481905147748379,-0.006152516278222664,-0.009989546001021754,-0.011076976415403839,-0.007696883038825431,-0.01617963146773227,-0.006890513843003321
2023-04-18,-0.0007155900310930052,-0.002016107496298991,-0.004129026933968216,-0.0055719125780892,-0.0019924968448448155,-0.003377422350449133,-0.009044559111647144,-0.003035731671884201,-0.001679126051008839
2023-04-19,0.00526793440821649,8.216787154324834e-05,0.0029132360232129173,0.004576713719873782,0.00403831967832935,0.002842325550264535,0.0015130496085027367,0.0052456293010216815,0.0046649640327069974
2023-04-20,-0.004481255774568926,-0.005724666011729496,-0.002005124923751045,-0.0021137596072823284,0.00027342795475604476,-0.004899545886071555,-0.011459190302882227,-0.008546750347503296,-0.00493366513049609
2023-04-21,0.005616984767803368,-0.000949549963014662,0.006029265940111328,0.0017114824208965818,0.0009703559471254675,0.005283684155498847,0.00023064087971280678,0.0028053459241472734,0.00499813005209937
2023-04-24,-0.007369459524941613,-0.004254531170793885,0.0006952426711757109,0.0019455441063702672,0.0007096460891657941,0.0002612974111280142,-0.00031373176546745096,-0.005805565498849696,0.0001824920751121173
2023-04-25,0.0015417899064142926,0.000347312446434378,0.005196769097637555,0.006115940312673818,0.004037498968266995,-0.0009173435978079292,0.0058730174986050265,0.005286635191415812,0.0060488857048626166
2023-04-26,-0.010054752688221757,-0.006219569392071578,-0.005303745283883554,-0.007333535186277218,-0.006815719604492232,0.00278960670939421,-0.013380613731327373,-0.0046105636262508964,-0.006112913319928026
2023-04-27,-0.004222100313704846,-0.0009023758424243633,0.001133800351575509,0.006274821933590191,0.004564592581041804,0.0018431963736935675,0.003831680026712636,-0.00431525169893765,-0.0012439189855806276
2023-04-28,0.0033317329638442583,0.0022794897203821662,-0.0034344618971836605,-0.0013789595313844494,0.0020870155686925074,-0.0025186888859278778,0.0015818275479833055,0.00416724079755415,0.0031561117734393296
2023-05-01,-0.0027143206709983048,0.002994321269448763,-0.001028160130261746,-0.0019159632229287515,0.004809578484161525,-0.018946223246685823,-0.006054792931693753,0.004184760984330849,0.0022020397499407096
2023-05-02,0.0015728650536048772,0.0005238276947308051,-0.0011943284335991233,-0.0037843921728093477,-0.005706048508247297,-0.008253245243096119,-0.006062846915314113,-0.0011836688655204597,-0.006639548627783931
2023-05-03,0.007579907763479055,-0.004956119831613037,0.004057123995897749,0.003798768201457303,-0.0007486172635282617,0.007730809500959612,-0.0060685156818824915,0.010024910964933742,0.0024002919856946914
2023-05-04,-0.0047180820689568526,-0.0009096420748199163,0.009995258184691824,0.005268809311455902,0.007403114196108174,0.014285267121797673,0.003764834980994225,-0.002843721847684999,0.004729729038496
2023-05-05,0.008218086629192545,0.008052951736679859,-0.002010882358803534,-0.0041556061589040905,0.001145052865155094,0.0027202877561987027,0.00793028657117234,0.01309623076691202,0.003449411508670286
2023-05-08,0.007703804876346698,0.010687584540141959,-0.006699059723829448,-0.0003856510137344449,0.0037513413380516614,-0.007544465815429446,0.010131633742291646,0.0014298932981213763,0.004408243318459126
2023-05-09,0.004936605264587612,0.0005683934380869005,0.0014159209527635497,-0.0020453015080595938,-0.0014127033250344034,0.0009328813449029916,0.006712145728690944,0.006249807798302864,0.0003342754619213295
2023-05-10,-0.0020775061417621643,-0.000194389132818662,-0.00028089498297467763,-0.0028618103774721293,0.0009468521796267559,-0.0015891752913362867,-0.006186014777656235,3.1783720246814084e-05,-0.0017773562067439075
2023-05-11,0.0022177425392755357,0.0002168073671000581,0.0009783636654889794,0.0017684600274869844,0.00018441336013896859,0.00895678715488124,0.006360614620819938,0.005115981973373485,-0.0027103817628164606
2023-05-12,-0.012093339487811883,-0.008960177489579335,-0.005268477256660797,-0.006547357479011251,-0.009413637766028327,-0.0030557739151662044,-0.016195906520282355,-0.012084905024922543,-0.009999183076297324
2023-05-15,-0.007909834417561212,-0.0045004718151469,-0.004875428890651623,-0.005447918677450203,-0.004569514838104638,-0.009748089899023982,-0.0002773077809938851,-0.015668645181133978,-0.006346258598101007
2023-05-16,0.008439735346858379,0.0066096746237207515,0.0032608624747940684,0.001935433839248546,0.005962104560102377,-0.0016391043137266026,0.007656444660379291,0.007698025962426414,0.004042003050794607
2023-05-17,-0.006744936095972043,-0.0009052235218361959,-0.000992934155006453,-0.0007388021428880176,-0.003258523489217513,-0.0028219198673622437,-0.011752262310494643,-0.0009418110649672684,-0.00617587509049311
2023-05-18,-0.0003262333707373388,0.0007796976228517938,-0.0026614912242944877,-0.0025144866312231118,-0.0001272836943476685,-0.00860381756912676,-0.004774790719970667,0.0013928818348656336,-0.003421170402612028
2023-05-19,-0.0038519563464052275,-0.002296627188713485,-0.006772192367678009,-0.005808049922436109,-0.005645124939167245,-0.007257226515203219,-0.013120394447171058,-0.0016463071504142501,-0.01120500153404147
2023-05-22,0.00467866350716184,0.0007191622400670727,0.0074371257580396755,0.00439415257651854,0.003925194079574146,0.006739634585631871,0.004186276401465738,0.0077609747849327615,0.0054785412151607815
2023-05-23,-0.0016982983192224133,-0.0011034644227408963,-0.00012242076208324182,-0.0010810927507085566,-0.0021386969255227095,-0.0070670052227091995,-0.0031312319260751176,0.0003332020000845759,-0.005310201214038912
2023-05-24,-0.005429745010117615,0.0002592696631444902,-0.0033396217418765195,-0.00382326003791833,-0.0013783300855607639,0.0005338451082872453,-0.004797576950738236,-0.005743899944883113,-0.004956089243392192
2023-05-25,-0.010354415911895676,-0.006557059214693295,-0.0029756168866555965,-0.0011510590374074203,-0.0037236612671160962,-0.004918026860273095,0.00044284437943353794,-0.023056644193716447,-0.00900943739390736
2023-05-26,-0.007122302544819159,-0.004009350666235978,-0.0011601518655651732,-0.0030564423990099288,-0.0042621714863223525,-0.005242174444767156,-0.009305596118180826,-0.008628493816179361,-0.009867195696148578
2023-05-29,0.004386181341233586,0.0025130393094570103,-0.0007066818287146948,-0.00012871945594561396,0.0023212236349843263,-0.006062311568237222,-0.0021026499916014796,0.0007293282411313662,0.0016482735738487797
2023-05-30,0.00023177085259629138,0.0005882019880891765,0.0013599290538273134,-0.001434884194828956,0.0001976378272814383,0.0030618405746039024,-0.0033919383909837286,-0.0022001651427563385,-0.0014590946011996397
2023-05-31,-0.0016392755634547784,9.563250470834284e-05,-0.0014793243999625671,0.002372124382281404,0.0050640115775313355,0.004642517324573658,-0.006009793548102715,0.0003809301420663047,-0.004441770481953156
2023-06-01,-0.0017488711075409613,0.002484097959347231,-0.0044950610926488554,-0.0035294963065130025,0.0028254382800496636,0.004779866957325796,0.010711164571919785,-0.0035848801803479713,0.002087575595326907
2023-06-02,0.01100355169005307,0.00914975392855033,0.004748283764156813,0.0061336817148629486,0.00635067397077016,0.0027315550475306427,0.001005267428748624,0.006751175401361831,0.003081401669770667
2023-06-05,0.003344948606583964,0.0010947692719607272,-0.004539864815680583,-0.005777239184238336,-0.007644493780337047,-0.01040603982802557,0.005055215370907584,-0.0012540403545115986,-0.000582618700843196
2023-06-06,0.002044891523575565,-0.0014649410513253303,0.004216803259273094,0.0012318024997737265,0.00023611238182152938,0.005911805262710956,-0.003216063390760082,0.002051860970505137,-0.0029239220972183677
2023-06-07,0.009918434349033056,0.0036869770702767646,-0.0013559263231848195,-0.0012837051905093544,-0.0003727815756925379,-0.0010320382421771246,-0.005357356586865092,0.0012825977223507312,-0.0063303914538751505
2023-06-08,-0.003067558847306806,0.0020191833562734907,-0.002649685125032164,0.0008779639082063806,0.001393848268125053,-0.0026591274549887522,0.004356492280605417,-0.005939578315533156,0.002297703356381575
2023-06-09,0.008109456401545367,0.0007184496404539775,0.012061865734817268,0.007030353420354185,0.009130829405621155,0.007460557774352061,0.01320167936421246,0.008623605655593725,0.008210908053776667
2023-06-12,0.004826728629130139,0.0018894825656596836,-0.004982254221077453,-0.002945761613426079,0.0017110439931080634,-0.003644916069048154,0.013652516142467652,0.0059405102012173305,-0.0019674353103742437
2023-06-13,0.0012013718349661584,-0.001960623913385029,-0.005614898077236696,0.0011193590458071778,-0.005218927958914876,-0.0006382081766561631,-0.0033572299511581694,-0.0002452007209018392,0.0009694546795366854
2023-06-14,0.0023970361413350183,0.003627571585380629,0.0033581026489579724,0.0024492036405445727,0.007312007929422437,-0.005114927764672705,0.013741050941641575,0.00494606157447941,0.012417447209484234
2023-06-15,0.00407810771575523,-0.0008779859012371105,0.0057550452335857205,0.004976929014374631,0.005080948810667563,0.00142878430807869,0.0006657024263521105,0.0060852800458766065,-0.002111057411795736
2023-06-16,0.012270923727504046,0.007903557858775168,0.00946572341891505,0.009490087025812999,0.00906509664017352,-0.0020746025826802184,0.013117041907145133,0.006210544469370083,0.010120999365529348
2023-06-19,-0.0006249552226600397,0.0018109009026505696,-0.002862915920192277,-0.0003501367384702858,0.003489915690439327,-0.011271112900869462,-0.006360597226716114,-0.0005428609719572153,-0.004353298154405327
2023-06-20,-0.0035805264782555746,-0.0008705946395123343,-0.0017638258012421248,-0.0016277528317081291,-0.0027764808850399003,-0.0002254961641450226,-0.011353782171124593,-0.0047503898164068525,-0.008860511767155188
2023-06-21,-0.009130897452984454,-0.0012172767306714016,-0.0021053885477037015,-0.00036032414332187734,-0.0022977685129127456,0.003990485969763702,-0.0033370254258068277,-0.005741264927235923,-0.004634980476544093
2023-06-22,0.0014556068872795258,0.004908404676090994,0.0060181118493876085,0.00661763895191525,0.0005237029759928014,-0.002491367069564543,0.0074046336889050934,0.006536053210894233,0.013331200799968634
2023-06-23,-0.005589790931877281,0.0011486654370223004,-0.0028830536590337408,-0.0030685508135464,-0.0019503511677467777,-0.009382613792280448,-0.00019816312103693168,-0.003913758459348271,-0.004115093037991291
2023-06-26,-0.011859921352927794,-0.0014280991340399618,-0.0010047445902656715,-0.004766237771259729,-0.0013748153944909136,-0.003559969525155582,-0.015363302692408265,-0.0055153668874381445,-0.0031089267446523516
2023-06-27,-0.0009010488801396432,0.001117847669571681,0.00018987288699023885,0.0003492116615053664,-0.0013856046020502832,0.0005645730416348194,0.007916768354620629,0.002341939898642842,0.0009663735312845922
2023-06-28,0.0010342964560476897,-0.0036142065514572774,0.0020810773878690014,0.004284243629030016,0.0025744649425731847,-0.002932938513599881,-0.005891480898116974,-0.0009236007159018067,-0.001264488167311173
2023-06-29,-0.012091048939420479,-0.004082520841249604,-0.003245330960474968,-0.00377693292288539,-0.008015412549662981,-0.0035113738415287754,0.0025048659701776277,-0.01349713312610068,-0.00446715826832389
2023-06-30,0.002892812775730391,0.000135853600561342,-0.0027582245911284,-0.004379772168849216,-0.0022074738798919524,-0.0027005885773870864,-0.003280087367729112,-0.0012375643767505995,-0.008038216701469647
2023-07-03,0.005832686237532858,0.0,0.004625720117360288,0.0036322098498982047,0.006232325992891363,0.0026454923019683108,0.004878060901792214,0.010780406652418861,0.006669814520896766
2023-07-04,0.002369299988093987,0.0001509912331503216,-0.0008930716087467427,0.0005129030135702095,-2.5451090048589364e-05,-0.0012864814858043472,0.005696521744485761,0.0038844879035002666,-0.0049258392616156055
2023-07-05,0.0027875527237559705,0.0018527540153521205,-0.0009368400431213342,-0.002579694886849393,0.0019457900524653127,0.0012325926013712074,0.004174477717522329,0.006836421617836708,0.003122037157705204
2023-07-06,-0.00534889375151959,-0.004696716138982482,-0.0020923186082290046,-0.0026056420166346017,-0.00102902790420345,-0.0005743866635035122,-0.0034827811055645475,-0.0034035118526204444,-0.012900643503446774
2023-07-07,-0.0042818910088526785,-0.005948155990477932,0.0036189675496625107,0.0031365420823148416,0.003007316176274033,0.003737343746895494,-0.007376327171514929,-0.0021818383930414242,0.0017449194284748781
2023-07-10,0.00904941528376857,0.00658227748093676,0.007177434696233886,0.007261928113446503,0.0075492593452219925,0.01224960726126545,0.011833514336052176,0.006876151521352458,0.00919973028425658
2023-07-11,-0.0014026966531247576,0.00030139097863890463,0.004259254383345068,0.0033018654170349215,0.0020068541674209683,0.0064545077559172714,0.015001201822399945,9.921461975914703e-05,0.006619011274719977
2023-07-12,0.0022156970552771327,0.0035002075936090282,0.007248859910903738,0.0007378319201123418,0.005445664558627383,0.008414342813440445,0.01295872444885382,-0.0011159336989409185,0.01028094540027169
2023-07-13,0.014787898949728095,0.0034059668306849478,0.014020135628234787,0.011846719009202866,0.004756567271912315,0.013035417290877316,0.023060253666375097,0.0170367126437998,0.027330706321481157
2023-07-14,0.014107871219728674,0.005361304386483745,0.008718199050593789,0.007081930556925409,0.010174661117513084,0.0017382255909434985,0.016484189955322304,0.013748977041584842,0.016234310218057546
2023-07-17,-0.007378008983677131,-0.008506630740727439,-0.003225386614175152,0.00038184037288013783,-0.0029191842955167413,-0.004376990941678427,-0.010673849618769493,-0.004080445519972442,-0.0034965911287825335
2023-07-18,-0.003991574553296018,0.0017800800616132317,0.0018015449058137456,0.0008764642952545643,-0.0014117292645320356,-0.00033876888746486866,-0.0011726404863209305,-0.007010253021726198,-0.0005604781952656124
2023-07-19,0.0006345109360366141,0.0026811270548374733,0.0031481733346057084,-0.0007747078827241571,-0.0028025535329128104,-0.002143388744918817,0.0012258881307574132,-0.003828593159148963,0.0037006578563070214
2023-07-20,-0.006577149192980913,0.00024307355827879462,-0.00034965928887686903,-0.0021066989289000304,-0.007310903912031375,-0.004090419453267491,0.0012263464206325736,-0.005417338170368602,-0.006474037133227695
2023-07-21,0.0012099656159521022,-0.0008501246909868865,-0.009592985992089353,-0.0060807699705690554,-0.0052133254178564625,-0.001901784690522823,-0.003028355263619442,-0.005202350427309765,-0.007325525842360792
2023-07-24,-0.007729303687320277,-0.003765856147450064,2.305083514198003e-05,-0.0010570004201242433,-0.0014652584553108694,-0.01330512583361143,-0.002184174591820409,-0.009838316462258634,-0.003892559338943058
2023-07-25,0.001071869776905654,0.003749664642987538,-0.004195875494678036,-0.005586867539592366,-0.0031776231226940954,0.0016110344756299355,0.0035654717105506606,0.005058229739399511,-0.0016273120008675201
2023-07-26,0.008107831763398243,-0.0009479177674557304,0.006199839814202468,-0.001149188725558692,0.006343778397696065,0.004321878132824253,-0.0008157948033458151,0.0026419365562229125,0.0032682037782447715
2023-07-27,-0.0040662286385787505,-0.0013252899906930349,0.0034705380281760956,0.002525837950030141,0.0025855675295765046,0.0038897317256976205,-0.006001854855005262,-0.0006894733309682488,-0.003141594632252387
2023-07-28,-0.007121256755230454,-0.0016935523700720712,-0.00841338930871638,-0.008991619579415633,-0.010324635564211482,0.010823582776101182,-0.004677891130055789,-0.00399721410650733,-0.008513543596289752
2023-07-31,-0.007606589044025225,-0.0018111248333895213,-0.001115180141269101,0.004145109563362004,0.0047045348958341116,-0.013455698798747417,-0.001766635458446797,-0.004422952729873364,-0.0034158344267405383
2023-08-01,0.008409413281118994,0.0044723362525993515,-0.002099445700382674,-0.0024194883487711483,-0.0015528595467104722,-0.010996131776898399,0.007545830710928625,0.0072722283470798565,0.0005483631857408078
2023-08-02,-0.014770495073543666,-0.005765548036126167,-0.0008368344917925041,0.000935672717465641,-0.0029814385064607096,-0.004525447074940625,-0.004302646480169314,-0.010219506225305208,-0.003252104942246703
2023-08-03,-0.01097202937283337,-0.005613201879167362,-0.005619404654680471,-0.0057894235267614835,-0.005889594465953718,-0.0026090588738124643,-0.012705923491723503,-0.00898579598447391,-0.013381369888606942
2023-08-04,0.00247625672237084,-0.0005393196625322894,0.0035345386077487717,0.0006790391062911905,-0.00031788194659210234,0.0052313980616764955,0.005923722801888687,-0.0006423390031983223,0.0032190052041691786
2023-08-07,0.0019063619709447366,-0.0016749739371740846,8.011835424226454e-05,0.0046651443464760245,0.002485929813496268,0.005088951521332152,0.008877582854366795,0.0029097775896265166,0.006802673317369168
2023-08-08,-0.00017091517049405702,0.00013453303396704364,0.0016615128146917346,4.398837146823986e-05,0.0026713724665818894,-0.004546567495183562,-0.0009855616996775618,0.0010625103756962684,0.0005573265835592256
2023-08-09,-0.006236432139431147,-0.004007385737116564,-0.003312019703025082,-0.004021942081346985,-0.0031598569003856714,-0.005262481353567772,-0.01150816752119077,-0.008170420923039767,-0.012270444661148128
2023-08-10,0.000796206752398998,0.00046204394703353024,-0.001254709409504895,0.0017124995716846225,-0.0016918278064900205,-0.0031240136600485524,0.0067388502837502084,0.0008911156117943353,0.00473945173404422
2023-08-11,-0.0037179944732046444,-0.0019338880024287741,-0.00010265059471070703,0.00036237321552645696,-0.003927797354858931,-0.0077802399034543335,-0.011421401466117476,-0.008039742489903356,-0.003195607899329489
2023-08-14,-0.0026247101108449744,0.0003720910925115728,0.00019391805792579042,-0.003392720966774565,0.0019678323623226746,0.00025551256504541264,-0.011174003663835252,-0.004781683123516234,-0.011713111979981705
2023-08-15,-0.0010784143601626495,-0.0014117728338023383,-0.0015490093047821896,-0.003152985991122126,-0.0007738492478562842,-0.004262980756461143,-0.00438411835126018,-0.0016371750076141778,0.0026982418776571038
2023-08-16,-0.004700098633724892,-0.0023201897154517814,-0.0007284544568075813,-0.0005233900728965901,0.0012701670500847584,-0.001174422057964697,-0.004820833319745144,-0.0029132001626491766,-0.005581764485629304
2023-08-17,-0.006690531645709874,-0.0034351290579754945,-0.001726973021472622,-0.0026861019315007617,0.0021127892121328706,-0.0049543908866729325,-0.008268570322736979,-0.0043771647450391304,-0.005363085162690573
2023-08-18,-0.001217237269091953,-0.0006348934221290792,0.0021634374256416233,-2.170454328709326e-05,0.0017340774647010004,0.0042479653151008545,0.002964040798407286,-0.000912665031131854,-0.0010612880777669531
2023-08-21,0.0012187207413989487,0.0002658563739990072,-0.004567750621299771,8.703930010756089e-05,-0.0006497961510002481,0.0028148505656095946,-0.00549047778304701,0.00015409382120989967,-0.0032426774512990253
2023-08-22,-9.617103614578681e-05,-0.00010342679829700163,0.004334805454172752,0.0020924881975554754,0.001480253186726399,-0.006380105540001235,0.0022914742284603218,0.00048624597690527516,0.0016569089558100547
2023-08-23,0.0021700502767343366,-0.000523989130304936,-0.0015208059024720555,-0.004740106320141768,-0.0022916457643088473,0.0032587563505483974,-0.0006315706325041859,0.001853470953308678,0.0019310183514393842
2023-08-24,0.008181174406385328,0.0019521350518514335,0.002723956942486172,0.0017603294476837839,-0.0008650746633684925,0.007534206843158531,0.0032283831158705922,0.005657682941597741,0.0014416331306759123
2023-08-25,-0.01028160456603755,-0.004644203247853751,-0.008688297812305623,-0.006133924717840578,-0.010036488483861183,-0.00954354631483878,-0.012623985171705043,-0.009157563609988428,-0.008667537458112329
2023-08-28,0.0004298923299068669,-0.0005296631535268714,0.00041823566798426803,-0.00016204929212715324,-0.0002518064986334334,-0.003166596133552413,0.004316739366903466,-0.0014718969184813746,-0.0035254532074909806
2023-08-29,0.0017870114235714052,-0.0005220243254919765,0.0013921918250892062,0.0026089969157068182,0.0017025838539828086,0.0004574594487858352,-0.0022003105953940505,-0.0005729680105970303,0.0071725253174554915
2023-08-30,0.007532246150981692,0.0031123533171617535,0.005165157133535825,0.004032535580629215,0.0020345046236935893,0.0032605276002921624,0.011604604452932543,0.010156590054264392,0.008144706887337039
2023-08-31,0.00033701668085317493,0.0017435788044863898,0.0009680129452129815,0.005827092305068504,0.005935091242299517,-0.000759706995824394,-0.001538252603721424,-0.0024287425843495525,0.0040881214552874745
2023-09-01,0.0014857962023049343,0.001894949137712043,-0.005763132137735383,-0.008089840838697682,-0.0030655250948429247,0.004303147596438128,-0.002702080723326783,0.004028456115270362,-0.01033516725432626
2023-09-04,-0.005478450115899314,-0.006237782132820668,-0.0023608498978839876,-0.006292945547030637,-0.006421662016471652,-0.003998436271148598,-0.0038550565955781657,-0.005752475422288517,-0.008019502811393187
2023-09-05,0.0008117415440047626,-0.0003088341829561303,0.0005877804849738766,0.0017269857930499732,0.002511912459869814,-0.0033163810899772272,0.0023822476350949806,-0.0008727182419978607,0.0033640374623209457
2023-09-06,-0.01280621665518833,-0.0029475212214448154,-0.005194589172340058,-0.006328395394398223,-0.004160732050102589,-0.006292720726104206,-0.007123860385221503,-0.00896168350751081,-0.00840530781358606
2023-09-07,0.0011929537197530315,-7.254469845952016e-06,-0.002210098218340284,-0.00018237880644911275,-0.005711931708693774,-0.001611320856466758,0.0005218058488725141,-0.0022427002840753607,-0.0014125430075643264
2023-09-08,-0.0008775878008011606,-0.0032521523620749893,-0.0014674974161215104,-0.0024603954040158804,-0.001896189423228778,0.0025656922014520855,0.0007193467113055796,0.001875249749032637,-0.0029334804396687897
2023-09-11,0.003229122252605743,0.0041462123340807455,0.000751071964789185,0.0018970398979001324,0.001197725983343556,0.001481766062683798,0.005017533519990236,0.0033000420839979228,0.005035006549612753
2023-09-12,0.0053154204954475315,0.0035570436390794935,0.0008864352335464787,0.0030101195583809304,0.001502286118694851,0.0029657674350989094,0.0007629358351610716,0.0026093521564904965,3.519061785417499e-05
2023-09-13,-0.0005940075847633564,0.002044090457600456,-0.00020193857015327055,0.0002689045736952167,-0.0013615607582312395,-0.003261874793065833,-0.0029800199734149047,-0.0011702710652821136,-0.0010391502655974216
2023-09-14,-0.001020983619569149,-0.00011065507186813761,-0.002026371118732939,-0.001771189028006881,-0.0001749243092111774,-0.001275828934125145,-0.003470041853289918,0.0017642710750616075,-0.002997646768877038
2023-09-15,0.0016788124622517664,0.0027895298206690455,-0.003569828931206942,-0.009041573245960666,-0.00701948127252261,-0.0009221572250738275,-0.0030982287720691115,-0.0024172837905265254,-0.005261095918015046
2023-09-18,0.0012597558103051298,-0.0005250819184213773,-0.0005351844392581517,0.002923086612704795,-0.0003470005407825161,-0.0026104471338791457,-0.0019395579012739805,-0.00010455536418474409,0.002684233689102644
2023-09-19,-0.00013974534326410826,0.0025876555501302967,-0.0004123997059261031,0.0022882530643852927,-0.0011146333902316563,0.0017817858195527947,-0.003983745619079215,0.0027120621664804556,0.0015546618454256311
2023-09-20,0.004099461127732296,0.00329551031281361,-6.68909028639364e-05,-0.0009934598434746533,0.0007932046236898138,-0.0009273508069308489,0.003863532451989782,0.005082510775623383,-0.001259535862914829
2023-09-21,-0.004624291203964792,-0.002522849251331727,-0.0021018723693038144,-0.0027165130783666225,-0.005215130505709653,-0.003903659996297937,-0.001465230557349373,-0.004402424768792046,0.0003640915266400757
2023-09-22,-0.004117620474340389,-5.935035158233237e-05,-0.005826621245696995,0.0007995380695380305,-0.0028153418290255416,0.00458536727533021,0.0014934598134335175,0.0010973751719396407,-0.0017520394213573764
2023-09-25,0.004899046098571169,3.706217431842518e-05,-0.0028993443752070025,-0.0012245689773250357,-0.004260194563365016,-0.005322288117192264,0.0015143503121355373,0.004265817301474906,0.004466597767704528
2023-09-26,-0.002949601913863509,0.0019776632358750046,-0.005460012417852544,-0.005338197611603257,-0.002344971491472392,-0.002533407406813737,-0.005040279606391085,0.0017120662902141426,0.005125812337601676
2023-09-27,-0.004381710974139419,-0.005118480085903765,-0.004018510140294418,-0.0020927596526203462,-0.005429605704253326,-0.0015699522503134222,-0.0017239536603093075,-0.003283135228833056,0.005480132839203122
2023-09-28,-0.007235679287637353,0.0013776040884874163,-0.005495120784816954,-0.006071963299337679,-0.0009465626380095182,-0.003030160446016783,0.006280088897069769,-0.005295032428403235,-0.005330744069627413
2023-09-29,0.012662563939609628,0.0007412695387347679,0.006624693118437719,0.005439666364406293,0.005724050096980848,0.0010780682439415212,0.0029371403937104024,0.008144362936000515,0.012911469027581113
2023-10-02,0.0014355058143502575,-0.0060926830103688046,-0.0007864989895960406,0.0002640956540913564,-0.0009632623160981124,-0.0013574139361481885,0.003909985089046497,0.005279415585713432,0.00014838252998816692
2023-10-03,-0.01157379007619841,-0.007502018738354765,-0.002636461612798069,-0.007996826272971491,-0.008354888801744731,-0.0020754258762422095,-0.015916959090630622,-0.009002002002300502,-0.011781155864095116
2023-10-04,-0.008455210280474468,-0.0023926030782361885,-0.0033334383945236024,-0.0008064248286944187,-0.0010508925192010965,0.004417103974075909,-0.008997451238703769,-0.004784090961526877,-0.0023213305643950966
2023-10-05,0.003201922041309091,-0.0025538032057152993,0.004756679666050978,0.0033202797285585284,0.004879222056369592,0.0015171107475453471,-0.004602462815896158,0.000881951364262834,0.0017646642755975162
2023-10-06,0.006627790385263621,0.0028091250945665447,0.004405018183338383,0.00376515917344844,0.004143853830223643,0.0033880898953415617,0.004680597131358377,0.00806067956960832,0.004741981682941487
2023-10-09,0.0001491273895932732,0.0032647277722461787,0.004280882119892082,0.001976115262350975,0.002725216201920011,-0.004672876163011819,0.006369744859728632,0.0010690337457419652,0.002721883803257885
2023-10-10,0.00767423835235248,0.005934964509330065,0.004265944064751448,0.0010790061501657622,0.002413370429193984,0.005616022948012445,0.010394217858323396,0.009764412078028695,0.0033122869550088474
2023-10-11,0.0019583228861905777,-0.00022826301586265085,0.0003205755256499021,0.0024497971874435365,0.0033432982571000025,-0.0020252584958626585,-0.002826981460377076,0.001788403660969884,0.00627995218967925
2023-10-12,-0.0023901247213736765,-0.0008017437553999862,0.003951216530396984,0.0018379162458757037,0.0020321536697283094,-0.0027375232448320075,-0.0041987999887121985,-0.003708041844729837,-0.0027303962710174545
2023-10-13,-0.01578310331534416,-0.006525941772848598,-0.007523492694882172,-0.008239741642275256,-0.010806558346849182,-0.005033699422717919,-0.010400914279668716,-0.016260670579253622,-0.0074546351274091815
2023-10-16,-0.0006016324848326926,0.0028949817520480536,0.005905845414552191,-0.0014413625107039252,-0.0024186796156061563,0.0014976601101097664,0.004042741395133387,-0.002534018506437863,-0.0024653819501077034
2023-10-17,0.003928166250230403,0.0021962095465151155,0.0022432744790958914,0.0031134862333033198,0.00475041489624628,-8.028364303114266e-05,-0.0006974111208879474,-0.0008615854585203309,0.008019592697886102
2023-10-18,0.003928972099379369,-0.0028273023051580415,0.00039996450646095916,0.001776226820302318,-0.0026793893487462306,-0.001208606845754634,-0.002329448046211935,-0.0011376513720697812,0.0005140091296687022
2023-10-19,-0.004761945801894152,-0.0044334264113542465,0.0017138399959191197,-0.003266877693623771,-0.0029023213382920465,0.00011351718634733388,-0.009533431137326409,-0.006936919884212411,-0.009823708591659375
2023-10-20,-0.000852879869691292,-0.00010942851371575912,0.007602718745590709,0.004552195331632758,-0.0005096864976468218,-0.00040051239511229575,0.005816485989153408,-0.0018639211316788806,0.007442026996675066
2023-10-23,-0.0010441882689159465,0.000897614683368575,-0.0015786022256714105,0.00032824384587826216,0.0022016484469520314,-0.0005204358629892214,-0.006407426801910976,-0.0023433822048011255,-0.0032402655422721915
2023-10-24,0.002580381106502827,0.0010593284916342594,0.002919329137896387,0.007543641543408253,0.0070928915457435515,0.0007411927201816937,-0.0009246499428778865,0.003738872773723978,0.0003107617146780317
2023-10-25,0.0038343663597655286,-0.003864221339100471,-0.002754577319013629,-0.006982386055249035,-0.007211967241367079,-0.0005672635475241217,-0.007448180411158134,-0.0007015725228056713,-0.013042407271669942
2023-10-26,-0.01006129505792075,-0.004441081184159423,-0.004059324135061382,-0.0026523324751750454,-0.004805167856433257,-0.0016256264853030666,-0.003988609179215397,-0.009371809258492014,-0.0019146284254613066
2023-10-27,0.00619341249825367,-0.0008035020296385254,-0.0023697161745147577,-0.0002640885189518771,0.002779441743905764,-0.0017822520855150792,0.0017070711308921904,0.006335965575386293,-0.00015440652602061178
2023-10-30,0.00045832363989495306,-0.0035633631578690927,-0.003956139331138808,-0.0001901352849225102,-0.0019260729778345365,0.0042274955971319805,0.0005583055567146555,-0.0035140663376782566,-0.0013022837877678661
2023-10-31,0.005063604175491676,0.0025165793554804416,0.0003769644024684826,0.0049784288024075085,0.004294545179717391,0.004171451528814929,0.0035161717526981384,0.0054898437172905545,0.0013417783081970391
2023-11-01,-0.004874089300860307,-0.003459119064620264,-0.008507387130336497,-0.003385352882468773,-0.0011180390555243225,-0.014428951739161033,-0.0023184044647868163,-0.005633163448488854,-0.0023603313361761913
2023-11-02,0.01303660131161366,0.0030503735587417147,0.004693269253047472,0.0007517134694974281,0.0024730335361395905,0.004775091575532242,0.0024029313364510863,0.012465198826751678,0.001231849288951592
2023-11-03,0.0008253108441929058,0.006357800100746935,-0.0006069661984889896,0.0030264395151797796,0.0007924324171988406,0.000518302243813773,-0.0014659822679768952,0.002723764242385629,0.0035104138272974428
2023-11-06,0.013840491302714586,0.006324708696188841,0.007662280329625126,0.010646343526522717,0.01492275648252428,0.007012351073951262,0.011801111060257607,0.017011025396890256,0.02183806377408981
2023-11-07,-0.004211557045941228,-0.0026793435199329307,1.1069812535069445e-05,-0.0009864732863564818,-0.0022839366717452014,-0.0036002192950652656,-0.002919085399250676,-0.005520591829392907,-0.0034876352758231866
2023-11-08,-0.009141084510324249,-0.0051712337514194795,-0.0008555538578703947,-0.0023744990630868434,-0.004351219146677687,-0.0027061736431429617,-0.011696894122710577,-0.004527973347340675,-0.00030673391871893774
2023-11-09,-0.0037947088204988155,-0.0017907493793521967,0.0009899192253226552,0.0013388626477162102,-0.0005528984447463747,-0.0031021471276004853,0.0010272980320717995,-0.0040402829372877536,0.0029143182890007946
2023-11-10,-0.0068688140174090195,-0.0009994689242094346,-0.004506497773974827,-0.004000421167261292,-0.005534274941863093,-0.003204518123552158,-0.003776454181851574,-0.0038427341272597726,-0.002910465202805246
2023-11-13,0.00045581627184443363,0.0005870229822737549,0.0012971897372271446,0.0021166411059054813,0.0009171203805635741,-0.0007922091109724416,0.010818533096602412,0.0008339571143627378,0.0035097418672283
2023-11-14,0.002577255625455077,-0.00018838203669746534,0.0008654975417052846,0.0010916021349414162,0.004285917197881295,-0.001167204922538967,0.0020652445378368522,-0.001917716570308925,0.004338144084515827
2023-11-15,0.018623339587101828,0.0074528210764286396,0.013609246543269116,0.01649151831354989,0.017417340460281094,0.007715024611680166,0.018587687998846247,0.02066742452795789,0.023398910603843026
2023-11-16,0.0017946031322748635,0.0011693198081834666,0.002277135523428786,-0.002181714495114284,-0.00577635673255672,-0.004827535265803373,0.006605387479979852,0.0040634850675485,0.0048913639765750805
2023-11-17,-0.006248256211183523,-0.00499562330347747,-0.0015757179502441376,-7.599816506165258e-05,-0.000595933202125698,0.0033840582637596484,-0.01219083203028215,-0.010546723612923636,-0.004429349988585907
2023-11-20,0.006611319639628022,0.0024127738418366906,0.002878337913587936,0.00490807531990578,0.0031883673609891527,0.005088637482820735,0.010886765732971648,0.005180792160607073,0.005357614177299963
2023-11-21,0.0077382848449072394,-0.00037167940197735394,0.0017752796554100225,0.0035684002956233307,0.0043782195113033495,0.010649639639896513,0.011316626931983986,0.007269503334601746,0.008413873471007749
2023-11-22,-0.0007471464191772803,0.0016860357469505871,0.0013360731933520498,-0.002532964312081498,0.0028098700055121384,0.001417508532298939,0.003700425640686733,0.0023816988734841615,-0.0005803177054525266
2023-11-23,-0.0024862011248472093,0.0006207501900994394,-0.0009614631284284858,-0.002504894436201721,-0.004321546637589657,-0.008751598135017913,-0.008796248325081968,-0.0054317921300841565,-0.003103235352031497
2023-11-24,0.0026457185856219034,-0.00018253513888466522,-0.0004974747529205015,0.0014178090521081987,0.003484268678671354,-0.0011694309445829942,-0.002050665959591136,0.004567383005355863,-0.0008230826240689382
2023-11-27,0.0032314127665744596,0.004732076670364238,0.0025162651936105895,0.003128907582130358,0.005329999836406696,0.0004278594225819443,0.006383720314840469,0.0047446814485911926,0.00365473732796473
2023-11-28,0.004741075716742538,0.0017270321933415822,0.002556836077066027,0.0016438017038613584,0.00270370938369191,0.007537812405236322,0.006912386997499853,0.004360087501857235,0.0028232664842584576
2023-11-29,0.0070319497065785,0.00324413101015697,0.0035351555583318373,0.004336426548682049,0.0061654945355007484,0.009444879243152293,0.0023355579868618026,0.006883633836848091,0.010414430238089967
2023-11-30,-0.006005398521367944,-0.00200144101647981,0.004099337982475859,-0.002930098224145139,-0.0012505807004339342,0.00016323611392388138,-0.004385983367643065,0.0016066829943752747,-0.0038359942669716762
2023-12-01,-0.0018446884858299706,0.0024859268576478133,-0.0015320600012540542,-0.007439218033148731,-0.0050968451276042215,-0.006486472888348693,-0.01414979183565035,0.0002893141695294865,-0.010456211877254873
2023-12-04,0.011516034604038383,0.005026362020025932,0.007846989036550456,-0.00035931137422406945,0.006445502389247126,0.010970384443963255,0.01237891204823205,0.009372887700260346,0.009112942406218627
2023-12-05,-0.00984363297992985,-0.0037151317879473567,-0.0053409247487872236,-0.004627728334785308,-0.006215936126169552,-0.006339574584602881,-0.015187811173255739,-0.008106972099576004,-0.00592738699392148
2023-12-06,-0.00943021813330125,-0.003826082319229984,-0.0027727384513512865,-0.004069243241751064,-0.0031360885219179346,0.0009647606302949363,-0.008045413245925892,-0.0050298970700812795,-0.005104138512821654
2023-12-07,-0.0005032299377982774,-5.885124475202286e-05,0.0003384211447388097,-0.0024977977499496262,-0.0028382402758846403,6.7386485598230905e-06,-0.004183635976904632,0.001062274119778328,0.0009063849449930661
2023-12-08,0.006575397352864165,-0.0005000292794142824,-0.0009138416576990327,0.00236343746955181,0.0024550520165569356,0.020141711569569898,0.009637783185245885,0.003432031707053529,0.008341972852194068
2023-12-11,-0.0022260184206006617,0.0013106104674507346,-0.004752068005752896,-0.002443802160275177,-0.0027620817403860576,-0.004862651640144766,-0.0027833951627355136,-0.005983795953689808,-0.007380859651349048
2023-12-12,-0.0022491020984372057,0.0002062325966556422,0.0017310530568237503,7.529635204672758e-05,-1.2628534506009537e-05,-0.007543587324073564,-0.005243518013176907,-0.0002939012283611486,-0.0024165377728287973
2023-12-13,-6.101190422147518e-05,-0.0005152719516205995,0.00339375892446947,0.0029805145498138508,0.0012822397264147245,0.005541078891337259,-4.0132239647605594e-05,0.002381299816666571,0.005572428168289401
2023-12-14,0.015294129824547475,0.005692845448441508,0.004776268897239255,0.008099171382360826,0.004152933558753125,0.01755936957312665,0.016940473650522758,0.008685634062649106,0.011931097387398282
2023-12-15,0.005653721623517738,0.007540852098770978,0.004428435553494703,0.00987237334246771,0.011762446017605788,0.0034719671416787445,0.026049390061400057,0.0036341618142656795,0.006293602551749711
2023-12-18,-0.0005627272351356183,0.0018981229900314478,-0.003999535547524857,-0.008945032271384545,-0.00775550664493696,-0.00023888598501142777,0.0031818911229721802,-0.0005457500994082709,-0.0023478819449541666
2023-12-19,0.0007173295410309866,-0.0012091052772209565,0.004038716244473717,0.0026216654758792757,-0.0016194226106954757,-0.0028656870116920974,0.006966102223698867,0.0006275377943227856,0.004806366940186324
2023-12-20,0.008843271462738,0.004769640941723052,0.00791585428808772,0.0052379143458374244,0.006391807420949025,-0.00811046977117802,0.013056533132892456,0.009110953499048557,0.00586843989739072
2023-12-21,-0.0034277745006821014,-0.0017965904760713913,-0.002504478676028765,-0.0032180185590531263,-0.00718016386925735,0.002550201612324887,-0.008068523436422281,-0.00262043327690753,-0.0003779087995109398
2023-12-22,0.008455157693064264,0.005593204839876131,0.0072290303927506905,0.005525202446632349,0.0034591748620342866,0.01022726540430785,0.007076955706509569,0.006508680671214018,0.0068278229200346985
2023-12-25,0.0017634611790802168,0.0020442223942749305,0.0014034176387700548,0.0018524459586828357,-0.0006300192323144271,-0.0019108058347873103,0.009437757704852112,0.0039091953869525575,0.010847888530353567
2023-12-26,-0.00040837757934431007,0.0005131847268886602,-0.0007829665593666046,-0.0005730958886397408,0.0021979001604346404,0.0007874535265639526,0.00027528589039782503,-0.0021043149775632486,-0.00028040677701979266
2023-12-27,0.002614246403692455,0.004153064034339016,0.0025305334321741313,0.002065020563667419,0.0017563968820788478,-0.0016215161341908146,0.0034183079164122887,0.0035698504165755374,5.9026436298070806e-05
2023-12-28,0.004528215988941042,-0.0005150506020963341,0.013355833645627868,0.0059431859276410925,0.005785975390613984,0.0075106361740546745,0.003783781792914054,0.003314439024767024,0.005725300647446252
2023-12-29,-0.0041428560124497915,-0.002086270666609158,-0.0012213382873826895,-0.003641424869924248,-0.0052210324614042625,-0.00021912325666584298,-0.008053789982997994,-0.002299516534533974,-0.0043195670466855685
2024-01-01,-0.0008512451501335727,-0.0007251136023315174,0.0030936660240139524,-0.0011166791890978578,-0.000313142374838038,0.0033912029644553865,0.0017140577130543289,-0.0023976828389588034,-0.009876287638603265
2024-01-02,-0.0014643159077176726,-0.00021146549912032242,-0.001343403728396808,-0.0015454528986756921,-9.411260568603641e-05,-0.0012330202920646238,0.002436343700931154,-0.0006985016545322242,0.0015963339143563182
2024-01-03,-0.006578955429353606,-0.0060051162814006576,-0.009681022043103171,-0.008786204622023064,-0.008306102105211322,-0.007238519278647493,-0.0198586179402086,-0.010337518872774454,-0.014741901313517936
2024-01-04,-0.0043891449514658065,-0.0019253608734304262,0.0014371396399384118,-0.0012785158887330672,0.00405590630731778,-0.005902098493076324,0.0012439307028582203,0.00020627975463871628,-0.007254208172730037
2024-01-05,-0.004366020870289478,-0.0005466399761634433,-0.001294121986441743,0.0017953771819319009,0.0007737056701733191,-0.012199126012316541,0.003825483733911339,-0.003197868634237655,0.0070782376076894415
2024-01-08,0.0014642106913420605,-0.0003593285739920127,-0.0008580608217779728,-0.00047052628163146704,0.002657944755801056,0.000338566368075055,-0.0008349742549605965,0.0028069563926482743,-0.005078307027726159
2024-01-09,0.0005342434522563888,0.0008090764445967125,0.0033376914998739515,0.0008651256948868369,0.0021540134623030394,0.0033696713917141796,-0.005697454111590283,0.00048141267291446077,0.0036156482674678525
2024-01-10,-0.005252835854600568,-0.003002401689863765,-0.005244260368733711,-0.0017601046005017995,-0.0025298750766618028,-0.001370911841263367,-1.7307396297461253e-05,-0.002158497807561166,-0.0023685800581735306
2024-01-11,0.002886741044571428,0.0007998076042137203,0.0021987491504322776,0.003907190486658552,0.0025362915775108963,-0.008961531377978504,0.0013755259628329686,-0.0013954529159567741,0.003002169851866743
2024-01-12,-0.0008205419826939897,-0.00010468756153181324,-0.0005993313011961598,0.0005929431617435199,0.002555503062871667,0.004743241842963375,0.005362557945701285,0.0020413277250959094,-0.002446054246400542
2024-01-15,-0.0014033367398648133,-0.0021999143005986266,-0.002707047767955162,-0.0032727697071505135,-0.0032222946704930644,-0.0007095937602084046,0.00025957586971570024,-0.0014922371774832577,-0.0033536114805735595
2024-01-16,-0.005785281708690193,-0.0019649063781467246,-0.0031075218434196694,0.0,-0.0016023631112049852,-0.004424079484604437,-0.006084020648573718,-0.006788695064604999,-0.004372769295808321
2024-01-17,-0.00924748593302871,-0.0040177684586176765,-0.006176724278723622,-0.006113749991015105,-0.0061043770096841365,-0.00986102052308746,-0.010617339031286033,-0.008044580491875508,-0.01075077443529826
2024-01-18,-0.005600696197149757,-0.0009480028639609062,-0.0034963995725234565,0.0006421361876616238,0.0030298102694741313,-0.005887157812234145,-0.004003572370927966,-0.004475043129495981,-0.0007432597158801846
2024-01-19,0.004708150010170664,0.0012308799266687043,-0.004329109254992858,-0.0006091998707791202,0.002605484654751411,-6.757510545130074e-05,-0.0020190842516869534,0.0011200604801460123,-0.0039049594841574775
2024-01-22,0.0019192005347250518,0.004065058328821092,-0.00046058257965642113,0.0012090614520767762,-0.0007873895368452066,4.728420734556593e-05,0.004215528278691538,-0.00031817057858063436,0.002478138764459903
2024-01-23,-0.0037722163671227715,-0.003435230701493319,-0.00073634834042835,-0.0011097587522371777,0.0005590693991353035,-0.00014172951622348773,-0.0036762735972952765,-0.007258293139376204,-0.0009459760297449993
2024-01-24,0.0023895924729742113,0.0016275221787660499,-0.0005519735573618068,-0.00205215722482599,-0.0011802756897354438,-0.0007352988098390245,0.002017585855732751,0.004858343297869938,-0.0009889196933123845
2024-01-25,-0.001458011820655969,-0.005131091965328793,0.007624383135578006,0.002198116850315124,0.0021113400063286214,0.004471842096229972,0.003108460587997852,0.0008490389424102851,0.003926244366305509
2024-01-26,0.001396155908335972,0.003539209656114428,-0.0044757455719883765,-0.003188993491867853,-0.0008260169953488994,-0.0008935898793200892,0.0030747824420951364,4.8885169322776534e-05,-0.00018494527209855782
2024-01-29,-0.0011052310862442738,0.0017615578476510851,0.003193987969123402,-0.0003253046819037264,-0.0008380502190383776,-0.0028148520940940447,0.0008096157837933493,-0.0026169361951907666,0.000911026771345913
2024-01-30,0.005410498320159718,0.0031763603061891743,0.003273992578276541,-0.0008343042513787591,0.0012330628712788894,0.004556900885238191,0.0007804928246843978,0.006880230228619277,-0.00124038629825729
2024-01-31,-0.0029321126305412726,0.0007237932280101944,-0.0006265037143805552,0.0008241081449942289,-0.0013963878263711926,0.0006717764334607246,-0.0019814019590708165,-0.0004905505144611189,0.0033541078564349736
2024-02-01,-0.005048426281425544,-0.0025156794091201196,-0.0005566206126988993,-0.0036408998446917362,-0.0013439730653261872,0.0025374914491373968,-0.007292194365996152,-0.003245404676310515,0.0004797549288584335
2024-02-02,0.0020408083548690836,0.00392287017277182,0.005503571052278167,0.006546518613900432,0.005430421682045772,0.003721368607614961,0.00813205513849824,0.005531065579541972,0.0023999357320929615
2024-02-05,-0.010618856263919452,-0.006466193001325005,-0.010796114347580987,-0.008699545159365218,-0.009832595622137341,-0.013804640736549634,-0.017741530420211205,-0.013214496103987283,-0.012235363717506553
2024-02-06,-0.003810435201069051,-0.005382858720225703,-0.004272407807215939,-0.0035447479784265212,-0.006931576840229714,-0.0009350935827664442,-0.006650018719126627,-0.0018825409998637355,-0.009170699532680238
2024-02-07,0.00762021933516599,0.003980948500946768,0.001380126899285461,0.001430711534839757,0.005748632268710141,0.005560934822562924,0.009489816101486692,0.007716294949520419,0.00966891777005574
2024-02-08,-0.001193612838585878,0.001879069154667512,-0.005046318737490063,0.0017241086979722375,0.0016541656264892346,-0.0018097954819912276,0.0006048279710089144,0.0016068394843182787,0.003113560072083521
2024-02-09,-0.0037230279933101462,0.00029722614321814333,0.0005266800140493189,0.00014005430257091334,-0.0005427367166156438,-0.007858850248788851,-0.0029341226912943386,-0.00027492151858921066,-0.0002569600559647611
2024-02-12,0.004306788183976229,0.00016343023136822232,-0.000812220343269443,0.0019436726497761292,0.0013269274073983706,0.0006167264519951754,0.007635428438661274,0.006516592533896359,0.002578784053730354
2024-02-13,0.000508032800541347,0.00018578691967929828,-0.0018725985106596843,-0.0024021357911608865,-0.0007702167511625113,-0.0015929275121485675,0.003302600573108272,-0.0032232393570080786,0.004394521038483257
2024-02-14,-0.011563882584053498,-0.008145472976808343,-0.013082984999800984,-0.005879202295596575,-0.0029210553220991864,-0.008751096392657587,-0.016056660576438064,-0.011437213796089862,-0.017287277074259033
2024-02-15,0.00703490816991259,0.0020016579958677116,0.0026098497230280238,0.0021679108452643536,-0.0017721402733718028,0.0011956150241365648,0.008675151605751052,0.005414564992884285,0.007057940341741009
2024-02-16,0.004108528397327227,0.005451103057568352,0.006024079652615866,0.0038892439644742094,0.002456870321105198,0.003988150437865379,0.0051352864550060495,0.0033795057875247725,0.005686071521166403
2024-02-19,0.0019025444899831712,-0.000927472302754806,-0.0009651532959208398,0.0010246971826746165,0.000945880264256127,-0.0009661090215918877,0.0026735992636084394,0.004123714960004854,0.0028155655780519595
2024-02-20,-0.0010906390025015034,-0.001496519058693524,-0.002375551121175601,-0.0008837131826242572,-0.0018630326454665003,-0.0011911948452943966,0.0005872589092603686,0.0010073654920350616,0.0025552149927965395
2024-02-21,0.0034785589562533747,-0.0017675230662242969,0.0010625701747504213,0.003503573049315589,0.003156844326207997,0.002207623909546541,0.00043779448000580423,0.004169698207042494,0.003226699908160935
2024-02-22,-4.5930177035802267e-05,0.0018448867807607794,0.002911594566116893,0.0006708392833343346,0.0008467221449512952,-0.0027667877891149883,0.0009394155283981576,0.001965306513119325,4.880173778865071e-06
2024-02-23,0.0009006366396848708,0.001157129646446764,-0.0007954962880111216,0.00048717545323162526,0.0020262070321201975,-0.0008506341579506138,-0.002067384148485729,0.0024223513289949317,0.003999628362934438
2024-02-26,0.0009578941849071043,-0.0019101268672674365,-0.00147521914555937,-0.0005194228009101076,0.0007096823204382208,-9.966504231928575e-05,-0.003362216886262148,-0.0013549204692567818,-8.143920170755603e-05
2024-02-27,-0.003927684058158354,0.0004370586535360488,0.0015343166688703835,0.00285384801240407,0.0009386110024622862,-0.00045158380148002664,0.0031862513097020706,-0.003200709834453863,0.004075002167258424
2024-02-28,0.0006576054139655341,-0.002246632144071392,0.0012517111410161874,-0.0005639159695994822,-0.00022827703001149224,0.000471770808404548,-0.0025652953378708654,0.0005183314193504263,-0.002774815644003392
2024-02-29,-0.0075181895355065365,-0.0033732430184535422,0.00010242630274892583,-0.0005528021705811792,-0.0014688642791402806,-0.0010687309893140373,-0.006157359218069702,-0.011861254199057703,-0.002728476063181162
2024-03-01,0.0005698265071469866,0.0002799820312662238,-0.006433783513290936,-0.0031226566602047257,-0.0029669970181289695,0.003737663707044314,-0.0026256141349537687,-0.0018538039542930207,-0.00355888906885915
2024-03-04,0.004536846017448415,0.0015717006622728569,0.0012000011336046335,0.003491335816306229,0.002759888388338405,-6.658343906207342e-05,0.010031409955481685,0.002960351504768699,0.006011708999233978
2024-03-05,-0.0031040074886976576,-0.0014441785296976928,-0.0021012454757842747,0.0011506775155347704,0.002500414774132098,-0.0023992641675073534,-0.005170533105301356,-0.0011827547483033163,-0.005577730521213242
2024-03-06,-0.0005717176883334174,-0.0013244599748879482,0.0018334441557763537,7.599404215485883e-05,0.0010163623919428044,0.0027791418635572107,-0.00016647546801185076,-0.0014427493364546073,-0.0012835159680892883
2024-03-07,0.009593983870941125,0.005720549851728318,0.001677863006212199,0.004011016541833223,0.002407011550615401,0.005225457355298335,0.008612423644530853,0.006587471194132721,0.009963640919858907
2024-03-08,0.00837658618892645,0.00451235360815927,0.005700598887035779,0.004642906047294559,0.006292457166894971,0.009474673441278503,0.007987610685874502,0.008304223564580271,0.005522101846106908
2024-03-11,0.0004550487046144358,-0.0024101768641762167,-0.00046725432892891217,-0.0006565677953876969,0.003085254431634654,0.007453596176154154,-0.002573123622202411,9.887820982790174e-05,0.000922709661437926
2024-03-12,-0.0013297034773842586,0.0005193819142939038,0.0002963755552540803,-0.0010603929401840073,-0.002747304973200637,0.0002862868891950754,-0.001721140682493405,-0.0013945754314546033,-0.002456347670710013
2024-03-13,-0.0012408349669672525,-0.0011562146026891096,-0.00015957704813318596,-0.0003278122880970846,-0.0018643238308827526,-0.006008770193451585,-0.0065417054822379805,-0.00343142060813173,0.000284376463359548
2024-03-14,0.0030725635590354017,0.0019902001982765594,-0.0011270447237049508,0.0025197242768419947,0.00048639908537229104,-1.354076545112548e-05,0.0039174423752808,0.002502973152937793,0.0015681569478838142
2024-03-15,-0.007287891125187573,-0.0052741900800670205,-0.006660874738441569,-0.006562695389562556,-0.004397252869276613,-0.004551727813738471,-0.009155490428342516,-0.006522865269143252,-0.01259711046559997
2024-03-18,-0.003240283994807136,-0.0006200667905040813,0.000769620984094832,-7.623501546549782e-05,-0.0011330920684303747,-0.0044241319454232375,-0.005415657844331845,-0.006172239384091838,-0.001591310053755457
2024-03-19,-7.216565963452659e-05,0.0008348737115890792,-0.004416872672548644,-0.0007937371227215717,-0.0003309029972002886,-0.001267200590604256,-0.0017262834315056041,-0.0007056222504258081,-0.005609859442363918
2024-03-20,-0.004743371210313652,-0.002821813074403434,-0.001159236311405576,-0.0009777760139780822,-0.0006106029101939914,-0.012520319289419213,0.00023495233811154925,-0.005540880369409029,-0.0006961260020977855
2024-03-21,0.010939876253529324,0.0075119575182800435,0.0033764409980330257,0.006803066718666706,0.006207230978909184,0.0018241520648381027,0.008750862783726054,0.006716846765318918,0.006271203051904317
2024-03-22,-0.0035783750870653774,-0.004073314550548379,-0.013512568680164816,-0.006843421167792352,-0.010661375828936448,-0.0057573293671909775,-0.010745780900035529,-0.007098393430819638,-0.009522268682564228
2024-03-25,-0.00888096278579753,-0.006208008755180461,6.680139831383158e-05,-0.005047075233675313,-0.005051789361340986,0.002167826215693225,-0.008334428894863244,-0.009290866583676394,-0.00949335318115907
2024-03-26,0.003544003104364535,0.001980240071859374,-0.002056710527518879,0.002839613982804634,0.0031721459037605815,-0.0004492770993336226,0.0034984774946413832,0.0019025049781549175,-0.0009079640516238552
2024-03-27,1.3126173151745135e-05,0.0002649972977999404,-0.0046257004362126874,-0.0005415890093947162,-0.000744992570826164,-0.0010360831645861435,-0.0038624582835081744,0.0009973157289859813,-0.0011035636058264187
2024-03-28,-0.0025971251141232443,-0.00036799922925478956,-0.002043080038934053,-0.0017517638968261862,-0.0009336813438365343,0.001606193603580497,-0.0040100971356027415,-0.00251094595037038,-0.005038461941876626
2024-03-29,-0.0008002120251140443,0.0036938498364571526,0.004916372778840827,-0.0017487746285576034,0.0007575829871313555,-0.0010103002870018862,-0.003938879193834288,-0.002971822885801334,-0.004642796210593603
2024-04-01,0.0024890829374799583,0.0010427583833261256,-0.0010310546143081911,-0.00016178799477861716,0.0008719110297641386,0.0002774636895999105,-0.00040574026625761483,0.001989947210083498,0.0009515754048035063
2024-04-02,-0.006903115699036455,-0.003816204267442669,-0.003391999304556248,-0.005143150317636236,-0.007263809000584098,-0.001207266510254934,-0.010758918761676672,-0.005708379601369273,-0.011506469166374433
2024-04-03,0.004083824043886075,0.0006929699364417452,-0.003029212329945352,0.0029182757337018472,0.002502872269229961,0.00027055805746001305,0.012134000700142922,0.0028534530176096418,0.005857266905979985
2024-04-04,0.008381378285328589,0.002994732465336325,0.005460199613400718,0.006481340849805228,0.005958911491093621,-0.00027048487559744316,0.011488987204713696,0.007590519534062645,0.009286512700219518
2024-04-05,0.002847213457350506,-0.001528258793604964,0.001530794267544433,-0.00011922747634585118,-0.0009189571734674606,0.0019101220939103936,-0.001960939772075343,0.002176094924869698,-0.0003982483166498074
2024-04-08,-0.0026543724264476154,-0.004381023183951505,-0.0018379589403272334,-0.0006065486129902542,-0.0011779280613208876,-0.0026237391305462543,-0.001987734380211159,-0.0038669150737207225,-0.0004273630570974518
2024-04-09,0.005293934233651321,0.002453792213149786,-0.0020331216392902585,0.0030636417249643166,0.0026457684228893275,-0.0010076188931464891,0.007164783589942214,0.004978327583305964,0.009008209580281257
2024-04-10,0.0035582313631878915,-0.00015475452086088914,0.0022480623276386336,-0.0004018391107306618,0.001495918360620463,0.0004349112488541973,0.0008926976207905835,0.005558268576422609,0.0008060557367688403
2024-04-11,-0.01829961896550758,-0.008336375912251226,-0.011018085659678545,-0.010827671256997462,-0.011045644573747682,-0.0077600721980420895,-0.015842677861384047,-0.015378739776320649,-0.016388414542426122
2024-04-12,0.005133700067196267,7.316178404659368e-06,0.003528140680670422,-0.0013837832894822988,0.001368505564919964,-0.001488307641214992,0.0015175713217976394,0.004453033841301357,-5.31915792569837e-05
2024-04-15,-0.009907942155690685,-0.005167902010969949,-0.004311857193074364,-0.007199109613056143,-0.007402410151063132,-0.0005936954205140177,-0.004191157212982466,-0.00926923182356143,-0.012428467835836843
2024-04-16,-0.005142391409896141,-0.0020527831597763058,0.0023804588825371287,-0.002242108544694643,-0.0011575755865481652,-0.005985428125980796,-0.006010257534108998,-0.007195561560767949,-0.0018755387866778994
2024-04-17,-0.00461016447360818,-0.0023518704629466036,-0.0010519773202416483,-0.00040354405243714364,-0.0013177043768203278,-0.0031804186268946655,-0.003390543759890563,-0.0018147555825545059,-0.005523341513058
2024-04-18,0.004212235550212107,0.0034128180240970973,0.0023725975232253838,0.00451316778317401,0.0018307643400365947,0.002306584200012951,-0.0031545019516721062,0.003547796776826928,-0.00030979358281080227
2024-04-19,-0.0023469546234460292,0.00018155017355936387,-0.0018638785730357155,-0.002363091527059713,-0.0012934843537498741,-0.0017334284330681182,-0.004500104918466863,-0.00160568753495971,-0.0027600190752593567
2024-04-22,0.0002011344987691288,0.0022053587519215156,0.0012261381509617308,0.0013216500410457854,-0.004975145836046968,-0.00019399107226736323,0.003635704882079205,-0.0005427873097619829,0.004410922673871109
2024-04-23,0.004181513353322064,0.002810191274337459,-0.0009945764340422159,-0.00039414857141839565,-0.0020625041239005215,-0.0011175039979397505,0.003016353608224831,0.0035426610375777212,0.0038056211220292013
2024-04-24,0.005585018288200683,0.0029207610698764874,0.0005375797336364396,0.004720570617393394,0.008343803748654732,0.00044589930898775165,0.006970984304418781,0.0026518691882777556,0.0068480887342172725
2024-04-25,0.0012479596420176264,-0.003181477665633703,-0.0033243910720264225,-0.0004172858578515015,0.0004982489016027714,-0.003317033993140095,-0.007855217692376293,-0.00016615683458276465,-0.006636269460573496
2024-04-26,0.004032694577949192,0.0033826006285502253,0.0021040468544297752,0.002779056228315868,0.0039779785110514165,-0.0021722619090217554,0.003141721843236578,0.0037896078790105037,-0.0001581087251646407
2024-04-29,0.0027899017490042866,0.00015381393524571685,-0.0012783495174323312,-0.002120068399481645,0.00011254727748033488,-0.016603036944971117,-0.005411552807270681,-0.001796218977059505,-0.0038960244173099623
2024-04-30,0.0031339507442882386,-0.0007902684287152129,0.0032589745660580594,0.0008251340439218158,0.003943761661411083,0.012219018890119449,0.0025584589112861433,0.004018901252460516,-0.0004209673505078948
2024-05-01,-0.012785583484118512,-0.008006067326383093,-0.009537884269401165,-0.004586615036051955,-0.005545591246416959,-0.008927129757759222,-0.01148898647873553,-0.015421959393737805,-0.008025857952658755
2024-05-02,0.008320265491798429,0.003934957578328957,0.003415643454488526,0.005157048926138108,0.0039373862623262035,0.01296052406569892,0.008851393672305141,0.008604555892205212,0.009788148819861009
2024-05-03,0.00604706210858752,0.004156301282645547,0.007243598546274654,0.0010733945474359352,0.00010029696457647397,0.017373952849450536,0.003947434740972033,0.005695507218262508,0.005133446591842228
2024-05-06,0.005734070399052049,-0.001847933303747329,0.00422767034816629,0.00233441227800002,3.7643236793671875e-05,-0.003392652756579184,0.010249707847901135,0.00732929664837223,0.003263665281661554
2024-05-07,0.0022454509281761847,0.001506891099061436,-0.0008382252265364265,0.0008721746157627219,0.0014945513465791649,-0.004350481733605416,0.003026743602710935,0.0003184817646866289,0.0009835478309363488
2024-05-08,-0.005241654574324683,-0.004536449448158231,-0.0019592875234591967,-0.0015803038824503401,-0.0046504644057761,-0.0033021530700645396,-0.00817636000753219,-0.0020480486556612165,-0.005188382005849146
2024-05-09,-0.0018817092201128816,0.00043707409591320356,0.0005396643092376863,-0.00033310542298736756,-0.0006496652026234395,-0.004317395052197526,0.001611716330927715,0.001167802715086541,-0.004009640131650838
2024-05-10,0.006720294042771746,0.0036117161142328325,0.002362406112895954,0.003559004264149568,0.002592812090922214,0.0001930559938980725,0.006181020465591214,0.005329988014947551,0.006269017482976258
2024-05-13,-0.003019212935893356,5.8484634360755905e-05,-0.0006619012320530082,-0.0013678194040684932,-0.00022536712571263884,-0.002753119758463818,-0.0013540224637282883,-0.002931054504204167,-0.0004149705620642985
2024-05-14,0.0017987016299829683,0.0008268766759540469,-0.0015970946493422122,0.002148010508616016,0.003115298604503103,-0.00265634366863321,0.0037886682124044224,0.0008131805162701067,0.00087863763727003
2024-05-15,0.0019878183706902863,0.0009448345334621688,0.0013234373979005287,0.001946593428366894,0.001862652972795198,-0.0016933084626579165,0.0007713161178399819,0.0032996556364788265,0.003761973439228905
2024-05-16,0.011324746017880027,0.004103896286074216,0.006851559127494022,0.006958517197712899,0.008324582662627478,0.014363331116283184,0.014264256666342012,0.014449826880410077,0.013877787120977647
2024-05-17,-0.0026732436013912064,-0.0012927342625538296,-0.006026582912225575,-0.002021339610122852,-0.001420456280129323,-0.007060157019824875,-0.0037684580701936587,-0.0010447767433824362,-0.005321310410664304
2024-05-20,0.002626629569868033,0.0004923288679747895,-0.0029822656665697833,0.0007068450993499287,0.0027204011269936768,-0.0024076428553387874,0.0020164122042205523,0.0020410318349772805,0.00038690618902004204
2024-05-21,-0.004270089474937455,-0.0009617435415320008,-0.0015602569341843786,-0.001346704651206121,0.00034318519391396407,-0.003939357509040953,-0.0023801498747000327,-0.004660403066297003,0.0020481669785241685
2024-05-22,-0.0007487103484348223,-0.0014149237134135628,-0.0011413822500144777,-0.0005210343327269884,3.8170709541818226e-05,0.0007615185292773052,0.002691336506046138,-0.0023401362296727735,-0.000847734331838379
2024-05-23,-0.007186424894868648,-0.003557555778393673,-0.004196753168963729,-0.0027604945630765876,0.0007632912699417904,-0.002890721909282856,-0.0038011590924863503,0.0010309366078644633,-0.004360034703297044
2024-05-24,-0.002673624399490371,-0.003138640128063308,0.0007327942950388078,-0.0011568313063549107,-0.002119917100015023,-0.0017137497456823914,0.0034298805017369816,-0.0004572878938990943,-2.6031236773027544e-05
2024-05-27,0.0034113258872612295,0.004836760215047864,-7.652652491507705e-05,0.0032325156678336686,0.003311342858886901,0.000656671690997479,0.007460687693152668,0.004003588419575266,0.0069586260419531865
2024-05-28,0.004772055244730122,0.0027221797030461126,0.0013140173908232633,0.0013143355434903636,0.0028483281855136156,0.00015935411579182102,0.010690138365562873,0.004995750948734168,0.005203206995642029
2024-05-29,-0.0011446969687471942,-0.0012530691195512533,0.000997537777790436,-0.0009224489840714556,-0.001097324477083883,-0.0026515763819476845,-0.003577870588782228,-0.0018852264378907968,0.0026112822142223546
2024-05-30,-0.0051593707154674595,-0.005176135477785282,-0.0005587608868423688,-0.004612329057552267,-0.004731237651816378,-0.0021953726779744276,-0.006738247008937437,-0.004414029459994584,-0.008607984479687802
2024-05-31,0.00251019583997647,0.0024628902465710922,0.010505820939810784,0.0031097347455193436,0.0025537350369875256,0.004173215975933342,0.0032744508235842407,0.00047704458158559504,0.007754756282948749
2024-06-03,0.004012118161060174,0.0047287546323160345,0.0022078954399125106,0.0016279400589764847,0.0010450366797574162,-0.0014441389277990435,0.00560397826467951,0.005244793406534276,0.006066587369016663
2024-06-04,0.004984138325619725,-0.000719085155042043,0.007038918099322,0.005006481625289716,0.005213648261947368,0.0070734041041959905,0.004355389802867871,0.007320841787747723,0.011266615588777062
2024-06-05,-0.006559103428828816,-0.003473196781012655,0.005696983895727925,-0.0023396196060713192,-0.0028994189994997477,0.006137097753090348,-0.009851256324647562,-0.0030503883309774826,-0.0013320527175832986
2024-06-06,0.0017436925332776632,-0.001008010794841141,-0.002857149535534398,-0.000674161906872528,0.0017016667337077518,-0.00516265691538953,-0.0015463067149100729,0.0034947838391634622,0.0033161978537687986
2024-06-07,0.0017740506241854526,0.0015949286032439502,0.0031245341921779524,0.0018301472109247818,-0.00011515861981836739,0.0014900391120542533,0.0016151531520987028,0.00011774163464450815,6.639631824656433e-05
2024-06-10,-0.013027208689679326,-0.006599354732840124,-0.007119698780030381,-0.010606295366450857,-0.0049899429601000245,-0.007243286693875417,-0.015376629701663647,-0.014654895556517222,-0.016357194191704894
2024-06-11,0.003985163659095958,-0.00015982700913586,-0.0005353635086977615,-0.0013563397936423582,-0.00024180026006170863,-0.0013181402271473797,0.006684594753499029,0.003621845161433823,0.0077989412055170515
2024-06-12,-0.00018894342745179316,0.00045803395015253656,-0.0013366529792463444,-0.0022233252467018794,0.00110840994925554,-0.00041375158762746445,-0.004331971832682191,0.002888653776462524,-0.0005628367262159317
2024-06-13,0.008353960172760244,0.002404879467600818,0.003936228774767958,0.006779958626546678,0.004376333218120809,0.0019451063127953194,0.010459813528933104,0.006638344357155157,0.010021594048430504
2024-06-14,-0.00447207051470544,-0.0013899798261197693,0.00036912432388591654,-0.00687287799533598,-0.0032142883094481434,-0.002087488653843339,-0.006503120537802887,-0.004171003634382164,-0.009591443917238873
2024-06-17,-0.0030484791301612635,0.0005825482907011459,0.003592552715242503,-0.0034140414735824853,-0.00564396100658382,-0.002653188615714175,-0.0024777199509125047,-0.003829646933351083,-0.00402836489576297
2024-06-18,0.0013905895448902417,0.0014365130763980272,0.0027355868044725007,0.0035981656628751857,0.0025928236701322493,-0.0009764851122405771,0.0025347820514649566,9.507737151759343e-05,0.005027816203877267
2024-06-19,0.005907919196781464,-0.00021145520552212638,0.004659675872024094,0.0001503895755938789,-0.0006722632669575734,-0.0010831960692080367,0.006994287920035092,0.0004206700889972659,0.0032441744428812758
2024-06-20,0.0021166573010584777,0.0007588765947499354,-0.00013568263124807967,0.0008601434112416317,0.0011449578560760454,-0.0005507182956639989,0.0011124469824794758,-0.00019025084768398148,-0.00025868828500319463
2024-06-21,-0.002187369829975916,0.0015418712114176891,-0.008065137276087486,-0.004196899470109816,-0.0048363069441809126,-0.00612219896460886,0.0021252077434004146,-0.002706347859484315,-0.0053844807350196255
2024-06-24,-0.003858235289801226,-0.0012115561488191817,-0.0029191676095791097,-0.0017420859848481518,-0.0016936316643491045,-0.005817508459273868,-0.0037684663368704463,-0.0018945028363513972,-0.0018576852360193685
2024-06-25,0.0029540007562198767,0.0031775993126343938,0.0010188023656874101,0.004207219620098845,0.003513360105923402,0.0010958242293288567,0.004516561086169935,0.001524057946193036,0.003927772983318478
2024-06-26,-0.001472515814766151,-0.00023421081818375544,-0.0022452946821093223,-0.0021526644623540703,4.436241991734313e-05,0.0,-0.007772047492081935,-0.00023255548975575913,-0.00354938299613905
2024-06-27,-2.6910352466380516e-06,-0.0031668813468975765,-0.001672811920663042,-0.0027554909460056898,-0.004903615639991643,-0.005821141356380233,-0.006450889005666149,-0.006341728221026632,-0.006412247604818733
2024-06-28,0.000875306420037969,0.0003795748031250046,-0.0020255177826850046,0.002655728098447163,0.001896876378042922,-0.00041070070478965714,0.002680336709076414,0.0007240449586236597,-0.004383747779376224
2024-07-01,0.003519762850454855,0.0019455090077225012,-0.0018662702734913994,0.002501303028703994,0.00022775227452953573,-0.0013672570110313531,-0.0005758864070777303,0.0023847984162077562,0.005412587497164001
2024-07-02,-0.0029079780911657194,-0.004738764026906539,-0.003277344809539784,0.00017178606538514885,-0.00022770041524211582,-0.0037458254013919,0.00027486941913079654,-0.005640221035293047,-0.004670414101725084
2024-07-03,0.0020584767916638214,0.004460150592729972,-0.0005864892969660307,0.0010534106278563549,0.0035279920837230083,4.950716748575168e-05,-0.0006937604921324336,0.0028707503852565264,0.004103154829665723
2024-07-04,0.006388710019389343,0.003190677939054476,0.0032527926856664724,0.004176934043238045,0.0045254109693142475,-0.0007239430082759402,0.011229244844066288,0.004110150182522032,0.008553159183012804
2024-07-05,0.002113771515856344,0.0013293631927413507,0.0005664841218595562,0.0016107649996139894,0.0006250457632810402,0.001629919096012733,-0.001766979479589259,0.0010148161399685662,-0.0019090393248119009
2024-07-08,0.00319787046165132,-0.0016717970305891727,0.005607522557225186,0.0014182900309382962,0.003979046944567299,0.00448213510199591,0.0002555855047725597,0.0045321110166351986,0.004004487578749494
2024-07-09,-0.0005023455455308579,0.0006237070062213856,-0.0028736448691448757,0.00045487934906107697,0.0007086555390465321,-0.001361421311692479,-0.003562750064501241,-0.0016124315531880207,-0.011359999379899843
2024-07-10,-0.00025289007122286655,-3.6733602579053226e-05,0.0004568316658333238,-0.0014924617474129098,-0.0021739472178528008,-0.0029380530839634433,-0.0001273662142043941,-0.0006678682462187835,0.0030182805446887784
2024-07-11,0.0015279803330665587,0.0009400386152944584,-0.0020017800523699503,0.00171162134456182,0.005076851941620886,-0.0017078529131442366,-0.010196247834215244,-0.006386344202443883,0.0004884139174081703
2024-07-12,0.0024738610532806238,-0.0005284813380025399,0.003537842925601442,0.0036424246238953017,0.005531378517805274,0.021529513175380544,-0.00012044411028300228,0.0010848897599859963,0.005310703332214839
2024-07-15,0.0005167467148541327,-0.0015828471400690658,-0.0009588420314398105,0.0011756735673209562,0.0033323749538451963,-0.000707456173617782,-0.0024276330120794887,0.00015237131030132467,-0.006658083070006926
2024-07-16,-0.0012843342902468802,-0.002193639265497982,0.0015857163453454337,0.0014717265118409095,0.0002464756102225074,0.0010876184118928656,-0.006071380246469027,-0.0030687678578762423,-0.0038643370277717803
2024-07-17,-0.0046282978946915465,0.00047545925596748084,0.002518993883854126,8.71524876568941e-05,0.0005931052548133753,-0.0013198587037123177,0.003052393114448382,-0.001269028935880323,0.002280785303634403
2024-07-18,-0.0001931927618410434,-0.0006725332856916122,0.012319351185881455,0.0034571483304479678,0.0022932118174492366,0.017111374082884767,0.005353484304214007,0.001897712482072933,0.0028971354137221628
2024-07-19,-0.003743633790187051,-0.0017005289074688568,-0.005578707149547779,-0.00353208229081603,-0.004286967360778937,-0.009315872190078123,-0.008668450751674328,-0.006055825459227782,-0.0042051286484956485
2024-07-22,-0.0013707600638330764,-0.0003647506819507429,-0.0007995523795409909,-0.0002180452451537862,-0.0014356630935548065,-0.0017278600125238963,-0.006492462498339013,-0.0032410886089206947,-0.005397845447955851
2024-07-23,-0.00839313253713414,-0.00393858796605695,-0.0016750948548092115,-0.0008603399994553396,-5.1709510899944355e-05,0.003384455314144885,-0.007159587964232994,-0.007586668921223283,-0.007091363449675425
2024-07-24,-0.004218487396466686,-0.0017844469999958035,-0.0022657947758218944,-0.00359155869312322,-0.0023867800426362606,0.007209446483934068,-0.0054307287124339965,-0.004280147844607396,-0.004067145951609841
2024-07-25,-0.0056405451457255396,-0.0017740305305542492,0.007344473110898475,-0.001029748560296806,-0.00012898917026882284,0.01219693693884949,-0.0007926383239942325,-0.0043032522205634915,-0.0006561833128156946
2024-07-26,-0.004836509655522625,-0.0006512848988425857,0.004973709426128625,0.0010851384423080646,-0.0033427845183416904,0.0012622252632294995,9.523984177550737e-05,-0.006325600702790868,-0.004640603047555092
2024-07-29,0.001834052208678827,-0.0006291505682830545,-0.0041388931802255335,0.00022795394253760648,0.000900784373176089,-0.0028675502051508373,0.0018310693179632853,-0.0001361136545979802,0.0007756797205475952
2024-07-30,-0.000548308178293766,-0.002006351668880968,-0.0020313742008684077,-0.003159325678096292,-0.0006173365595900648,0.0019892677738986286,0.0005627491780095806,-0.001985910470771457,-0.001321324907146093
2024-07-31,-0.0015117225366841902,0.0004475856926480226,0.004614337281071856,-0.0003136835438768415,-0.0018227498160935385,0.007617700915128589,0.00482938364716734,0.004202228653731099,0.006443938426971441
2024-08-01,0.0008406516772623274,0.002990958835186186,0.004429860452336731,0.0007252143928824228,0.0012595148485869956,0.019539980290660397,0.004378849312469679,0.008439678050252475,0.006731429480992812
2024-08-02,-0.007958270382177113,-0.005208654048719619,0.006002936735634901,-0.0033549348611567886,-0.00966129181102382,0.0036393807877805884,-0.0049442776082134765,-0.0026238079324523156,-0.003657741502413714
2024-08-05,0.0003573581595999187,-0.0001800620093375116,0.019623859263140142,0.011423649815007986,0.004629219034921528,0.024844793408824728,-0.00038699808302811167,0.001819808988334115,0.016188253157211063
2024-08-06,0.0028134424718075923,0.005635484825000203,0.0014856709833193094,0.0036794715598380545,6.404246677416126e-05,-0.0014129478141811092,-0.0036811600436948977,0.0005891307875358631,0.002957459676049101
2024-08-07,-7.629542356446528e-05,0.0013636889519839102,0.0026743261889328185,-0.002261616420014323,-0.008130914926476107,0.0073100537302694946,0.009202121351493897,0.003966728800498531,-0.0003381062499564491
2024-08-08,0.00014921742277640426,0.0023118699071151827,-0.007820530268882964,0.00017478447067276193,-0.0003424581578909125,-0.009526144633753342,0.00700140442320607,0.0020054096173858227,0.005634917873526879
2024-08-09,0.011667866509208258,0.0014051271431769763,-0.008744352221946361,-0.0011351369276647594,0.005290177597744972,-0.010462679108814932,-0.00132897424383005,0.0034959708214385987,-0.0038028471766469174
2024-08-12,-0.0033703020097666236,-3.6363611116696504e-05,0.002092405251773899,-0.00017473410383794796,0.0002295820652546965,0.004264080124150693,0.0021679808510604026,-0.0020141693374743364,-0.00061617294845695
2024-08-13,0.002364123031292298,-0.00046574056957748855,0.000358497747619424,0.002055996775592428,0.0016346604867949477,0.0004083004692758685,0.0010796859824231397,0.004752430476602232,0.0004090449277205366
2024-08-14,0.008091089266275331,0.0024217334446259287,-0.00036994084873887,0.005553525057191644,0.0074755796145775655,7.485549826791171e-05,0.007157346632383543,0.009264665136162087,0.005827798495716685
2024-08-15,-0.005813218504325812,-0.0004811585491296677,0.00028216896820909554,0.001475781796328235,-0.0029506073681706546,-0.001915159134266986,0.0008147783743193138,-0.01291353019469621,-0.0014932906696210058
2024-08-16,0.0018911811768003162,-0.0013034067124577664,-0.008806969116515129,-0.0036758995319077226,0.0023918545365879673,-0.013195066002422151,-0.002443955071360304,-0.003301409870974159,-0.006963441142342264
2024-08-19,0.009148618859978752,0.004042899760244634,0.005659411509416401,0.004762838560523397,0.006823138842249499,0.008556642001945391,0.00560254327446108,0.012805502736618957,0.010119726795707384
2024-08-20,0.009341865044859121,0.0035436556564107935,0.00604146979769693,0.005576511052951094,0.003338499587556054,0.008568487048041584,0.014336261513668402,0.009941281779954902,0.012654391226643913
2024-08-21,0.0017746025551339528,0.0009326781300109666,0.010321528229737087,0.0037390286396496997,0.003467519784574158,0.009301912001951296,0.0036504836436332955,0.006489893368005317,0.020267278075745354
2024-08-22,0.00035971578919102853,0.0025030501563121366,0.00289031043927257,0.0024652959222828397,0.004451704778236865,0.0015780531169236056,-0.0008437345489406001,0.0008258137910419627,-0.007260728176289422
2024-08-23,-0.006148733853049926,-0.0014775628389219753,-0.0007044503331373742,-0.00342409723658188,0.0003273974786570655,-0.007414396961480718,-0.007559193855442903,-0.0030656893782317063,-0.005730708162978604
2024-08-26,0.011867084881937329,0.007062453028469973,0.005169224864587596,0.006365920264025604,0.008773310220350217,0.015291637844515815,0.011005897575485424,0.013101747497950678,0.0032560863325252765
2024-08-27,-0.002194405731833382,0.0019211104189758021,0.00025971046961803523,-0.0020766916139589586,-0.0015830623694634838,-0.003570583510655978,-0.006755609460278866,-0.002984880525294553,-0.0012309577899417556
2024-08-28,0.0022128724316226034,0.002558075049633235,0.006391715228982742,0.0011849710056877072,0.0049848929630167405,0.003757599189280869,0.007271247006782167,0.006219116570015171,0.006032197210803947
2024-08-29,-0.0007067839669889775,-0.0021741078342978337,-0.00011880995194069044,-0.004739286454720659,-0.004815758158428607,-0.0031709689473227165,-0.004111015766278925,0.0005435346533888552,-0.004314098797043364
2024-08-30,0.0018722064857641385,-0.0008970015139441179,-0.006045268255743919,-0.004000090438691095,-0.002080208420204288,-0.003154121984586089,0.0003256968946263594,0.0025303468460393663,-0.0024472616285525772
2024-09-02,-0.004090528398071114,7.423515913318468e-06,-0.004185780917571047,-0.003214000190855937,-0.0028620274598903928,-0.010185730033440699,-0.009942801823140224,-0.002124934419569513,-0.004948118024239778
2024-09-03,0.0028512993993830005,-0.0006149780134099281,-0.0010218699491960637,0.0020474717717107183,0.00102506054658269,-0.0023241464653155353,0.001422961732487238,-0.0031214714050292747,0.0021661874681793147
2024-09-04,-0.0107994072993719,-0.003403829600968411,0.0016942437998521687,-0.0016794385642910914,-0.0021244892077926236,0.00941847313637112,-0.008020690326050572,-0.006917516444276628,-0.00462227992275932
2024-09-05,0.00032572150553833445,0.0026131773822439808,0.004597865211950047,0.0028587264145087943,0.002339722763896157,0.01415667736483539,0.0041223130159393495,-0.00011136029100100586,0.008075739223289968
2024-09-06,0.0036202864191201556,0.000592598217790341,0.0026427614239761255,0.0027667685247456664,0.0024906102190018764,-0.0004811967219882085,0.0004282099549659524,0.006093704899357899,-0.003518280319067424
2024-09-09,-0.010340458652755902,-0.0045715309359100065,-0.00015403669364510986,-0.002150916950658943,-0.0033490807645829568,0.006365628817079916,-0.007469407545396711,-0.008528735645392138,-0.004733843321807263
2024-09-10,-0.0019373200739223329,-0.00014009112778445854,-0.006486517891638233,-0.0044813102943156435,-0.0047187738068342755,-0.004826260586959896,-0.012213767455167779,-0.004698877218399122,-0.007168925413276184
2024-09-11,-0.0006879994542556833,-0.003350571450594586,0.0033426671370531125,-0.0014988742242775244,0.000680251015269473,0.0066299792296264926,0.002694461239189483,0.0012668485766125226,0.00239669003328169
2024-09-12,0.0035621429189576226,0.0022978148152472677,-0.007013787646668046,-0.0009138923865484871,-0.00311641919561112,-0.002496688524865953,-0.004150668684680725,-0.002912730319783896,-0.003902545247171374
2024-09-13,0.007473569345296749,0.00019151392238603293,0.003200449973419728,0.006081768854457659,0.007117720120815463,0.007710326380805821,0.01388663995737649,0.008940231918429964,0.012371728253771641
2024-09-16,-0.001947657707021766,-0.00013994977962750177,0.0025716412392420285,0.0009536418367905863,0.0004321820883625982,0.005035866663824162,0.00834268775672653,-0.0037046927778384697,0.0049014255984221045
2024-09-17,0.005674952412058953,-0.0006329728120013645,0.0036941499330154226,0.003706113070797379,0.005536636538897577,0.0,0.0026949767549584447,0.00519241515572566,0.0033181588776936
2024-09-18,0.0015993389716719708,-0.0004267717253643166,-0.0020677423669072104,-0.0005783979918021487,-0.0032787491754624476,-0.00862589239714806,0.0010595890373907846,-0.0003407302189128991,3.63585454854487e-05
2024-09-19,0.00014815895966857617,-0.0013665884153278851,-0.001144820013035286,-0.0007446361121506984,0.0025611021910465492,-0.0048700672098737074,-0.0007509019651358306,0.0024091158982499916,-0.0025296867110496946
2024-09-20,0.006783018404856067,0.0035391783421199197,-0.0005661801534203592,0.004241518250529985,0.0061095777792947725,-0.0010359587376773671,0.008193461559732995,0.004528063955063333,0.0051236271401913225
2024-09-23,6.127143121492651e-05,-0.00011064750674871782,-0.0036667118949338384,-0.00010049842305048795,0.0024231749515621903,-0.007958085270097226,0.0026927038471067366,-0.00013092530166813887,-0.0013359590274620858
2024-09-24,0.003540133917138366,0.002564812645498238,0.004225055574231806,-0.004400265316869101,0.0026966725131278846,0.0025480535318542774,-0.000753698198604491,0.004969791482279939,-0.0026580785197102275
2024-09-25,0.010432662716980401,0.008084310037944187,0.0069042820275539984,0.007151230534546693,0.0058005855502654136,0.0047215227986374675,0.008677067325815635,0.01356198789702967,0.011118582539206168
2024-09-26,-0.012135596550088001,-0.004539293697642832,-0.010651709993912517,-0.005376310297212639,-0.008306361628941605,-0.011888067268902902,-0.01737795339574333,-0.014954761134435945,-0.009859665167097353
2024-09-27,0.010437717086550835,0.00048238554113688714,0.0051167979604369584,0.00414666685372822,0.007361440761117999,-0.002708961924657416,0.004264244974765186,0.011826727651957025,0.006127780992435605
2024-09-30,0.0037700832076508206,-0.002450317035743721,0.0068292527258222435,-0.0006589094951865437,-0.0022750855734335884,0.01605932912969532,0.004272914980125053,0.002939939580042683,0.003497119957656558
2024-10-01,-0.0004315202218784231,-0.0013602189322383662,-0.005690191502605968,-0.0029734512140978664,-0.0005350625881601623,-0.0064505038606818,-0.0048293462328317105,-0.0007106774809294558,-0.006887918840032481
2024-10-02,-0.005177892558600128,0.0024157933006014876,-0.001217037911001917,-0.006527790072830886,-0.007632578203335849,-0.00018078782728025988,-0.006797086431234778,-0.009820260756418286,-0.011591199549513709
2024-10-03,0.0010330327916003856,-0.000762662649505863,-0.004200468415871628,-0.001392079970038207,-0.0005969425977770948,-0.019415810171511505,0.0033740620927380505,-0.0034687078702689833,0.0009921086700537263
2024-10-04,-0.005343223274190567,-0.003196025289453175,-0.0022304947169550227,-0.0011698119884903102,-0.010241609169022725,-0.0017569845539592288,-0.002486259211104458,-0.007013160123097273,-0.0030583941193288444
2024-10-07,-0.007256307961343467,-0.0022829308495372347,-0.008012256750944746,-0.005531086014798681,-0.00038068160255610994,-0.013304736519822558,-0.00669557206472593,-0.009087068217819239,-0.007674148379802848
2024-10-08,-0.006557254344427554,-0.002849100362880108,0.0048094249244616805,0.00010970973519652816,-0.0030879376973896866,0.004549641895424061,0.00269710322653105,-0.005239897017060957,0.0023811698375815205
2024-10-09,-0.0024276808373870917,-0.0024905414958688032,-0.003289030736295162,0.0,0.0007725763105872474,-8.774687046420038e-05,-0.006063974332376487,0.00047209076980858633,0.002094687522973704
2024-10-10,-0.0032934857522691763,-0.004179581666187482,-0.0035678139211797744,-0.002954669543280719,-0.002025536876514744,-0.006710961755846512,-0.006346528736184909,-0.009865190985512973,-0.006309844223311267
2024-10-11,0.0035127106834480504,-0.0026481413274043186,0.004576520661320638,-0.0008638422329960704,-0.00047023979584204234,0.003066554546144795,0.004181009192993912,0.004133115843293345,0.00021754587326405783
2024-10-14,-0.0014674366730250687,-0.00257592486420144,-0.0020389053134041157,-0.0007756225559414354,-0.0010048974490790563,-0.004218763873983344,-0.00020501308991305311,-0.0007066318281955253,-0.00032997334336559714
2024-10-15,-0.0007586168361578549,-0.0015721955948124755,-0.004407881336631947,-0.001483708503107417,0.00141134112029917,-0.0022449291058096454,-0.006495205759798339,-0.0003410904169444118,-0.002805597212648392
2024-10-16,-0.006529749066716661,0.0015818622585244135,-0.000510122990639128,-0.002296510595518164,-0.00011759044497816618,0.003829664513166353,-0.0022528905047640713,-0.005468803068864436,0.00025343816465728253
2024-10-17,-0.002572638388249726,0.0018975554078377588,-0.003189637209334628,-0.0019877858886589994,-0.0057936299540002345,-0.003189047654948207,-0.007894747421393511,0.00039376801345958334,-0.008148426476471737
2024-10-18,0.005225799822193622,-0.0029502261880401948,-0.0007275658311129973,-0.0030323382838879365,0.001965406027446992,-0.003491019679473406,-0.0003718983897068595,0.0003333069022664059,-0.0036098166969672496
2024-10-21,0.002552342414052111,-0.00028256877215093734,0.0011562169886711882,0.003608352223611222,0.002832465776585247,0.003342245852954173,-0.00020150263141216485,0.0026373414984017796,0.002131910307300089
2024-10-22,-0.00948730636176287,-0.002450626190229288,-0.0005546460300414058,-0.004673224704925039,-0.005336126564114307,-0.006673016516947294,-0.0027309309990460884,-0.00878802386775257,-0.0035139310719587424
2024-10-23,0.004945601341690198,0.0012521280438975158,-0.00013869392468279784,-0.0019003483549562272,-1.294658724748654e-05,-0.003526609846768447,0.002453844805099692,0.0037363129101946058,0.0015490784100726795
2024-10-24,-0.0074780407271198834,-0.0014815114759846315,-0.0013960060747582048,-0.0015524310655355977,-0.005320473502308354,-0.010676228384531194,-0.005871075236465795,-0.006552682621830175,-0.004980019789374568
2024-10-25,0.00015395172706167415,-0.0011982627986083516,0.0010047575227398742,0.004048280359946421,0.004618559015495238,0.006496066099066722,0.004573829012569197,0.0003664887018173246,0.0030733307719992276
2024-10-28,-0.0050648069334788826,-0.0030441452535301394,-0.002982291217480837,-0.002548029968427179,-0.001166238837480793,-0.007642862601252132,-0.004462350604232723,-0.004890876375763575,-0.004653566805857046
2024-10-29,-0.0031399056042522577,0.0004175388995628637,0.004162524966500714,0.0018712969894509879,0.001271462893448927,-0.0014819590388740478,0.0001165185945708469,0.0012207036117672931,-0.003013074577067676
2024-10-30,-0.002988167847726819,-0.0016531711385143755,-0.0027213237094760867,0.0003570732687898648,0.0030323474590214783,-0.0006198130107969435,0.0027580149640462626,-0.002525254285300371,0.0010872568226016899
2024-10-31,0.001492704041180959,0.0003451652353212431,0.0010619851161082217,0.0035618565060202556,-0.004185955805913744,0.00045695495297515265,-0.0006833337814072804,-1.187863864415828e-05,-0.004080430834035198
2024-11-01,0.0006089418232488875,-0.0019518904388681202,0.003196138101603685,0.0024819583506552334,-0.004772205819681075,0.008053685075971595,-0.0029235682227798376,6.558284280955284e-05,0.002719204268172515
2024-11-04,0.0022979794981730084,0.0011782353037905757,-0.004679610272471324,-0.0010655995851047706,0.00431613463330649,-0.0020159753016929516,-0.0014089172751410306,0.0026644651441065648,-0.003561221901309808
2024-11-05,-0.0011851459894242078,0.001302145865035298,0.003969136662080652,-4.352012235619984e-05,8.807206927308187e-05,7.224767424252043e-05,0.0004307264474521233,-0.0022879550114158764,-0.0034213016993537293
2024-11-06,0.008717678062046152,0.0048941046940780275,0.0020407995416906743,0.005554702899202235,0.006873985581010045,0.0055535604815848405,0.005906164095101252,0.007177742443000623,0.0039206945230296775
2024-11-07,-0.011217142732011576,-0.008259150515212976,-0.015176416680642513,-0.01841790161863377,-0.012290620940437758,-0.018694982041854935,-0.012368535609466602,-0.012928751242425207,-0.015687361375215314
2024-11-08,0.016722062881208144,0.0058338822154793135,0.0033455989587798385,0.005786161482286278,0.00768546970712447,0.007442320818300541,0.018884790871422696,0.014055973786350151,0.015393500936360383
2024-11-11,-0.013814430615264217,-0.0029120468258913013,-0.003675755898835842,-0.007436133497694897,-0.0050247301827969215,0.0018049606629932935,-0.011131117213184494,-0.009295493646741537,-0.01242575573486926
2024-11-12,-0.0010590119207863902,-0.0009841413073812255,-0.004850803874196896,-0.004713679148511618,-0.0032574062478225585,-0.0037528589103811294,-0.0024236731607466533,0.00047163807766681387,-0.0013808163267816642
2024-11-13,-0.007328512419723099,-0.0017209289562882812,-0.002142472640045301,-0.004469625327243376,-0.01054802177602343,-0.007597575642777743,-0.005385443662814349,-0.007676557476822388,-0.006456774983010338
2024-11-14,-0.005620146865430331,-0.0033732529284554724,-0.004075566820124554,-0.0049545500735181935,-0.002541361695621025,-0.004979779004810836,-0.004773982578745617,-0.006818320409739176,-0.0068072501804937735
2024-11-15,-0.005730586162502105,-0.004892739614574482,-0.00524455817430558,-0.003222246420885977,-0.0030656034638120166,-0.006640344667552589,-0.0014799161386557236,-0.00562752535998412,-0.0014614402671634386
2024-11-18,0.0012261635604318144,-0.00173221150888192,0.001991695311329922,0.00034766267324415345,-0.003961958721927172,0.011663999621148058,0.006104506893000794,0.002292462547393681,0.0015074222783708624
2024-11-19,0.0065736126484705615,0.004528412436382467,0.006193430167036773,0.005806019818599184,0.004881590558233562,0.0003039579669525949,0.007562702862712323,0.004689007725654948,0.007614634382017149
2024-11-20,0.005471964872123758,0.004829877103802671,0.001281060289232805,0.001198629558994746,0.0012058898495870274,-0.0006527871565656929,0.003988079288713031,0.004907436141860622,-0.0010241249493642135
2024-11-21,-0.004204260680745642,-0.0009307678074844672,-0.001788038154257654,-0.005789868023150069,-0.0030879086257757926,-0.0037154825101419764,-0.00958314620236278,-0.006015932600450191,-0.01041544000553074
2024-11-22,-0.00056960228858427,-0.0008583409921181229,-0.0036644523990482236,-0.007286603503216971,-0.005575037546844075,0.006983593571515456,-0.0010449148896495286,-0.00451947858294921,-0.0037078670088371846
2024-11-25,0.00454522441067029,0.0033876697513963716,-0.004009141337577238,0.0010059984149974888,0.0007178252452639811,0.00046713004171561323,0.005381627149675827,0.0008030854273473054,0.008711172388799149
2024-11-26,-0.011633508924182023,-0.011745984368281781,0.001878941145779578,-0.00339443451969601,-0.0048252325129573,-0.0015028687941598395,-0.008588725105939221,-0.008670470567792132,-0.007442698086156052
2024-11-27,0.0017598857443630322,0.0032234545338098997,0.0028547038655828416,0.004490308188931369,0.003256673403091881,0.008947207496739606,-0.003056625977555072,0.00444207765210014,0.006193987615845886
2024-11-28,0.0034045995508462656,0.001910741465766863,0.0048412215437669825,0.006791653575785039,0.00825315176879804,0.011054898811822644,0.006789986493270117,0.009647477705052587,0.0064593206923408975
2024-11-29,0.0015669887459548448,0.0013635639077178574,-0.0003853218582539064,5.281913081844891e-05,0.0015108916216415302,0.0010716298291544302,0.0027271167317928224,0.0005071047253180083,-0.0003792711580845598
2024-12-02,-0.0007660104238970122,-0.00038538035381996405,0.0003549138573657462,-0.0016977970845832857,0.0003810964159849384,0.008512461935219262,-0.0016209544178921176,0.0017129107068594163,-0.0010670401627249637
2024-12-03,-0.0041700418626663405,-0.0021647483786669808,-0.004798742860378846,-0.004158447181446645,-0.003392521398825954,0.0026085520581600186,-0.00330950457938195,-0.003707365373885496,-0.005319753849722275
2024-12-04,0.0015758829523984108,-0.0016280582663493748,-0.00013536118236678885,0.0009143989742383951,0.001242141266965202,-0.0009289031214154697,0.003284231170403107,-0.0004234899685749971,-2.0921259411110782e-05
2024-12-05,-0.008105417296096928,-0.0005116314843786052,0.0029985435221810963,0.0003154091131798431,0.002121059636285061,-0.006110224423278909,0.0002623829253172172,-0.004234667241692414,0.005944560054701231
2024-12-06,0.0026366952332586013,0.0036800441962383523,0.00606774228526219,0.006795994648919557,0.004580599316664324,0.0023966966159805203,0.0016765001232004195,0.004270382671633044,0.0067128195354144715
2024-12-09,-0.00774900301576531,-0.008927172863915533,-0.0002845003091922482,-0.0019018358549439673,-0.0007866729015010288,0.001179777075011934,-0.01050162605491789,-0.007380188591871839,-0.006797203024343612
2024-12-10,0.005935674031442462,-0.0017075561884821733,9.104296020145952e-05,-0.0009710081955752736,-1.654996757793903e-05,-0.009101275613677795,0.0027335353950255215,0.003456757607913863,0.001920855873959848
2024-12-11,-0.009615578685482684,-0.00016938106694774913,-0.004430600707434507,-0.002106648858464677,0.002428210288677457,-0.0026283508483025964,-0.0021059270164925925,-0.009689669530660305,-0.005301361914498148
2024-12-12,0.001239114396387242,0.0018022643605277722,-0.0008038977432892613,-0.002479601489141836,-0.001072413617162371,-0.0028768648907898653,0.0009097727598001981,-0.0013790127895628723,-0.0003721280767765567
2024-12-13,-0.0013942508835561584,-0.004804023929730672,-0.009865327082844932,-0.0031212470011464655,-0.0069725226394551365,-0.0022414130001933152,-0.0013094966003902586,-0.004125777845991552,-0.004337387046490893
2024-12-16,-0.0012370648604952406,-0.0006115531421915232,0.00029824245494070034,0.003436723753809323,-0.003939720776979905,-0.005643404155791898,0.0014164548608661676,6.920794808862318e-05,0.003867361187850804
2024-12-17,0.0014583074141609753,-0.0006182097008845533,-0.0025680852604308413,0.0006941552918395821,0.004987343538369826,-0.004108066998221305,-0.0008884345775895808,0.00368956124061226,0.008432360413858309
2024-12-18,-0.005527665670358228,-0.005241153543622423,0.0017479077800328646,-0.0021200121370241742,0.001614211979173552,0.003346914077668073,-0.0040327622725343515,-0.0058502515086401585,-0.006974921677857515
2024-12-19,-0.021282317533237838,-0.010462653388912058,-0.010225134611174136,-0.013796860409498679,-0.011260640671444389,-0.007118229395326914,-0.017361477842175455,-0.024452226181410075,-0.015919961512707803
2024-12-20,0.004479136403907846,0.004019964582597346,0.003014543496593136,0.0014199956440721362,-0.005549127640559148,-0.01884621739427783,-0.004157050236758164,0.0018131869880915197,0.009376749659819383
2024-12-23,0.0030308120929967153,0.0029105682580716774,0.006651318940874562,0.006572816929756531,0.005757027623660038,0.007097496360836342,0.01050572697145924,0.00428284938914647,0.00036197598050558
2024-12-24,-0.0012739962168079044,-0.0008974160041924639,-0.00603244365647071,-0.002611890288039209,-0.0028202613080500205,-0.0040211787127412135,-0.0032084653950928965,-0.0008865392212924483,-0.0017270393456996214
2024-12-25,-0.0009358374389760726,0.0008494554031346357,-0.002032701716994989,-0.0003120618074839987,0.0001254437250794993,0.00036916661388941563,-0.0004860449752829288,0.00024964616746170343,-0.0005439756680082342
2024-12-26,0.0008804443339642809,0.0005852663372942768,0.0009784115907975899,-0.00029107357560742564,0.0006145876462082533,-0.0001654711441133605,0.0012828440274552655,0.0005130979815577419,0.00422386666700203
2024-12-27,-0.003453773140251415,-0.0039416560779330645,0.0005785410408394309,0.0022721812206090153,-0.001115138793154502,-0.003898657915671566,-0.004040162624814769,-0.004477970093775374,-0.003721853359823557
2024-12-30,0.0003361916326787284,0.00048599422898409905,-0.0032600008829927196,0.000594492107253819,0.0039145737167651795,-0.0007917756622793926,0.003813133669413382,0.0024531209986331515,0.0044917154529173775
2024-12-31,-0.0008192276050977831,0.003735248683591097,-0.001550034832725311,-0.0022269349976842268,-0.0023617619174159943,0.00559257306763139,0.0015255260412851968,5.6440244050159905e-05,-0.002738654959407061
2025-01-02,-0.004147601804161738,-0.001725203445132495,-0.004968312194778779,-0.005217249054994322,-0.002378657363811154,-0.004590436474577242,-0.0052182643523626115,-0.007322761213747642,-0.0007577741874410515
2025-01-03,0.0010653237550741768,-0.00197184068480738,-0.004671005253320315,-0.00808116751134591,-0.011105030733941978,0.0022686203150288353,0.0004269765743514231,-0.0009675721721218444,-0.009862609234808306
2025-01-06,0.003113171627584066,-0.0025623392759108743,0.0029693183330286033,0.003617188874099453,0.0037653283015974814,-0.0007556676283199115,0.0025658286891661053,0.004127780561034244,0.0024138615057469615
2025-01-07,0.003054063760947523,0.007071863202874562,0.0047179764663609625,0.00786245805547714,0.006768359616733388,-0.0016608877382203735,0.004899254184590918,0.004099668167585779,0.006087010866431264
2025-01-08,-0.000670266707109457,-0.0017752633308656396,-0.004849050392386367,-0.003931263264369433,-0.0026452740143514397,-0.003115575718548813,0.0026162056301064496,-0.0006424367187147784,-0.00563427115967452
2025-01-09,-0.0037394152589288465,-0.0008973241300259671,-0.00164664414303195,-0.0029809405322528404,-0.009455267851009697,0.00027808668260798086,-0.011974791092977721,-0.005338571744058274,-0.0033422650888699224
2025-01-10,-0.003526224978872672,-0.0017081455098932885,-0.0012279444608364054,-0.0016578833712275198,-0.004895155007937246,0.0009110978221928967,0.0002797888560226447,-0.0021227521322424447,-0.0008317727444032696
2025-01-13,-0.005609077677078411,-0.0009226689006330835,-0.005126700426400177,-0.005163311937805948,-0.00767698862229349,0.0010197847125363868,-0.0040792498558650525,-0.005131315602656228,-0.005166301242939153
2025-01-14,0.006030496554105813,0.0036274556185516005,0.0010810167688746208,0.002032546814788594,0.002324420677362049,0.0033234729696298704,0.004765693169477281,0.00707815955640978,-0.0005364529648376193
2025-01-15,-7.989511600192678e-05,0.0007873635746622476,0.003638492216663902,0.004050693063236022,-0.0016244320821731106,-0.004340427873625541,0.0016985522857966284,-0.00021303372899328377,0.004816745807113776
2025-01-16,0.007073400598202273,0.0017659802784029122,0.00037280676245998734,-0.001122253065001133,0.0024486163419250584,0.011487620318400671,0.006083544670034913,0.004513915779386535,0.002100686798868434
2025-01-17,-0.004025420630216159,-0.004834684655738997,0.0010425922960421996,0.0006490050075858012,-0.0005261689709279427,0.005786722488674068,-0.00430568200524839,-0.00358912327581018,-0.00024221305560034878
2025-01-20,-0.0023988507322474373,-0.00542344075151846,-0.00375028300149316,-0.0023843130829303005,-0.005385647489089318,-0.006077802193952375,-0.005779846766464036,-0.003704402418798103,-0.002397716177900522
2025-01-21,0.013816217218858062,0.012004860854700095,0.009425462418535924,0.013942797702016563,0.013175997869493195,0.006808461788118336,0.014149133458729146,0.016908985336065774,0.015448910508071734
2025-01-22,-0.0030226509024204873,-0.002795903995244542,-0.0007169307004238901,-0.0014152030165980323,0.00032694330917082404,-0.0033703259098448735,-0.002051421429520528,-0.003673974857473783,0.0009651441131504068
2025-01-23,0.002073973925933892,-0.0035362926338887712,0.00044135755032148616,0.00040599688560072345,-0.0017178724937746415,-0.004257225491031247,0.0018012112944882919,0.000475707488539312,-0.0009887171152755947
2025-01-24,0.0013163360264489832,0.001057167464413089,-0.0013002822434137196,0.0005624851491665694,0.00322442399529832,0.0018251331326994968,-0.00014644602583568922,0.0020999897810460855,0.0005400644955642075
2025-01-27,0.0015354456382898896,-0.0004657292856541373,0.0007167621988095618,0.00495113811170067,0.008534706652327584,0.0026389169066012297,0.004375534890095345,0.0029600169293855227,0.0038684599987959256
2025-01-28,-0.004625890495049578,-0.0011040994056999986,0.0031305279152693544,-0.0021516145137691067,9.960138397113738e-05,0.005390304838903903,-0.0029359814641692905,-0.004234200934231991,-0.0014883560024476772
2025-01-29,-0.0014729403005753205,7.632758674325224e-05,-0.00013270674827947637,-0.0015331053400751138,-0.0015177892263845694,-0.004178537605020072,-0.002968090387086564,-0.0004589021281848904,-0.001983949699457477
2025-01-30,-0.0023648123545458866,6.250643174610104e-05,-0.002361376964788775,-0.0003648616303418839,0.0010947760231592163,0.002506976689753193,-0.00030831855111079776,-6.796216296001134e-05,-1.2751940833055642e-05
2025-01-31,-0.0039713933587031125,-0.006485896487878673,-0.0034078187390703674,-0.00268257458552168,-0.0025208015417680363,0.006963133909333896,-0.0026200353742695803,-0.005084041557373631,-0.004845565616840131
2025-02-03,-0.011391340766504943,-0.015220427436233197,-0.006403837809038304,-0.014377536010052872,-0.010620301852076075,-0.008148699600366682,-0.011785370936548079,-0.011852072280541193,-0.015125464984277692
2025-02-04,0.011912479937215448,0.020737935102952187,0.003970962212142215,0.007766210111102678,0.011375060346755506,0.0005539377881718099,0.00960989275378199,0.010268888526455466,0.01210078526372449
2025-02-05,0.005419678264782624,0.00586016685807178,0.007036816752194808,0.004398011689169534,0.003731013748530021,0.007422143376170087,0.008338704906445837,0.003840914794275063,0.00967066463696864
2025-02-06,0.005499830990803867,0.0013063199002312231,0.004338039472528532,0.0027041830597469563,0.002075674266931671,0.010006112274479673,0.0022801115268804573,0.007236775596958234,0.00658051694729056
2025-02-07,-0.0005842427058564414,0.0006431223984082468,-0.004165278789188598,-0.0014540054721770002,-0.005323205298722877,0.009345734970811037,0.0013615226930803193,-0.0025310535726577044,0.0005321815857470824
2025-02-10,-0.003645847269514335,-0.0017932381969133493,-0.00619279903861869,-0.007135643922794088,-0.003692683824047416,-0.004300409018689111,-0.004915103148667166,-0.004845456479959043,-0.007231440495718333
2025-02-11,0.0019786318803811653,-0.00033484633654667917,-0.000647368992477193,-0.0009786114722859507,-0.002496920096440647,0.0005732138120679853,0.0038457857426630326,-0.0021920378859799916,0.00528540709266534
2025-02-12,0.0043080494383529455,0.0036052109576649727,-0.001818190127194974,0.006156768707821447,0.007358867438639338,-0.006416146090530095,0.0019816352118560143,0.004312471281924024,0.006137789580378472
2025-02-13,-0.0024314848950400814,-0.0010909199730549934,-0.0004488946287889428,0.0026084706288276305,-7.467577787745316e-05,-0.009827924033182889,-0.0053437132038393065,-0.0031648029341700967,-0.0010924417024321675
2025-02-14,0.005400953847231049,0.007652204969998078,0.011237216263407346,0.006705875470178757,0.009058273861123789,0.008275147120764936,0.009755838029172681,0.006844381811694555,0.0122050122957158
2025-02-17,0.006267483786849937,0.0005710010470314497,0.0038007127677797126,0.0026327820045104477,0.0016484514348729107,0.006354324344159057,0.0028711435575203836,0.009327584294500202,0.003105195965536378
2025-02-18,-6.34819066251957e-05,-7.042466577711348e-05,-0.0009881167904812749,-0.0003669738116622856,0.0029660806215781044,0.003823160706554418,0.0010391338976543096,-0.0001203946949813739,0.000835076159783732
2025-02-19,-0.0004701897891919993,-0.0002960656869276379,-0.003187225872057553,-0.003531586340879578,0.00034096277687645227,-0.003205399243757623,-0.004089167191905774,-0.00472954411083637,-0.002198479912750906
2025-02-20,-0.001864287279060961,-0.00359534838983655,-0.001061346933404539,-0.00261560548386075,-0.003297147576930337,0.004701749301792901,0.0018795056598515103,-0.000701232307126376,-0.0007086816120911443
2025-02-21,0.009907138843567864,0.0045428358338606145,0.007237829933296913,0.007633917867490236,0.006853501990033317,0.012127840558898928,0.003351567824674051,0.011067318389350156,0.008918910989349271
2025-02-24,-0.005274613178435583,-0.0025049586656236134,-0.0004340733300648436,-0.002451152351532593,-0.0016179772828349703,0.00014065048141032044,-0.001831979135569095,-0.002271667858562476,0.0005393462903913182
2025-02-25,-0.00505781313581144,-0.004511097878624137,0.001281636030247002,-0.001286799161344443,-0.0025361150434253243,-0.003182919246336291,-0.0013164932124165585,-0.0042777937669364885,-0.004239535783032822
2025-02-26,0.0023314848159605717,-0.0017271996516925459,0.00549078719539442,0.005998783902479099,0.004486709646113862,0.005272377332336875,0.0024294282450592064,0.0007852098276546204,0.007482060804813617
2025-02-27,-0.006626348390028847,-0.002462267298236398,-0.0021245193904713133,-0.0033563824334480463,0.0006214209744768162,0.0016125283684167435,-0.004564997620144284,-0.00544348319691168,-0.004533933542591573
2025-02-28,-0.012451957373688982,-0.007442832611125438,-0.006245002699668434,-0.008929464425346478,-0.006576654966292228,-0.007826014073992416,-0.008267503248958419,-0.012751250231756828,-0.011159540058371276
2025-03-03,-0.0018474745586102292,0.0001731056549580945,-0.0029360852671915794,0.0018017084062638133,0.00040335995149454185,-0.005034142542065911,0.0017879561337770244,-0.003912343424438136,0.002866650604509191
2025-03-04,-0.0007833027262383885,-0.0033816277670604133,0.006658488921885919,0.0068361476632621265,0.007735184011859575,0.009818850607033358,0.0026761205035377156,0.0014650222092773557,0.02071907345902857
2025-03-05,0.008715332539411813,0.0064526743573800616,0.007823428101978669,0.013538875107199866,0.0073055535402872795,-0.003297774412261978,0.009539752868895413,0.008583066195356981,0.00928793959102392
2025-03-06,0.010863565887051285,0.004079949857371368,-0.0011789230744831958,0.015803682242369943,0.007631973956008897,0.006051129006752198,0.016654289354911533,0.012014975317845344,0.022074937811439543
2025-03-07,-0.000918224336198703,0.003323672758078766,0.008343584362653811,-0.000647234466842117,-0.0005127365326677014,0.005333900106800682,0.0022226157571847427,0.0012218226577207503,0.0028715215881871536
2025-03-10,-0.004482104948670407,-0.005504373144950558,0.006816006415512499,0.0067335647250317265,0.0036572382064685716,0.0033873502398991118,0.005516484738387062,-0.00453418918288484,0.00875351771481192
2025-03-11,-0.0038681241044739023,-0.0040682960174865945,-0.00300007823287185,-0.001951039928978826,-0.004403370897027581,0.0036649563398614138,0.005951800616673442,-0.002716580692581405,-0.004944551311015122
2025-03-12,0.0025117519465081006,-0.00024250884318921528,-0.0039164968251877985,0.006897692458530891,0.005385002893784074,-0.006572507485750889,0.009595050343880418,0.0029875139812409746,0.011096843507980125
2025-03-13,0.00513173116015575,0.004922860548196573,0.0018939212145538953,-0.002558252061335975,0.0015038357019436788,-0.0015983348997445912,0.0024305388923453464,0.004360079271132911,-0.008006988948719984
2025-03-14,-0.006350263160919023,-0.004443429672236765,-0.0009629990898104568,-0.002811636557319863,-0.00045359964374080963,0.002230510646371364,-0.004632488005164581,-0.005908408601846715,-0.009964146738700386
2025-03-17,0.006168066736161437,0.003938937222820016,-0.001662759836141725,0.002361313594480885,-0.002146399693255807,-0.0043675018757999284,0.004682345830322454,0.008663256003437203,0.006642459404574863
2025-03-18,0.008819826056937652,0.005183628972249554,0.003277368765234323,0.0034831765334208953,0.004233166073013717,-0.005228249031476673,0.008662157838658757,0.012546420782916456,0.003771483357460914
2025-03-19,-0.003256874487611028,-0.00030770410719538344,0.005083572750374854,0.0018596741869165712,0.0011700302243271565,-0.0004884380865013416,-0.0019629156408628168,-0.001047358191180181,0.0036578312178261463
2025-03-20,0.0004581943992341131,-0.0013618447693439784,0.0003936463787799216,-0.002520622057834987,0.0007806979626845401,0.006478485560369673,0.0007894191266988315,0.0005180306313141703,-0.003779857656433294
2025-03-21,-0.009462204379868333,-0.00025834906954358416,-0.005646832106899979,-0.005059227151979595,-0.0032809731229397343,-0.0007132598037106197,0.0006163706080204445,-0.010256139329179792,-0.0022422472163634577
2025-03-24,-0.0024713067640830255,-0.0006976546892077939,-0.0017476611665206976,-0.001928790453157303,-0.003347388491855785,-0.007222277952030454,0.0017439030654053944,-0.0028612198216255713,-0.0004310771554567605
2025-03-25,-0.00038341054150559106,0.0011595262471360002,0.000260583354227073,-0.0029709464430931476,-2.5825691157721486e-05,-0.007275790965095674,0.000878474889979719,-0.003241348838497693,0.001800616930673904
2025-03-26,0.0036737137592590674,0.0030196958839261434,4.531208954894339e-05,-0.0014886306947903272,0.001475515182808751,0.005495199357931746,-9.501023989166857e-05,0.0011008588405876374,0.00586898720256368
2025-03-27,-0.0034848258536552823,-0.0015390048713611604,-0.001707795530770495,-0.004210979976130513,-0.005073757321346406,-0.003475774583299396,-0.005116568615938677,-0.0024592115427201078,-0.0032699839057698243
2025-03-28,0.00231895357741263,-0.0008736876459181087,0.003131374075752591,0.005486903144057864,0.005776601717465635,-0.0024792864267735304,0.008628150223680686,0.0030460008029284946,0.0082034500681889
2025-03-31,-0.002965479387165737,-0.00011180218710749035,0.0006243651548893947,0.0021215078090845996,-0.0010609347657195567,0.008220962132731158,-0.0001106109060357019,-0.005107905132343826,-0.00196742818629847
2025-04-01,-0.006529096139074153,-0.005670325388256292,-0.0033603904063107537,-0.0004652105854351385,-0.0013438160506089591,-0.001974411834339218,-0.002447175526248846,-0.006413301885974665,-0.003160334820143218
2025-04-02,0.0076417956739716075,0.006898943555478265,0.00047540674231472124,-0.002116018504694228,0.0001680069859906208,0.0008678529598973306,0.004417154765382625,0.0076508881660826145,0.002962964797775136
2025-04-03,-0.003956720948066428,0.00531769087929268,0.007538904405443914,0.010439658179454803,0.009536876735134925,0.012923412272006995,0.008006267060412853,0.0023998774086790853,0.01511152021073281
2025-04-04,0.009387826556883638,0.009622926652804509,0.020460623654887877,0.012380016951382578,0.003245967075053313,0.011221910398145463,0.004989841936018369,0.010300198900464297,0.007268569740843889
2025-04-07,-0.05310483745542738,-0.01124214097736198,0.008924283883033013,-0.005360440510336351,-0.013594981805291728,0.005487091359999585,-0.040192904246631245,-0.0423750505623689,-0.022050971980186906
2025-04-08,0.001655335777630551,0.00023184096630690654,-0.009421750832319886,-0.00629822288861126,-0.013613659235077402,-0.015941665376069003,-0.018589337000723294,-0.0007752032205945447,-0.005734664024177438
2025-04-09,-0.007057017140670752,-0.001066468567195833,0.016614250815135678,0.005962451246217082,0.004400132960661773,0.013329220939143127,0.0026480393242602762,-0.0033608153537624252,0.006358871159534152
2025-04-10,0.029944306630308448,0.01075785770394666,-0.011444273296066232,-0.0025847176829949525,0.0026933237277448896,-0.010542818015149225,0.01600106457588346,0.021511609507771645,0.00453211851261992
2025-04-11,0.014637386839781774,0.01077344022834592,0.042265659109308684,0.027919435356977162,0.012992012837162115,0.02540580470273146,-0.0009309023007550987,0.019634784693963292,0.013690087304832899
2025-04-14,0.012520778414278011,0.005557182849583064,0.003300529138231756,0.007577279343956134,0.007170775687243225,0.00035488025658603206,0.011907986355557343,0.015384482969772018,0.0059845643351408295
2025-04-15,0.00295142148657912,-0.0018776749728669495,0.0025736443825674638,-0.0003062430815494732,0.006824368687363247,0.003316595517371068,0.007454102725255041,0.005256895347503621,-0.0005761545218326836
2025-04-16,0.0028455944356424734,-0.004083966662054572,-0.005860393387593366,-0.004144378660155601,0.00428679932556375,0.00027931978545558955,-0.007052987769159524,0.004857878826822759,-0.010116043590534973
2025-04-17,0.005538204810598968,0.007020340589861451,0.008626723682032322,0.009220013132087201,0.0002249756689309823,0.00882846257544423,0.0075415748043159425,0.006766250780254612,0.012330575722522275
2025-04-22,0.0076870644338193905,0.0018360107304991047,0.005809288570090443,0.010177273336324122,0.011011599809934935,0.007467465299024312,0.019592520563259885,0.010902168694347791,0.024473746377582373
2025-04-23,-0.007129830785435942,-0.0009243453027598658,-0.02060356493595772,-0.01403016623455533,-0.007963937090376239,-0.012699010533515076,-0.006967696198903028,-0.006568625210972234,-0.008495183724911648
2025-04-24,-0.0017109621041945244,-0.0019461372783756703,-0.004495057871382713,-0.0021068835399171704,-0.0006499714621484021,-0.003735458936107716,-0.007776083053232741,-0.0013869490989680822,-0.009016204716564391
2025-04-25,0.005999988575909443,0.0011618131476545113,0.0012790609862665114,0.003934726147248657,0.004650898194659581,0.0024076974552273978,0.009287953468516186,0.005976069486627766,0.007372204397600557
2025-04-28,-0.003032412315738031,-0.0009227659430012247,0.0004104115008467524,-0.0025294967307852856,-0.0027111914652393487,-0.006687979035022051,-0.003109595398550935,-0.006443247018243836,-0.006693837459663343
2025-04-29,0.00700739560610697,0.0029428017634571813,0.0087799610982775,0.005818618549439547,0.010990765518106738,0.01169667400283192,0.011164906513456918,0.0037982468874502295,0.009227096010607783
2025-04-30,-0.006514621438050927,0.00023864617953583966,-0.002708203112700036,-0.0017425088679666745,-0.0018881966151933494,-0.0008503376741302304,-0.0033844356604109116,-0.005912953114066477,-0.005216837348971826
2025-05-01,0.004097999220379789,0.0026977178842029215,-0.0030752002427021363,-0.00565124200256939,-0.006478165370198075,-0.004964769353919429,-0.002932217377420221,0.00027318961678646225,2.274519243306017e-05
2025-05-02,-0.004100327295658679,-0.004109326279180481,-0.003643089142295719,-0.002507785777999927,-0.002816699281518731,-0.01676884793246014,-0.0008885661958462077,-0.004180938038124915,-0.011036517418210434
2025-05-05,0.009204249487740235,0.0017507567495120835,0.005921624775858891,0.002366562932993199,-0.0010882487261596463,0.005697568642087925,0.0005623112339061542,0.006529463928794055,0.01218938519502677
2025-05-06,0.002455359743677832,2.8978882501862202e-05,0.002809746459892848,-0.0008710742701883989,0.0015551542170648691,0.006752237424164642,0.0010389940218389349,0.0015619927253878174,-0.0029826410684605786
2025-05-07,0.0070076452573999415,0.0038127856450871356,-0.004649801870128978,0.0025974827882915275,0.004768077814541805,0.004327635054712564,0.012813540900404652,0.009010594347281797,0.009421872560682942
2025-05-08,-0.011048502016963058,-0.0046840284264463294,0.002038978739743902,-0.0032222829801346053,-0.004626384197764621,-0.005651823447898496,-0.009160539399048151,-0.012456597910357803,-0.009252964032055222
2025-05-09,-0.006558753115331273,-0.006484961496798447,-0.009437354499599149,-0.0072507998190278755,-0.004420572583321514,-0.014840887556471949,-0.007238528187873294,-0.006901986078227007,-0.008439944306585678
2025-05-12,0.0044303983358500165,3.587237243429797e-05,-0.002314896235741326,0.0004828175986058003,0.004053176128836267,0.001392223785531943,0.006521629123803496,0.0036470968973305595,0.003301043652980562
2025-05-13,-0.007652533378708082,-0.003592350343687878,-0.013185447794309857,-0.01193882024732218,-0.008367950488587184,-0.01684310659938404,-0.007825092419817214,-0.010034547490492263,-0.011289000629707058
2025-05-14,0.015825521881326576,0.0030290042559220076,0.006480584306318038,0.008109462705120585,0.009605794776707643,0.005300672965891762,0.008139748796794244,0.01273256090059327,0.01060722819787241
2025-05-15,-0.006769528282339898,-0.0033621471487284005,-0.002142128713218394,-0.00032419902750946417,-0.0030770871161873714,0.005987085018661409,-0.0017917105277776013,-0.006657017592657133,-0.003063706130708499
2025-05-16,-0.003580839809014469,0.0017413216463861847,0.007946357817564476,0.0009625714399328356,0.0032734408374170965,0.007121529380919034,-0.0029618910013493593,-0.0038472510234502932,0.0018311434121611736
2025-05-19,0.0006589674848582749,0.00015054310432693896,-0.001017441912314343,-0.0004587228270362953,-0.0001050827250987929,0.002167975005906042,0.0037345311192393815,0.0022606010132062426,6.370111515163757e-05
2025-05-20,0.007147906333879961,-0.0003080826819780169,0.0005508677112284754,0.004100138468513537,0.004100180074992021,0.0022279567737775174,0.006491942487089286,0.007473015376739944,0.004801409019901781
2025-05-21,-0.004619027412624543,0.0034221042963182846,0.010013175268563046,0.004853828028530183,0.002826926380080641,0.004482866531046348,0.005915472795238186,-0.0006045899998442517,0.00534294330540197
2025-05-22,0.0011051810498041714,0.0034990980695230878,0.001990120483633895,0.003829962183004687,0.001583516973670207,0.003985934592975138,0.007272938647295835,0.0010264940652291443,0.006438865944970784
2025-05-23,-0.003621436726219729,0.00020206568072267395,-0.00399570870728061,-0.0043547334541853555,1.3414228534402994e-05,-0.0007159617466450108,-0.0030089810480282697,-0.006045061763058079,-0.006864686494772898
2025-05-26,0.014257009663871667,0.008793606927835373,0.007259154572303528,0.008063275420608917,0.00868990495124966,0.006936502369129904,0.009490620016914919,0.015949875487136334,0.013860783006177213
2025-05-27,-0.0031042837263433043,0.00010197507052334132,0.002425538877059541,0.0013780624862818058,0.0021704714427783767,0.0014861422105760802,0.0014844048191560155,0.0005035624907423486,0.00015773328044810242
2025-05-28,-0.005228666442202989,-0.005372963644706963,-0.008268247554599983,-0.004512133069928481,-0.003824305509968484,-0.010556490655314055,-0.005733044593666969,-0.007773549508975353,-0.011852094365424448
2025-05-29,-0.003398981960294978,-0.002967257917858901,-0.00635393897896086,-0.009121845100342862,-0.00605753293348521,-0.01043263902146141,-0.006665575306030624,0.0018466304655746502,-0.007831320086222782
2025-05-30,0.0032358944012309543,0.00328847244652275,0.012871520179881912,0.012880357778047635,0.005027009525756965,0.013339911772634716,0.009813360205256805,0.0032763584769874843,0.015345747010572452
2025-06-02,-0.00043163906984555744,0.005791892583624447,-0.00036483172906687233,-0.0022025434804063826,-0.002348686515875942,-0.0002502901838297156,-0.00882566039484256,-0.0009198997332221515,-0.0030801686251172855
2025-06-03,0.008564815864090747,0.0011304741200810486,0.007757866382569256,0.008819226592268192,0.006642808205233441,0.009568181784101126,0.014675186741971435,0.012519141892389563,0.006488243560037965
2025-06-04,-0.004972433865675696,-0.0003135165166793241,-0.008445796307538167,-0.006022474969410219,-0.0018673566518425666,-0.00962902251546005,-0.006669166788205394,-0.006907092976602858,-0.010053747177238948
2025-06-05,0.0038035466583876687,0.0026244326619728753,0.0060148977731895314,0.003300948975709872,0.0015314084085535917,0.0077418590639122264,0.0022263377654381244,0.003544156369612139,0.003672248395270694
2025-06-06,0.0030534756323443712,0.0009073258493923486,-0.0015624165589529504,0.002783278827282132,0.0020233328043806065,-0.005643036709549132,0.0038440246729927185,0.002471346775708705,0.0012158337748360282
2025-06-09,-0.0015795387431932761,-0.0017457430479389524,-0.002447444038722435,-0.00401553968688928,-0.0030460767945990064,-0.007940969804388298,-0.002666730657369887,-0.002994093786989005,-0.006384106986320415
2025-06-10,0.0027512581660209534,-0.0006058406800869554,7.301786615077077e-05,0.0017713400708556648,0.0013692387956860674,0.0010447003153182255,0.0034712850608942247,0.0044292342122576045,0.006223181890812057
2025-06-11,0.0013961790708476585,0.002238744593596298,-0.0008759545014191961,0.0008235503479774309,-0.0035796864729639166,-0.002057499797462836,-0.0037603642590194886,0.001357210439034695,-0.0017872407408899837
2025-06-12,-0.002711849734102323,0.00019025403842753974,0.004301016847633843,0.0062840581474452595,0.004382290948536927,0.004403476307260679,0.0052834950973283945,-0.0037136454804951313,0.005401185938009645
2025-06-13,0.002841647078493992,0.005089530370728346,0.01161929534196715,0.00789975565342127,0.004442599682598747,0.0070464033676431725,0.012815857606796266,0.004738178300926599,0.010693119040230181
2025-06-16,-0.004289380227562312,0.000920221305940272,-0.003959499286805723,-0.0037559350278424386,-0.005186876253965078,-0.006225254544351855,0.00024209765644256365,-0.0043196947557219145,-0.0042228796045877814
2025-06-17,0.0016928641388727073,0.0006998260138915136,-0.0018360232373959562,-0.00046201692721115073,0.0006321422111574826,-0.004408242101173188,0.004486970770585685,0.0016894394391182566,-0.0018966564420992427
2025-06-18,-0.0047924466258890686,-0.0079730727588192,-0.0038684245320108612,-0.00594800541714724,-0.009991976892043009,-0.004450549900386291,-0.006571004249974588,-0.0049298050622335055,-0.005926562885219866
2025-06-19,0.004261037114522859,-0.0009053847676365745,-0.002673861974928915,-0.0004476588490742728,-0.0010062200840144087,0.0029043858004493828,-0.0037399967851633464,0.0016822710867616664,-0.009852980260706468
2025-06-20,-0.002861612695807314,3.655792193635321e-05,0.00327055664514897,0.0030739436330802228,0.004487769389002194,-0.0018110735864677041,-0.005643089091378228,-0.004758676914228599,0.0018714225209273128
2025-06-23,-0.006485352612227824,-0.0031879264508872796,-0.0016630990130303003,-0.0010350377251370224,-0.0030231496465709107,-0.006879833069948771,-0.0070290866473793345,-0.006451027191019532,-0.008027491033299583
2025-06-24,0.0048234172009480325,0.0007794113152184146,0.006362435385756093,0.008536921477964032,0.008140861615555606,0.002028433622413006,0.00453386776649034,0.005581663926087499,0.012917113569914651
2025-06-25,0.00280945477732919,0.00014563983260740265,0.00922811556705505,0.0011379258177608431,0.005132770232361805,0.006698490152847514,-0.005785136201806318,0.0026570340318279317,0.007334760272254881
2025-06-26,0.00417416083236577,0.001064815792866547,0.0017667144850563865,0.006157340641507414,0.005654760263048786,0.0003657164182453432,0.0002541873954360341,0.007418512668425636,0.005459704100132745
2025-06-27,0.003554651556976207,0.0050501272995215896,0.0035460330490251213,0.0007249234392081583,0.0024017942498333333,0.0014513850851625154,0.0054452378066787155,0.0005089502809414448,-0.005410205819319058
2025-06-30,-0.001999112800367686,-0.0027993890277682176,0.003307245677085957,0.003013925168278808,-0.0003703585964104361,0.0012247829336224925,-0.0012225913822647705,0.0008246683152162149,0.004153749463672085
2025-07-01,0.006867491731530562,0.005585980313566052,0.006975980919777136,0.005092043354437914,0.0007963400852661895,0.004986058581658792,-0.001041734475601408,0.0046851277639698985,0.0018155258996221946
2025-07-02,0.0007636693460333355,-0.0028509476249004573,0.002567396804526556,0.0015583858686389895,0.001209751601549014,0.0027754862128503976,0.0015550814394533763,0.001378781094116155,-0.002189506758404569
2025-07-03,-3.096530817092713e-05,0.004209801884347497,-0.0010233323387931481,-0.00044844072685967795,-0.007070672297028069,-0.0008640119411644775,0.0010395061672177075,-0.0018694848487217364,-0.003887820249238838
2025-07-04,-0.0008511196206976157,0.001038832558775793,-0.0032741647824887643,-0.002436668096811645,0.0013394219377349526,-0.00798997667128687,0.00024869713916686464,-0.001526089912155082,-0.0059709690974065754
2025-07-07,-0.0038779774235795372,-0.0022273584678311753,7.551542845529724e-05,0.0007892943572744837,-0.0012286104090958316,0.0012734137213259444,-0.00195320860324677,-0.0047502557173938476,0.0009972016882078272
2025-07-08,-0.006974565239363684,-0.00453700702172255,-0.003913900616758226,-0.003755652578407487,-0.0020435372457847656,-0.009554994164941766,-0.0036340606424086763,-0.0071732810572781025,0.0051653304974970116
2025-07-09,0.0028315910577130232,-0.00022684685918272773,0.0016208970271673895,-0.001020078368183186,-0.00281213932768698,-0.00651690334143229,0.0014862505757244904,-0.002367494282664473,-0.0014053080779871108
2025-07-10,0.0017451517522866222,-0.0011399976530996891,0.0037077662311459925,0.0005631767029687929,0.0005708934543984245,0.005030323024043826,0.0005353290713752124,0.0008038330994661891,0.0019447626392010697
2025-07-11,0.008888662723546936,0.002028329042178534,-0.004757029834640214,-0.0024225628397964716,-0.0009913460680026631,-0.0011894070488249753,0.0012706316711241783,0.00721984352997862,0.0005285706281414893
2025-07-14,-0.002414105455379345,-0.002024223251369861,-8.78222023804609e-05,-0.0017639848026553828,-0.0063150415393260495,-0.006836646163807303,-0.006321743767645938,-0.005760675654091552,-0.007484428245352448
2025-07-15,-0.0050722214822325196,-0.0015104812524616706,-0.001353574624065379,-0.0013532100753279597,-0.004874447377550828,-0.0033628968570970086,0.00021602992880098704,-0.005828584254348512,-0.004680584758648854
2025-07-16,-0.003930889494665468,-0.0008529351694528398,-0.004429628853938383,-0.005049252023216044,-0.0025849010423318886,-0.006513764563887303,-0.010665626583918342,-0.002947347282646562,-0.010371680262267091
2025-07-17,0.0009220036481500937,0.0019796372456037936,0.0006242368206252902,0.002443466592229049,0.0013263737429620726,0.005121487907921329,-0.0005959545976753633,-0.0014091586200876138,4.937970549123705e-05
2025-07-18,-0.004108837984444169,-0.0033925773798552106,-0.0024411861805538893,-0.0017422791502890167,0.0015998156807537356,-0.0029573527529743737,-0.0028782480126234855,-0.00026745333500677315,-0.0012049622205271282
2025-07-21,0.002142512387918849,0.0008670555879741748,0.0021218503493269925,0.0013141727864733888,-0.0012342869800650025,7.411919971089809e-05,0.01054607347604719,0.0014285708555903387,0.007198166500473002
2025-07-22,0.002454530277391065,0.0035244658494313352,0.0038792713285238367,0.0054848129625788555,0.0054767420617629625,0.006933112615403081,0.0013465283411129292,0.0028236280797195867,0.009298895328195611
2025-07-23,0.004077032382792778,0.005255730883866105,0.00561220803577811,0.0038152555175337,0.0023797757678398757,0.004251067236813455,0.008957602047440671,0.005106061684707841,0.0056950560714212894
2025-07-24,0.007519335759574863,0.00020587628228985189,0.0019985936547097793,0.002990702834968051,0.00429112959955491,0.002979211621395139,-0.002758136990524518,0.007953020367575947,0.0009921950931695012
2025-07-25,-0.0010331533280046878,-0.0028664901619522842,-0.0035515180073705244,-0.0015400473566333783,-0.005120365638069613,-0.004462472960673591,-0.0021730275802409604,-0.0017689758360206476,-0.002368101188474969
2025-07-28,-0.003667616081169278,-0.004488368218455441,-0.0006285926942661835,5.871164147408514e-05,-0.005120953360641112,-0.005466357071954642,-0.0014150147025641102,-0.002949469818138706,0.0025752277323694006
2025-07-29,-0.00745046692258744,-0.0023444675651752567,-0.009625211392020439,-0.013614622984389979,-0.005998664302736767,-0.004485485143948309,-0.0049019594071494366,-0.007876934179618322,-0.010675980260740792
2025-07-30,-0.0016543830461368536,-0.0028750123870719957,-0.002942381361987656,-0.003950425906899091,-0.0004941389040699073,0.0002492728684704293,-0.0016959715137370157,-0.002893949693882125,-0.0045251194489792645
2025-07-31,-0.010147737395356682,-0.003710567300411194,-0.009517862116481202,-0.010526402697315418,-0.007185607146399264,-0.005253753320021093,-0.009236453829355784,-0.007880835828449229,-0.013427786846719858
2025-08-01,-0.0027967524352205952,-0.002294888530667505,-0.0008477495676301183,-0.0004912575965008159,-0.0036063084096394915,-0.01025392789430346,-0.0027120891094932764,-0.0032151693601332187,-0.0004926005625426333
2025-08-04,0.00622330912312874,0.005711850311418631,0.012300867170101926,0.014263281535664252,0.0060602434493330914,0.023272234178188356,0.007337287334563181,0.004329128771185298,0.014215257523898073
2025-08-05,0.000880557696983697,0.0007481751271816162,-0.0038161920895949386,-0.00022017339786817303,0.0005717415954029637,0.0037467934744992437,-0.00038517734156418015,0.00047337547655001977,0.00037954176907661896
2025-08-06,-0.00027828649166250496,-0.00019607503657459446,0.00021066828011573335,-0.0004284036012656145,0.00014630516262692517,-0.005197874110233425,-0.00015215026642967366,-0.0013000837207175486,-0.002575381444470448
2025-08-07,0.0042056622525306064,0.0022926999752543864,0.0010793243500557548,0.007254479395229607,0.004394787242729459,0.002493355061546465,0.007382612710385539,0.003248892718657581,0.006930809400904181
2025-08-08,0.003921945841184105,0.00048786179031745647,0.0004468369455734589,0.0011559956311337771,0.0070082100381876344,0.0024243721624315206,-0.002943325775973893,0.007020862010080675,0.004977716061773663
2025-08-11,-0.0012253013633954923,-0.0014688035063361582,-0.002204457205192245,-0.0024576614146440967,-0.0005242840744104083,-0.005600524443363009,-0.007060059432237642,-0.0034863559383713216,-0.0012073858396807191
2025-08-12,-0.0005081888176146077,-0.001524638147266999,-0.005333800694051094,-0.0025329006384294805,-0.000685313932567877,-0.00311222639768427,0.005954446436714056,-0.0014791706345155253,-0.007019138524364199
2025-08-13,0.002363817443938876,0.0002977288629388841,0.00702110976255832,0.005044498085522209,0.005131711503335135,0.0024838208790491922,0.0009969306602684025,0.0029133582936045066,0.009737157813065833
2025-08-14,0.0033544831262626307,0.0012725273311653407,0.0017646151262862286,0.0030687789312300318,0.006004687437931366,0.004336599438932387,0.002814698134115945,0.0038936361723691526,0.0006796727048350437
2025-08-15,-0.008271334111297324,-0.004416053896397321,-0.0034673913821713365,-0.0052547013700186,-0.004018630115445898,-0.0038661744296463185,-0.003270398940686703,-0.010018476330564852,-0.004924090749702681
2025-08-18,0.0023772085201927418,-0.00013754586084469,0.0011405873060281735,0.004741219356902748,0.0018979108619758822,0.002899464040039934,0.004211242943372273,0.001268682183184211,0.0031167021026459185
2025-08-19,-0.002788247573541902,0.0009346140681312232,-0.001003241377660724,-0.003267246064411977,-0.003552699162331363,-0.004407858488853056,-0.0029042833458838846,-0.0008115390558700586,-0.0006758800134386567
2025-08-20,-0.00618998743446042,-0.004608376941385051,-0.0004456863318628157,-0.002212071132819071,-0.001586019028698149,0.001252259546586032,-0.007897045268881686,-0.004405511074601964,-0.00458432995018998
2025-08-21,-0.002865910568630503,-0.0004901460367087163,0.004514191812013957,0.0007923034548853458,-0.0015136724619624342,0.0028035247744349068,0.005083323934787387,-0.011784619144212582,0.0018048840720170656
2025-08-22,-0.001647529761110933,-0.0019855922142625326,-0.005601806293413891,-0.003321295517033751,-0.0034890702974099685,-0.007197501188984656,0.00548354748315405,-0.0010072537817271687,-0.0029354876247723594
2025-08-25,0.00924482435102747,0.005177649326689293,0.007989932011059242,0.008313816789309092,0.006836720779638927,0.007954388331027795,0.010843779489575711,0.0074021651635103325,0.011223976531804514
2025-08-26,-0.0005858533960241274,-0.0022006665563968353,-0.004850100049625605,-0.007784397121532227,-0.00426479133606017,-0.004106356713695858,-0.006264533269065953,-0.002766721179318754,-0.00859750688710581
2025-08-27,0.0022683628177582182,0.0018722374996089641,0.0029984007985253136,0.0018041788739109332,0.001873533145560602,0.0024413109590502025,0.00030615140189826917,0.001576023893280487,0.003333715521145697
2025-08-28,0.002401325876896898,0.003773222257937192,0.002819675169196678,0.0007338296814596301,0.0018634848333825005,0.000991143923441573,0.005335918310773735,0.00047462708707479706,0.003099410457377827
2025-08-29,0.00322509894440981,0.002298215181190111,-0.00011228060574119958,0.0028852694977008486,0.0005405265592046682,0.0035833571811507703,0.0009190865536190529,0.00407843282417919,0.005183438192050138
2025-09-01,0.001714395520691081,0.0008297898279379101,0.0011865987816124246,0.0008769080505828253,-0.0005402345480833848,-0.00208710467027029,0.0005478287804661086,0.002004954859650576,0.0022861810590855125
2025-09-02,0.002017609770951667,-0.0006546911657014931,0.0006123974238041452,0.0020620331010148263,0.003265052314019634,8.838818847123342e-05,0.007146217041718916,0.0015947099739370696,0.00814796160658271
2025-09-03,-0.005871740042054485,-0.0026914515668873262,-0.006382802028995993,-0.006818667442679227,-0.012138766012229296,-0.009855430404299592,-0.004868537884017865,-0.0075499197102626425,-0.008628277621177793
2025-09-04,0.00400387896921095,-0.0006234826162520024,0.0018536911352216023,0.0020988615312806935,0.0043416359709747,0.003838413564348553,-1.092781626255146e-05,0.0033110646727336768,0.004195296146916716
2025-09-05,-0.003422777036964919,-0.0015852289896971516,-0.0016519295461007166,-0.0003031234597824506,0.00021515452325138185,-0.0026622023417721685,-0.003530668343292187,-0.005102129238468089,-0.00325502114628784
2025-09-08,0.00498341269043423,-0.0013733972149454488,0.00744517365173003,0.004825879723410198,0.0036025753758877066,0.00020901324353284068,0.00523487151449098,0.006425699374696947,0.0074999575650531725
2025-09-09,0.006650219808270297,0.0028270618475407794,0.008034646641323029,0.004778174989349404,0.0044589149275713336,0.006650170585024817,0.004582149906105171,0.009576402762177416,0.0033888607863459264
2025-09-10,-0.0020294028081370152,-0.003726527867816465,-0.005631454148529724,-0.00564072504420543,-0.002359368895207714,-0.0001899687788587956,-0.00026059444019943534,-0.003211282539926974,-0.003504932190009802
2025-09-11,0.005257033984974013,-0.001002835633863386,-0.0017153677622355756,5.857199639236477e-05,0.001008347676374477,0.0004072269316657273,0.005270107926697909,0.003000952105262966,0.004632407083340118
2025-09-12,0.007354820235615733,0.0019372575358160837,0.0034172980400746233,0.0026755139493519486,0.00309545168096359,0.0007335876602938551,0.0070528527002176045,0.005723216995082492,0.003541116905218855
2025-09-15,-0.002849724073768156,-0.00038297888835348015,-0.0009413897884906763,-0.0007035886474967556,-0.001707803211899117,-0.0029932505903652595,-0.0006187025352294429,-0.004080531366467466,-0.0019054976260286516
2025-09-16,0.003610075616969688,0.004719039879720777,0.0025671716752742046,0.0031762058226916245,0.0036320138617080833,0.001770642712769277,0.004023033710593316,0.002638423365580067,0.005056761762785911
2025-09-17,0.002397315549662604,0.00256209554565201,0.011133541675167224,0.009152790526439691,0.003768465930004128,0.00677538492194385,0.006792706358555334,0.0033983672699078316,0.006027365361680692
2025-09-18,-0.005456378820770658,-0.002258500086875337,-0.0030823784699252066,-0.003796270085562381,-0.0017719095370115623,-0.003254195722728226,-0.005486103650061747,-0.009218247253234946,-0.0065266217628845435
2025-09-19,-0.005200946685547825,-0.001587895655781657,-0.005261764135392366,-0.0029830694629607857,-0.0054088660902879004,-0.007137689249683055,-0.0061243081090548435,-0.007228564960056971,-0.006431064094159278
2025-09-22,-0.004320635230289582,0.0007110000882262213,-0.004672073402127164,-0.00458919468691954,-0.006732381207653293,-0.0009993247165408503,-0.005291579486973341,-0.006787569060186516,-0.007582407542275238
2025-09-23,0.0019257306066697844,-0.0031030854345720504,0.004846135480572,0.005463925860591967,0.003730129570032936,0.0025046207608678817,0.001057414255047906,0.0029896515821805636,0.006173739146067447
2025-09-24,-0.0006359516351739369,-0.0010260074055838952,0.0012129846139385947,0.0011342028214857969,0.000703261180776682,0.0007587374195894281,0.0030716640535388695,-0.0020113318705711203,0.0024403361014859737
2025-09-25,-0.0016487085417556946,-0.004094773784594552,-0.004064600978294419,-0.005907559229970882,-0.005329764115166391,-0.007650371655426702,-0.00558772786497419,-0.006896721569061626,-0.006956380936882112
2025-09-26,-0.007531069530233414,-0.0032278261393035024,-0.006724706767262334,-0.0069743194983751255,-0.008612732580643767,-0.0074067663209209655,-0.00939149037318665,-0.009182531414732242,-0.00666282025764231
2025-09-29,0.002552108473226289,0.00020081746735645112,0.003210136347458148,0.003898836318379839,0.00537671700620046,0.0030520642285674082,0.007118920755373015,0.0026059493667875966,0.0064237559082294116
2025-09-30,0.00426918132720866,0.0015808966352302,0.0003511829001967559,0.001982573876127436,0.0021633856251546124,0.005451041770857978,-0.002426980665827916,0.0005724025827331669,-0.0015280882035725307
2025-10-01,0.004363686219564622,-0.0005242349277964076,0.0012560245647201818,0.0003755697563918581,0.0004570625163402564,0.004040671272508067,-0.0004545834732129217,0.002503872512506833,3.929495134902261e-05
2025-10-02,0.0007257291215376771,-0.0011478367954298463,-0.0008909544858533014,-0.0001525687209337212,0.0027365111327497527,0.006214188662967635,0.007481373522193024,0.004453694351187698,0.004609851544446153
2025-10-03,-0.0026313266715704,-0.0015328847846498572,-0.00013805195824001526,-0.0007620456756015637,-0.0024877093574430242,-0.00045532684710225535,-0.0061282165273216505,-0.00039570529221277795,-0.002136596378111366
2025-10-06,-0.0007562043581978983,-0.0002935630141674972,-0.00021323955976659814,-0.0010776005590223958,-0.0009538237258576165,-0.0164165131414713,0.0013490902065740329,0.0008911758635858913,0.0009196474081998307
2025-10-07,0.0035490121131271923,0.0013623674249727546,0.002868245251315349,-0.00018737642672239652,0.0038027871428631954,-0.004822630564142116,0.003928423006406723,0.0028001865699516237,0.0003378940216334225
2025-10-08,-0.005440044249681031,-0.00048733572176828943,-0.004608110229220919,-0.0047551225397653996,-0.004737641771446088,-0.011312002411685618,-0.004181893112978452,-0.007411855826327085,-0.002093316724216754
2025-10-09,0.0006070510858577904,-0.00012899404209831822,-0.003630714767130394,-0.0019424973329146278,-0.0014607804952138093,-0.004119713341028897,-0.0008583433247074668,-0.002452159400230469,-0.0029493685826756932
2025-10-10,-0.0035247709346979406,-0.004579576119434714,-0.005792778682420674,-0.005632840619910651,-0.007197970382102903,-0.001863195299143361,-0.009140668741555058,-0.005286978316690005,-0.010779651269646529
2025-10-13,-0.009585101627258896,0.0014501660720751541,0.004798563164935876,0.0031094642734201816,0.0023471911119072875,0.005978038245720407,-0.003837188361179189,-0.0045413361362690585,0.0024515320194569146
2025-10-14,0.0020310005734460734,-0.0028848324841613815,-0.002449356727971974,-0.0030652003132498606,-0.0002666440932431735,-0.0024798008791813153,0.0017518996878569393,-0.0016237589838334898,0.00011254463417875726
2025-10-15,-0.0031171705164768637,-0.0004271843012101373,0.003443405816511147,0.0030629787385783036,-0.000825896214074584,0.004633218766622038,-0.006930580669586073,-0.00043492982742920905,-0.0035539461275856388
2025-10-16,0.0025726780634707236,-7.120645892666477e-05,0.006251996518080283,0.0037966881314350776,0.0062196101164235795,0.005014133487066363,0.006003474522451535,0.00019503179956981143,0.007561848636741253
2025-10-17,-0.003934198614018336,0.0,0.005960840825722569,0.004574577684245185,0.003065592800592487,0.005688808513368171,0.003727259177395137,0.0019070807764296482,0.005757416891555955
2025-10-20,0.0029778425380935225,0.002147585658686557,-0.0022177773541708357,-0.003602179138539885,-0.0014634338367607302,-0.005168978203083818,0.00016709134927683778,0.000836773140498126,-0.0009601828202661089
2025-10-21,0.002247423805090687,-0.0012185970223248521,0.0015017752766492976,-0.0011179075454055276,-0.0015415834180247945,0.0008356335943595639,0.0011059022178898648,0.00221164328069845,0.0009589766054474147
2025-10-22,-0.0037457832383266387,0.0009343795822458478,-0.0053972615529915835,-0.0037817161497502028,-0.0029804134855728748,-0.007367049543621551,-0.001375806752999864,-0.00032725830277868795,-0.0012410355464429479
2025-10-23,-0.00029343690174699066,0.0022232436979832126,0.0007662373970269698,0.0006965288242495316,-0.0010013763461652614,-0.0004013674005893808,0.0036927697057382858,-0.0009925794746022953,0.0019662688449730847
2025-10-24,0.0038210343417355297,0.00015733656302274746,0.0012703132992171184,0.0008249220313643058,-0.0018258371039027166,-0.004246407207341596,0.005575492138678806,0.003188386824631406,0.0034586436034822476
2025-10-27,0.002944825891411984,-0.00048600696084644124,-0.0012185239297988204,0.0011747476354981856,-0.00038104124798343797,-0.0029988019147751954,-0.0020005985561685202,0.0008692348848100551,-0.0006182169067183718
2025-10-28,0.003767216540832896,0.00014296867205354502,0.001812195379550463,0.001724439736437322,0.0013967890138115724,0.002416651118934743,2.0053772751271737e-06,0.002657385220277586,0.0005972275096091106
2025-10-29,0.004040713583729927,0.0037664213275916403,0.002245163696069863,0.0005246466257384785,-0.004622543235147769,0.006333567414527286,0.0011136502604731646,0.0013995284886247905,0.0006413729084777664
2025-10-30,-0.0012602322020600631,-0.00017212763610507942,-0.008714664330375044,-0.004676089129250993,-0.006320565267233458,-0.0064888969085037385,-0.0037132416601594054,-0.0033375405134752345,-0.003645903892127489
2025-10-31,-0.0026610377829845433,-0.0028467291263951644,-0.002233119967960717,-0.0026617087187807975,-0.0027502682692778224,-0.007654280839064831,-0.0037024353022749867,-0.003292051964725373,-0.0032895707629646553
2025-11-03,-0.002073027300478314,-0.00244731423147293,-0.004112268819098652,-0.00383881271845421,-0.0018520365562519903,-0.0019132488973105932,-0.006452656072045149,-0.003920103587175983,-0.006092446471354096
2025-11-04,-0.0007064373213077069,-0.0028458446800159187,-0.003996925249215022,-0.0007718380054317908,3.948007912346618e-05,-5.828271032948251e-05,-0.0009481283554430009,-0.0027565175141348597,0.000954204229870248
2025-11-05,-0.008481236014808657,-0.003226730394197408,-0.0027148790066053863,-0.0029173258419082915,-0.008645160704805033,0.004213340233507612,-0.009767449799360173,-0.011321410133852683,-0.010034570044404334
2025-11-06,0.0037477136823578228,-9.932486984010058e-05,0.0007409634807173937,0.0009772937991558983,0.0023729808469750147,-0.0033490048060242916,0.0017094999313285175,0.004713734787081814,0.0031063910218491753
2025-11-07,-0.003995307372503087,-0.0006731804698089094,0.004752470238724715,0.004561919954874316,0.006768917830735299,0.007355441158856557,0.001326322606152397,-0.00528934861851027,-0.0017934541614186283
2025-11-10,0.002853235427222822,0.00484203397852756,-0.0014744412096753257,-0.0004617997950285835,0.00013144731384784336,-0.005649591971708889,0.00254036159517268,-0.0020933982221600367,0.0028792481029251693
2025-11-11,0.004995318178255825,0.0013047533615822005,0.0023970371495600773,0.0011557557451913336,0.002305241137837699,-0.002134306172803746,0.0038900042314173877,0.002946120857898027,0.003326185401089088
2025-11-12,-0.0008234438889754836,0.0006920803704593137,0.006035014164044394,0.0026187998451556727,-0.0015257515367013141,0.00046080900155698323,0.00816897017779139,0.0023930415813020467,0.006597936728938381
2025-11-13,0.001056899689100943,0.000463926837750428,0.003146087192733349,0.0004056464170609786,-0.0019035781432288346,-0.004123767872470374,-0.002650604805019885,0.0008833294947554471,0.00039921748122151435
2025-11-14,-0.001132108850236957,-0.0018666821360013852,0.005735727066671803,0.0034314281509766342,0.0018544500945250064,0.0005173658490000843,0.005068688686617362,-0.002011737998047547,0.004115079861247706
2025-11-17,0.0006128441656787498,0.0012341702129321508,-0.0012715927823359063,-0.0014287326216215757,0.0006054645349602428,0.00031043690860799167,-0.005643271229562985,0.0044955849476326915,-0.00456206212395216
2025-11-18,-0.006168755276875548,-0.0022989180593858682,-0.002461543759155971,-0.002132669270616616,-0.0003026396682976884,-0.004430830237224681,-0.002266899388958299,-0.0037886201946056852,-0.0031453822059999137
2025-11-19,0.002513186287087743,0.0046764486062882415,-0.004948779631747224,-0.0008106653194661639,-0.0006573826655755788,-0.0017680018253868335,-0.00042934925844761995,0.000780948935700243,0.0006757605856069215
2025-11-20,-0.002920518545196593,-0.004087624280510016,-0.006481085763361261,-0.0034967590310897023,-0.0065178550784822376,-0.009197922210821052,-0.0062770679272873275,-0.007916301765690692,-0.006950623276219092
2025-11-21,-0.006241856032845106,-0.003456013698172611,-7.45169054957584e-05,-0.0005306256310669832,0.0017664426100090225,-0.0023956363290787985,-0.0032108495908769186,-0.004026148947764652,4.189948463717563e-05
2025-11-24,0.002000099071536976,-0.0002412164277184603,-0.003944725345945588,-0.0023360129840279686,0.0008774275366114637,0.004346215029049638,-0.0034565546135909564,0.0038225234581381606,-0.000279818237112206
2025-11-25,0.000526281517631455,-0.0010206593104278294,7.415474828120772e-05,0.0010828438194874224,0.000747130266094409,-0.0015992954505005263,0.0012694194786455615,0.00011234571047502584,-0.0008274727340530363
2025-11-26,0.0006961772567593005,0.00048217283444662584,0.0007797483780753733,0.0038857634592328605,0.004009370721624661,0.004538178667209847,-8.514299500261835e-05,0.0019032920390664732,0.0018951651521785795
2025-11-27,0.008432144698234056,0.004466007414674289,0.0055881442027547745,0.0032254476698920787,0.006557607839740909,-5.7621244616723466e-05,0.0030287845846657113,0.0146681808123994,0.004476697009249131
2025-11-28,0.001676456654661429,0.0009624454204886224,-0.0013795889872306732,-0.00019717279488074002,-0.00028855044264053387,-0.0002879256349336279,0.0034763440867273676,0.004205328218217064,0.001724365024029062
2025-12-01,0.0023715829552450884,0.004051753902543975,0.001568430002235388,0.00013914779273482836,-0.0001059644098230228,0.0022831231198374713,0.004078527895999828,0.0009442515114108652,0.0026891212107778006
2025-12-02,-0.001113794557582315,-0.0021857023611359105,-0.0015659738818164515,0.0005340106853513049,-0.002298419837487242,0.002384893782819475,-0.0009439317710105977,-0.001780841474872119,-0.0006093833532900828
2025-12-03,0.004538386100827019,0.002176122472490105,0.0021672255978504307,0.0017441337417734015,0.0007667317131194729,-0.0016045491475464857,0.00035067235277663755,0.0025488804318285485,0.0026330451670699695
2025-12-04,0.004764236311343817,0.0011825155157638712,0.0038762099088771595,0.003348405480923855,0.00978466169400316,0.004513092454060175,0.006281231997261827,0.005820411256872049,0.0053026599855285905
2025-12-05,0.0002114356834850284,-0.00047274843523770205,-0.0050014122899706415,-0.002060723075929638,-0.002024862026469454,-0.00022562338049048059,-0.005228114430733122,-0.0024940363926371223,-0.005055145756668544
2025-12-08,0.0043873328890182695,0.0090425033243422,-0.001329394299489528,-0.00022115992647664395,0.00021055691005167354,-0.0012746108635351971,0.0005322498404520815,0.00281175840919734,0.00262471079631843
2025-12-09,-0.0012206761282765877,-0.001039735024660704,-0.0022166326514023726,0.00010466455726287904,0.00016515351985901816,-0.003233989256462344,-0.001309003739243808,1.7439726396561994e-05,0.000671721022157401
2025-12-10,0.0020652471686155582,0.0002527886174861216,0.0009157770592447267,-0.0011278422618286044,-0.0017454542201787993,-0.006337770898285022,-0.002348680117530866,0.000588915874703666,0.004186469268519177
2025-12-11,0.005045985232632999,0.004068334533978923,0.008156287675585183,0.006271748856121917,0.006372956820419606,0.0067270312314959835,0.006498573290090626,0.0065227334488746624,0.009963752259949388
2025-12-12,-0.0014230283221482454,0.0009944707874207648,0.005775078586425231,0.003263644397137,0.00016062779468106747,0.0014334141651815013,0.0015786711399945474,-0.001376689841697032,0.0011977462823269391
2025-12-15,-0.0026556036635615454,0.0005738025994372897,-0.0016956635439376866,-0.00015262371126645302,-0.0016977162378146726,-0.00205916519875049,-0.004812327796902993,-0.001183640074917336,-0.0016468906332265387
2025-12-16,-0.0008275408166192877,-0.00010164113200150648,0.00016331167625338594,0.0014458302179327642,0.0009634671691252095,0.005631720169478216,-0.002550422720620338,-0.002794753186291854,-0.0015484608753115747
2025-12-17,-0.001174180485468579,0.0009522981721925561,0.0010186457902494617,-0.00043476576500012243,0.0033172164639205803,0.0015312222144312493,-0.004343184020814017,-1.730627072116242e-05,-0.0018360110503266025
2025-12-18,-0.0048990085990062715,-0.0020095671517240676,0.0,-0.0006105804521927549,-0.003754227268428556,-0.004611050270258543,-0.0012837555170578385,-0.002246969701964363,-0.0001484057053026122
2025-12-19,0.0018631244999651742,0.0004935543309954049,0.001498730189305686,-0.0014187562314870172,0.0008071714185733381,-0.0005849075034081164,0.00450200471677098,0.000538434630628748,0.001912515270991344
2025-12-22,-0.0005446950987174626,-0.0009644591153876725,-0.0022869555083612214,-0.001498647547091836,-0.0006247505228221817,-0.013255006506044165,0.0019286200666477349,-0.0036716649645190946,0.0015432206763368317
2025-12-23,0.007292197922610377,0.0030257746193720347,0.005559575574378917,0.00494162732000869,0.006942407797483341,0.005093136516341579,0.0028903884059718887,0.007438438349484766,0.004113305847913251
2025-12-24,0.0065331100516761165,0.004618026347732229,0.0050542648638252086,0.002512564596030664,0.003244605385556154,0.0044885517066173275,0.00756100676584226,0.0078121200949488045,0.007225104874091226
2025-12-26,0.0005525651009381516,0.0009873654023642153,-0.0007613480837906916,-0.000860452476322382,-0.00034447676713711406,0.0005509548156461541,0.003751101390771394,-0.0011263984984073439,-0.000773174405119148
2025-12-29,0.0012669179050885937,0.0002707181120622515,-0.0015077881619935951,-0.0010712826260232955,-0.0008638271646772555,-0.00238395725982965,-0.0018566307150734707,-0.0017676886049393659,0.0030321804836941357
2025-12-30,-0.002769968014246671,-0.0013808983651836249,0.0006846939168798638,1.184727465619595e-05,0.0010160444763225307,0.0028843554500868063,-0.0030721794005329484,-0.0029868309350361555,-0.0036402139808034972
2025-12-31,0.00037309088034498394,-0.0005476174289452684,-0.0037893406086586534,-0.0021732909698711778,-0.0032415306970460245,-0.0025572932610625765,-0.0012695149978304565,-0.0029618140043604635,-0.0021284288645695426
