STRUCTURE,STRUCTURE_ID,STRUCTURE_NAME,ACTION,REF_AREA,Reference area,FREQ,Frequency of observation,MEASURE,Measure,UNIT_MEASURE,Unit of measure,ACTIVITY,Economic activity,ADJUSTMENT,Adjustment,TRANSFORMATION,Transformation,TIME_PERIOD,Time period,OBS_VALUE,Observation value,OBS_STATUS,Observation status,UNIT_MULT,Unit multiplier,DECIMALS,Decimals,BASE_PER,Base period
DATAFLOW,OECD.SDD.STES:DSD_KEI@DF_KEI(4.0),Key short-term economic indicators,I,CHE,Switzerland,Q,Quarterly,IR3TIB,Short-term interest rates,PA,Percent per annum,_Z,Not applicable,_Z,Not applicable,_Z,Not applicable,2025-Q3,,-0.053949664,,A,Normal value,0,Units,1,One,,
DATAFLOW,OECD.SDD.STES:DSD_KEI@DF_KEI(4.0),Key short-term economic indicators,I,CHE,Switzerland,Q,Quarterly,IR3TIB,Short-term interest rates,PA,Percent per annum,_Z,Not applicable,_Z,Not applicable,_Z,Not applicable,2025-Q2,,0.0958176667,,A,Normal value,0,Units,1,One,,
DATAFLOW,OECD.SDD.STES:DSD_KEI@DF_KEI(4.0),Key short-term economic indicators,I,NZL,New Zealand,Q,Quarterly,IR3TIB,Short-term interest rates,PA,Percent per annum,_Z,Not applicable,_Z,Not applicable,_Z,Not applicable,2018-Q1,,1.9066666667,,A,Normal value,0,Units,1,One,,
DATAFLOW,OECD.SDD.STES:DSD_KEI@DF_KEI(4.0),Key short-term economic indicators,I,NOR,Norway,Q,Quarterly,IR3TIB,Short-term interest rates,PA,Percent per annum,_Z,Not applicable,_Z,Not applicable,_Z,Not applicable,2021-Q2,,0.2466666667,,A,Normal value,0,Units,1,One,,
DATAFLOW,OECD.SDD.STES:DSD_KEI@DF_KEI(4.0),Key short-term economic indicators,I,SWE,Sweden,Q,Quarterly,IR3TIB,Short-term interest rates,PA,Percent per annum,_Z,Not applicable,_Z,Not applicable,_Z,Not applicable,2017-Q4,,-0.7133333333,,A,Normal value,0,Units,1,One,,
DATAFLOW,OECD.SDD.STES:DSD_KEI@DF_KEI(4.0),Key short-term economic indicators,I,EA20,Euro area (20 countries),Q,Quarterly,IR3TIB,Short-term interest rates,PA,Percent per annum,_Z,Not applicable,_Z,Not applicable,_Z,Not applicable,2017-Q4,,-0.3288134,,A,Normal value,0,Units,1,One,,
DATAFLOW,OECD.SDD.STES:DSD_KEI@DF_KEI(4.0),Key short-term economic indicators,I,EA20,Euro area (20 countries),Q,Quarterly,IR3TIB,Short-term interest rates,PA,Percent per annum,_Z,Not applicable,_Z,Not applicable,_Z,Not applicable,2017-Q3,,-0.3296322,,A,Normal value,0,Units,1,One,,
DATAFLOW,OECD.SDD.STES:DSD_KEI@DF_KEI(4.0),Key short-term economic indicators,I,EA20,Euro area (20 countries),Q,Quarterly,IR3TIB,Short-term interest rates,PA,Percent per annum,_Z,Not applicable,_Z,Not applicable,_Z,Not applicable,2017-Q2,,-0.3299478,,A,Normal value,0,Units,1,One,,
DATAFLOW,OECD.SDD.STES:DSD_KEI@DF_KEI(4.0),Key short-term economic indicators,I,AUS,Australia,Q,Quarterly,IR3TIB,Short-term interest rates,PA,Percent per annum,_Z,Not applicable,_Z,Not applicable,_Z,Not applicable,2016-Q1,,2.2966666667,,A,Normal value,0,Units,1,One,,
DATAFLOW,OECD.SDD.STES:DSD_KEI@DF_KEI(4.0),Key short-term economic indicators,I,AUS,Australia,Q,Quarterly,IR3TIB,Short-term interest rates,PA,Percent per annum,_Z,Not applicable,_Z,Not applicable,_Z,Not applicable,2025-Q4,,3.64,,A,Normal value,0,Units,1,One,,
DATAFLOW,OECD.SDD.STES:DSD_KEI@DF_KEI(4.0),Key short-term economic indicators,I,AUS,Australia,Q,Quarterly,IR3TIB,Short-term interest rates,PA,Percent per annum,_Z,Not applicable,_Z,Not applicable,_Z,Not applicable,2025-Q2,,3.83,,A,Normal value,0,Units,1,One,,
DATAFLOW,OECD.SDD.STES:DSD_KEI@DF_KEI(4.0),Key short-term economic indicators,I,AUS,Australia,Q,Quarterly,IR3TIB,Short-term interest rates,PA,Percent per annum,_Z,Not applicable,_Z,Not applicable,_Z,Not applicable,2019-Q2,,1.5033333333,,A,Normal value,0,Units,1,One,,
DATAFLOW,OECD.SDD.STES:DSD_KEI@DF_KEI(4.0),Key short-term economic indicators,I,AUS,Australia,Q,Quarterly,IR3TIB,Short-term interest rates,PA,Percent per annum,_Z,Not applicable,_Z,Not applicable,_Z,Not applicable,2019-Q1,,1.9533333333,,A,Normal value,0,Units,1,One,,
DATAFLOW,OECD.SDD.STES:DSD_KEI@DF_KEI(4.0),Key short-term economic indicators,I,AUS,Australia,Q,Quarterly,IR3TIB,Short-term interest rates,PA,Percent per annum,_Z,Not applicable,_Z,Not applicable,_Z,Not applicable,2018-Q4,,1.9633333333,,A,Normal value,0,Units,1,One,,
DATAFLOW,OECD.SDD.STES:DSD_KEI@DF_KEI(4.0),Key short-term economic indicators,I,AUS,Australia,Q,Quarterly,IR3TIB,Short-term interest rates,PA,Percent per annum,_Z,Not applicable,_Z,Not applicable,_Z,Not applicable,2017-Q1,,1.7833333333,,A,Normal value,0,Units,1,One,,
DATAFLOW,OECD.SDD.STES:DSD_KEI@DF_KEI(4.0),Key short-term economic indicators,I,AUS,Australia,Q,Quarterly,IR3TIB,Short-term interest rates,PA,Percent per annum,_Z,Not applicable,_Z,Not applicable,_Z,Not applicable,2015-Q4,,2.2366666667,,A,Normal value,0,Units,1,One,,
DATAFLOW,OECD.SDD.STES:DSD_KEI@DF_KEI(4.0),Key short-term economic indicators,I,AUS,Australia,Q,Quarterly,IR3TIB,Short-term interest rates,PA,Percent per annum,_Z,Not applicable,_Z,Not applicable,_Z,Not applicable,2015-Q2,,2.1833333333,,A,Normal value,0,Units,1,One,,
DATAFLOW,OECD.SDD.STES:DSD_KEI@DF_KEI(4.0),Key short-term economic indicators,I,AUS,Australia,Q,Quarterly,IR3TIB,Short-term interest rates,PA,Percent per annum,_Z,Not applicable,_Z,Not applicable,_Z,Not applicable,2015-Q1,,2.4533333333,,A,Normal value,0,Units,1,One,,
DATAFLOW,OECD.SDD.STES:DSD_KEI@DF_KEI(4.0),Key short-term economic indicators,I,AUS,Australia,Q,Quarterly,IR3TIB,Short-term interest rates,PA,Percent per annum,_Z,Not applicable,_Z,Not applicable,_Z,Not applicable,2024-Q3,,4.42,,A,Normal value,0,Units,1,One,,
DATAFLOW,OECD.SDD.STES:DSD_KEI@DF_KEI(4.0),Key short-term economic indicators,I,AUS,Australia,Q,Quarterly,IR3TIB,Short-term interest rates,PA,Percent per annum,_Z,Not applicable,_Z,Not applicable,_Z,Not applicable,2016-Q2,,2.0833333333,,A,Normal value,0,Units,1,One,,
DATAFLOW,OECD.SDD.STES:DSD_KEI@DF_KEI(4.0),Key short-term economic indicators,I,CAN,Canada,Q,Quarterly,IR3TIB,Short-term interest rates,PA,Percent per annum,_Z,Not applicable,_Z,Not applicable,_Z,Not applicable,2016-Q4,,0.4816666667,,A,Normal value,0,Units,1,One,,
DATAFLOW,OECD.SDD.STES:DSD_KEI@DF_KEI(4.0),Key short-term economic indicators,I,JPN,Japan,Q,Quarterly,IR3TIB,Short-term interest rates,PA,Percent per annum,_Z,Not applicable,_Z,Not applicable,_Z,Not applicable,2023-Q1,,-0.0043333333,,A,Normal value,0,Units,1,One,,
DATAFLOW,OECD.SDD.STES:DSD_KEI@DF_KEI(4.0),Key short-term economic indicators,I,AUS,Australia,Q,Quarterly,IR3TIB,Short-term interest rates,PA,Percent per annum,_Z,Not applicable,_Z,Not applicable,_Z,Not applicable,2023-Q2,,3.9366666667,,A,Normal value,0,Units,1,One,,
DATAFLOW,OECD.SDD.STES:DSD_KEI@DF_KEI(4.0),Key short-term economic indicators,I,AUS,Australia,Q,Quarterly,IR3TIB,Short-term interest rates,PA,Percent per annum,_Z,Not applicable,_Z,Not applicable,_Z,Not applicable,2022-Q2,,1.0033333333,,A,Normal value,0,Units,1,One,,
DATAFLOW,OECD.SDD.STES:DSD_KEI@DF_KEI(4.0),Key short-term economic indicators,I,AUS,Australia,Q,Quarterly,IR3TIB,Short-term interest rates,PA,Percent per annum,_Z,Not applicable,_Z,Not applicable,_Z,Not applicable,2021-Q4,,0.0466666667,,A,Normal value,0,Units,1,One,,
DATAFLOW,OECD.SDD.STES:DSD_KEI@DF_KEI(4.0),Key short-term economic indicators,I,AUS,Australia,Q,Quarterly,IR3TIB,Short-term interest rates,PA,Percent per annum,_Z,Not applicable,_Z,Not applicable,_Z,Not applicable,2021-Q2,,0.0366666667,,A,Normal value,0,Units,1,One,,
DATAFLOW,OECD.SDD.STES:DSD_KEI@DF_KEI(4.0),Key short-term economic indicators,I,AUS,Australia,Q,Quarterly,IR3TIB,Short-term interest rates,PA,Percent per annum,_Z,Not applicable,_Z,Not applicable,_Z,Not applicable,2021-Q1,,0.0166666667,,A,Normal value,0,Units,1,One,,
DATAFLOW,OECD.SDD.STES:DSD_KEI@DF_KEI(4.0),Key short-term economic indicators,I,AUS,Australia,Q,Quarterly,IR3TIB,Short-term interest rates,PA,Percent per annum,_Z,Not applicable,_Z,Not applicable,_Z,Not applicable,2020-Q4,,0.0366666667,,A,Normal value,0,Units,1,One,,
DATAFLOW,OECD.SDD.STES:DSD_KEI@DF_KEI(4.0),Key short-term economic indicators,I,AUS,Australia,Q,Quarterly,IR3TIB,Short-term interest rates,PA,Percent per annum,_Z,Not applicable,_Z,Not applicable,_Z,Not applicable,2020-Q3,,0.0966666667,,A,Normal value,0,Units,1,One,,
DATAFLOW,OECD.SDD.STES:DSD_KEI@DF_KEI(4.0),Key short-term economic indicators,I,AUS,Australia,Q,Quarterly,IR3TIB,Short-term interest rates,PA,Percent per annum,_Z,Not applicable,_Z,Not applicable,_Z,Not applicable,2019-Q4,,0.8966666667,,A,Normal value,0,Units,1,One,,
DATAFLOW,OECD.SDD.STES:DSD_KEI@DF_KEI(4.0),Key short-term economic indicators,I,AUS,Australia,Q,Quarterly,IR3TIB,Short-term interest rates,PA,Percent per annum,_Z,Not applicable,_Z,Not applicable,_Z,Not applicable,2019-Q3,,1.0233333333,,A,Normal value,0,Units,1,One,,
DATAFLOW,OECD.SDD.STES:DSD_KEI@DF_KEI(4.0),Key short-term economic indicators,I,AUS,Australia,Q,Quarterly,IR3TIB,Short-term interest rates,PA,Percent per annum,_Z,Not applicable,_Z,Not applicable,_Z,Not applicable,2022-Q4,,3.06,,A,Normal value,0,Units,1,One,,
DATAFLOW,OECD.SDD.STES:DSD_KEI@DF_KEI(4.0),Key short-term economic indicators,I,AUS,Australia,Q,Quarterly,IR3TIB,Short-term interest rates,PA,Percent per annum,_Z,Not applicable,_Z,Not applicable,_Z,Not applicable,2022-Q3,,2.38,,A,Normal value,0,Units,1,One,,
DATAFLOW,OECD.SDD.STES:DSD_KEI@DF_KEI(4.0),Key short-term economic indicators,I,AUS,Australia,Q,Quarterly,IR3TIB,Short-term interest rates,PA,Percent per annum,_Z,Not applicable,_Z,Not applicable,_Z,Not applicable,2020-Q1,,0.77,,A,Normal value,0,Units,1,One,,
DATAFLOW,OECD.SDD.STES:DSD_KEI@DF_KEI(4.0),Key short-term economic indicators,I,AUS,Australia,Q,Quarterly,IR3TIB,Short-term interest rates,PA,Percent per annum,_Z,Not applicable,_Z,Not applicable,_Z,Not applicable,2018-Q3,,1.97,,A,Normal value,0,Units,1,One,,
DATAFLOW,OECD.SDD.STES:DSD_KEI@DF_KEI(4.0),Key short-term economic indicators,I,AUS,Australia,Q,Quarterly,IR3TIB,Short-term interest rates,PA,Percent per annum,_Z,Not applicable,_Z,Not applicable,_Z,Not applicable,2018-Q2,,2.03,,A,Normal value,0,Units,1,One,,
DATAFLOW,OECD.SDD.STES:DSD_KEI@DF_KEI(4.0),Key short-term economic indicators,I,AUS,Australia,Q,Quarterly,IR3TIB,Short-term interest rates,PA,Percent per annum,_Z,Not applicable,_Z,Not applicable,_Z,Not applicable,2018-Q1,,1.83,,A,Normal value,0,Units,1,One,,
DATAFLOW,OECD.SDD.STES:DSD_KEI@DF_KEI(4.0),Key short-term economic indicators,I,AUS,Australia,Q,Quarterly,IR3TIB,Short-term interest rates,PA,Percent per annum,_Z,Not applicable,_Z,Not applicable,_Z,Not applicable,2017-Q4,,1.73,,A,Normal value,0,Units,1,One,,
DATAFLOW,OECD.SDD.STES:DSD_KEI@DF_KEI(4.0),Key short-term economic indicators,I,AUS,Australia,Q,Quarterly,IR3TIB,Short-term interest rates,PA,Percent per annum,_Z,Not applicable,_Z,Not applicable,_Z,Not applicable,2017-Q2,,1.74,,A,Normal value,0,Units,1,One,,
DATAFLOW,OECD.SDD.STES:DSD_KEI@DF_KEI(4.0),Key short-term economic indicators,I,AUS,Australia,Q,Quarterly,IR3TIB,Short-term interest rates,PA,Percent per annum,_Z,Not applicable,_Z,Not applicable,_Z,Not applicable,2016-Q4,,1.76,,A,Normal value,0,Units,1,One,,
DATAFLOW,OECD.SDD.STES:DSD_KEI@DF_KEI(4.0),Key short-term economic indicators,I,AUS,Australia,Q,Quarterly,IR3TIB,Short-term interest rates,PA,Percent per annum,_Z,Not applicable,_Z,Not applicable,_Z,Not applicable,2015-Q3,,2.15,,A,Normal value,0,Units,1,One,,
DATAFLOW,OECD.SDD.STES:DSD_KEI@DF_KEI(4.0),Key short-term economic indicators,I,AUS,Australia,Q,Quarterly,IR3TIB,Short-term interest rates,PA,Percent per annum,_Z,Not applicable,_Z,Not applicable,_Z,Not applicable,2024-Q1,,4.3466666667,,A,Normal value,0,Units,1,One,,
DATAFLOW,OECD.SDD.STES:DSD_KEI@DF_KEI(4.0),Key short-term economic indicators,I,AUS,Australia,Q,Quarterly,IR3TIB,Short-term interest rates,PA,Percent per annum,_Z,Not applicable,_Z,Not applicable,_Z,Not applicable,2023-Q1,,3.4733333333,,A,Normal value,0,Units,1,One,,
DATAFLOW,OECD.SDD.STES:DSD_KEI@DF_KEI(4.0),Key short-term economic indicators,I,AUS,Australia,Q,Quarterly,IR3TIB,Short-term interest rates,PA,Percent per annum,_Z,Not applicable,_Z,Not applicable,_Z,Not applicable,2022-Q1,,0.1033333333,,A,Normal value,0,Units,1,One,,
DATAFLOW,OECD.SDD.STES:DSD_KEI@DF_KEI(4.0),Key short-term economic indicators,I,AUS,Australia,Q,Quarterly,IR3TIB,Short-term interest rates,PA,Percent per annum,_Z,Not applicable,_Z,Not applicable,_Z,Not applicable,2021-Q3,,0.0133333333,,A,Normal value,0,Units,1,One,,
DATAFLOW,OECD.SDD.STES:DSD_KEI@DF_KEI(4.0),Key short-term economic indicators,I,AUS,Australia,Q,Quarterly,IR3TIB,Short-term interest rates,PA,Percent per annum,_Z,Not applicable,_Z,Not applicable,_Z,Not applicable,2020-Q2,,0.1233333333,,A,Normal value,0,Units,1,One,,
DATAFLOW,OECD.SDD.STES:DSD_KEI@DF_KEI(4.0),Key short-term economic indicators,I,AUS,Australia,Q,Quarterly,IR3TIB,Short-term interest rates,PA,Percent per annum,_Z,Not applicable,_Z,Not applicable,_Z,Not applicable,2017-Q3,,1.7066666667,,A,Normal value,0,Units,1,One,,
DATAFLOW,OECD.SDD.STES:DSD_KEI@DF_KEI(4.0),Key short-term economic indicators,I,AUS,Australia,Q,Quarterly,IR3TIB,Short-term interest rates,PA,Percent per annum,_Z,Not applicable,_Z,Not applicable,_Z,Not applicable,2016-Q3,,1.8066666667,,A,Normal value,0,Units,1,One,,
DATAFLOW,OECD.SDD.STES:DSD_KEI@DF_KEI(4.0),Key short-term economic indicators,I,CHE,Switzerland,Q,Quarterly,IR3TIB,Short-term interest rates,PA,Percent per annum,_Z,Not applicable,_Z,Not applicable,_Z,Not applicable,2020-Q4,,-0.7236363636,,A,Normal value,0,Units,1,One,,
DATAFLOW,OECD.SDD.STES:DSD_KEI@DF_KEI(4.0),Key short-term economic indicators,I,GBR,United Kingdom,Q,Quarterly,IR3TIB,Short-term interest rates,PA,Percent per annum,_Z,Not applicable,_Z,Not applicable,_Z,Not applicable,2015-Q2,,0.5697866667,,A,Normal value,0,Units,1,One,,
DATAFLOW,OECD.SDD.STES:DSD_KEI@DF_KEI(4.0),Key short-term economic indicators,I,USA,United States,Q,Quarterly,IR3TIB,Short-term interest rates,PA,Percent per annum,_Z,Not applicable,_Z,Not applicable,_Z,Not applicable,2020-Q3,,0.1533333333,,A,Normal value,0,Units,1,One,,
DATAFLOW,OECD.SDD.STES:DSD_KEI@DF_KEI(4.0),Key short-term economic indicators,I,EA20,Euro area (20 countries),Q,Quarterly,IR3TIB,Short-term interest rates,PA,Percent per annum,_Z,Not applicable,_Z,Not applicable,_Z,Not applicable,2024-Q4,,2.9993235333,,A,Normal value,0,Units,1,One,,
DATAFLOW,OECD.SDD.STES:DSD_KEI@DF_KEI(4.0),Key short-term economic indicators,I,CAN,Canada,Q,Quarterly,IR3TIB,Short-term interest rates,PA,Percent per annum,_Z,Not applicable,_Z,Not applicable,_Z,Not applicable,2015-Q1,,0.6166666667,,A,Normal value,0,Units,1,One,,
DATAFLOW,OECD.SDD.STES:DSD_KEI@DF_KEI(4.0),Key short-term economic indicators,I,CAN,Canada,Q,Quarterly,IR3TIB,Short-term interest rates,PA,Percent per annum,_Z,Not applicable,_Z,Not applicable,_Z,Not applicable,2024-Q3,,4.261,,A,Normal value,0,Units,1,One,,
DATAFLOW,OECD.SDD.STES:DSD_KEI@DF_KEI(4.0),Key short-term economic indicators,I,CAN,Canada,Q,Quarterly,IR3TIB,Short-term interest rates,PA,Percent per annum,_Z,Not applicable,_Z,Not applicable,_Z,Not applicable,2024-Q2,,4.8135,,A,Normal value,0,Units,1,One,,
DATAFLOW,OECD.SDD.STES:DSD_KEI@DF_KEI(4.0),Key short-term economic indicators,I,CAN,Canada,Q,Quarterly,IR3TIB,Short-term interest rates,PA,Percent per annum,_Z,Not applicable,_Z,Not applicable,_Z,Not applicable,2021-Q3,,0.159,,A,Normal value,0,Units,1,One,,
DATAFLOW,OECD.SDD.STES:DSD_KEI@DF_KEI(4.0),Key short-term economic indicators,I,CAN,Canada,Q,Quarterly,IR3TIB,Short-term interest rates,PA,Percent per annum,_Z,Not applicable,_Z,Not applicable,_Z,Not applicable,2021-Q2,,0.106,,A,Normal value,0,Units,1,One,,
DATAFLOW,OECD.SDD.STES:DSD_KEI@DF_KEI(4.0),Key short-term economic indicators,I,CAN,Canada,Q,Quarterly,IR3TIB,Short-term interest rates,PA,Percent per annum,_Z,Not applicable,_Z,Not applicable,_Z,Not applicable,2021-Q1,,0.082,,A,Normal value,0,Units,1,One,,
DATAFLOW,OECD.SDD.STES:DSD_KEI@DF_KEI(4.0),Key short-term economic indicators,I,CAN,Canada,Q,Quarterly,IR3TIB,Short-term interest rates,PA,Percent per annum,_Z,Not applicable,_Z,Not applicable,_Z,Not applicable,2020-Q4,,0.1045,,A,Normal value,0,Units,1,One,,
DATAFLOW,OECD.SDD.STES:DSD_KEI@DF_KEI(4.0),Key short-term economic indicators,I,CAN,Canada,Q,Quarterly,IR3TIB,Short-term interest rates,PA,Percent per annum,_Z,Not applicable,_Z,Not applicable,_Z,Not applicable,2020-Q2,,0.2245,,A,Normal value,0,Units,1,One,,
DATAFLOW,OECD.SDD.STES:DSD_KEI@DF_KEI(4.0),Key short-term economic indicators,I,CAN,Canada,Q,Quarterly,IR3TIB,Short-term interest rates,PA,Percent per annum,_Z,Not applicable,_Z,Not applicable,_Z,Not applicable,2020-Q1,,1.317,,A,Normal value,0,Units,1,One,,
DATAFLOW,OECD.SDD.STES:DSD_KEI@DF_KEI(4.0),Key short-term economic indicators,I,CAN,Canada,Q,Quarterly,IR3TIB,Short-term interest rates,PA,Percent per annum,_Z,Not applicable,_Z,Not applicable,_Z,Not applicable,2018-Q4,,1.6775,,A,Normal value,0,Units,1,One,,
DATAFLOW,OECD.SDD.STES:DSD_KEI@DF_KEI(4.0),Key short-term economic indicators,I,CAN,Canada,Q,Quarterly,IR3TIB,Short-term interest rates,PA,Percent per annum,_Z,Not applicable,_Z,Not applicable,_Z,Not applicable,2018-Q1,,1.1405,,A,Normal value,0,Units,1,One,,
DATAFLOW,OECD.SDD.STES:DSD_KEI@DF_KEI(4.0),Key short-term economic indicators,I,CAN,Canada,Q,Quarterly,IR3TIB,Short-term interest rates,PA,Percent per annum,_Z,Not applicable,_Z,Not applicable,_Z,Not applicable,2016-Q2,,0.51,,A,Normal value,0,Units,1,One,,
DATAFLOW,OECD.SDD.STES:DSD_KEI@DF_KEI(4.0),Key short-term economic indicators,I,CAN,Canada,Q,Quarterly,IR3TIB,Short-term interest rates,PA,Percent per annum,_Z,Not applicable,_Z,Not applicable,_Z,Not applicable,2015-Q2,,0.6285,,A,Normal value,0,Units,1,One,,
DATAFLOW,OECD.SDD.STES:DSD_KEI@DF_KEI(4.0),Key short-term economic indicators,I,CAN,Canada,Q,Quarterly,IR3TIB,Short-term interest rates,PA,Percent per annum,_Z,Not applicable,_Z,Not applicable,_Z,Not applicable,2019-Q4,,1.658,,A,Normal value,0,Units,1,One,,
DATAFLOW,OECD.SDD.STES:DSD_KEI@DF_KEI(4.0),Key short-term economic indicators,I,CAN,Canada,Q,Quarterly,IR3TIB,Short-term interest rates,PA,Percent per annum,_Z,Not applicable,_Z,Not applicable,_Z,Not applicable,2019-Q1,,1.653,,A,Normal value,0,Units,1,One,,
DATAFLOW,OECD.SDD.STES:DSD_KEI@DF_KEI(4.0),Key short-term economic indicators,I,CAN,Canada,Q,Quarterly,IR3TIB,Short-term interest rates,PA,Percent per annum,_Z,Not applicable,_Z,Not applicable,_Z,Not applicable,2017-Q1,,0.471,,A,Normal value,0,Units,1,One,,
DATAFLOW,OECD.SDD.STES:DSD_KEI@DF_KEI(4.0),Key short-term economic indicators,I,CAN,Canada,Q,Quarterly,IR3TIB,Short-term interest rates,PA,Percent per annum,_Z,Not applicable,_Z,Not applicable,_Z,Not applicable,2025-Q4,,2.2276666667,,A,Normal value,0,Units,1,One,,
DATAFLOW,OECD.SDD.STES:DSD_KEI@DF_KEI(4.0),Key short-term economic indicators,I,CAN,Canada,Q,Quarterly,IR3TIB,Short-term interest rates,PA,Percent per annum,_Z,Not applicable,_Z,Not applicable,_Z,Not applicable,2025-Q2,,2.6348333333,,A,Normal value,0,Units,1,One,,
DATAFLOW,OECD.SDD.STES:DSD_KEI@DF_KEI(4.0),Key short-term economic indicators,I,CAN,Canada,Q,Quarterly,IR3TIB,Short-term interest rates,PA,Percent per annum,_Z,Not applicable,_Z,Not applicable,_Z,Not applicable,2024-Q4,,3.4616666667,,A,Normal value,0,Units,1,One,,
DATAFLOW,OECD.SDD.STES:DSD_KEI@DF_KEI(4.0),Key short-term economic indicators,I,CAN,Canada,Q,Quarterly,IR3TIB,Short-term interest rates,PA,Percent per annum,_Z,Not applicable,_Z,Not applicable,_Z,Not applicable,2024-Q1,,4.9293333333,,A,Normal value,0,Units,1,One,,
DATAFLOW,OECD.SDD.STES:DSD_KEI@DF_KEI(4.0),Key short-term economic indicators,I,CAN,Canada,Q,Quarterly,IR3TIB,Short-term interest rates,PA,Percent per annum,_Z,Not applicable,_Z,Not applicable,_Z,Not applicable,2023-Q4,,5.0078333333,,A,Normal value,0,Units,1,One,,
DATAFLOW,OECD.SDD.STES:DSD_KEI@DF_KEI(4.0),Key short-term economic indicators,I,CAN,Canada,Q,Quarterly,IR3TIB,Short-term interest rates,PA,Percent per annum,_Z,Not applicable,_Z,Not applicable,_Z,Not applicable,2023-Q3,,5.0088333333,,A,Normal value,0,Units,1,One,,
DATAFLOW,OECD.SDD.STES:DSD_KEI@DF_KEI(4.0),Key short-term economic indicators,I,CAN,Canada,Q,Quarterly,IR3TIB,Short-term interest rates,PA,Percent per annum,_Z,Not applicable,_Z,Not applicable,_Z,Not applicable,2023-Q2,,4.5593333333,,A,Normal value,0,Units,1,One,,
DATAFLOW,OECD.SDD.STES:DSD_KEI@DF_KEI(4.0),Key short-term economic indicators,I,CAN,Canada,Q,Quarterly,IR3TIB,Short-term interest rates,PA,Percent per annum,_Z,Not applicable,_Z,Not applicable,_Z,Not applicable,2023-Q1,,4.3876666667,,A,Normal value,0,Units,1,One,,
DATAFLOW,OECD.SDD.STES:DSD_KEI@DF_KEI(4.0),Key short-term economic indicators,I,CAN,Canada,Q,Quarterly,IR3TIB,Short-term interest rates,PA,Percent per annum,_Z,Not applicable,_Z,Not applicable,_Z,Not applicable,2022-Q2,,1.4163333333,,A,Normal value,0,Units,1,One,,
DATAFLOW,OECD.SDD.STES:DSD_KEI@DF_KEI(4.0),Key short-term economic indicators,I,CAN,Canada,Q,Quarterly,IR3TIB,Short-term interest rates,PA,Percent per annum,_Z,Not applicable,_Z,Not applicable,_Z,Not applicable,2022-Q1,,0.3986666667,,A,Normal value,0,Units,1,One,,
DATAFLOW,OECD.SDD.STES:DSD_KEI@DF_KEI(4.0),Key short-term economic indicators,I,CAN,Canada,Q,Quarterly,IR3TIB,Short-term interest rates,PA,Percent per annum,_Z,Not applicable,_Z,Not applicable,_Z,Not applicable,2021-Q4,,0.1051666667,,A,Normal value,0,Units,1,One,,
DATAFLOW,OECD.SDD.STES:DSD_KEI@DF_KEI(4.0),Key short-term economic indicators,I,CAN,Canada,Q,Quarterly,IR3TIB,Short-term interest rates,PA,Percent per annum,_Z,Not applicable,_Z,Not applicable,_Z,Not applicable,2020-Q3,,0.1598333333,,A,Normal value,0,Units,1,One,,
DATAFLOW,OECD.SDD.STES:DSD_KEI@DF_KEI(4.0),Key short-term economic indicators,I,CAN,Canada,Q,Quarterly,IR3TIB,Short-term interest rates,PA,Percent per annum,_Z,Not applicable,_Z,Not applicable,_Z,Not applicable,2019-Q2,,1.6726666667,,A,Normal value,0,Units,1,One,,
DATAFLOW,OECD.SDD.STES:DSD_KEI@DF_KEI(4.0),Key short-term economic indicators,I,CAN,Canada,Q,Quarterly,IR3TIB,Short-term interest rates,PA,Percent per annum,_Z,Not applicable,_Z,Not applicable,_Z,Not applicable,2018-Q3,,1.4601666667,,A,Normal value,0,Units,1,One,,
DATAFLOW,OECD.SDD.STES:DSD_KEI@DF_KEI(4.0),Key short-term economic indicators,I,CAN,Canada,Q,Quarterly,IR3TIB,Short-term interest rates,PA,Percent per annum,_Z,Not applicable,_Z,Not applicable,_Z,Not applicable,2018-Q2,,1.2161666667,,A,Normal value,0,Units,1,One,,
DATAFLOW,OECD.SDD.STES:DSD_KEI@DF_KEI(4.0),Key short-term economic indicators,I,CAN,Canada,Q,Quarterly,IR3TIB,Short-term interest rates,PA,Percent per annum,_Z,Not applicable,_Z,Not applicable,_Z,Not applicable,2017-Q4,,0.9333333333,,A,Normal value,0,Units,1,One,,
DATAFLOW,OECD.SDD.STES:DSD_KEI@DF_KEI(4.0),Key short-term economic indicators,I,CAN,Canada,Q,Quarterly,IR3TIB,Short-term interest rates,PA,Percent per annum,_Z,Not applicable,_Z,Not applicable,_Z,Not applicable,2017-Q3,,0.8106666667,,A,Normal value,0,Units,1,One,,
DATAFLOW,OECD.SDD.STES:DSD_KEI@DF_KEI(4.0),Key short-term economic indicators,I,CAN,Canada,Q,Quarterly,IR3TIB,Short-term interest rates,PA,Percent per annum,_Z,Not applicable,_Z,Not applicable,_Z,Not applicable,2017-Q2,,0.5373333333,,A,Normal value,0,Units,1,One,,
DATAFLOW,OECD.SDD.STES:DSD_KEI@DF_KEI(4.0),Key short-term economic indicators,I,JPN,Japan,Q,Quarterly,IR3TIB,Short-term interest rates,PA,Percent per annum,_Z,Not applicable,_Z,Not applicable,_Z,Not applicable,2022-Q4,,-0.0156666667,,A,Normal value,0,Units,1,One,,
DATAFLOW,OECD.SDD.STES:DSD_KEI@DF_KEI(4.0),Key short-term economic indicators,I,JPN,Japan,Q,Quarterly,IR3TIB,Short-term interest rates,PA,Percent per annum,_Z,Not applicable,_Z,Not applicable,_Z,Not applicable,2022-Q3,,-0.0223333333,,A,Normal value,0,Units,1,One,,
DATAFLOW,OECD.SDD.STES:DSD_KEI@DF_KEI(4.0),Key short-term economic indicators,I,JPN,Japan,Q,Quarterly,IR3TIB,Short-term interest rates,PA,Percent per annum,_Z,Not applicable,_Z,Not applicable,_Z,Not applicable,2021-Q4,,-0.0643333333,,A,Normal value,0,Units,1,One,,
DATAFLOW,OECD.SDD.STES:DSD_KEI@DF_KEI(4.0),Key short-term economic indicators,I,JPN,Japan,Q,Quarterly,IR3TIB,Short-term interest rates,PA,Percent per annum,_Z,Not applicable,_Z,Not applicable,_Z,Not applicable,2018-Q3,,0.0773333333,,A,Normal value,0,Units,1,One,,
DATAFLOW,OECD.SDD.STES:DSD_KEI@DF_KEI(4.0),Key short-term economic indicators,I,JPN,Japan,Q,Quarterly,IR3TIB,Short-term interest rates,PA,Percent per annum,_Z,Not applicable,_Z,Not applicable,_Z,Not applicable,2018-Q2,,0.0843333333,,A,Normal value,0,Units,1,One,,
DATAFLOW,OECD.SDD.STES:DSD_KEI@DF_KEI(4.0),Key short-term economic indicators,I,JPN,Japan,Q,Quarterly,IR3TIB,Short-term interest rates,PA,Percent per annum,_Z,Not applicable,_Z,Not applicable,_Z,Not applicable,2018-Q1,,0.0776666667,,A,Normal value,0,Units,1,One,,
DATAFLOW,OECD.SDD.STES:DSD_KEI@DF_KEI(4.0),Key short-term economic indicators,I,JPN,Japan,Q,Quarterly,IR3TIB,Short-term interest rates,PA,Percent per annum,_Z,Not applicable,_Z,Not applicable,_Z,Not applicable,2016-Q3,,0.0573333333,,A,Normal value,0,Units,1,One,,
DATAFLOW,OECD.SDD.STES:DSD_KEI@DF_KEI(4.0),Key short-term economic indicators,I,JPN,Japan,Q,Quarterly,IR3TIB,Short-term interest rates,PA,Percent per annum,_Z,Not applicable,_Z,Not applicable,_Z,Not applicable,2016-Q2,,0.0596666667,,A,Normal value,0,Units,1,One,,
DATAFLOW,OECD.SDD.STES:DSD_KEI@DF_KEI(4.0),Key short-term economic indicators,I,JPN,Japan,Q,Quarterly,IR3TIB,Short-term interest rates,PA,Percent per annum,_Z,Not applicable,_Z,Not applicable,_Z,Not applicable,2016-Q1,,0.1216666667,,A,Normal value,0,Units,1,One,,
DATAFLOW,OECD.SDD.STES:DSD_KEI@DF_KEI(4.0),Key short-term economic indicators,I,JPN,Japan,Q,Quarterly,IR3TIB,Short-term interest rates,PA,Percent per annum,_Z,Not applicable,_Z,Not applicable,_Z,Not applicable,2015-Q2,,0.1693333333,,A,Normal value,0,Units,1,One,,
DATAFLOW,OECD.SDD.STES:DSD_KEI@DF_KEI(4.0),Key short-term economic indicators,I,JPN,Japan,Q,Quarterly,IR3TIB,Short-term interest rates,PA,Percent per annum,_Z,Not applicable,_Z,Not applicable,_Z,Not applicable,2019-Q3,,0.0223333333,,A,Normal value,0,Units,1,One,,
DATAFLOW,OECD.SDD.STES:DSD_KEI@DF_KEI(4.0),Key short-term economic indicators,I,JPN,Japan,Q,Quarterly,IR3TIB,Short-term interest rates,PA,Percent per annum,_Z,Not applicable,_Z,Not applicable,_Z,Not applicable,2019-Q1,,0.0366666667,,A,Normal value,0,Units,1,One,,
DATAFLOW,OECD.SDD.STES:DSD_KEI@DF_KEI(4.0),Key short-term economic indicators,I,JPN,Japan,Q,Quarterly,IR3TIB,Short-term interest rates,PA,Percent per annum,_Z,Not applicable,_Z,Not applicable,_Z,Not applicable,2017-Q3,,0.0623333333,,A,Normal value,0,Units,1,One,,
DATAFLOW,OECD.SDD.STES:DSD_KEI@DF_KEI(4.0),Key short-term economic indicators,I,JPN,Japan,Q,Quarterly,IR3TIB,Short-term interest rates,PA,Percent per annum,_Z,Not applicable,_Z,Not applicable,_Z,Not applicable,2015-Q1,,0.1713333333,,A,Normal value,0,Units,1,One,,
DATAFLOW,OECD.SDD.STES:DSD_KEI@DF_KEI(4.0),Key short-term economic indicators,I,JPN,Japan,Q,Quarterly,IR3TIB,Short-term interest rates,PA,Percent per annum,_Z,Not applicable,_Z,Not applicable,_Z,Not applicable,2025-Q3,,0.78788,,A,Normal value,0,Units,1,One,,
DATAFLOW,OECD.SDD.STES:DSD_KEI@DF_KEI(4.0),Key short-term economic indicators,I,JPN,Japan,Q,Quarterly,IR3TIB,Short-term interest rates,PA,Percent per annum,_Z,Not applicable,_Z,Not applicable,_Z,Not applicable,2024-Q2,,0.129,,A,Normal value,0,Units,1,One,,
DATAFLOW,OECD.SDD.STES:DSD_KEI@DF_KEI(4.0),Key short-term economic indicators,I,JPN,Japan,Q,Quarterly,IR3TIB,Short-term interest rates,PA,Percent per annum,_Z,Not applicable,_Z,Not applicable,_Z,Not applicable,2025-Q4,,0.89606,,A,Normal value,0,Units,1,One,,
DATAFLOW,OECD.SDD.STES:DSD_KEI@DF_KEI(4.0),Key short-term economic indicators,I,JPN,Japan,Q,Quarterly,IR3TIB,Short-term interest rates,PA,Percent per annum,_Z,Not applicable,_Z,Not applicable,_Z,Not applicable,2023-Q3,,0.006,,A,Normal value,0,Units,1,One,,
DATAFLOW,OECD.SDD.STES:DSD_KEI@DF_KEI(4.0),Key short-term economic indicators,I,JPN,Japan,Q,Quarterly,IR3TIB,Short-term interest rates,PA,Percent per annum,_Z,Not applicable,_Z,Not applicable,_Z,Not applicable,2022-Q1,,-0.049,,A,Normal value,0,Units,1,One,,
DATAFLOW,OECD.SDD.STES:DSD_KEI@DF_KEI(4.0),Key short-term economic indicators,I,JPN,Japan,Q,Quarterly,IR3TIB,Short-term interest rates,PA,Percent per annum,_Z,Not applicable,_Z,Not applicable,_Z,Not applicable,2018-Q4,,0.05,,A,Normal value,0,Units,1,One,,
DATAFLOW,OECD.SDD.STES:DSD_KEI@DF_KEI(4.0),Key short-term economic indicators,I,JPN,Japan,Q,Quarterly,IR3TIB,Short-term interest rates,PA,Percent per annum,_Z,Not applicable,_Z,Not applicable,_Z,Not applicable,2025-Q1,,0.7933333333,,A,Normal value,0,Units,1,One,,
DATAFLOW,OECD.SDD.STES:DSD_KEI@DF_KEI(4.0),Key short-term economic indicators,I,JPN,Japan,Q,Quarterly,IR3TIB,Short-term interest rates,PA,Percent per annum,_Z,Not applicable,_Z,Not applicable,_Z,Not applicable,2023-Q4,,0.0213333333,,A,Normal value,0,Units,1,One,,
DATAFLOW,OECD.SDD.STES:DSD_KEI@DF_KEI(4.0),Key short-term economic indicators,I,JPN,Japan,Q,Quarterly,IR3TIB,Short-term interest rates,PA,Percent per annum,_Z,Not applicable,_Z,Not applicable,_Z,Not applicable,2021-Q2,,-0.0673333333,,A,Normal value,0,Units,1,One,,
DATAFLOW,OECD.SDD.STES:DSD_KEI@DF_KEI(4.0),Key short-term economic indicators,I,AUS,Australia,Q,Quarterly,IR3TIB,Short-term interest rates,PA,Percent per annum,_Z,Not applicable,_Z,Not applicable,_Z,Not applicable,2025-Q3,,3.6233333333,,A,Normal value,0,Units,1,One,,
DATAFLOW,OECD.SDD.STES:DSD_KEI@DF_KEI(4.0),Key short-term economic indicators,I,AUS,Australia,Q,Quarterly,IR3TIB,Short-term interest rates,PA,Percent per annum,_Z,Not applicable,_Z,Not applicable,_Z,Not applicable,2025-Q1,,4.2066666667,,A,Normal value,0,Units,1,One,,
DATAFLOW,OECD.SDD.STES:DSD_KEI@DF_KEI(4.0),Key short-term economic indicators,I,AUS,Australia,Q,Quarterly,IR3TIB,Short-term interest rates,PA,Percent per annum,_Z,Not applicable,_Z,Not applicable,_Z,Not applicable,2024-Q4,,4.4233333333,,A,Normal value,0,Units,1,One,,
DATAFLOW,OECD.SDD.STES:DSD_KEI@DF_KEI(4.0),Key short-term economic indicators,I,AUS,Australia,Q,Quarterly,IR3TIB,Short-term interest rates,PA,Percent per annum,_Z,Not applicable,_Z,Not applicable,_Z,Not applicable,2024-Q2,,4.3733333333,,A,Normal value,0,Units,1,One,,
DATAFLOW,OECD.SDD.STES:DSD_KEI@DF_KEI(4.0),Key short-term economic indicators,I,AUS,Australia,Q,Quarterly,IR3TIB,Short-term interest rates,PA,Percent per annum,_Z,Not applicable,_Z,Not applicable,_Z,Not applicable,2023-Q4,,4.3133333333,,A,Normal value,0,Units,1,One,,
DATAFLOW,OECD.SDD.STES:DSD_KEI@DF_KEI(4.0),Key short-term economic indicators,I,AUS,Australia,Q,Quarterly,IR3TIB,Short-term interest rates,PA,Percent per annum,_Z,Not applicable,_Z,Not applicable,_Z,Not applicable,2023-Q3,,4.1933333333,,A,Normal value,0,Units,1,One,,
DATAFLOW,OECD.SDD.STES:DSD_KEI@DF_KEI(4.0),Key short-term economic indicators,I,JPN,Japan,Q,Quarterly,IR3TIB,Short-term interest rates,PA,Percent per annum,_Z,Not applicable,_Z,Not applicable,_Z,Not applicable,2024-Q3,,0.2256666667,,A,Normal value,0,Units,1,One,,
DATAFLOW,OECD.SDD.STES:DSD_KEI@DF_KEI(4.0),Key short-term economic indicators,I,JPN,Japan,Q,Quarterly,IR3TIB,Short-term interest rates,PA,Percent per annum,_Z,Not applicable,_Z,Not applicable,_Z,Not applicable,2024-Q1,,0.0536666667,,A,Normal value,0,Units,1,One,,
DATAFLOW,OECD.SDD.STES:DSD_KEI@DF_KEI(4.0),Key short-term economic indicators,I,JPN,Japan,Q,Quarterly,IR3TIB,Short-term interest rates,PA,Percent per annum,_Z,Not applicable,_Z,Not applicable,_Z,Not applicable,2023-Q2,,-0.0076666667,,A,Normal value,0,Units,1,One,,
DATAFLOW,OECD.SDD.STES:DSD_KEI@DF_KEI(4.0),Key short-term economic indicators,I,NZL,New Zealand,Q,Quarterly,IR3TIB,Short-term interest rates,PA,Percent per annum,_Z,Not applicable,_Z,Not applicable,_Z,Not applicable,2017-Q3,,1.9533333333,,A,Normal value,0,Units,1,One,,
DATAFLOW,OECD.SDD.STES:DSD_KEI@DF_KEI(4.0),Key short-term economic indicators,I,NZL,New Zealand,Q,Quarterly,IR3TIB,Short-term interest rates,PA,Percent per annum,_Z,Not applicable,_Z,Not applicable,_Z,Not applicable,2017-Q2,,1.9666666667,,A,Normal value,0,Units,1,One,,
DATAFLOW,OECD.SDD.STES:DSD_KEI@DF_KEI(4.0),Key short-term economic indicators,I,NZL,New Zealand,Q,Quarterly,IR3TIB,Short-term interest rates,PA,Percent per annum,_Z,Not applicable,_Z,Not applicable,_Z,Not applicable,2016-Q4,,2.0833333333,,A,Normal value,0,Units,1,One,,
DATAFLOW,OECD.SDD.STES:DSD_KEI@DF_KEI(4.0),Key short-term economic indicators,I,NZL,New Zealand,Q,Quarterly,IR3TIB,Short-term interest rates,PA,Percent per annum,_Z,Not applicable,_Z,Not applicable,_Z,Not applicable,2015-Q2,,3.4966666667,,A,Normal value,0,Units,1,One,,
DATAFLOW,OECD.SDD.STES:DSD_KEI@DF_KEI(4.0),Key short-term economic indicators,I,NZL,New Zealand,Q,Quarterly,IR3TIB,Short-term interest rates,PA,Percent per annum,_Z,Not applicable,_Z,Not applicable,_Z,Not applicable,2015-Q1,,3.6433333333,,A,Normal value,0,Units,1,One,,
DATAFLOW,OECD.SDD.STES:DSD_KEI@DF_KEI(4.0),Key short-term economic indicators,I,NZL,New Zealand,Q,Quarterly,IR3TIB,Short-term interest rates,PA,Percent per annum,_Z,Not applicable,_Z,Not applicable,_Z,Not applicable,2020-Q3,,0.2966666667,,A,Normal value,0,Units,1,One,,
DATAFLOW,OECD.SDD.STES:DSD_KEI@DF_KEI(4.0),Key short-term economic indicators,I,NZL,New Zealand,Q,Quarterly,IR3TIB,Short-term interest rates,PA,Percent per annum,_Z,Not applicable,_Z,Not applicable,_Z,Not applicable,2020-Q1,,1.0533333333,,A,Normal value,0,Units,1,One,,
DATAFLOW,OECD.SDD.STES:DSD_KEI@DF_KEI(4.0),Key short-term economic indicators,I,NZL,New Zealand,Q,Quarterly,IR3TIB,Short-term interest rates,PA,Percent per annum,_Z,Not applicable,_Z,Not applicable,_Z,Not applicable,2019-Q3,,1.3166666667,,A,Normal value,0,Units,1,One,,
DATAFLOW,OECD.SDD.STES:DSD_KEI@DF_KEI(4.0),Key short-term economic indicators,I,NZL,New Zealand,Q,Quarterly,IR3TIB,Short-term interest rates,PA,Percent per annum,_Z,Not applicable,_Z,Not applicable,_Z,Not applicable,2019-Q1,,1.8966666667,,A,Normal value,0,Units,1,One,,
DATAFLOW,OECD.SDD.STES:DSD_KEI@DF_KEI(4.0),Key short-term economic indicators,I,NZL,New Zealand,Q,Quarterly,IR3TIB,Short-term interest rates,PA,Percent per annum,_Z,Not applicable,_Z,Not applicable,_Z,Not applicable,2016-Q3,,2.28,,A,Normal value,0,Units,1,One,,
DATAFLOW,OECD.SDD.STES:DSD_KEI@DF_KEI(4.0),Key short-term economic indicators,I,NZL,New Zealand,Q,Quarterly,IR3TIB,Short-term interest rates,PA,Percent per annum,_Z,Not applicable,_Z,Not applicable,_Z,Not applicable,2015-Q4,,2.8466666667,,A,Normal value,0,Units,1,One,,
DATAFLOW,OECD.SDD.STES:DSD_KEI@DF_KEI(4.0),Key short-term economic indicators,I,NZL,New Zealand,Q,Quarterly,IR3TIB,Short-term interest rates,PA,Percent per annum,_Z,Not applicable,_Z,Not applicable,_Z,Not applicable,2024-Q3,,5.3,,A,Normal value,0,Units,1,One,,
DATAFLOW,OECD.SDD.STES:DSD_KEI@DF_KEI(4.0),Key short-term economic indicators,I,NZL,New Zealand,Q,Quarterly,IR3TIB,Short-term interest rates,PA,Percent per annum,_Z,Not applicable,_Z,Not applicable,_Z,Not applicable,2019-Q4,,1.15,,A,Normal value,0,Units,1,One,,
DATAFLOW,OECD.SDD.STES:DSD_KEI@DF_KEI(4.0),Key short-term economic indicators,I,NZL,New Zealand,Q,Quarterly,IR3TIB,Short-term interest rates,PA,Percent per annum,_Z,Not applicable,_Z,Not applicable,_Z,Not applicable,2019-Q2,,1.71,,A,Normal value,0,Units,1,One,,
DATAFLOW,OECD.SDD.STES:DSD_KEI@DF_KEI(4.0),Key short-term economic indicators,I,NZL,New Zealand,Q,Quarterly,IR3TIB,Short-term interest rates,PA,Percent per annum,_Z,Not applicable,_Z,Not applicable,_Z,Not applicable,2018-Q2,,2.01,,A,Normal value,0,Units,1,One,,
DATAFLOW,OECD.SDD.STES:DSD_KEI@DF_KEI(4.0),Key short-term economic indicators,I,NZL,New Zealand,Q,Quarterly,IR3TIB,Short-term interest rates,PA,Percent per annum,_Z,Not applicable,_Z,Not applicable,_Z,Not applicable,2025-Q4,,2.5133333333,,A,Normal value,0,Units,1,One,,
DATAFLOW,OECD.SDD.STES:DSD_KEI@DF_KEI(4.0),Key short-term economic indicators,I,NZL,New Zealand,Q,Quarterly,IR3TIB,Short-term interest rates,PA,Percent per annum,_Z,Not applicable,_Z,Not applicable,_Z,Not applicable,2025-Q3,,3.0933333333,,A,Normal value,0,Units,1,One,,
DATAFLOW,OECD.SDD.STES:DSD_KEI@DF_KEI(4.0),Key short-term economic indicators,I,NZL,New Zealand,Q,Quarterly,IR3TIB,Short-term interest rates,PA,Percent per annum,_Z,Not applicable,_Z,Not applicable,_Z,Not applicable,2024-Q4,,4.4466666667,,A,Normal value,0,Units,1,One,,
DATAFLOW,OECD.SDD.STES:DSD_KEI@DF_KEI(4.0),Key short-term economic indicators,I,NZL,New Zealand,Q,Quarterly,IR3TIB,Short-term interest rates,PA,Percent per annum,_Z,Not applicable,_Z,Not applicable,_Z,Not applicable,2024-Q2,,5.6233333333,,A,Normal value,0,Units,1,One,,
DATAFLOW,OECD.SDD.STES:DSD_KEI@DF_KEI(4.0),Key short-term economic indicators,I,NZL,New Zealand,Q,Quarterly,IR3TIB,Short-term interest rates,PA,Percent per annum,_Z,Not applicable,_Z,Not applicable,_Z,Not applicable,2022-Q1,,1.2433333333,,A,Normal value,0,Units,1,One,,
DATAFLOW,OECD.SDD.STES:DSD_KEI@DF_KEI(4.0),Key short-term economic indicators,I,NZL,New Zealand,Q,Quarterly,IR3TIB,Short-term interest rates,PA,Percent per annum,_Z,Not applicable,_Z,Not applicable,_Z,Not applicable,2021-Q3,,0.5033333333,,A,Normal value,0,Units,1,One,,
DATAFLOW,OECD.SDD.STES:DSD_KEI@DF_KEI(4.0),Key short-term economic indicators,I,NZL,New Zealand,Q,Quarterly,IR3TIB,Short-term interest rates,PA,Percent per annum,_Z,Not applicable,_Z,Not applicable,_Z,Not applicable,2017-Q4,,1.9166666667,,A,Normal value,0,Units,1,One,,
DATAFLOW,OECD.SDD.STES:DSD_KEI@DF_KEI(4.0),Key short-term economic indicators,I,NZL,New Zealand,Q,Quarterly,IR3TIB,Short-term interest rates,PA,Percent per annum,_Z,Not applicable,_Z,Not applicable,_Z,Not applicable,2017-Q1,,1.9933333333,,A,Normal value,0,Units,1,One,,
DATAFLOW,OECD.SDD.STES:DSD_KEI@DF_KEI(4.0),Key short-term economic indicators,I,NZL,New Zealand,Q,Quarterly,IR3TIB,Short-term interest rates,PA,Percent per annum,_Z,Not applicable,_Z,Not applicable,_Z,Not applicable,2016-Q2,,2.3633333333,,A,Normal value,0,Units,1,One,,
DATAFLOW,OECD.SDD.STES:DSD_KEI@DF_KEI(4.0),Key short-term economic indicators,I,NZL,New Zealand,Q,Quarterly,IR3TIB,Short-term interest rates,PA,Percent per annum,_Z,Not applicable,_Z,Not applicable,_Z,Not applicable,2016-Q1,,2.5933333333,,A,Normal value,0,Units,1,One,,
DATAFLOW,OECD.SDD.STES:DSD_KEI@DF_KEI(4.0),Key short-term economic indicators,I,NZL,New Zealand,Q,Quarterly,IR3TIB,Short-term interest rates,PA,Percent per annum,_Z,Not applicable,_Z,Not applicable,_Z,Not applicable,2015-Q3,,2.9766666667,,A,Normal value,0,Units,1,One,,
DATAFLOW,OECD.SDD.STES:DSD_KEI@DF_KEI(4.0),Key short-term economic indicators,I,NZL,New Zealand,Q,Quarterly,IR3TIB,Short-term interest rates,PA,Percent per annum,_Z,Not applicable,_Z,Not applicable,_Z,Not applicable,2025-Q2,,3.3766666667,,A,Normal value,0,Units,1,One,,
DATAFLOW,OECD.SDD.STES:DSD_KEI@DF_KEI(4.0),Key short-term economic indicators,I,NZL,New Zealand,Q,Quarterly,IR3TIB,Short-term interest rates,PA,Percent per annum,_Z,Not applicable,_Z,Not applicable,_Z,Not applicable,2025-Q1,,3.8433333333,,A,Normal value,0,Units,1,One,,
DATAFLOW,OECD.SDD.STES:DSD_KEI@DF_KEI(4.0),Key short-term economic indicators,I,NZL,New Zealand,Q,Quarterly,IR3TIB,Short-term interest rates,PA,Percent per annum,_Z,Not applicable,_Z,Not applicable,_Z,Not applicable,2024-Q1,,5.6633333333,,A,Normal value,0,Units,1,One,,
DATAFLOW,OECD.SDD.STES:DSD_KEI@DF_KEI(4.0),Key short-term economic indicators,I,NZL,New Zealand,Q,Quarterly,IR3TIB,Short-term interest rates,PA,Percent per annum,_Z,Not applicable,_Z,Not applicable,_Z,Not applicable,2023-Q4,,5.6466666667,,A,Normal value,0,Units,1,One,,
DATAFLOW,OECD.SDD.STES:DSD_KEI@DF_KEI(4.0),Key short-term economic indicators,I,NZL,New Zealand,Q,Quarterly,IR3TIB,Short-term interest rates,PA,Percent per annum,_Z,Not applicable,_Z,Not applicable,_Z,Not applicable,2023-Q3,,5.6633333333,,A,Normal value,0,Units,1,One,,
DATAFLOW,OECD.SDD.STES:DSD_KEI@DF_KEI(4.0),Key short-term economic indicators,I,NZL,New Zealand,Q,Quarterly,IR3TIB,Short-term interest rates,PA,Percent per annum,_Z,Not applicable,_Z,Not applicable,_Z,Not applicable,2023-Q2,,5.6133333333,,A,Normal value,0,Units,1,One,,
DATAFLOW,OECD.SDD.STES:DSD_KEI@DF_KEI(4.0),Key short-term economic indicators,I,NZL,New Zealand,Q,Quarterly,IR3TIB,Short-term interest rates,PA,Percent per annum,_Z,Not applicable,_Z,Not applicable,_Z,Not applicable,2022-Q4,,4.2566666667,,A,Normal value,0,Units,1,One,,
DATAFLOW,OECD.SDD.STES:DSD_KEI@DF_KEI(4.0),Key short-term economic indicators,I,NZL,New Zealand,Q,Quarterly,IR3TIB,Short-term interest rates,PA,Percent per annum,_Z,Not applicable,_Z,Not applicable,_Z,Not applicable,2022-Q3,,3.3266666667,,A,Normal value,0,Units,1,One,,
DATAFLOW,OECD.SDD.STES:DSD_KEI@DF_KEI(4.0),Key short-term economic indicators,I,NZL,New Zealand,Q,Quarterly,IR3TIB,Short-term interest rates,PA,Percent per annum,_Z,Not applicable,_Z,Not applicable,_Z,Not applicable,2022-Q2,,2.2366666667,,A,Normal value,0,Units,1,One,,
DATAFLOW,OECD.SDD.STES:DSD_KEI@DF_KEI(4.0),Key short-term economic indicators,I,NZL,New Zealand,Q,Quarterly,IR3TIB,Short-term interest rates,PA,Percent per annum,_Z,Not applicable,_Z,Not applicable,_Z,Not applicable,2021-Q4,,0.8133333333,,A,Normal value,0,Units,1,One,,
DATAFLOW,OECD.SDD.STES:DSD_KEI@DF_KEI(4.0),Key short-term economic indicators,I,NZL,New Zealand,Q,Quarterly,IR3TIB,Short-term interest rates,PA,Percent per annum,_Z,Not applicable,_Z,Not applicable,_Z,Not applicable,2021-Q1,,0.2966666667,,A,Normal value,0,Units,1,One,,
DATAFLOW,OECD.SDD.STES:DSD_KEI@DF_KEI(4.0),Key short-term economic indicators,I,NZL,New Zealand,Q,Quarterly,IR3TIB,Short-term interest rates,PA,Percent per annum,_Z,Not applicable,_Z,Not applicable,_Z,Not applicable,2020-Q4,,0.2666666667,,A,Normal value,0,Units,1,One,,
DATAFLOW,OECD.SDD.STES:DSD_KEI@DF_KEI(4.0),Key short-term economic indicators,I,NZL,New Zealand,Q,Quarterly,IR3TIB,Short-term interest rates,PA,Percent per annum,_Z,Not applicable,_Z,Not applicable,_Z,Not applicable,2023-Q1,,4.99,,A,Normal value,0,Units,1,One,,
DATAFLOW,OECD.SDD.STES:DSD_KEI@DF_KEI(4.0),Key short-term economic indicators,I,NZL,New Zealand,Q,Quarterly,IR3TIB,Short-term interest rates,PA,Percent per annum,_Z,Not applicable,_Z,Not applicable,_Z,Not applicable,2021-Q2,,0.34,,A,Normal value,0,Units,1,One,,
DATAFLOW,OECD.SDD.STES:DSD_KEI@DF_KEI(4.0),Key short-term economic indicators,I,NZL,New Zealand,Q,Quarterly,IR3TIB,Short-term interest rates,PA,Percent per annum,_Z,Not applicable,_Z,Not applicable,_Z,Not applicable,2020-Q2,,0.31,,A,Normal value,0,Units,1,One,,
DATAFLOW,OECD.SDD.STES:DSD_KEI@DF_KEI(4.0),Key short-term economic indicators,I,NZL,New Zealand,Q,Quarterly,IR3TIB,Short-term interest rates,PA,Percent per annum,_Z,Not applicable,_Z,Not applicable,_Z,Not applicable,2018-Q4,,1.95,,A,Normal value,0,Units,1,One,,
DATAFLOW,OECD.SDD.STES:DSD_KEI@DF_KEI(4.0),Key short-term economic indicators,I,NZL,New Zealand,Q,Quarterly,IR3TIB,Short-term interest rates,PA,Percent per annum,_Z,Not applicable,_Z,Not applicable,_Z,Not applicable,2018-Q3,,1.9133333333,,A,Normal value,0,Units,1,One,,
DATAFLOW,OECD.SDD.STES:DSD_KEI@DF_KEI(4.0),Key short-term economic indicators,I,NOR,Norway,Q,Quarterly,IR3TIB,Short-term interest rates,PA,Percent per annum,_Z,Not applicable,_Z,Not applicable,_Z,Not applicable,2021-Q1,,0.4366666667,,A,Normal value,0,Units,1,One,,
DATAFLOW,OECD.SDD.STES:DSD_KEI@DF_KEI(4.0),Key short-term economic indicators,I,NOR,Norway,Q,Quarterly,IR3TIB,Short-term interest rates,PA,Percent per annum,_Z,Not applicable,_Z,Not applicable,_Z,Not applicable,2020-Q4,,0.3933333333,,A,Normal value,0,Units,1,One,,
DATAFLOW,OECD.SDD.STES:DSD_KEI@DF_KEI(4.0),Key short-term economic indicators,I,NOR,Norway,Q,Quarterly,IR3TIB,Short-term interest rates,PA,Percent per annum,_Z,Not applicable,_Z,Not applicable,_Z,Not applicable,2020-Q2,,0.4666666667,,A,Normal value,0,Units,1,One,,
DATAFLOW,OECD.SDD.STES:DSD_KEI@DF_KEI(4.0),Key short-term economic indicators,I,NOR,Norway,Q,Quarterly,IR3TIB,Short-term interest rates,PA,Percent per annum,_Z,Not applicable,_Z,Not applicable,_Z,Not applicable,2021-Q3,,0.47,,A,Normal value,0,Units,1,One,,
DATAFLOW,OECD.SDD.STES:DSD_KEI@DF_KEI(4.0),Key short-term economic indicators,I,NOR,Norway,Q,Quarterly,IR3TIB,Short-term interest rates,PA,Percent per annum,_Z,Not applicable,_Z,Not applicable,_Z,Not applicable,2019-Q3,,1.6266666667,,A,Normal value,0,Units,1,One,,
DATAFLOW,OECD.SDD.STES:DSD_KEI@DF_KEI(4.0),Key short-term economic indicators,I,NOR,Norway,Q,Quarterly,IR3TIB,Short-term interest rates,PA,Percent per annum,_Z,Not applicable,_Z,Not applicable,_Z,Not applicable,2018-Q4,,1.19,,A,Normal value,0,Units,1,One,,
DATAFLOW,OECD.SDD.STES:DSD_KEI@DF_KEI(4.0),Key short-term economic indicators,I,NOR,Norway,Q,Quarterly,IR3TIB,Short-term interest rates,PA,Percent per annum,_Z,Not applicable,_Z,Not applicable,_Z,Not applicable,2018-Q3,,1.0566666667,,A,Normal value,0,Units,1,One,,
DATAFLOW,OECD.SDD.STES:DSD_KEI@DF_KEI(4.0),Key short-term economic indicators,I,NOR,Norway,Q,Quarterly,IR3TIB,Short-term interest rates,PA,Percent per annum,_Z,Not applicable,_Z,Not applicable,_Z,Not applicable,2016-Q3,,1.06,,A,Normal value,0,Units,1,One,,
DATAFLOW,OECD.SDD.STES:DSD_KEI@DF_KEI(4.0),Key short-term economic indicators,I,NOR,Norway,Q,Quarterly,IR3TIB,Short-term interest rates,PA,Percent per annum,_Z,Not applicable,_Z,Not applicable,_Z,Not applicable,2016-Q2,,0.9933333333,,A,Normal value,0,Units,1,One,,
DATAFLOW,OECD.SDD.STES:DSD_KEI@DF_KEI(4.0),Key short-term economic indicators,I,NOR,Norway,Q,Quarterly,IR3TIB,Short-term interest rates,PA,Percent per annum,_Z,Not applicable,_Z,Not applicable,_Z,Not applicable,2015-Q2,,1.4366666667,,A,Normal value,0,Units,1,One,,
DATAFLOW,OECD.SDD.STES:DSD_KEI@DF_KEI(4.0),Key short-term economic indicators,I,NOR,Norway,Q,Quarterly,IR3TIB,Short-term interest rates,PA,Percent per annum,_Z,Not applicable,_Z,Not applicable,_Z,Not applicable,2020-Q1,,1.6566666667,,A,Normal value,0,Units,1,One,,
DATAFLOW,OECD.SDD.STES:DSD_KEI@DF_KEI(4.0),Key short-term economic indicators,I,NOR,Norway,Q,Quarterly,IR3TIB,Short-term interest rates,PA,Percent per annum,_Z,Not applicable,_Z,Not applicable,_Z,Not applicable,2019-Q4,,1.8366666667,,A,Normal value,0,Units,1,One,,
DATAFLOW,OECD.SDD.STES:DSD_KEI@DF_KEI(4.0),Key short-term economic indicators,I,NOR,Norway,Q,Quarterly,IR3TIB,Short-term interest rates,PA,Percent per annum,_Z,Not applicable,_Z,Not applicable,_Z,Not applicable,2019-Q2,,1.4566666667,,A,Normal value,0,Units,1,One,,
DATAFLOW,OECD.SDD.STES:DSD_KEI@DF_KEI(4.0),Key short-term economic indicators,I,NOR,Norway,Q,Quarterly,IR3TIB,Short-term interest rates,PA,Percent per annum,_Z,Not applicable,_Z,Not applicable,_Z,Not applicable,2018-Q2,,1.0733333333,,A,Normal value,0,Units,1,One,,
DATAFLOW,OECD.SDD.STES:DSD_KEI@DF_KEI(4.0),Key short-term economic indicators,I,NOR,Norway,Q,Quarterly,IR3TIB,Short-term interest rates,PA,Percent per annum,_Z,Not applicable,_Z,Not applicable,_Z,Not applicable,2018-Q1,,0.9466666667,,A,Normal value,0,Units,1,One,,
DATAFLOW,OECD.SDD.STES:DSD_KEI@DF_KEI(4.0),Key short-term economic indicators,I,NOR,Norway,Q,Quarterly,IR3TIB,Short-term interest rates,PA,Percent per annum,_Z,Not applicable,_Z,Not applicable,_Z,Not applicable,2017-Q3,,0.8133333333,,A,Normal value,0,Units,1,One,,
DATAFLOW,OECD.SDD.STES:DSD_KEI@DF_KEI(4.0),Key short-term economic indicators,I,NOR,Norway,Q,Quarterly,IR3TIB,Short-term interest rates,PA,Percent per annum,_Z,Not applicable,_Z,Not applicable,_Z,Not applicable,2017-Q2,,0.9166666667,,A,Normal value,0,Units,1,One,,
DATAFLOW,OECD.SDD.STES:DSD_KEI@DF_KEI(4.0),Key short-term economic indicators,I,NOR,Norway,Q,Quarterly,IR3TIB,Short-term interest rates,PA,Percent per annum,_Z,Not applicable,_Z,Not applicable,_Z,Not applicable,2016-Q4,,1.1233333333,,A,Normal value,0,Units,1,One,,
DATAFLOW,OECD.SDD.STES:DSD_KEI@DF_KEI(4.0),Key short-term economic indicators,I,NOR,Norway,Q,Quarterly,IR3TIB,Short-term interest rates,PA,Percent per annum,_Z,Not applicable,_Z,Not applicable,_Z,Not applicable,2015-Q4,,1.1333333333,,A,Normal value,0,Units,1,One,,
DATAFLOW,OECD.SDD.STES:DSD_KEI@DF_KEI(4.0),Key short-term economic indicators,I,NOR,Norway,Q,Quarterly,IR3TIB,Short-term interest rates,PA,Percent per annum,_Z,Not applicable,_Z,Not applicable,_Z,Not applicable,2015-Q1,,1.3826984127,,A,Normal value,0,Units,1,One,,
DATAFLOW,OECD.SDD.STES:DSD_KEI@DF_KEI(4.0),Key short-term economic indicators,I,NOR,Norway,Q,Quarterly,IR3TIB,Short-term interest rates,PA,Percent per annum,_Z,Not applicable,_Z,Not applicable,_Z,Not applicable,2025-Q4,,4.18,,A,Normal value,0,Units,1,One,,
DATAFLOW,OECD.SDD.STES:DSD_KEI@DF_KEI(4.0),Key short-term economic indicators,I,NOR,Norway,Q,Quarterly,IR3TIB,Short-term interest rates,PA,Percent per annum,_Z,Not applicable,_Z,Not applicable,_Z,Not applicable,2025-Q3,,4.24,,A,Normal value,0,Units,1,One,,
DATAFLOW,OECD.SDD.STES:DSD_KEI@DF_KEI(4.0),Key short-term economic indicators,I,NOR,Norway,Q,Quarterly,IR3TIB,Short-term interest rates,PA,Percent per annum,_Z,Not applicable,_Z,Not applicable,_Z,Not applicable,2024-Q4,,4.6933333333,,A,Normal value,0,Units,1,One,,
DATAFLOW,OECD.SDD.STES:DSD_KEI@DF_KEI(4.0),Key short-term economic indicators,I,NOR,Norway,Q,Quarterly,IR3TIB,Short-term interest rates,PA,Percent per annum,_Z,Not applicable,_Z,Not applicable,_Z,Not applicable,2024-Q2,,4.72,,A,Normal value,0,Units,1,One,,
DATAFLOW,OECD.SDD.STES:DSD_KEI@DF_KEI(4.0),Key short-term economic indicators,I,NOR,Norway,Q,Quarterly,IR3TIB,Short-term interest rates,PA,Percent per annum,_Z,Not applicable,_Z,Not applicable,_Z,Not applicable,2024-Q1,,4.7166666667,,A,Normal value,0,Units,1,One,,
DATAFLOW,OECD.SDD.STES:DSD_KEI@DF_KEI(4.0),Key short-term economic indicators,I,NOR,Norway,Q,Quarterly,IR3TIB,Short-term interest rates,PA,Percent per annum,_Z,Not applicable,_Z,Not applicable,_Z,Not applicable,2023-Q4,,4.7133333333,,A,Normal value,0,Units,1,One,,
DATAFLOW,OECD.SDD.STES:DSD_KEI@DF_KEI(4.0),Key short-term economic indicators,I,NOR,Norway,Q,Quarterly,IR3TIB,Short-term interest rates,PA,Percent per annum,_Z,Not applicable,_Z,Not applicable,_Z,Not applicable,2020-Q3,,0.28,,A,Normal value,0,Units,1,One,,
DATAFLOW,OECD.SDD.STES:DSD_KEI@DF_KEI(4.0),Key short-term economic indicators,I,NOR,Norway,Q,Quarterly,IR3TIB,Short-term interest rates,PA,Percent per annum,_Z,Not applicable,_Z,Not applicable,_Z,Not applicable,2019-Q1,,1.29,,A,Normal value,0,Units,1,One,,
DATAFLOW,OECD.SDD.STES:DSD_KEI@DF_KEI(4.0),Key short-term economic indicators,I,NOR,Norway,Q,Quarterly,IR3TIB,Short-term interest rates,PA,Percent per annum,_Z,Not applicable,_Z,Not applicable,_Z,Not applicable,2017-Q4,,0.81,,A,Normal value,0,Units,1,One,,
DATAFLOW,OECD.SDD.STES:DSD_KEI@DF_KEI(4.0),Key short-term economic indicators,I,NOR,Norway,Q,Quarterly,IR3TIB,Short-term interest rates,PA,Percent per annum,_Z,Not applicable,_Z,Not applicable,_Z,Not applicable,2017-Q1,,1.02,,A,Normal value,0,Units,1,One,,
DATAFLOW,OECD.SDD.STES:DSD_KEI@DF_KEI(4.0),Key short-term economic indicators,I,NOR,Norway,Q,Quarterly,IR3TIB,Short-term interest rates,PA,Percent per annum,_Z,Not applicable,_Z,Not applicable,_Z,Not applicable,2016-Q1,,1.09,,A,Normal value,0,Units,1,One,,
DATAFLOW,OECD.SDD.STES:DSD_KEI@DF_KEI(4.0),Key short-term economic indicators,I,NOR,Norway,Q,Quarterly,IR3TIB,Short-term interest rates,PA,Percent per annum,_Z,Not applicable,_Z,Not applicable,_Z,Not applicable,2015-Q3,,1.21,,A,Normal value,0,Units,1,One,,
DATAFLOW,OECD.SDD.STES:DSD_KEI@DF_KEI(4.0),Key short-term economic indicators,I,NOR,Norway,Q,Quarterly,IR3TIB,Short-term interest rates,PA,Percent per annum,_Z,Not applicable,_Z,Not applicable,_Z,Not applicable,2025-Q2,,4.5233333333,,A,Normal value,0,Units,1,One,,
DATAFLOW,OECD.SDD.STES:DSD_KEI@DF_KEI(4.0),Key short-term economic indicators,I,NOR,Norway,Q,Quarterly,IR3TIB,Short-term interest rates,PA,Percent per annum,_Z,Not applicable,_Z,Not applicable,_Z,Not applicable,2025-Q1,,4.5633333333,,A,Normal value,0,Units,1,One,,
DATAFLOW,OECD.SDD.STES:DSD_KEI@DF_KEI(4.0),Key short-term economic indicators,I,NOR,Norway,Q,Quarterly,IR3TIB,Short-term interest rates,PA,Percent per annum,_Z,Not applicable,_Z,Not applicable,_Z,Not applicable,2024-Q3,,4.7433333333,,A,Normal value,0,Units,1,One,,
DATAFLOW,OECD.SDD.STES:DSD_KEI@DF_KEI(4.0),Key short-term economic indicators,I,NOR,Norway,Q,Quarterly,IR3TIB,Short-term interest rates,PA,Percent per annum,_Z,Not applicable,_Z,Not applicable,_Z,Not applicable,2023-Q3,,4.7066666667,,A,Normal value,0,Units,1,One,,
DATAFLOW,OECD.SDD.STES:DSD_KEI@DF_KEI(4.0),Key short-term economic indicators,I,NOR,Norway,Q,Quarterly,IR3TIB,Short-term interest rates,PA,Percent per annum,_Z,Not applicable,_Z,Not applicable,_Z,Not applicable,2023-Q2,,4.0166666667,,A,Normal value,0,Units,1,One,,
DATAFLOW,OECD.SDD.STES:DSD_KEI@DF_KEI(4.0),Key short-term economic indicators,I,NOR,Norway,Q,Quarterly,IR3TIB,Short-term interest rates,PA,Percent per annum,_Z,Not applicable,_Z,Not applicable,_Z,Not applicable,2023-Q1,,3.4033333333,,A,Normal value,0,Units,1,One,,
DATAFLOW,OECD.SDD.STES:DSD_KEI@DF_KEI(4.0),Key short-term economic indicators,I,NOR,Norway,Q,Quarterly,IR3TIB,Short-term interest rates,PA,Percent per annum,_Z,Not applicable,_Z,Not applicable,_Z,Not applicable,2022-Q4,,3.3666666667,,A,Normal value,0,Units,1,One,,
DATAFLOW,OECD.SDD.STES:DSD_KEI@DF_KEI(4.0),Key short-term economic indicators,I,NOR,Norway,Q,Quarterly,IR3TIB,Short-term interest rates,PA,Percent per annum,_Z,Not applicable,_Z,Not applicable,_Z,Not applicable,2022-Q3,,2.5933333333,,A,Normal value,0,Units,1,One,,
DATAFLOW,OECD.SDD.STES:DSD_KEI@DF_KEI(4.0),Key short-term economic indicators,I,NOR,Norway,Q,Quarterly,IR3TIB,Short-term interest rates,PA,Percent per annum,_Z,Not applicable,_Z,Not applicable,_Z,Not applicable,2022-Q2,,1.3966666667,,A,Normal value,0,Units,1,One,,
DATAFLOW,OECD.SDD.STES:DSD_KEI@DF_KEI(4.0),Key short-term economic indicators,I,NOR,Norway,Q,Quarterly,IR3TIB,Short-term interest rates,PA,Percent per annum,_Z,Not applicable,_Z,Not applicable,_Z,Not applicable,2022-Q1,,1.1966666667,,A,Normal value,0,Units,1,One,,
DATAFLOW,OECD.SDD.STES:DSD_KEI@DF_KEI(4.0),Key short-term economic indicators,I,NOR,Norway,Q,Quarterly,IR3TIB,Short-term interest rates,PA,Percent per annum,_Z,Not applicable,_Z,Not applicable,_Z,Not applicable,2021-Q4,,0.8633333333,,A,Normal value,0,Units,1,One,,
DATAFLOW,OECD.SDD.STES:DSD_KEI@DF_KEI(4.0),Key short-term economic indicators,I,SWE,Sweden,Q,Quarterly,IR3TIB,Short-term interest rates,PA,Percent per annum,_Z,Not applicable,_Z,Not applicable,_Z,Not applicable,2016-Q4,,-0.7766666667,,A,Normal value,0,Units,1,One,,
DATAFLOW,OECD.SDD.STES:DSD_KEI@DF_KEI(4.0),Key short-term economic indicators,I,SWE,Sweden,Q,Quarterly,IR3TIB,Short-term interest rates,PA,Percent per annum,_Z,Not applicable,_Z,Not applicable,_Z,Not applicable,2016-Q2,,-0.6066666667,,A,Normal value,0,Units,1,One,,
DATAFLOW,OECD.SDD.STES:DSD_KEI@DF_KEI(4.0),Key short-term economic indicators,I,SWE,Sweden,Q,Quarterly,IR3TIB,Short-term interest rates,PA,Percent per annum,_Z,Not applicable,_Z,Not applicable,_Z,Not applicable,2016-Q1,,-0.5166666667,,A,Normal value,0,Units,1,One,,
DATAFLOW,OECD.SDD.STES:DSD_KEI@DF_KEI(4.0),Key short-term economic indicators,I,SWE,Sweden,Q,Quarterly,IR3TIB,Short-term interest rates,PA,Percent per annum,_Z,Not applicable,_Z,Not applicable,_Z,Not applicable,2021-Q1,,-0.1471233333,,A,Normal value,0,Units,1,One,,
DATAFLOW,OECD.SDD.STES:DSD_KEI@DF_KEI(4.0),Key short-term economic indicators,I,SWE,Sweden,Q,Quarterly,IR3TIB,Short-term interest rates,PA,Percent per annum,_Z,Not applicable,_Z,Not applicable,_Z,Not applicable,2020-Q4,,-0.1451766667,,A,Normal value,0,Units,1,One,,
DATAFLOW,OECD.SDD.STES:DSD_KEI@DF_KEI(4.0),Key short-term economic indicators,I,SWE,Sweden,Q,Quarterly,IR3TIB,Short-term interest rates,PA,Percent per annum,_Z,Not applicable,_Z,Not applicable,_Z,Not applicable,2020-Q1,,-0.1592366667,,A,Normal value,0,Units,1,One,,
DATAFLOW,OECD.SDD.STES:DSD_KEI@DF_KEI(4.0),Key short-term economic indicators,I,SWE,Sweden,Q,Quarterly,IR3TIB,Short-term interest rates,PA,Percent per annum,_Z,Not applicable,_Z,Not applicable,_Z,Not applicable,2019-Q4,,-0.4533333333,,A,Normal value,0,Units,1,One,,
DATAFLOW,OECD.SDD.STES:DSD_KEI@DF_KEI(4.0),Key short-term economic indicators,I,SWE,Sweden,Q,Quarterly,IR3TIB,Short-term interest rates,PA,Percent per annum,_Z,Not applicable,_Z,Not applicable,_Z,Not applicable,2019-Q2,,-0.3994666667,,A,Normal value,0,Units,1,One,,
DATAFLOW,OECD.SDD.STES:DSD_KEI@DF_KEI(4.0),Key short-term economic indicators,I,SWE,Sweden,Q,Quarterly,IR3TIB,Short-term interest rates,PA,Percent per annum,_Z,Not applicable,_Z,Not applicable,_Z,Not applicable,2018-Q3,,-0.6933333333,,A,Normal value,0,Units,1,One,,
DATAFLOW,OECD.SDD.STES:DSD_KEI@DF_KEI(4.0),Key short-term economic indicators,I,SWE,Sweden,Q,Quarterly,IR3TIB,Short-term interest rates,PA,Percent per annum,_Z,Not applicable,_Z,Not applicable,_Z,Not applicable,2018-Q2,,-0.6833333333,,A,Normal value,0,Units,1,One,,
DATAFLOW,OECD.SDD.STES:DSD_KEI@DF_KEI(4.0),Key short-term economic indicators,I,SWE,Sweden,Q,Quarterly,IR3TIB,Short-term interest rates,PA,Percent per annum,_Z,Not applicable,_Z,Not applicable,_Z,Not applicable,2015-Q4,,-0.3933333333,,A,Normal value,0,Units,1,One,,
DATAFLOW,OECD.SDD.STES:DSD_KEI@DF_KEI(4.0),Key short-term economic indicators,I,SWE,Sweden,Q,Quarterly,IR3TIB,Short-term interest rates,PA,Percent per annum,_Z,Not applicable,_Z,Not applicable,_Z,Not applicable,2015-Q1,,-0.0066666667,,A,Normal value,0,Units,1,One,,
DATAFLOW,OECD.SDD.STES:DSD_KEI@DF_KEI(4.0),Key short-term economic indicators,I,SWE,Sweden,Q,Quarterly,IR3TIB,Short-term interest rates,PA,Percent per annum,_Z,Not applicable,_Z,Not applicable,_Z,Not applicable,2025-Q3,,2.03505,,A,Normal value,0,Units,1,One,,
DATAFLOW,OECD.SDD.STES:DSD_KEI@DF_KEI(4.0),Key short-term economic indicators,I,SWE,Sweden,Q,Quarterly,IR3TIB,Short-term interest rates,PA,Percent per annum,_Z,Not applicable,_Z,Not applicable,_Z,Not applicable,2025-Q1,,2.30359,,A,Normal value,0,Units,1,One,,
DATAFLOW,OECD.SDD.STES:DSD_KEI@DF_KEI(4.0),Key short-term economic indicators,I,SWE,Sweden,Q,Quarterly,IR3TIB,Short-term interest rates,PA,Percent per annum,_Z,Not applicable,_Z,Not applicable,_Z,Not applicable,2024-Q3,,3.3630633333,,A,Normal value,0,Units,1,One,,
DATAFLOW,OECD.SDD.STES:DSD_KEI@DF_KEI(4.0),Key short-term economic indicators,I,SWE,Sweden,Q,Quarterly,IR3TIB,Short-term interest rates,PA,Percent per annum,_Z,Not applicable,_Z,Not applicable,_Z,Not applicable,2024-Q2,,3.80724,,A,Normal value,0,Units,1,One,,
DATAFLOW,OECD.SDD.STES:DSD_KEI@DF_KEI(4.0),Key short-term economic indicators,I,SWE,Sweden,Q,Quarterly,IR3TIB,Short-term interest rates,PA,Percent per annum,_Z,Not applicable,_Z,Not applicable,_Z,Not applicable,2024-Q1,,4.0222766667,,A,Normal value,0,Units,1,One,,
DATAFLOW,OECD.SDD.STES:DSD_KEI@DF_KEI(4.0),Key short-term economic indicators,I,SWE,Sweden,Q,Quarterly,IR3TIB,Short-term interest rates,PA,Percent per annum,_Z,Not applicable,_Z,Not applicable,_Z,Not applicable,2023-Q4,,4.02885,,A,Normal value,0,Units,1,One,,
DATAFLOW,OECD.SDD.STES:DSD_KEI@DF_KEI(4.0),Key short-term economic indicators,I,SWE,Sweden,Q,Quarterly,IR3TIB,Short-term interest rates,PA,Percent per annum,_Z,Not applicable,_Z,Not applicable,_Z,Not applicable,2023-Q3,,3.77633,,A,Normal value,0,Units,1,One,,
DATAFLOW,OECD.SDD.STES:DSD_KEI@DF_KEI(4.0),Key short-term economic indicators,I,SWE,Sweden,Q,Quarterly,IR3TIB,Short-term interest rates,PA,Percent per annum,_Z,Not applicable,_Z,Not applicable,_Z,Not applicable,2018-Q1,,-0.67,,A,Normal value,0,Units,1,One,,
DATAFLOW,OECD.SDD.STES:DSD_KEI@DF_KEI(4.0),Key short-term economic indicators,I,SWE,Sweden,Q,Quarterly,IR3TIB,Short-term interest rates,PA,Percent per annum,_Z,Not applicable,_Z,Not applicable,_Z,Not applicable,2017-Q3,,-0.73,,A,Normal value,0,Units,1,One,,
DATAFLOW,OECD.SDD.STES:DSD_KEI@DF_KEI(4.0),Key short-term economic indicators,I,SWE,Sweden,Q,Quarterly,IR3TIB,Short-term interest rates,PA,Percent per annum,_Z,Not applicable,_Z,Not applicable,_Z,Not applicable,2017-Q2,,-0.64,,A,Normal value,0,Units,1,One,,
DATAFLOW,OECD.SDD.STES:DSD_KEI@DF_KEI(4.0),Key short-term economic indicators,I,SWE,Sweden,Q,Quarterly,IR3TIB,Short-term interest rates,PA,Percent per annum,_Z,Not applicable,_Z,Not applicable,_Z,Not applicable,2023-Q1,,2.9803733333,,A,Normal value,0,Units,1,One,,
DATAFLOW,OECD.SDD.STES:DSD_KEI@DF_KEI(4.0),Key short-term economic indicators,I,SWE,Sweden,Q,Quarterly,IR3TIB,Short-term interest rates,PA,Percent per annum,_Z,Not applicable,_Z,Not applicable,_Z,Not applicable,2022-Q3,,1.1404466667,,A,Normal value,0,Units,1,One,,
DATAFLOW,OECD.SDD.STES:DSD_KEI@DF_KEI(4.0),Key short-term economic indicators,I,SWE,Sweden,Q,Quarterly,IR3TIB,Short-term interest rates,PA,Percent per annum,_Z,Not applicable,_Z,Not applicable,_Z,Not applicable,2021-Q4,,-0.3150466667,,A,Normal value,0,Units,1,One,,
DATAFLOW,OECD.SDD.STES:DSD_KEI@DF_KEI(4.0),Key short-term economic indicators,I,SWE,Sweden,Q,Quarterly,IR3TIB,Short-term interest rates,PA,Percent per annum,_Z,Not applicable,_Z,Not applicable,_Z,Not applicable,2021-Q2,,-0.1524733333,,A,Normal value,0,Units,1,One,,
DATAFLOW,OECD.SDD.STES:DSD_KEI@DF_KEI(4.0),Key short-term economic indicators,I,SWE,Sweden,Q,Quarterly,IR3TIB,Short-term interest rates,PA,Percent per annum,_Z,Not applicable,_Z,Not applicable,_Z,Not applicable,2023-Q2,,3.4843,,A,Normal value,0,Units,1,One,,
DATAFLOW,OECD.SDD.STES:DSD_KEI@DF_KEI(4.0),Key short-term economic indicators,I,SWE,Sweden,Q,Quarterly,IR3TIB,Short-term interest rates,PA,Percent per annum,_Z,Not applicable,_Z,Not applicable,_Z,Not applicable,2022-Q4,,1.76754,,A,Normal value,0,Units,1,One,,
DATAFLOW,OECD.SDD.STES:DSD_KEI@DF_KEI(4.0),Key short-term economic indicators,I,SWE,Sweden,Q,Quarterly,IR3TIB,Short-term interest rates,PA,Percent per annum,_Z,Not applicable,_Z,Not applicable,_Z,Not applicable,2022-Q2,,0.2431046667,,A,Normal value,0,Units,1,One,,
DATAFLOW,OECD.SDD.STES:DSD_KEI@DF_KEI(4.0),Key short-term economic indicators,I,CAN,Canada,Q,Quarterly,IR3TIB,Short-term interest rates,PA,Percent per annum,_Z,Not applicable,_Z,Not applicable,_Z,Not applicable,2015-Q4,,0.4463333333,,A,Normal value,0,Units,1,One,,
DATAFLOW,OECD.SDD.STES:DSD_KEI@DF_KEI(4.0),Key short-term economic indicators,I,CAN,Canada,Q,Quarterly,IR3TIB,Short-term interest rates,PA,Percent per annum,_Z,Not applicable,_Z,Not applicable,_Z,Not applicable,2015-Q3,,0.4183333333,,A,Normal value,0,Units,1,One,,
DATAFLOW,OECD.SDD.STES:DSD_KEI@DF_KEI(4.0),Key short-term economic indicators,I,CAN,Canada,Q,Quarterly,IR3TIB,Short-term interest rates,PA,Percent per annum,_Z,Not applicable,_Z,Not applicable,_Z,Not applicable,2025-Q1,,2.8535,,A,Normal value,0,Units,1,One,,
DATAFLOW,OECD.SDD.STES:DSD_KEI@DF_KEI(4.0),Key short-term economic indicators,I,CAN,Canada,Q,Quarterly,IR3TIB,Short-term interest rates,PA,Percent per annum,_Z,Not applicable,_Z,Not applicable,_Z,Not applicable,2025-Q3,,2.6031666667,,A,Normal value,0,Units,1,One,,
DATAFLOW,OECD.SDD.STES:DSD_KEI@DF_KEI(4.0),Key short-term economic indicators,I,CAN,Canada,Q,Quarterly,IR3TIB,Short-term interest rates,PA,Percent per annum,_Z,Not applicable,_Z,Not applicable,_Z,Not applicable,2022-Q4,,3.9718333333,,A,Normal value,0,Units,1,One,,
DATAFLOW,OECD.SDD.STES:DSD_KEI@DF_KEI(4.0),Key short-term economic indicators,I,CAN,Canada,Q,Quarterly,IR3TIB,Short-term interest rates,PA,Percent per annum,_Z,Not applicable,_Z,Not applicable,_Z,Not applicable,2022-Q3,,2.9243333333,,A,Normal value,0,Units,1,One,,
DATAFLOW,OECD.SDD.STES:DSD_KEI@DF_KEI(4.0),Key short-term economic indicators,I,CAN,Canada,Q,Quarterly,IR3TIB,Short-term interest rates,PA,Percent per annum,_Z,Not applicable,_Z,Not applicable,_Z,Not applicable,2019-Q3,,1.6388333333,,A,Normal value,0,Units,1,One,,
DATAFLOW,OECD.SDD.STES:DSD_KEI@DF_KEI(4.0),Key short-term economic indicators,I,CAN,Canada,Q,Quarterly,IR3TIB,Short-term interest rates,PA,Percent per annum,_Z,Not applicable,_Z,Not applicable,_Z,Not applicable,2016-Q3,,0.5036666667,,A,Normal value,0,Units,1,One,,
DATAFLOW,OECD.SDD.STES:DSD_KEI@DF_KEI(4.0),Key short-term economic indicators,I,CAN,Canada,Q,Quarterly,IR3TIB,Short-term interest rates,PA,Percent per annum,_Z,Not applicable,_Z,Not applicable,_Z,Not applicable,2016-Q1,,0.4508333333,,A,Normal value,0,Units,1,One,,
DATAFLOW,OECD.SDD.STES:DSD_KEI@DF_KEI(4.0),Key short-term economic indicators,I,CHE,Switzerland,Q,Quarterly,IR3TIB,Short-term interest rates,PA,Percent per annum,_Z,Not applicable,_Z,Not applicable,_Z,Not applicable,2019-Q4,,-0.7329669697,,A,Normal value,0,Units,1,One,,
DATAFLOW,OECD.SDD.STES:DSD_KEI@DF_KEI(4.0),Key short-term economic indicators,I,CHE,Switzerland,Q,Quarterly,IR3TIB,Short-term interest rates,PA,Percent per annum,_Z,Not applicable,_Z,Not applicable,_Z,Not applicable,2019-Q3,,-0.8129166667,,A,Normal value,0,Units,1,One,,
DATAFLOW,OECD.SDD.STES:DSD_KEI@DF_KEI(4.0),Key short-term economic indicators,I,CHE,Switzerland,Q,Quarterly,IR3TIB,Short-term interest rates,PA,Percent per annum,_Z,Not applicable,_Z,Not applicable,_Z,Not applicable,2019-Q2,,-0.7677725,,A,Normal value,0,Units,1,One,,
DATAFLOW,OECD.SDD.STES:DSD_KEI@DF_KEI(4.0),Key short-term economic indicators,I,CHE,Switzerland,Q,Quarterly,IR3TIB,Short-term interest rates,PA,Percent per annum,_Z,Not applicable,_Z,Not applicable,_Z,Not applicable,2019-Q1,,-0.7795654497,,A,Normal value,0,Units,1,One,,
DATAFLOW,OECD.SDD.STES:DSD_KEI@DF_KEI(4.0),Key short-term economic indicators,I,CHE,Switzerland,Q,Quarterly,IR3TIB,Short-term interest rates,PA,Percent per annum,_Z,Not applicable,_Z,Not applicable,_Z,Not applicable,2018-Q4,,-0.8073588095,,A,Normal value,0,Units,1,One,,
DATAFLOW,OECD.SDD.STES:DSD_KEI@DF_KEI(4.0),Key short-term economic indicators,I,CHE,Switzerland,Q,Quarterly,IR3TIB,Short-term interest rates,PA,Percent per annum,_Z,Not applicable,_Z,Not applicable,_Z,Not applicable,2018-Q3,,-0.779333569,,A,Normal value,0,Units,1,One,,
DATAFLOW,OECD.SDD.STES:DSD_KEI@DF_KEI(4.0),Key short-term economic indicators,I,CHE,Switzerland,Q,Quarterly,IR3TIB,Short-term interest rates,PA,Percent per annum,_Z,Not applicable,_Z,Not applicable,_Z,Not applicable,2018-Q2,,-0.7922965976,,A,Normal value,0,Units,1,One,,
DATAFLOW,OECD.SDD.STES:DSD_KEI@DF_KEI(4.0),Key short-term economic indicators,I,CHE,Switzerland,Q,Quarterly,IR3TIB,Short-term interest rates,PA,Percent per annum,_Z,Not applicable,_Z,Not applicable,_Z,Not applicable,2018-Q1,,-0.8461169,,A,Normal value,0,Units,1,One,,
DATAFLOW,OECD.SDD.STES:DSD_KEI@DF_KEI(4.0),Key short-term economic indicators,I,CHE,Switzerland,Q,Quarterly,IR3TIB,Short-term interest rates,PA,Percent per annum,_Z,Not applicable,_Z,Not applicable,_Z,Not applicable,2017-Q4,,-0.8987109815,,A,Normal value,0,Units,1,One,,
DATAFLOW,OECD.SDD.STES:DSD_KEI@DF_KEI(4.0),Key short-term economic indicators,I,CHE,Switzerland,Q,Quarterly,IR3TIB,Short-term interest rates,PA,Percent per annum,_Z,Not applicable,_Z,Not applicable,_Z,Not applicable,2017-Q3,,-0.8220277778,,A,Normal value,0,Units,1,One,,
DATAFLOW,OECD.SDD.STES:DSD_KEI@DF_KEI(4.0),Key short-term economic indicators,I,CHE,Switzerland,Q,Quarterly,IR3TIB,Short-term interest rates,PA,Percent per annum,_Z,Not applicable,_Z,Not applicable,_Z,Not applicable,2017-Q2,,-0.82094245,,A,Normal value,0,Units,1,One,,
DATAFLOW,OECD.SDD.STES:DSD_KEI@DF_KEI(4.0),Key short-term economic indicators,I,CHE,Switzerland,Q,Quarterly,IR3TIB,Short-term interest rates,PA,Percent per annum,_Z,Not applicable,_Z,Not applicable,_Z,Not applicable,2017-Q1,,-0.8495927222,,A,Normal value,0,Units,1,One,,
DATAFLOW,OECD.SDD.STES:DSD_KEI@DF_KEI(4.0),Key short-term economic indicators,I,CHE,Switzerland,Q,Quarterly,IR3TIB,Short-term interest rates,PA,Percent per annum,_Z,Not applicable,_Z,Not applicable,_Z,Not applicable,2016-Q4,,-0.77,,A,Normal value,0,Units,1,One,,
DATAFLOW,OECD.SDD.STES:DSD_KEI@DF_KEI(4.0),Key short-term economic indicators,I,CHE,Switzerland,Q,Quarterly,IR3TIB,Short-term interest rates,PA,Percent per annum,_Z,Not applicable,_Z,Not applicable,_Z,Not applicable,2016-Q3,,-0.7566666667,,A,Normal value,0,Units,1,One,,
DATAFLOW,OECD.SDD.STES:DSD_KEI@DF_KEI(4.0),Key short-term economic indicators,I,CHE,Switzerland,Q,Quarterly,IR3TIB,Short-term interest rates,PA,Percent per annum,_Z,Not applicable,_Z,Not applicable,_Z,Not applicable,2016-Q2,,-0.7436316667,,A,Normal value,0,Units,1,One,,
DATAFLOW,OECD.SDD.STES:DSD_KEI@DF_KEI(4.0),Key short-term economic indicators,I,CHE,Switzerland,Q,Quarterly,IR3TIB,Short-term interest rates,PA,Percent per annum,_Z,Not applicable,_Z,Not applicable,_Z,Not applicable,2016-Q1,,-0.8028921333,,A,Normal value,0,Units,1,One,,
DATAFLOW,OECD.SDD.STES:DSD_KEI@DF_KEI(4.0),Key short-term economic indicators,I,CHE,Switzerland,Q,Quarterly,IR3TIB,Short-term interest rates,PA,Percent per annum,_Z,Not applicable,_Z,Not applicable,_Z,Not applicable,2025-Q1,,0.3640857143,,A,Normal value,0,Units,1,One,,
DATAFLOW,OECD.SDD.STES:DSD_KEI@DF_KEI(4.0),Key short-term economic indicators,I,CHE,Switzerland,Q,Quarterly,IR3TIB,Short-term interest rates,PA,Percent per annum,_Z,Not applicable,_Z,Not applicable,_Z,Not applicable,2024-Q4,,0.7672502346,,A,Normal value,0,Units,1,One,,
DATAFLOW,OECD.SDD.STES:DSD_KEI@DF_KEI(4.0),Key short-term economic indicators,I,CHE,Switzerland,Q,Quarterly,IR3TIB,Short-term interest rates,PA,Percent per annum,_Z,Not applicable,_Z,Not applicable,_Z,Not applicable,2024-Q3,,1.0940311663,,A,Normal value,0,Units,1,One,,
DATAFLOW,OECD.SDD.STES:DSD_KEI@DF_KEI(4.0),Key short-term economic indicators,I,CHE,Switzerland,Q,Quarterly,IR3TIB,Short-term interest rates,PA,Percent per annum,_Z,Not applicable,_Z,Not applicable,_Z,Not applicable,2024-Q2,,1.4756666667,,A,Normal value,0,Units,1,One,,
DATAFLOW,OECD.SDD.STES:DSD_KEI@DF_KEI(4.0),Key short-term economic indicators,I,CHE,Switzerland,Q,Quarterly,IR3TIB,Short-term interest rates,PA,Percent per annum,_Z,Not applicable,_Z,Not applicable,_Z,Not applicable,2024-Q1,,1.6284126984,,A,Normal value,0,Units,1,One,,
DATAFLOW,OECD.SDD.STES:DSD_KEI@DF_KEI(4.0),Key short-term economic indicators,I,CHE,Switzerland,Q,Quarterly,IR3TIB,Short-term interest rates,PA,Percent per annum,_Z,Not applicable,_Z,Not applicable,_Z,Not applicable,2023-Q4,,1.7181060606,,A,Normal value,0,Units,1,One,,
DATAFLOW,OECD.SDD.STES:DSD_KEI@DF_KEI(4.0),Key short-term economic indicators,I,CHE,Switzerland,Q,Quarterly,IR3TIB,Short-term interest rates,PA,Percent per annum,_Z,Not applicable,_Z,Not applicable,_Z,Not applicable,2023-Q3,,1.7524242424,,A,Normal value,0,Units,1,One,,
DATAFLOW,OECD.SDD.STES:DSD_KEI@DF_KEI(4.0),Key short-term economic indicators,I,CHE,Switzerland,Q,Quarterly,IR3TIB,Short-term interest rates,PA,Percent per annum,_Z,Not applicable,_Z,Not applicable,_Z,Not applicable,2023-Q2,,1.4968181818,,A,Normal value,0,Units,1,One,,
DATAFLOW,OECD.SDD.STES:DSD_KEI@DF_KEI(4.0),Key short-term economic indicators,I,CHE,Switzerland,Q,Quarterly,IR3TIB,Short-term interest rates,PA,Percent per annum,_Z,Not applicable,_Z,Not applicable,_Z,Not applicable,2023-Q1,,1.1169091235,,A,Normal value,0,Units,1,One,,
DATAFLOW,OECD.SDD.STES:DSD_KEI@DF_KEI(4.0),Key short-term economic indicators,I,CHE,Switzerland,Q,Quarterly,IR3TIB,Short-term interest rates,PA,Percent per annum,_Z,Not applicable,_Z,Not applicable,_Z,Not applicable,2022-Q4,,0.6016996825,,A,Normal value,0,Units,1,One,,
DATAFLOW,OECD.SDD.STES:DSD_KEI@DF_KEI(4.0),Key short-term economic indicators,I,CHE,Switzerland,Q,Quarterly,IR3TIB,Short-term interest rates,PA,Percent per annum,_Z,Not applicable,_Z,Not applicable,_Z,Not applicable,2022-Q3,,0.0043181818,,A,Normal value,0,Units,1,One,,
DATAFLOW,OECD.SDD.STES:DSD_KEI@DF_KEI(4.0),Key short-term economic indicators,I,CHE,Switzerland,Q,Quarterly,IR3TIB,Short-term interest rates,PA,Percent per annum,_Z,Not applicable,_Z,Not applicable,_Z,Not applicable,2022-Q2,,-0.6220238095,,A,Normal value,0,Units,1,One,,
DATAFLOW,OECD.SDD.STES:DSD_KEI@DF_KEI(4.0),Key short-term economic indicators,I,CHE,Switzerland,Q,Quarterly,IR3TIB,Short-term interest rates,PA,Percent per annum,_Z,Not applicable,_Z,Not applicable,_Z,Not applicable,2022-Q1,,-0.6937191001,,A,Normal value,0,Units,1,One,,
DATAFLOW,OECD.SDD.STES:DSD_KEI@DF_KEI(4.0),Key short-term economic indicators,I,CHE,Switzerland,Q,Quarterly,IR3TIB,Short-term interest rates,PA,Percent per annum,_Z,Not applicable,_Z,Not applicable,_Z,Not applicable,2021-Q4,,-0.7127032706,,A,Normal value,0,Units,1,One,,
DATAFLOW,OECD.SDD.STES:DSD_KEI@DF_KEI(4.0),Key short-term economic indicators,I,CHE,Switzerland,Q,Quarterly,IR3TIB,Short-term interest rates,PA,Percent per annum,_Z,Not applicable,_Z,Not applicable,_Z,Not applicable,2021-Q3,,-0.7647727273,,A,Normal value,0,Units,1,One,,
DATAFLOW,OECD.SDD.STES:DSD_KEI@DF_KEI(4.0),Key short-term economic indicators,I,CHE,Switzerland,Q,Quarterly,IR3TIB,Short-term interest rates,PA,Percent per annum,_Z,Not applicable,_Z,Not applicable,_Z,Not applicable,2021-Q2,,-0.7338299418,,A,Normal value,0,Units,1,One,,
DATAFLOW,OECD.SDD.STES:DSD_KEI@DF_KEI(4.0),Key short-term economic indicators,I,CHE,Switzerland,Q,Quarterly,IR3TIB,Short-term interest rates,PA,Percent per annum,_Z,Not applicable,_Z,Not applicable,_Z,Not applicable,2021-Q1,,-0.730754,,A,Normal value,0,Units,1,One,,
DATAFLOW,OECD.SDD.STES:DSD_KEI@DF_KEI(4.0),Key short-term economic indicators,I,GBR,United Kingdom,Q,Quarterly,IR3TIB,Short-term interest rates,PA,Percent per annum,_Z,Not applicable,_Z,Not applicable,_Z,Not applicable,2025-Q4,,3.84,,A,Normal value,0,Units,1,One,,
DATAFLOW,OECD.SDD.STES:DSD_KEI@DF_KEI(4.0),Key short-term economic indicators,I,GBR,United Kingdom,Q,Quarterly,IR3TIB,Short-term interest rates,PA,Percent per annum,_Z,Not applicable,_Z,Not applicable,_Z,Not applicable,2025-Q3,,4,,A,Normal value,0,Units,1,One,,
DATAFLOW,OECD.SDD.STES:DSD_KEI@DF_KEI(4.0),Key short-term economic indicators,I,GBR,United Kingdom,Q,Quarterly,IR3TIB,Short-term interest rates,PA,Percent per annum,_Z,Not applicable,_Z,Not applicable,_Z,Not applicable,2025-Q2,,4.2,,A,Normal value,0,Units,1,One,,
DATAFLOW,OECD.SDD.STES:DSD_KEI@DF_KEI(4.0),Key short-term economic indicators,I,GBR,United Kingdom,Q,Quarterly,IR3TIB,Short-term interest rates,PA,Percent per annum,_Z,Not applicable,_Z,Not applicable,_Z,Not applicable,2023-Q2,,4.78,,A,Normal value,0,Units,1,One,,
DATAFLOW,OECD.SDD.STES:DSD_KEI@DF_KEI(4.0),Key short-term economic indicators,I,GBR,United Kingdom,Q,Quarterly,IR3TIB,Short-term interest rates,PA,Percent per annum,_Z,Not applicable,_Z,Not applicable,_Z,Not applicable,2020-Q4,,0.04,,A,Normal value,0,Units,1,One,,
DATAFLOW,OECD.SDD.STES:DSD_KEI@DF_KEI(4.0),Key short-term economic indicators,I,GBR,United Kingdom,Q,Quarterly,IR3TIB,Short-term interest rates,PA,Percent per annum,_Z,Not applicable,_Z,Not applicable,_Z,Not applicable,2015-Q1,,0.56353,,A,Normal value,0,Units,1,One,,
DATAFLOW,OECD.SDD.STES:DSD_KEI@DF_KEI(4.0),Key short-term economic indicators,I,GBR,United Kingdom,Q,Quarterly,IR3TIB,Short-term interest rates,PA,Percent per annum,_Z,Not applicable,_Z,Not applicable,_Z,Not applicable,2024-Q3,,4.9466666667,,A,Normal value,0,Units,1,One,,
DATAFLOW,OECD.SDD.STES:DSD_KEI@DF_KEI(4.0),Key short-term economic indicators,I,GBR,United Kingdom,Q,Quarterly,IR3TIB,Short-term interest rates,PA,Percent per annum,_Z,Not applicable,_Z,Not applicable,_Z,Not applicable,2024-Q2,,5.1666666667,,A,Normal value,0,Units,1,One,,
DATAFLOW,OECD.SDD.STES:DSD_KEI@DF_KEI(4.0),Key short-term economic indicators,I,GBR,United Kingdom,Q,Quarterly,IR3TIB,Short-term interest rates,PA,Percent per annum,_Z,Not applicable,_Z,Not applicable,_Z,Not applicable,2024-Q1,,5.2033333333,,A,Normal value,0,Units,1,One,,
DATAFLOW,OECD.SDD.STES:DSD_KEI@DF_KEI(4.0),Key short-term economic indicators,I,GBR,United Kingdom,Q,Quarterly,IR3TIB,Short-term interest rates,PA,Percent per annum,_Z,Not applicable,_Z,Not applicable,_Z,Not applicable,2025-Q1,,4.46,,A,Normal value,0,Units,1,One,,
DATAFLOW,OECD.SDD.STES:DSD_KEI@DF_KEI(4.0),Key short-term economic indicators,I,GBR,United Kingdom,Q,Quarterly,IR3TIB,Short-term interest rates,PA,Percent per annum,_Z,Not applicable,_Z,Not applicable,_Z,Not applicable,2024-Q4,,4.69,,A,Normal value,0,Units,1,One,,
DATAFLOW,OECD.SDD.STES:DSD_KEI@DF_KEI(4.0),Key short-term economic indicators,I,GBR,United Kingdom,Q,Quarterly,IR3TIB,Short-term interest rates,PA,Percent per annum,_Z,Not applicable,_Z,Not applicable,_Z,Not applicable,2023-Q1,,4.1833333333,,A,Normal value,0,Units,1,One,,
DATAFLOW,OECD.SDD.STES:DSD_KEI@DF_KEI(4.0),Key short-term economic indicators,I,GBR,United Kingdom,Q,Quarterly,IR3TIB,Short-term interest rates,PA,Percent per annum,_Z,Not applicable,_Z,Not applicable,_Z,Not applicable,2022-Q2,,1.3366666667,,A,Normal value,0,Units,1,One,,
DATAFLOW,OECD.SDD.STES:DSD_KEI@DF_KEI(4.0),Key short-term economic indicators,I,GBR,United Kingdom,Q,Quarterly,IR3TIB,Short-term interest rates,PA,Percent per annum,_Z,Not applicable,_Z,Not applicable,_Z,Not applicable,2021-Q4,,0.15,,A,Normal value,0,Units,1,One,,
DATAFLOW,OECD.SDD.STES:DSD_KEI@DF_KEI(4.0),Key short-term economic indicators,I,GBR,United Kingdom,Q,Quarterly,IR3TIB,Short-term interest rates,PA,Percent per annum,_Z,Not applicable,_Z,Not applicable,_Z,Not applicable,2021-Q3,,0.0733333333,,A,Normal value,0,Units,1,One,,
DATAFLOW,OECD.SDD.STES:DSD_KEI@DF_KEI(4.0),Key short-term economic indicators,I,GBR,United Kingdom,Q,Quarterly,IR3TIB,Short-term interest rates,PA,Percent per annum,_Z,Not applicable,_Z,Not applicable,_Z,Not applicable,2020-Q3,,0.0766666667,,A,Normal value,0,Units,1,One,,
DATAFLOW,OECD.SDD.STES:DSD_KEI@DF_KEI(4.0),Key short-term economic indicators,I,GBR,United Kingdom,Q,Quarterly,IR3TIB,Short-term interest rates,PA,Percent per annum,_Z,Not applicable,_Z,Not applicable,_Z,Not applicable,2020-Q2,,0.39,,A,Normal value,0,Units,1,One,,
DATAFLOW,OECD.SDD.STES:DSD_KEI@DF_KEI(4.0),Key short-term economic indicators,I,GBR,United Kingdom,Q,Quarterly,IR3TIB,Short-term interest rates,PA,Percent per annum,_Z,Not applicable,_Z,Not applicable,_Z,Not applicable,2019-Q2,,0.8,,A,Normal value,0,Units,1,One,,
DATAFLOW,OECD.SDD.STES:DSD_KEI@DF_KEI(4.0),Key short-term economic indicators,I,GBR,United Kingdom,Q,Quarterly,IR3TIB,Short-term interest rates,PA,Percent per annum,_Z,Not applicable,_Z,Not applicable,_Z,Not applicable,2018-Q4,,0.8618166667,,A,Normal value,0,Units,1,One,,
DATAFLOW,OECD.SDD.STES:DSD_KEI@DF_KEI(4.0),Key short-term economic indicators,I,GBR,United Kingdom,Q,Quarterly,IR3TIB,Short-term interest rates,PA,Percent per annum,_Z,Not applicable,_Z,Not applicable,_Z,Not applicable,2017-Q4,,0.47305,,A,Normal value,0,Units,1,One,,
DATAFLOW,OECD.SDD.STES:DSD_KEI@DF_KEI(4.0),Key short-term economic indicators,I,GBR,United Kingdom,Q,Quarterly,IR3TIB,Short-term interest rates,PA,Percent per annum,_Z,Not applicable,_Z,Not applicable,_Z,Not applicable,2017-Q1,,0.3548366667,,A,Normal value,0,Units,1,One,,
DATAFLOW,OECD.SDD.STES:DSD_KEI@DF_KEI(4.0),Key short-term economic indicators,I,GBR,United Kingdom,Q,Quarterly,IR3TIB,Short-term interest rates,PA,Percent per annum,_Z,Not applicable,_Z,Not applicable,_Z,Not applicable,2016-Q2,,0.58429,,A,Normal value,0,Units,1,One,,
DATAFLOW,OECD.SDD.STES:DSD_KEI@DF_KEI(4.0),Key short-term economic indicators,I,GBR,United Kingdom,Q,Quarterly,IR3TIB,Short-term interest rates,PA,Percent per annum,_Z,Not applicable,_Z,Not applicable,_Z,Not applicable,2016-Q1,,0.58958,,A,Normal value,0,Units,1,One,,
DATAFLOW,OECD.SDD.STES:DSD_KEI@DF_KEI(4.0),Key short-term economic indicators,I,GBR,United Kingdom,Q,Quarterly,IR3TIB,Short-term interest rates,PA,Percent per annum,_Z,Not applicable,_Z,Not applicable,_Z,Not applicable,2015-Q4,,0.5788466667,,A,Normal value,0,Units,1,One,,
DATAFLOW,OECD.SDD.STES:DSD_KEI@DF_KEI(4.0),Key short-term economic indicators,I,GBR,United Kingdom,Q,Quarterly,IR3TIB,Short-term interest rates,PA,Percent per annum,_Z,Not applicable,_Z,Not applicable,_Z,Not applicable,2015-Q3,,0.5844333333,,A,Normal value,0,Units,1,One,,
DATAFLOW,OECD.SDD.STES:DSD_KEI@DF_KEI(4.0),Key short-term economic indicators,I,GBR,United Kingdom,Q,Quarterly,IR3TIB,Short-term interest rates,PA,Percent per annum,_Z,Not applicable,_Z,Not applicable,_Z,Not applicable,2023-Q3,,5.5133333333,,A,Normal value,0,Units,1,One,,
DATAFLOW,OECD.SDD.STES:DSD_KEI@DF_KEI(4.0),Key short-term economic indicators,I,GBR,United Kingdom,Q,Quarterly,IR3TIB,Short-term interest rates,PA,Percent per annum,_Z,Not applicable,_Z,Not applicable,_Z,Not applicable,2022-Q4,,3.5633333333,,A,Normal value,0,Units,1,One,,
DATAFLOW,OECD.SDD.STES:DSD_KEI@DF_KEI(4.0),Key short-term economic indicators,I,GBR,United Kingdom,Q,Quarterly,IR3TIB,Short-term interest rates,PA,Percent per annum,_Z,Not applicable,_Z,Not applicable,_Z,Not applicable,2022-Q3,,2.3266666667,,A,Normal value,0,Units,1,One,,
DATAFLOW,OECD.SDD.STES:DSD_KEI@DF_KEI(4.0),Key short-term economic indicators,I,GBR,United Kingdom,Q,Quarterly,IR3TIB,Short-term interest rates,PA,Percent per annum,_Z,Not applicable,_Z,Not applicable,_Z,Not applicable,2022-Q1,,0.7766666667,,A,Normal value,0,Units,1,One,,
DATAFLOW,OECD.SDD.STES:DSD_KEI@DF_KEI(4.0),Key short-term economic indicators,I,GBR,United Kingdom,Q,Quarterly,IR3TIB,Short-term interest rates,PA,Percent per annum,_Z,Not applicable,_Z,Not applicable,_Z,Not applicable,2021-Q2,,0.0833333333,,A,Normal value,0,Units,1,One,,
DATAFLOW,OECD.SDD.STES:DSD_KEI@DF_KEI(4.0),Key short-term economic indicators,I,GBR,United Kingdom,Q,Quarterly,IR3TIB,Short-term interest rates,PA,Percent per annum,_Z,Not applicable,_Z,Not applicable,_Z,Not applicable,2021-Q1,,0.0533333333,,A,Normal value,0,Units,1,One,,
DATAFLOW,OECD.SDD.STES:DSD_KEI@DF_KEI(4.0),Key short-term economic indicators,I,GBR,United Kingdom,Q,Quarterly,IR3TIB,Short-term interest rates,PA,Percent per annum,_Z,Not applicable,_Z,Not applicable,_Z,Not applicable,2020-Q1,,0.6733333333,,A,Normal value,0,Units,1,One,,
DATAFLOW,OECD.SDD.STES:DSD_KEI@DF_KEI(4.0),Key short-term economic indicators,I,GBR,United Kingdom,Q,Quarterly,IR3TIB,Short-term interest rates,PA,Percent per annum,_Z,Not applicable,_Z,Not applicable,_Z,Not applicable,2019-Q4,,0.7866666667,,A,Normal value,0,Units,1,One,,
DATAFLOW,OECD.SDD.STES:DSD_KEI@DF_KEI(4.0),Key short-term economic indicators,I,GBR,United Kingdom,Q,Quarterly,IR3TIB,Short-term interest rates,PA,Percent per annum,_Z,Not applicable,_Z,Not applicable,_Z,Not applicable,2019-Q3,,0.7666666667,,A,Normal value,0,Units,1,One,,
DATAFLOW,OECD.SDD.STES:DSD_KEI@DF_KEI(4.0),Key short-term economic indicators,I,GBR,United Kingdom,Q,Quarterly,IR3TIB,Short-term interest rates,PA,Percent per annum,_Z,Not applicable,_Z,Not applicable,_Z,Not applicable,2019-Q1,,0.8780666667,,A,Normal value,0,Units,1,One,,
DATAFLOW,OECD.SDD.STES:DSD_KEI@DF_KEI(4.0),Key short-term economic indicators,I,GBR,United Kingdom,Q,Quarterly,IR3TIB,Short-term interest rates,PA,Percent per annum,_Z,Not applicable,_Z,Not applicable,_Z,Not applicable,2018-Q3,,0.7841033333,,A,Normal value,0,Units,1,One,,
DATAFLOW,OECD.SDD.STES:DSD_KEI@DF_KEI(4.0),Key short-term economic indicators,I,GBR,United Kingdom,Q,Quarterly,IR3TIB,Short-term interest rates,PA,Percent per annum,_Z,Not applicable,_Z,Not applicable,_Z,Not applicable,2018-Q2,,0.6795066667,,A,Normal value,0,Units,1,One,,
DATAFLOW,OECD.SDD.STES:DSD_KEI@DF_KEI(4.0),Key short-term economic indicators,I,GBR,United Kingdom,Q,Quarterly,IR3TIB,Short-term interest rates,PA,Percent per annum,_Z,Not applicable,_Z,Not applicable,_Z,Not applicable,2018-Q1,,0.5659166667,,A,Normal value,0,Units,1,One,,
DATAFLOW,OECD.SDD.STES:DSD_KEI@DF_KEI(4.0),Key short-term economic indicators,I,GBR,United Kingdom,Q,Quarterly,IR3TIB,Short-term interest rates,PA,Percent per annum,_Z,Not applicable,_Z,Not applicable,_Z,Not applicable,2017-Q3,,0.2944666667,,A,Normal value,0,Units,1,One,,
DATAFLOW,OECD.SDD.STES:DSD_KEI@DF_KEI(4.0),Key short-term economic indicators,I,GBR,United Kingdom,Q,Quarterly,IR3TIB,Short-term interest rates,PA,Percent per annum,_Z,Not applicable,_Z,Not applicable,_Z,Not applicable,2017-Q2,,0.3134533333,,A,Normal value,0,Units,1,One,,
DATAFLOW,OECD.SDD.STES:DSD_KEI@DF_KEI(4.0),Key short-term economic indicators,I,GBR,United Kingdom,Q,Quarterly,IR3TIB,Short-term interest rates,PA,Percent per annum,_Z,Not applicable,_Z,Not applicable,_Z,Not applicable,2016-Q4,,0.3891633333,,A,Normal value,0,Units,1,One,,
DATAFLOW,OECD.SDD.STES:DSD_KEI@DF_KEI(4.0),Key short-term economic indicators,I,GBR,United Kingdom,Q,Quarterly,IR3TIB,Short-term interest rates,PA,Percent per annum,_Z,Not applicable,_Z,Not applicable,_Z,Not applicable,2016-Q3,,0.4329333333,,A,Normal value,0,Units,1,One,,
DATAFLOW,OECD.SDD.STES:DSD_KEI@DF_KEI(4.0),Key short-term economic indicators,I,USA,United States,Q,Quarterly,IR3TIB,Short-term interest rates,PA,Percent per annum,_Z,Not applicable,_Z,Not applicable,_Z,Not applicable,2019-Q2,,2.4033333333,,A,Normal value,0,Units,1,One,,
DATAFLOW,OECD.SDD.STES:DSD_KEI@DF_KEI(4.0),Key short-term economic indicators,I,USA,United States,Q,Quarterly,IR3TIB,Short-term interest rates,PA,Percent per annum,_Z,Not applicable,_Z,Not applicable,_Z,Not applicable,2017-Q4,,1.3733333333,,A,Normal value,0,Units,1,One,,
DATAFLOW,OECD.SDD.STES:DSD_KEI@DF_KEI(4.0),Key short-term economic indicators,I,USA,United States,Q,Quarterly,IR3TIB,Short-term interest rates,PA,Percent per annum,_Z,Not applicable,_Z,Not applicable,_Z,Not applicable,2015-Q2,,0.1533333333,,A,Normal value,0,Units,1,One,,
DATAFLOW,OECD.SDD.STES:DSD_KEI@DF_KEI(4.0),Key short-term economic indicators,I,USA,United States,Q,Quarterly,IR3TIB,Short-term interest rates,PA,Percent per annum,_Z,Not applicable,_Z,Not applicable,_Z,Not applicable,2019-Q3,,2.1033333333,,A,Normal value,0,Units,1,One,,
DATAFLOW,OECD.SDD.STES:DSD_KEI@DF_KEI(4.0),Key short-term economic indicators,I,USA,United States,Q,Quarterly,IR3TIB,Short-term interest rates,PA,Percent per annum,_Z,Not applicable,_Z,Not applicable,_Z,Not applicable,2018-Q2,,2.1833333333,,A,Normal value,0,Units,1,One,,
DATAFLOW,OECD.SDD.STES:DSD_KEI@DF_KEI(4.0),Key short-term economic indicators,I,USA,United States,Q,Quarterly,IR3TIB,Short-term interest rates,PA,Percent per annum,_Z,Not applicable,_Z,Not applicable,_Z,Not applicable,2017-Q1,,0.9166666667,,A,Normal value,0,Units,1,One,,
DATAFLOW,OECD.SDD.STES:DSD_KEI@DF_KEI(4.0),Key short-term economic indicators,I,USA,United States,Q,Quarterly,IR3TIB,Short-term interest rates,PA,Percent per annum,_Z,Not applicable,_Z,Not applicable,_Z,Not applicable,2016-Q4,,0.7666666667,,A,Normal value,0,Units,1,One,,
DATAFLOW,OECD.SDD.STES:DSD_KEI@DF_KEI(4.0),Key short-term economic indicators,I,USA,United States,Q,Quarterly,IR3TIB,Short-term interest rates,PA,Percent per annum,_Z,Not applicable,_Z,Not applicable,_Z,Not applicable,2016-Q2,,0.5566666667,,A,Normal value,0,Units,1,One,,
DATAFLOW,OECD.SDD.STES:DSD_KEI@DF_KEI(4.0),Key short-term economic indicators,I,USA,United States,Q,Quarterly,IR3TIB,Short-term interest rates,PA,Percent per annum,_Z,Not applicable,_Z,Not applicable,_Z,Not applicable,2016-Q1,,0.5533333333,,A,Normal value,0,Units,1,One,,
DATAFLOW,OECD.SDD.STES:DSD_KEI@DF_KEI(4.0),Key short-term economic indicators,I,USA,United States,Q,Quarterly,IR3TIB,Short-term interest rates,PA,Percent per annum,_Z,Not applicable,_Z,Not applicable,_Z,Not applicable,2015-Q4,,0.3633333333,,A,Normal value,0,Units,1,One,,
DATAFLOW,OECD.SDD.STES:DSD_KEI@DF_KEI(4.0),Key short-term economic indicators,I,USA,United States,Q,Quarterly,IR3TIB,Short-term interest rates,PA,Percent per annum,_Z,Not applicable,_Z,Not applicable,_Z,Not applicable,2025-Q4,,3.86,,A,Normal value,0,Units,1,One,,
DATAFLOW,OECD.SDD.STES:DSD_KEI@DF_KEI(4.0),Key short-term economic indicators,I,USA,United States,Q,Quarterly,IR3TIB,Short-term interest rates,PA,Percent per annum,_Z,Not applicable,_Z,Not applicable,_Z,Not applicable,2025-Q3,,4.2,,A,Normal value,0,Units,1,One,,
DATAFLOW,OECD.SDD.STES:DSD_KEI@DF_KEI(4.0),Key short-term economic indicators,I,USA,United States,Q,Quarterly,IR3TIB,Short-term interest rates,PA,Percent per annum,_Z,Not applicable,_Z,Not applicable,_Z,Not applicable,2025-Q1,,4.32,,A,Normal value,0,Units,1,One,,
DATAFLOW,OECD.SDD.STES:DSD_KEI@DF_KEI(4.0),Key short-term economic indicators,I,USA,United States,Q,Quarterly,IR3TIB,Short-term interest rates,PA,Percent per annum,_Z,Not applicable,_Z,Not applicable,_Z,Not applicable,2021-Q3,,0.1,,A,Normal value,0,Units,1,One,,
DATAFLOW,OECD.SDD.STES:DSD_KEI@DF_KEI(4.0),Key short-term economic indicators,I,USA,United States,Q,Quarterly,IR3TIB,Short-term interest rates,PA,Percent per annum,_Z,Not applicable,_Z,Not applicable,_Z,Not applicable,2021-Q2,,0.1,,A,Normal value,0,Units,1,One,,
DATAFLOW,OECD.SDD.STES:DSD_KEI@DF_KEI(4.0),Key short-term economic indicators,I,USA,United States,Q,Quarterly,IR3TIB,Short-term interest rates,PA,Percent per annum,_Z,Not applicable,_Z,Not applicable,_Z,Not applicable,2020-Q4,,0.15,,A,Normal value,0,Units,1,One,,
DATAFLOW,OECD.SDD.STES:DSD_KEI@DF_KEI(4.0),Key short-term economic indicators,I,USA,United States,Q,Quarterly,IR3TIB,Short-term interest rates,PA,Percent per annum,_Z,Not applicable,_Z,Not applicable,_Z,Not applicable,2018-Q4,,2.54,,A,Normal value,0,Units,1,One,,
DATAFLOW,OECD.SDD.STES:DSD_KEI@DF_KEI(4.0),Key short-term economic indicators,I,USA,United States,Q,Quarterly,IR3TIB,Short-term interest rates,PA,Percent per annum,_Z,Not applicable,_Z,Not applicable,_Z,Not applicable,2018-Q3,,2.2,,A,Normal value,0,Units,1,One,,
DATAFLOW,OECD.SDD.STES:DSD_KEI@DF_KEI(4.0),Key short-term economic indicators,I,USA,United States,Q,Quarterly,IR3TIB,Short-term interest rates,PA,Percent per annum,_Z,Not applicable,_Z,Not applicable,_Z,Not applicable,2016-Q3,,0.7,,A,Normal value,0,Units,1,One,,
DATAFLOW,OECD.SDD.STES:DSD_KEI@DF_KEI(4.0),Key short-term economic indicators,I,USA,United States,Q,Quarterly,IR3TIB,Short-term interest rates,PA,Percent per annum,_Z,Not applicable,_Z,Not applicable,_Z,Not applicable,2025-Q2,,4.3066666667,,A,Normal value,0,Units,1,One,,
DATAFLOW,OECD.SDD.STES:DSD_KEI@DF_KEI(4.0),Key short-term economic indicators,I,USA,United States,Q,Quarterly,IR3TIB,Short-term interest rates,PA,Percent per annum,_Z,Not applicable,_Z,Not applicable,_Z,Not applicable,2024-Q2,,5.3133333333,,A,Normal value,0,Units,1,One,,
DATAFLOW,OECD.SDD.STES:DSD_KEI@DF_KEI(4.0),Key short-term economic indicators,I,USA,United States,Q,Quarterly,IR3TIB,Short-term interest rates,PA,Percent per annum,_Z,Not applicable,_Z,Not applicable,_Z,Not applicable,2023-Q3,,5.4266666667,,A,Normal value,0,Units,1,One,,
DATAFLOW,OECD.SDD.STES:DSD_KEI@DF_KEI(4.0),Key short-term economic indicators,I,USA,United States,Q,Quarterly,IR3TIB,Short-term interest rates,PA,Percent per annum,_Z,Not applicable,_Z,Not applicable,_Z,Not applicable,2022-Q4,,4.2733333333,,A,Normal value,0,Units,1,One,,
DATAFLOW,OECD.SDD.STES:DSD_KEI@DF_KEI(4.0),Key short-term economic indicators,I,USA,United States,Q,Quarterly,IR3TIB,Short-term interest rates,PA,Percent per annum,_Z,Not applicable,_Z,Not applicable,_Z,Not applicable,2022-Q3,,2.8233333333,,A,Normal value,0,Units,1,One,,
DATAFLOW,OECD.SDD.STES:DSD_KEI@DF_KEI(4.0),Key short-term economic indicators,I,USA,United States,Q,Quarterly,IR3TIB,Short-term interest rates,PA,Percent per annum,_Z,Not applicable,_Z,Not applicable,_Z,Not applicable,2022-Q1,,0.4433333333,,A,Normal value,0,Units,1,One,,
DATAFLOW,OECD.SDD.STES:DSD_KEI@DF_KEI(4.0),Key short-term economic indicators,I,USA,United States,Q,Quarterly,IR3TIB,Short-term interest rates,PA,Percent per annum,_Z,Not applicable,_Z,Not applicable,_Z,Not applicable,2019-Q4,,1.8033333333,,A,Normal value,0,Units,1,One,,
DATAFLOW,OECD.SDD.STES:DSD_KEI@DF_KEI(4.0),Key short-term economic indicators,I,USA,United States,Q,Quarterly,IR3TIB,Short-term interest rates,PA,Percent per annum,_Z,Not applicable,_Z,Not applicable,_Z,Not applicable,2022-Q2,,1.37,,A,Normal value,0,Units,1,One,,
DATAFLOW,OECD.SDD.STES:DSD_KEI@DF_KEI(4.0),Key short-term economic indicators,I,USA,United States,Q,Quarterly,IR3TIB,Short-term interest rates,PA,Percent per annum,_Z,Not applicable,_Z,Not applicable,_Z,Not applicable,2021-Q4,,0.14,,A,Normal value,0,Units,1,One,,
DATAFLOW,OECD.SDD.STES:DSD_KEI@DF_KEI(4.0),Key short-term economic indicators,I,USA,United States,Q,Quarterly,IR3TIB,Short-term interest rates,PA,Percent per annum,_Z,Not applicable,_Z,Not applicable,_Z,Not applicable,2020-Q2,,0.185,,A,Normal value,0,Units,1,One,,
DATAFLOW,OECD.SDD.STES:DSD_KEI@DF_KEI(4.0),Key short-term economic indicators,I,USA,United States,Q,Quarterly,IR3TIB,Short-term interest rates,PA,Percent per annum,_Z,Not applicable,_Z,Not applicable,_Z,Not applicable,2020-Q1,,1.53,,A,Normal value,0,Units,1,One,,
DATAFLOW,OECD.SDD.STES:DSD_KEI@DF_KEI(4.0),Key short-term economic indicators,I,USA,United States,Q,Quarterly,IR3TIB,Short-term interest rates,PA,Percent per annum,_Z,Not applicable,_Z,Not applicable,_Z,Not applicable,2019-Q1,,2.52,,A,Normal value,0,Units,1,One,,
DATAFLOW,OECD.SDD.STES:DSD_KEI@DF_KEI(4.0),Key short-term economic indicators,I,USA,United States,Q,Quarterly,IR3TIB,Short-term interest rates,PA,Percent per annum,_Z,Not applicable,_Z,Not applicable,_Z,Not applicable,2018-Q1,,1.83,,A,Normal value,0,Units,1,One,,
DATAFLOW,OECD.SDD.STES:DSD_KEI@DF_KEI(4.0),Key short-term economic indicators,I,USA,United States,Q,Quarterly,IR3TIB,Short-term interest rates,PA,Percent per annum,_Z,Not applicable,_Z,Not applicable,_Z,Not applicable,2017-Q3,,1.24,,A,Normal value,0,Units,1,One,,
DATAFLOW,OECD.SDD.STES:DSD_KEI@DF_KEI(4.0),Key short-term economic indicators,I,USA,United States,Q,Quarterly,IR3TIB,Short-term interest rates,PA,Percent per annum,_Z,Not applicable,_Z,Not applicable,_Z,Not applicable,2017-Q2,,1.08,,A,Normal value,0,Units,1,One,,
DATAFLOW,OECD.SDD.STES:DSD_KEI@DF_KEI(4.0),Key short-term economic indicators,I,USA,United States,Q,Quarterly,IR3TIB,Short-term interest rates,PA,Percent per annum,_Z,Not applicable,_Z,Not applicable,_Z,Not applicable,2015-Q3,,0.24,,A,Normal value,0,Units,1,One,,
DATAFLOW,OECD.SDD.STES:DSD_KEI@DF_KEI(4.0),Key short-term economic indicators,I,USA,United States,Q,Quarterly,IR3TIB,Short-term interest rates,PA,Percent per annum,_Z,Not applicable,_Z,Not applicable,_Z,Not applicable,2015-Q1,,0.15,,A,Normal value,0,Units,1,One,,
DATAFLOW,OECD.SDD.STES:DSD_KEI@DF_KEI(4.0),Key short-term economic indicators,I,USA,United States,Q,Quarterly,IR3TIB,Short-term interest rates,PA,Percent per annum,_Z,Not applicable,_Z,Not applicable,_Z,Not applicable,2024-Q4,,4.5366666667,,A,Normal value,0,Units,1,One,,
DATAFLOW,OECD.SDD.STES:DSD_KEI@DF_KEI(4.0),Key short-term economic indicators,I,USA,United States,Q,Quarterly,IR3TIB,Short-term interest rates,PA,Percent per annum,_Z,Not applicable,_Z,Not applicable,_Z,Not applicable,2024-Q3,,5.0966666667,,A,Normal value,0,Units,1,One,,
DATAFLOW,OECD.SDD.STES:DSD_KEI@DF_KEI(4.0),Key short-term economic indicators,I,USA,United States,Q,Quarterly,IR3TIB,Short-term interest rates,PA,Percent per annum,_Z,Not applicable,_Z,Not applicable,_Z,Not applicable,2024-Q1,,5.2566666667,,A,Normal value,0,Units,1,One,,
DATAFLOW,OECD.SDD.STES:DSD_KEI@DF_KEI(4.0),Key short-term economic indicators,I,USA,United States,Q,Quarterly,IR3TIB,Short-term interest rates,PA,Percent per annum,_Z,Not applicable,_Z,Not applicable,_Z,Not applicable,2023-Q4,,5.3966666667,,A,Normal value,0,Units,1,One,,
DATAFLOW,OECD.SDD.STES:DSD_KEI@DF_KEI(4.0),Key short-term economic indicators,I,USA,United States,Q,Quarterly,IR3TIB,Short-term interest rates,PA,Percent per annum,_Z,Not applicable,_Z,Not applicable,_Z,Not applicable,2023-Q2,,5.1333333333,,A,Normal value,0,Units,1,One,,
DATAFLOW,OECD.SDD.STES:DSD_KEI@DF_KEI(4.0),Key short-term economic indicators,I,USA,United States,Q,Quarterly,IR3TIB,Short-term interest rates,PA,Percent per annum,_Z,Not applicable,_Z,Not applicable,_Z,Not applicable,2023-Q1,,4.7533333333,,A,Normal value,0,Units,1,One,,
DATAFLOW,OECD.SDD.STES:DSD_KEI@DF_KEI(4.0),Key short-term economic indicators,I,USA,United States,Q,Quarterly,IR3TIB,Short-term interest rates,PA,Percent per annum,_Z,Not applicable,_Z,Not applicable,_Z,Not applicable,2021-Q1,,0.1166666667,,A,Normal value,0,Units,1,One,,
DATAFLOW,OECD.SDD.STES:DSD_KEI@DF_KEI(4.0),Key short-term economic indicators,I,EA20,Euro area (20 countries),Q,Quarterly,IR3TIB,Short-term interest rates,PA,Percent per annum,_Z,Not applicable,_Z,Not applicable,_Z,Not applicable,2024-Q2,,3.8075050333,,A,Normal value,0,Units,1,One,,
DATAFLOW,OECD.SDD.STES:DSD_KEI@DF_KEI(4.0),Key short-term economic indicators,I,EA20,Euro area (20 countries),Q,Quarterly,IR3TIB,Short-term interest rates,PA,Percent per annum,_Z,Not applicable,_Z,Not applicable,_Z,Not applicable,2020-Q1,,-0.4055409333,,A,Normal value,0,Units,1,One,,
DATAFLOW,OECD.SDD.STES:DSD_KEI@DF_KEI(4.0),Key short-term economic indicators,I,EA20,Euro area (20 countries),Q,Quarterly,IR3TIB,Short-term interest rates,PA,Percent per annum,_Z,Not applicable,_Z,Not applicable,_Z,Not applicable,2018-Q3,,-0.3195257667,,A,Normal value,0,Units,1,One,,
DATAFLOW,OECD.SDD.STES:DSD_KEI@DF_KEI(4.0),Key short-term economic indicators,I,EA20,Euro area (20 countries),Q,Quarterly,IR3TIB,Short-term interest rates,PA,Percent per annum,_Z,Not applicable,_Z,Not applicable,_Z,Not applicable,2018-Q4,,-0.315318,,A,Normal value,0,Units,1,One,,
DATAFLOW,OECD.SDD.STES:DSD_KEI@DF_KEI(4.0),Key short-term economic indicators,I,JPN,Japan,Q,Quarterly,IR3TIB,Short-term interest rates,PA,Percent per annum,_Z,Not applicable,_Z,Not applicable,_Z,Not applicable,2021-Q1,,-0.0583333333,,A,Normal value,0,Units,1,One,,
DATAFLOW,OECD.SDD.STES:DSD_KEI@DF_KEI(4.0),Key short-term economic indicators,I,JPN,Japan,Q,Quarterly,IR3TIB,Short-term interest rates,PA,Percent per annum,_Z,Not applicable,_Z,Not applicable,_Z,Not applicable,2020-Q3,,-0.0616666667,,A,Normal value,0,Units,1,One,,
DATAFLOW,OECD.SDD.STES:DSD_KEI@DF_KEI(4.0),Key short-term economic indicators,I,JPN,Japan,Q,Quarterly,IR3TIB,Short-term interest rates,PA,Percent per annum,_Z,Not applicable,_Z,Not applicable,_Z,Not applicable,2019-Q2,,0.0493333333,,A,Normal value,0,Units,1,One,,
DATAFLOW,OECD.SDD.STES:DSD_KEI@DF_KEI(4.0),Key short-term economic indicators,I,JPN,Japan,Q,Quarterly,IR3TIB,Short-term interest rates,PA,Percent per annum,_Z,Not applicable,_Z,Not applicable,_Z,Not applicable,2022-Q2,,-0.031,,A,Normal value,0,Units,1,One,,
DATAFLOW,OECD.SDD.STES:DSD_KEI@DF_KEI(4.0),Key short-term economic indicators,I,JPN,Japan,Q,Quarterly,IR3TIB,Short-term interest rates,PA,Percent per annum,_Z,Not applicable,_Z,Not applicable,_Z,Not applicable,2021-Q3,,-0.072,,A,Normal value,0,Units,1,One,,
DATAFLOW,OECD.SDD.STES:DSD_KEI@DF_KEI(4.0),Key short-term economic indicators,I,JPN,Japan,Q,Quarterly,IR3TIB,Short-term interest rates,PA,Percent per annum,_Z,Not applicable,_Z,Not applicable,_Z,Not applicable,2020-Q4,,-0.055,,A,Normal value,0,Units,1,One,,
DATAFLOW,OECD.SDD.STES:DSD_KEI@DF_KEI(4.0),Key short-term economic indicators,I,JPN,Japan,Q,Quarterly,IR3TIB,Short-term interest rates,PA,Percent per annum,_Z,Not applicable,_Z,Not applicable,_Z,Not applicable,2020-Q2,,-0.041,,A,Normal value,0,Units,1,One,,
DATAFLOW,OECD.SDD.STES:DSD_KEI@DF_KEI(4.0),Key short-term economic indicators,I,JPN,Japan,Q,Quarterly,IR3TIB,Short-term interest rates,PA,Percent per annum,_Z,Not applicable,_Z,Not applicable,_Z,Not applicable,2020-Q1,,0.016,,A,Normal value,0,Units,1,One,,
DATAFLOW,OECD.SDD.STES:DSD_KEI@DF_KEI(4.0),Key short-term economic indicators,I,JPN,Japan,Q,Quarterly,IR3TIB,Short-term interest rates,PA,Percent per annum,_Z,Not applicable,_Z,Not applicable,_Z,Not applicable,2019-Q4,,0.016,,A,Normal value,0,Units,1,One,,
DATAFLOW,OECD.SDD.STES:DSD_KEI@DF_KEI(4.0),Key short-term economic indicators,I,JPN,Japan,Q,Quarterly,IR3TIB,Short-term interest rates,PA,Percent per annum,_Z,Not applicable,_Z,Not applicable,_Z,Not applicable,2017-Q4,,0.063,,A,Normal value,0,Units,1,One,,
DATAFLOW,OECD.SDD.STES:DSD_KEI@DF_KEI(4.0),Key short-term economic indicators,I,JPN,Japan,Q,Quarterly,IR3TIB,Short-term interest rates,PA,Percent per annum,_Z,Not applicable,_Z,Not applicable,_Z,Not applicable,2017-Q2,,0.056,,A,Normal value,0,Units,1,One,,
DATAFLOW,OECD.SDD.STES:DSD_KEI@DF_KEI(4.0),Key short-term economic indicators,I,JPN,Japan,Q,Quarterly,IR3TIB,Short-term interest rates,PA,Percent per annum,_Z,Not applicable,_Z,Not applicable,_Z,Not applicable,2017-Q1,,0.056,,A,Normal value,0,Units,1,One,,
DATAFLOW,OECD.SDD.STES:DSD_KEI@DF_KEI(4.0),Key short-term economic indicators,I,JPN,Japan,Q,Quarterly,IR3TIB,Short-term interest rates,PA,Percent per annum,_Z,Not applicable,_Z,Not applicable,_Z,Not applicable,2016-Q4,,0.056,,A,Normal value,0,Units,1,One,,
DATAFLOW,OECD.SDD.STES:DSD_KEI@DF_KEI(4.0),Key short-term economic indicators,I,JPN,Japan,Q,Quarterly,IR3TIB,Short-term interest rates,PA,Percent per annum,_Z,Not applicable,_Z,Not applicable,_Z,Not applicable,2015-Q4,,0.169,,A,Normal value,0,Units,1,One,,
DATAFLOW,OECD.SDD.STES:DSD_KEI@DF_KEI(4.0),Key short-term economic indicators,I,JPN,Japan,Q,Quarterly,IR3TIB,Short-term interest rates,PA,Percent per annum,_Z,Not applicable,_Z,Not applicable,_Z,Not applicable,2015-Q3,,0.169,,A,Normal value,0,Units,1,One,,
DATAFLOW,OECD.SDD.STES:DSD_KEI@DF_KEI(4.0),Key short-term economic indicators,I,JPN,Japan,Q,Quarterly,IR3TIB,Short-term interest rates,PA,Percent per annum,_Z,Not applicable,_Z,Not applicable,_Z,Not applicable,2025-Q2,,0.7772733333,,A,Normal value,0,Units,1,One,,
DATAFLOW,OECD.SDD.STES:DSD_KEI@DF_KEI(4.0),Key short-term economic indicators,I,GBR,United Kingdom,Q,Quarterly,IR3TIB,Short-term interest rates,PA,Percent per annum,_Z,Not applicable,_Z,Not applicable,_Z,Not applicable,2023-Q4,,5.3266666667,,B,Time series break,0,Units,1,One,,
DATAFLOW,OECD.SDD.STES:DSD_KEI@DF_KEI(4.0),Key short-term economic indicators,I,EA20,Euro area (20 countries),Q,Quarterly,IR3TIB,Short-term interest rates,PA,Percent per annum,_Z,Not applicable,_Z,Not applicable,_Z,Not applicable,2017-Q1,,-0.3278311,,A,Normal value,0,Units,1,One,,
DATAFLOW,OECD.SDD.STES:DSD_KEI@DF_KEI(4.0),Key short-term economic indicators,I,JPN,Japan,Q,Quarterly,IR3TIB,Short-term interest rates,PA,Percent per annum,_Z,Not applicable,_Z,Not applicable,_Z,Not applicable,2024-Q4,,0.3346666667,,B,Time series break,0,Units,1,One,,
DATAFLOW,OECD.SDD.STES:DSD_KEI@DF_KEI(4.0),Key short-term economic indicators,I,EA20,Euro area (20 countries),Q,Quarterly,IR3TIB,Short-term interest rates,PA,Percent per annum,_Z,Not applicable,_Z,Not applicable,_Z,Not applicable,2016-Q2,,-0.2580938,,A,Normal value,0,Units,1,One,,
DATAFLOW,OECD.SDD.STES:DSD_KEI@DF_KEI(4.0),Key short-term economic indicators,I,EA20,Euro area (20 countries),Q,Quarterly,IR3TIB,Short-term interest rates,PA,Percent per annum,_Z,Not applicable,_Z,Not applicable,_Z,Not applicable,2015-Q3,,-0.0278171,,A,Normal value,0,Units,1,One,,
DATAFLOW,OECD.SDD.STES:DSD_KEI@DF_KEI(4.0),Key short-term economic indicators,I,EA20,Euro area (20 countries),Q,Quarterly,IR3TIB,Short-term interest rates,PA,Percent per annum,_Z,Not applicable,_Z,Not applicable,_Z,Not applicable,2018-Q1,,-0.3282864333,,A,Normal value,0,Units,1,One,,
DATAFLOW,OECD.SDD.STES:DSD_KEI@DF_KEI(4.0),Key short-term economic indicators,I,EA20,Euro area (20 countries),Q,Quarterly,IR3TIB,Short-term interest rates,PA,Percent per annum,_Z,Not applicable,_Z,Not applicable,_Z,Not applicable,2016-Q3,,-0.2981258667,,A,Normal value,0,Units,1,One,,
DATAFLOW,OECD.SDD.STES:DSD_KEI@DF_KEI(4.0),Key short-term economic indicators,I,EA20,Euro area (20 countries),Q,Quarterly,IR3TIB,Short-term interest rates,PA,Percent per annum,_Z,Not applicable,_Z,Not applicable,_Z,Not applicable,2015-Q4,,-0.0891760333,,A,Normal value,0,Units,1,One,,
DATAFLOW,OECD.SDD.STES:DSD_KEI@DF_KEI(4.0),Key short-term economic indicators,I,EA20,Euro area (20 countries),Q,Quarterly,IR3TIB,Short-term interest rates,PA,Percent per annum,_Z,Not applicable,_Z,Not applicable,_Z,Not applicable,2015-Q1,,0.0460161667,,A,Normal value,0,Units,1,One,,
DATAFLOW,OECD.SDD.STES:DSD_KEI@DF_KEI(4.0),Key short-term economic indicators,I,EA20,Euro area (20 countries),Q,Quarterly,IR3TIB,Short-term interest rates,PA,Percent per annum,_Z,Not applicable,_Z,Not applicable,_Z,Not applicable,2025-Q3,,2.0115719,,A,Normal value,0,Units,1,One,,
DATAFLOW,OECD.SDD.STES:DSD_KEI@DF_KEI(4.0),Key short-term economic indicators,I,EA20,Euro area (20 countries),Q,Quarterly,IR3TIB,Short-term interest rates,PA,Percent per annum,_Z,Not applicable,_Z,Not applicable,_Z,Not applicable,2025-Q1,,2.5572171,,A,Normal value,0,Units,1,One,,
DATAFLOW,OECD.SDD.STES:DSD_KEI@DF_KEI(4.0),Key short-term economic indicators,I,EA20,Euro area (20 countries),Q,Quarterly,IR3TIB,Short-term interest rates,PA,Percent per annum,_Z,Not applicable,_Z,Not applicable,_Z,Not applicable,2024-Q3,,3.5553771,,A,Normal value,0,Units,1,One,,
DATAFLOW,OECD.SDD.STES:DSD_KEI@DF_KEI(4.0),Key short-term economic indicators,I,EA20,Euro area (20 countries),Q,Quarterly,IR3TIB,Short-term interest rates,PA,Percent per annum,_Z,Not applicable,_Z,Not applicable,_Z,Not applicable,2024-Q1,,3.9238544,,A,Normal value,0,Units,1,One,,
DATAFLOW,OECD.SDD.STES:DSD_KEI@DF_KEI(4.0),Key short-term economic indicators,I,EA20,Euro area (20 countries),Q,Quarterly,IR3TIB,Short-term interest rates,PA,Percent per annum,_Z,Not applicable,_Z,Not applicable,_Z,Not applicable,2023-Q2,,3.3623451,,A,Normal value,0,Units,1,One,,
DATAFLOW,OECD.SDD.STES:DSD_KEI@DF_KEI(4.0),Key short-term economic indicators,I,EA20,Euro area (20 countries),Q,Quarterly,IR3TIB,Short-term interest rates,PA,Percent per annum,_Z,Not applicable,_Z,Not applicable,_Z,Not applicable,2022-Q4,,1.7721234,,A,Normal value,0,Units,1,One,,
DATAFLOW,OECD.SDD.STES:DSD_KEI@DF_KEI(4.0),Key short-term economic indicators,I,EA20,Euro area (20 countries),Q,Quarterly,IR3TIB,Short-term interest rates,PA,Percent per annum,_Z,Not applicable,_Z,Not applicable,_Z,Not applicable,2022-Q1,,-0.5290259,,A,Normal value,0,Units,1,One,,
DATAFLOW,OECD.SDD.STES:DSD_KEI@DF_KEI(4.0),Key short-term economic indicators,I,EA20,Euro area (20 countries),Q,Quarterly,IR3TIB,Short-term interest rates,PA,Percent per annum,_Z,Not applicable,_Z,Not applicable,_Z,Not applicable,2021-Q3,,-0.5458182,,A,Normal value,0,Units,1,One,,
DATAFLOW,OECD.SDD.STES:DSD_KEI@DF_KEI(4.0),Key short-term economic indicators,I,EA20,Euro area (20 countries),Q,Quarterly,IR3TIB,Short-term interest rates,PA,Percent per annum,_Z,Not applicable,_Z,Not applicable,_Z,Not applicable,2020-Q4,,-0.5226948,,A,Normal value,0,Units,1,One,,
DATAFLOW,OECD.SDD.STES:DSD_KEI@DF_KEI(4.0),Key short-term economic indicators,I,EA20,Euro area (20 countries),Q,Quarterly,IR3TIB,Short-term interest rates,PA,Percent per annum,_Z,Not applicable,_Z,Not applicable,_Z,Not applicable,2020-Q3,,-0.4717361,,A,Normal value,0,Units,1,One,,
DATAFLOW,OECD.SDD.STES:DSD_KEI@DF_KEI(4.0),Key short-term economic indicators,I,EA20,Euro area (20 countries),Q,Quarterly,IR3TIB,Short-term interest rates,PA,Percent per annum,_Z,Not applicable,_Z,Not applicable,_Z,Not applicable,2019-Q3,,-0.3967076,,A,Normal value,0,Units,1,One,,
DATAFLOW,OECD.SDD.STES:DSD_KEI@DF_KEI(4.0),Key short-term economic indicators,I,EA20,Euro area (20 countries),Q,Quarterly,IR3TIB,Short-term interest rates,PA,Percent per annum,_Z,Not applicable,_Z,Not applicable,_Z,Not applicable,2019-Q2,,-0.3170712,,A,Normal value,0,Units,1,One,,
DATAFLOW,OECD.SDD.STES:DSD_KEI@DF_KEI(4.0),Key short-term economic indicators,I,EA20,Euro area (20 countries),Q,Quarterly,IR3TIB,Short-term interest rates,PA,Percent per annum,_Z,Not applicable,_Z,Not applicable,_Z,Not applicable,2025-Q4,,2.0415044667,,A,Normal value,0,Units,1,One,,
DATAFLOW,OECD.SDD.STES:DSD_KEI@DF_KEI(4.0),Key short-term economic indicators,I,EA20,Euro area (20 countries),Q,Quarterly,IR3TIB,Short-term interest rates,PA,Percent per annum,_Z,Not applicable,_Z,Not applicable,_Z,Not applicable,2023-Q4,,3.9580558333,,A,Normal value,0,Units,1,One,,
DATAFLOW,OECD.SDD.STES:DSD_KEI@DF_KEI(4.0),Key short-term economic indicators,I,EA20,Euro area (20 countries),Q,Quarterly,IR3TIB,Short-term interest rates,PA,Percent per annum,_Z,Not applicable,_Z,Not applicable,_Z,Not applicable,2023-Q3,,3.7773871333,,A,Normal value,0,Units,1,One,,
DATAFLOW,OECD.SDD.STES:DSD_KEI@DF_KEI(4.0),Key short-term economic indicators,I,EA20,Euro area (20 countries),Q,Quarterly,IR3TIB,Short-term interest rates,PA,Percent per annum,_Z,Not applicable,_Z,Not applicable,_Z,Not applicable,2023-Q1,,2.6319262667,,A,Normal value,0,Units,1,One,,
DATAFLOW,OECD.SDD.STES:DSD_KEI@DF_KEI(4.0),Key short-term economic indicators,I,EA20,Euro area (20 countries),Q,Quarterly,IR3TIB,Short-term interest rates,PA,Percent per annum,_Z,Not applicable,_Z,Not applicable,_Z,Not applicable,2022-Q3,,0.4807405667,,A,Normal value,0,Units,1,One,,
DATAFLOW,OECD.SDD.STES:DSD_KEI@DF_KEI(4.0),Key short-term economic indicators,I,EA20,Euro area (20 countries),Q,Quarterly,IR3TIB,Short-term interest rates,PA,Percent per annum,_Z,Not applicable,_Z,Not applicable,_Z,Not applicable,2022-Q2,,-0.3576164333,,A,Normal value,0,Units,1,One,,
DATAFLOW,OECD.SDD.STES:DSD_KEI@DF_KEI(4.0),Key short-term economic indicators,I,EA20,Euro area (20 countries),Q,Quarterly,IR3TIB,Short-term interest rates,PA,Percent per annum,_Z,Not applicable,_Z,Not applicable,_Z,Not applicable,2021-Q4,,-0.5663765333,,A,Normal value,0,Units,1,One,,
DATAFLOW,OECD.SDD.STES:DSD_KEI@DF_KEI(4.0),Key short-term economic indicators,I,EA20,Euro area (20 countries),Q,Quarterly,IR3TIB,Short-term interest rates,PA,Percent per annum,_Z,Not applicable,_Z,Not applicable,_Z,Not applicable,2021-Q2,,-0.5403847667,,A,Normal value,0,Units,1,One,,
DATAFLOW,OECD.SDD.STES:DSD_KEI@DF_KEI(4.0),Key short-term economic indicators,I,EA20,Euro area (20 countries),Q,Quarterly,IR3TIB,Short-term interest rates,PA,Percent per annum,_Z,Not applicable,_Z,Not applicable,_Z,Not applicable,2021-Q1,,-0.5424456667,,A,Normal value,0,Units,1,One,,
DATAFLOW,OECD.SDD.STES:DSD_KEI@DF_KEI(4.0),Key short-term economic indicators,I,EA20,Euro area (20 countries),Q,Quarterly,IR3TIB,Short-term interest rates,PA,Percent per annum,_Z,Not applicable,_Z,Not applicable,_Z,Not applicable,2020-Q2,,-0.3006666667,,A,Normal value,0,Units,1,One,,
DATAFLOW,OECD.SDD.STES:DSD_KEI@DF_KEI(4.0),Key short-term economic indicators,I,EA20,Euro area (20 countries),Q,Quarterly,IR3TIB,Short-term interest rates,PA,Percent per annum,_Z,Not applicable,_Z,Not applicable,_Z,Not applicable,2019-Q4,,-0.4029517667,,A,Normal value,0,Units,1,One,,
DATAFLOW,OECD.SDD.STES:DSD_KEI@DF_KEI(4.0),Key short-term economic indicators,I,EA20,Euro area (20 countries),Q,Quarterly,IR3TIB,Short-term interest rates,PA,Percent per annum,_Z,Not applicable,_Z,Not applicable,_Z,Not applicable,2019-Q1,,-0.3085468333,,A,Normal value,0,Units,1,One,,
DATAFLOW,OECD.SDD.STES:DSD_KEI@DF_KEI(4.0),Key short-term economic indicators,I,EA20,Euro area (20 countries),Q,Quarterly,IR3TIB,Short-term interest rates,PA,Percent per annum,_Z,Not applicable,_Z,Not applicable,_Z,Not applicable,2018-Q2,,-0.3252416333,,A,Normal value,0,Units,1,One,,
DATAFLOW,OECD.SDD.STES:DSD_KEI@DF_KEI(4.0),Key short-term economic indicators,I,EA20,Euro area (20 countries),Q,Quarterly,IR3TIB,Short-term interest rates,PA,Percent per annum,_Z,Not applicable,_Z,Not applicable,_Z,Not applicable,2016-Q4,,-0.3124812333,,A,Normal value,0,Units,1,One,,
DATAFLOW,OECD.SDD.STES:DSD_KEI@DF_KEI(4.0),Key short-term economic indicators,I,EA20,Euro area (20 countries),Q,Quarterly,IR3TIB,Short-term interest rates,PA,Percent per annum,_Z,Not applicable,_Z,Not applicable,_Z,Not applicable,2016-Q1,,-0.1860817333,,A,Normal value,0,Units,1,One,,
DATAFLOW,OECD.SDD.STES:DSD_KEI@DF_KEI(4.0),Key short-term economic indicators,I,EA20,Euro area (20 countries),Q,Quarterly,IR3TIB,Short-term interest rates,PA,Percent per annum,_Z,Not applicable,_Z,Not applicable,_Z,Not applicable,2015-Q2,,-0.0065258333,,A,Normal value,0,Units,1,One,,
DATAFLOW,OECD.SDD.STES:DSD_KEI@DF_KEI(4.0),Key short-term economic indicators,I,EA20,Euro area (20 countries),Q,Quarterly,IR3TIB,Short-term interest rates,PA,Percent per annum,_Z,Not applicable,_Z,Not applicable,_Z,Not applicable,2025-Q2,,2.1067523667,,A,Normal value,0,Units,1,One,,
DATAFLOW,OECD.SDD.STES:DSD_KEI@DF_KEI(4.0),Key short-term economic indicators,I,SWE,Sweden,Q,Quarterly,IR3TIB,Short-term interest rates,PA,Percent per annum,_Z,Not applicable,_Z,Not applicable,_Z,Not applicable,2022-Q1,,-0.17622,,A,Normal value,0,Units,1,One,,
DATAFLOW,OECD.SDD.STES:DSD_KEI@DF_KEI(4.0),Key short-term economic indicators,I,SWE,Sweden,Q,Quarterly,IR3TIB,Short-term interest rates,PA,Percent per annum,_Z,Not applicable,_Z,Not applicable,_Z,Not applicable,2021-Q3,,-0.1627,,A,Normal value,0,Units,1,One,,
DATAFLOW,OECD.SDD.STES:DSD_KEI@DF_KEI(4.0),Key short-term economic indicators,I,SWE,Sweden,Q,Quarterly,IR3TIB,Short-term interest rates,PA,Percent per annum,_Z,Not applicable,_Z,Not applicable,_Z,Not applicable,2020-Q3,,-0.1114806667,,A,Normal value,0,Units,1,One,,
DATAFLOW,OECD.SDD.STES:DSD_KEI@DF_KEI(4.0),Key short-term economic indicators,I,SWE,Sweden,Q,Quarterly,IR3TIB,Short-term interest rates,PA,Percent per annum,_Z,Not applicable,_Z,Not applicable,_Z,Not applicable,2020-Q2,,-0.131458,,A,Normal value,0,Units,1,One,,
DATAFLOW,OECD.SDD.STES:DSD_KEI@DF_KEI(4.0),Key short-term economic indicators,I,SWE,Sweden,Q,Quarterly,IR3TIB,Short-term interest rates,PA,Percent per annum,_Z,Not applicable,_Z,Not applicable,_Z,Not applicable,2019-Q3,,-0.4124,,A,Normal value,0,Units,1,One,,
DATAFLOW,OECD.SDD.STES:DSD_KEI@DF_KEI(4.0),Key short-term economic indicators,I,SWE,Sweden,Q,Quarterly,IR3TIB,Short-term interest rates,PA,Percent per annum,_Z,Not applicable,_Z,Not applicable,_Z,Not applicable,2019-Q1,,-0.4133333333,,A,Normal value,0,Units,1,One,,
DATAFLOW,OECD.SDD.STES:DSD_KEI@DF_KEI(4.0),Key short-term economic indicators,I,SWE,Sweden,Q,Quarterly,IR3TIB,Short-term interest rates,PA,Percent per annum,_Z,Not applicable,_Z,Not applicable,_Z,Not applicable,2018-Q4,,-0.6966666667,,A,Normal value,0,Units,1,One,,
DATAFLOW,OECD.SDD.STES:DSD_KEI@DF_KEI(4.0),Key short-term economic indicators,I,SWE,Sweden,Q,Quarterly,IR3TIB,Short-term interest rates,PA,Percent per annum,_Z,Not applicable,_Z,Not applicable,_Z,Not applicable,2017-Q1,,-0.6966666667,,A,Normal value,0,Units,1,One,,
DATAFLOW,OECD.SDD.STES:DSD_KEI@DF_KEI(4.0),Key short-term economic indicators,I,SWE,Sweden,Q,Quarterly,IR3TIB,Short-term interest rates,PA,Percent per annum,_Z,Not applicable,_Z,Not applicable,_Z,Not applicable,2016-Q3,,-0.72,,A,Normal value,0,Units,1,One,,
DATAFLOW,OECD.SDD.STES:DSD_KEI@DF_KEI(4.0),Key short-term economic indicators,I,SWE,Sweden,Q,Quarterly,IR3TIB,Short-term interest rates,PA,Percent per annum,_Z,Not applicable,_Z,Not applicable,_Z,Not applicable,2015-Q3,,-0.4733333333,,A,Normal value,0,Units,1,One,,
DATAFLOW,OECD.SDD.STES:DSD_KEI@DF_KEI(4.0),Key short-term economic indicators,I,SWE,Sweden,Q,Quarterly,IR3TIB,Short-term interest rates,PA,Percent per annum,_Z,Not applicable,_Z,Not applicable,_Z,Not applicable,2015-Q2,,-0.2833333333,,A,Normal value,0,Units,1,One,,
DATAFLOW,OECD.SDD.STES:DSD_KEI@DF_KEI(4.0),Key short-term economic indicators,I,SWE,Sweden,Q,Quarterly,IR3TIB,Short-term interest rates,PA,Percent per annum,_Z,Not applicable,_Z,Not applicable,_Z,Not applicable,2025-Q4,,1.8834433333,,A,Normal value,0,Units,1,One,,
DATAFLOW,OECD.SDD.STES:DSD_KEI@DF_KEI(4.0),Key short-term economic indicators,I,SWE,Sweden,Q,Quarterly,IR3TIB,Short-term interest rates,PA,Percent per annum,_Z,Not applicable,_Z,Not applicable,_Z,Not applicable,2025-Q2,,2.2529966667,,A,Normal value,0,Units,1,One,,
DATAFLOW,OECD.SDD.STES:DSD_KEI@DF_KEI(4.0),Key short-term economic indicators,I,SWE,Sweden,Q,Quarterly,IR3TIB,Short-term interest rates,PA,Percent per annum,_Z,Not applicable,_Z,Not applicable,_Z,Not applicable,2024-Q4,,2.6789933333,,A,Normal value,0,Units,1,One,,
DATAFLOW,OECD.SDD.STES:DSD_KEI@DF_KEI(4.0),Key short-term economic indicators,I,CHE,Switzerland,Q,Quarterly,IR3TIB,Short-term interest rates,PA,Percent per annum,_Z,Not applicable,_Z,Not applicable,_Z,Not applicable,2020-Q3,,-0.7020782373,,A,Normal value,0,Units,1,One,,
DATAFLOW,OECD.SDD.STES:DSD_KEI@DF_KEI(4.0),Key short-term economic indicators,I,CHE,Switzerland,Q,Quarterly,IR3TIB,Short-term interest rates,PA,Percent per annum,_Z,Not applicable,_Z,Not applicable,_Z,Not applicable,2020-Q2,,-0.6512489074,,A,Normal value,0,Units,1,One,,
DATAFLOW,OECD.SDD.STES:DSD_KEI@DF_KEI(4.0),Key short-term economic indicators,I,CHE,Switzerland,Q,Quarterly,IR3TIB,Short-term interest rates,PA,Percent per annum,_Z,Not applicable,_Z,Not applicable,_Z,Not applicable,2020-Q1,,-0.7133991667,,A,Normal value,0,Units,1,One,,
DATAFLOW,OECD.SDD.STES:DSD_KEI@DF_KEI(4.0),Key short-term economic indicators,I,CHE,Switzerland,Q,Quarterly,IR3TIB,Short-term interest rates,PA,Percent per annum,_Z,Not applicable,_Z,Not applicable,_Z,Not applicable,2015-Q4,,-0.7553489444,,A,Normal value,0,Units,1,One,,
DATAFLOW,OECD.SDD.STES:DSD_KEI@DF_KEI(4.0),Key short-term economic indicators,I,CHE,Switzerland,Q,Quarterly,IR3TIB,Short-term interest rates,PA,Percent per annum,_Z,Not applicable,_Z,Not applicable,_Z,Not applicable,2015-Q3,,-0.7605772222,,A,Normal value,0,Units,1,One,,
DATAFLOW,OECD.SDD.STES:DSD_KEI@DF_KEI(4.0),Key short-term economic indicators,I,CHE,Switzerland,Q,Quarterly,IR3TIB,Short-term interest rates,PA,Percent per annum,_Z,Not applicable,_Z,Not applicable,_Z,Not applicable,2015-Q2,,-0.7561364167,,A,Normal value,0,Units,1,One,,
DATAFLOW,OECD.SDD.STES:DSD_KEI@DF_KEI(4.0),Key short-term economic indicators,I,CHE,Switzerland,Q,Quarterly,IR3TIB,Short-term interest rates,PA,Percent per annum,_Z,Not applicable,_Z,Not applicable,_Z,Not applicable,2015-Q1,,-0.6268364306,,A,Normal value,0,Units,1,One,,
DATAFLOW,OECD.SDD.STES:DSD_KEI@DF_KEI(4.0),Key short-term economic indicators,I,CHE,Switzerland,Q,Quarterly,IR3TIB,Short-term interest rates,PA,Percent per annum,_Z,Not applicable,_Z,Not applicable,_Z,Not applicable,2025-Q4,,-0.0533413872,,A,Normal value,0,Units,1,One,,
