Date,AUD,CAD,CHF,EUR,GBP,JPY,NOK,NZD,SEK
2015-01-01,0.817126989364624,1.161460041999817,0.9941099882125854,1.2098628282546997,1.558093547821045,119.6729965209961,7.452700138092041,0.7800920009613037,7.795259952545166
2015-01-02,0.8177952170372009,1.1613999605178833,0.9940999746322632,1.2089413404464722,1.5579720735549927,119.87000274658203,7.455780029296875,0.7791802883148193,7.803279876708984
2015-01-05,0.8067768812179565,1.1792999505996704,1.0058000087738037,1.194643259048462,1.5284910202026367,120.43399810791016,7.603640079498291,0.7665772438049316,7.947690010070801
2015-01-06,0.8099789619445801,1.1756999492645264,1.0061999559402466,1.193901538848877,1.5258322954177856,119.42500305175781,7.633800029754639,0.7700007557868958,7.91786003112793
2015-01-07,0.8080155253410339,1.1836999654769897,1.011299967765808,1.1875356435775757,1.5137982368469238,118.6729965209961,7.7436699867248535,0.7747734189033508,7.925079822540283
2015-01-08,0.8075587749481201,1.1818499565124512,1.014739990234375,1.1836000680923462,1.5107566118240356,119.28900146484375,7.697500228881836,0.7770611047744751,7.969789981842041
2015-01-09,0.8114249110221863,1.1827399730682373,1.0182900428771973,1.1796069145202637,1.5087963342666626,119.79199981689453,7.619900226593018,0.7813110947608948,8.027589797973633
2015-01-12,0.8222332000732422,1.1844300031661987,1.0118199586868286,1.187070369720459,1.5189489126205444,118.21199798583984,7.644229888916016,0.7846829891204834,8.012100219726562
2015-01-13,0.8150623440742493,1.1967999935150146,1.0148999691009521,1.1831519603729248,1.5170363187789917,118.3280029296875,7.739799976348877,0.7765181064605713,8.074899673461914
2015-01-14,0.8173941373825073,1.195449948310852,1.0195000171661377,1.1778285503387451,1.5170363187789917,117.79499816894531,7.736569881439209,0.7744133472442627,8.059599876403809
2015-01-15,0.8144648671150208,1.194700002670288,1.0189299583435059,1.1785920858383179,1.5234380960464478,117.38999938964844,7.619900226593018,0.7713668942451477,8.086700439453125
2015-01-16,0.8223684430122375,1.1957999467849731,0.8543999791145325,1.1637378931045532,1.5181187391281128,116.12999725341797,7.599520206451416,0.784067690372467,8.107799530029297
2015-01-19,0.8227066993713379,1.197029948234558,0.8582000136375427,1.1566041707992554,1.5142109394073486,117.55999755859375,7.553199768066406,0.7794232368469238,8.091699600219727
2015-01-20,0.8195378184318542,1.1955000162124634,0.8796700239181519,1.1597968339920044,1.5090012550354004,117.71199798583984,7.637619972229004,0.7758553624153137,8.138999938964844
2015-01-21,0.8165265321731567,1.2113100290298462,0.8743199706077576,1.1546944379806519,1.5147384405136108,118.64900207519531,7.682499885559082,0.7647013664245605,8.173781394958496
2015-01-22,0.8101101517677307,1.2343800067901611,0.8604999780654907,1.1615345478057861,1.5144860744476318,117.86000061035156,7.574699878692627,0.7572888731956482,8.161999702453613
2015-01-23,0.801988959312439,1.238219976425171,0.8716999888420105,1.1346745491027832,1.5013211965560913,118.7509994506836,7.654369831085205,0.750750720500946,8.235819816589355
2015-01-26,0.787587583065033,1.2457000017166138,0.8810999989509583,1.1125450134277344,1.4995876550674438,117.36100006103516,7.787199974060059,0.7418947815895081,8.363699913024902
2015-01-27,0.7922046780586243,1.2479300498962402,0.9013000130653381,1.1247708797454834,1.5085458755493164,118.5199966430664,7.785439968109131,0.7437156438827515,8.290769577026367
2015-01-28,0.7921419143676758,1.239400029182434,0.8992000222206116,1.1367381811141968,1.5188103914260864,117.7750015258789,7.731900215148926,0.7454341650009155,8.186200141906738
2015-01-29,0.7892659902572632,1.2522000074386597,0.9070000052452087,1.1281461715698242,1.5142338275909424,117.59200286865234,7.8180999755859375,0.7324396967887878,8.29740047454834
2015-01-30,0.7782101631164551,1.261199951171875,0.9225000143051147,1.13355553150177,1.5079090595245361,118.24800109863281,7.814300060272217,0.7282790541648865,8.26039981842041
2015-02-02,0.7782101631164551,1.2688100337982178,0.9212999939918518,1.1309019327163696,1.5087052583694458,117.18399810791016,7.717010021209717,0.726005494594574,8.2608003616333
2015-02-03,0.7801529169082642,1.2582999467849731,0.9271000027656555,1.1341726779937744,1.5028102397918701,117.57499694824219,7.647449970245361,0.7301934957504272,8.314140319824219
2015-02-04,0.7762769460678101,1.2440999746322632,0.9247499704360962,1.145737886428833,1.5142109394073486,117.64600372314453,7.530980110168457,0.7328691482543945,8.234000205993652
2015-02-05,0.7760962843894958,1.257699966430664,0.9259999990463257,1.131874680519104,1.5180034637451172,117.28800201416016,7.625800132751465,0.7359976172447205,8.295700073242188
2015-02-06,0.7799704074859619,1.243499994277954,0.921999990940094,1.147196888923645,1.5325905084609985,117.53500366210938,7.510819911956787,0.7406858801841736,8.246620178222656
2015-02-09,0.7760962843894958,1.2517000436782837,0.9262999892234802,1.1314393281936646,1.523902416229248,118.97000122070312,7.6072998046875,0.7350239157676697,8.416299819946289
2015-02-10,0.7799095511436462,1.2473900318145752,0.9246000051498413,1.1326953172683716,1.5216069221496582,118.56300354003906,7.594940185546875,0.7401924729347229,8.355879783630371
2015-02-11,0.7783918380737305,1.2583999633789062,0.9265000224113464,1.1321951150894165,1.526205062866211,119.35800170898438,7.571700096130371,0.7418947815895081,8.321499824523926
2015-02-12,0.7722604274749756,1.2617000341415405,0.9286999702453613,1.131196141242981,1.5242739915847778,120.16999816894531,7.672220230102539,0.7375718951225281,8.396539688110352
2015-02-13,0.7756748795509338,1.250920057296753,0.9299399852752686,1.140393853187561,1.5391956567764282,118.91600036621094,7.638840198516846,0.7433286309242249,8.435540199279785
2015-02-16,0.7765783667564392,1.245419979095459,0.9316999912261963,1.1400039196014404,1.5400489568710327,118.56999969482422,7.5696001052856445,0.7479431629180908,8.400699615478516
2015-02-17,0.7756748795509338,1.2474600076675415,0.9324700236320496,1.1334012746810913,1.5356265306472778,118.49199676513672,7.579850196838379,0.7485030293464661,8.429900169372559
2015-02-18,0.78118896484375,1.2390799522399902,0.9361400008201599,1.1404719352722168,1.5353436470031738,119.20800018310547,7.518700122833252,0.7539203763008118,8.323699951171875
2015-02-19,0.7808229923248291,1.2454999685287476,0.9419000148773193,1.1400039196014404,1.543900728225708,118.68900299072266,7.5243000984191895,0.7551158666610718,8.350000381469727
2015-02-20,0.7795447707176208,1.2490299940109253,0.949429988861084,1.1366735696792603,1.5419963598251343,118.98799896240234,7.584390163421631,0.7519361972808838,8.420550346374512
2015-02-23,0.7846214175224304,1.253290057182312,0.9405999779701233,1.1381484270095825,1.5389113426208496,119.07599639892578,7.5387701988220215,0.7530120611190796,8.383199691772461
2015-02-24,0.7799704074859619,1.2573000192642212,0.9506000280380249,1.1332985162734985,1.5452368259429932,118.90299987792969,7.619900226593018,0.7531254291534424,8.413900375366211
2015-02-25,0.7833307385444641,1.2496000528335571,0.9501000046730042,1.1339025497436523,1.545905590057373,118.89199829101562,7.5833001136779785,0.7483909726142883,8.404709815979004
2015-02-26,0.7883948683738708,1.2431199550628662,0.9485099911689758,1.1363636255264282,1.552891492843628,118.8219985961914,7.537720203399658,0.7571169137954712,8.285409927368164
2015-02-27,0.780579149723053,1.2503000497817993,0.9526000022888184,1.1205360889434814,1.5418059825897217,119.37699890136719,7.650310039520264,0.7539203763008118,8.392200469970703
2015-03-02,0.7785736322402954,1.2514499425888062,0.9542999863624573,1.1161960363388062,1.5406184196472168,119.82599639892578,7.674180030822754,0.7548878788948059,8.360639572143555
2015-03-03,0.7756748795509338,1.2539000511169434,0.9585000276565552,1.1179054975509644,1.5359095335006714,120.2040023803711,7.691100120544434,0.7505817413330078,8.33810043334961
2015-03-04,0.7820442914962769,1.2482999563217163,0.9607999920845032,1.118217945098877,1.5366648435592651,119.63700103759766,7.700900077819824,0.7562580704689026,8.26710033416748
2015-03-05,0.7823501825332642,1.2424399852752686,0.9634000062942505,1.1082050800323486,1.52650785446167,119.6510009765625,7.768089771270752,0.7591285705566406,8.325389862060547
2015-03-06,0.7785130143165588,1.2482199668884277,0.9736300110816956,1.1032048463821411,1.5247621536254883,120.04499816894531,7.7192702293396,0.749007523059845,8.337789535522461
2015-03-09,0.7722604274749756,1.2603000402450562,0.984499990940094,1.0845986604690552,1.5057746171951294,120.73899841308594,7.889200210571289,0.7363770008087158,8.463199615478516
2015-03-10,0.7685213685035706,1.2620999813079834,0.9871900081634521,1.0833414793014526,1.5104827880859375,121.40799713134766,7.941539764404297,0.7341066002845764,8.487899780273438
2015-03-11,0.7641754746437073,1.2674599885940552,0.9980999827384949,1.0708701610565186,1.508204698562622,121.03800201416016,8.088319778442383,0.7291818857192993,8.55167007446289
2015-03-12,0.7605719566345215,1.2738900184631348,1.0090500116348267,1.0548745393753052,1.4932951927185059,121.41100311279297,8.200980186462402,0.7306736707687378,8.623430252075195
2015-03-13,0.770653486251831,1.2690800428390503,1.0026999711990356,1.0626314878463745,1.4894028902053833,121.31800079345703,8.112319946289062,0.7405762076377869,8.591300010681152
2015-03-16,0.7616146206855774,1.2816599607467651,1.0066499710083008,1.0481630563735962,1.4755791425704956,121.34300231933594,8.207500457763672,0.7319036722183228,8.728699684143066
2015-03-17,0.7644091248512268,1.2773200273513794,1.007699966430664,1.0572947263717651,1.4825797080993652,121.36699676513672,8.261199951171875,0.7380618453025818,8.654600143432617
2015-03-18,0.7623113393783569,1.2786999940872192,1.0056300163269043,1.0598047971725464,1.47520911693573,121.27999877929688,8.310959815979004,0.7315824031829834,8.684189796447754
2015-03-19,0.7778469324111938,1.255270004272461,0.9811000227928162,1.0849988460540771,1.496199607849121,120.06400299072266,8.187620162963867,0.7505817413330078,8.601300239562988
2015-03-20,0.7658140659332275,1.2700999975204468,0.9897400140762329,1.066894292831421,1.4761673212051392,120.76200103759766,8.083999633789062,0.7432181239128113,8.670599937438965
2015-03-23,0.7783918380737305,1.2580699920654297,0.9775000214576721,1.0826611518859863,1.494321584701538,120.0270004272461,8.020649909973145,0.7570022940635681,8.618009567260742
2015-03-24,0.7875256538391113,1.2520999908447266,0.9660000205039978,1.094499111175537,1.4951928853988647,119.75,7.882599830627441,0.7655209302902222,8.501569747924805
2015-03-25,0.7862871289253235,1.2509000301361084,0.9595699906349182,1.0902034044265747,1.4833933115005493,119.79100036621094,7.870460033416748,0.7624857425689697,8.510869979858398
2015-03-26,0.7830240726470947,1.2526999711990356,0.9603800177574158,1.0960465669631958,1.4877409934997559,119.51799774169922,7.842490196228027,0.7584951519966125,8.493000030517578
2015-03-27,0.783392071723938,1.247939944267273,0.9631800055503845,1.0886367559432983,1.4858399629592896,119.18299865722656,7.905300140380859,0.7591862082481384,8.588509559631348
2015-03-30,0.773455023765564,1.2608000040054321,0.9612200260162354,1.0884946584701538,1.4885826110839844,119.25,7.969019889831543,0.7547169327735901,8.586000442504883
2015-03-31,0.7658140659332275,1.2673300504684448,0.9673600196838379,1.0830246210098267,1.4809110164642334,120.01300048828125,8.007699966430664,0.7501313090324402,8.588899612426758
2015-04-01,0.7613826394081116,1.2688000202178955,0.9721999764442444,1.073814034461975,1.482953429222107,120.02200317382812,8.06013011932373,0.7445462346076965,8.624300003051758
2015-04-02,0.7606876492500305,1.2610399723052979,0.9661999940872192,1.0769942998886108,1.4836794137954712,119.5739974975586,8.01941967010498,0.7441030144691467,8.653989791870117
2015-04-03,0.7582076191902161,1.2561700344085693,0.9599699974060059,1.087074637413025,1.4830634593963623,119.6969985961914,7.990019798278809,0.7506943941116333,8.627659797668457
2015-04-06,0.7644091248512268,1.247499942779541,0.9521399736404419,1.100134253501892,1.4930721521377563,118.822998046875,7.912519931793213,0.7616726756095886,8.529419898986816
2015-04-07,0.759013295173645,1.2474499940872192,0.9579499959945679,1.0934817790985107,1.4890702962875366,119.47699737548828,7.938320159912109,0.7535794973373413,8.559100151062012
2015-04-08,0.7642922401428223,1.2503999471664429,0.9656000137329102,1.0824151039123535,1.4823819398880005,120.29000091552734,8.066100120544434,0.750750720500946,8.674300193786621
2015-04-09,0.7684623003005981,1.2541500329971313,0.9661499857902527,1.078527569770813,1.487851619720459,120.09400177001953,8.05502986907959,0.7554011344909668,8.67549991607666
2015-04-10,0.7704160213470459,1.2577099800109863,0.9769700169563293,1.0669056177139282,1.4714971780776978,120.55000305175781,8.086299896240234,0.7576331496238708,8.757269859313965
2015-04-13,0.7669299840927124,1.2569500207901,0.9790800213813782,1.0609854459762573,1.4640644788742065,120.20899963378906,8.1074800491333,0.7538067698478699,8.813529968261719
2015-04-14,0.7587253451347351,1.2591999769210815,0.9771999716758728,1.0572947263717651,1.4667917490005493,120.05899810791016,8.082799911499023,0.7462129592895508,8.81521987915039
2015-04-15,0.761440634727478,1.2483700513839722,0.9727399945259094,1.0647132396697998,1.4771921634674072,119.45700073242188,7.952899932861328,0.7512019276618958,8.764699935913086
2015-04-16,0.7678722143173218,1.2303999662399292,0.9648000001907349,1.0676802396774292,1.4828435182571411,119.14299774169922,7.809820175170898,0.7589556574821472,8.71399974822998
2015-04-17,0.7789375185966492,1.220139980316162,0.9564599990844727,1.0755579471588135,1.4921809434890747,119.04399871826172,7.750909805297852,0.7652866244316101,8.589710235595703
2015-04-20,0.7809448838233948,1.2210700511932373,0.9513999819755554,1.0810226202011108,1.4968267679214478,118.81800079345703,7.828100204467773,0.7705348134040833,8.633649826049805
2015-04-21,0.7722604274749756,1.2223000526428223,0.955299973487854,1.0747487545013428,1.490979552268982,119.19499969482422,7.877019882202148,0.7661073803901672,8.696479797363281
2015-04-22,0.77154541015625,1.2266499996185303,0.9545999765396118,1.074171543121338,1.4935628175735474,119.63300323486328,7.875639915466309,0.767224133014679,8.657400131225586
2015-04-23,0.7750135660171509,1.2242000102996826,0.9693999886512756,1.0725815296173096,1.5037593841552734,119.94999694824219,7.895989894866943,0.7642922401428223,8.729339599609375
2015-04-24,0.7777259349822998,1.2146899700164795,0.955299973487854,1.0815019607543945,1.5052080154418945,119.57099914550781,7.837850093841553,0.7579776644706726,8.634400367736816
2015-04-27,0.7833307385444641,1.2169400453567505,0.9534400105476379,1.086897373199463,1.517657995223999,118.927001953125,7.7813801765441895,0.7609770894050598,8.63539981842041
2015-04-28,0.7867201566696167,1.2093000411987305,0.9552099704742432,1.0877959728240967,1.5223711729049683,119.1259994506836,7.731420040130615,0.7628929018974304,8.606510162353516
2015-04-29,0.7996801733970642,1.2036999464035034,0.9562900066375732,1.096912145614624,1.533483624458313,118.822998046875,7.647600173950195,0.7723796963691711,8.505800247192383
2015-04-30,0.7994883060455322,1.2018400430679321,0.9402999877929688,1.1114321947097778,1.542686104774475,118.97000122070312,7.523240089416504,0.7605719566345215,8.341309547424316
2015-05-01,0.7903263568878174,1.207800030708313,0.9332000017166138,1.1214659214019775,1.5354615449905396,119.4520034790039,7.538269996643066,0.7605140805244446,8.332799911499023
2015-05-04,0.7830240726470947,1.2161999940872192,0.9333000183105469,1.1185932159423828,1.5146695375442505,120.13600158691406,7.603899955749512,0.7526153922080994,8.409810066223145
2015-05-05,0.7843137383460999,1.2092499732971191,0.9336599707603455,1.1149141788482666,1.5122873783111572,120.0999984741211,7.583640098571777,0.7540909647941589,8.369779586791992
2015-05-06,0.7935248017311096,1.2070599794387817,0.9271900057792664,1.1186307668685913,1.517427682876587,119.9219970703125,7.579740047454834,0.7500750422477722,8.350700378417969
2015-05-07,0.7956715226173401,1.2037999629974365,0.9165499806404114,1.1341469287872314,1.5242043733596802,119.39700317382812,7.427700042724609,0.749007523059845,8.229399681091309
2015-05-08,0.7901390790939331,1.210800051689148,0.9217000007629395,1.1246949434280396,1.5407133102416992,119.70899963378906,7.4609198570251465,0.7443245053291321,8.275400161743164
2015-05-11,0.7925814390182495,1.2090400457382202,0.9315199851989746,1.1194071769714355,1.5434004068374634,119.77999877929688,7.4894700050354,0.7425007820129395,8.25121021270752
2015-05-12,0.7899518013000488,1.2093600034713745,0.934499979019165,1.114441990852356,1.557705283164978,120.13099670410156,7.565430164337158,0.7344300746917725,8.308309555053711
2015-05-13,0.7990411520004272,1.2002999782562256,0.9283199906349182,1.1221455335617065,1.567103385925293,119.83499908447266,7.477059841156006,0.7415646910667419,8.326499938964844
2015-05-14,0.8112932443618774,1.1953999996185303,0.9169999957084656,1.1350480318069458,1.574009895324707,119.16000366210938,7.387549877166748,0.753409206867218,8.239919662475586
2015-05-15,0.8086689114570618,1.1983000040054321,0.9125999808311462,1.1404979228973389,1.5772124528884888,119.19100189208984,7.3719000816345215,0.7492882013320923,8.241009712219238
2015-05-18,0.8046994805335999,1.2011799812316895,0.9153000116348267,1.144505262374878,1.574604868888855,119.33000183105469,7.316699981689453,0.7457677721977234,8.198089599609375
2015-05-19,0.7994883060455322,1.2144999504089355,0.9259999990463257,1.1326183080673218,1.5663670301437378,119.9000015258789,7.400629997253418,0.737626314163208,8.228409767150879
2015-05-20,0.7922046780586243,1.2229100465774536,0.9370999932289124,1.1146656274795532,1.5516144037246704,120.6520004272461,7.532760143280029,0.7361059784889221,8.342399597167969
2015-05-21,0.7878358364105225,1.220639944076538,0.9361000061035156,1.1100751161575317,1.5542914867401123,121.21199798583984,7.5706000328063965,0.7303534746170044,8.341099739074707
2015-05-22,0.7902015447616577,1.219599962234497,0.936959981918335,1.1111851930618286,1.5663915872573853,121.03900146484375,7.557030200958252,0.7352941036224365,8.333809852600098
2015-05-25,0.78118896484375,1.2295000553131104,0.9433000087738037,1.0992997884750366,1.5475084781646729,121.57099914550781,7.651820182800293,0.7301934957504272,8.39739990234375
2015-05-26,0.7827175855636597,1.2319300174713135,0.9455000162124634,1.0971167087554932,1.5472211837768555,121.5999984741211,7.649199962615967,0.7312079668045044,8.415300369262695
2015-05-27,0.7744733095169067,1.2424399852752686,0.95169997215271,1.08888578414917,1.5398591756820679,122.98600006103516,7.747900009155273,0.7247952818870544,8.467599868774414
2015-05-28,0.7735148668289185,1.2453999519348145,0.9497900009155273,1.0900014638900757,1.5350136756896973,123.73999786376953,7.776800155639648,0.7242178320884705,8.510049819946289
2015-05-29,0.7658140659332275,1.2425099611282349,0.9430000185966492,1.0960345268249512,1.531909704208374,123.81999969482422,7.791609764099121,0.718339204788208,8.455599784851074
2015-06-01,0.7645260095596313,1.245609998703003,0.9412999749183655,1.0957943201065063,1.5288883447647095,124.19300079345703,7.780109882354736,0.7099247574806213,8.54800033569336
2015-06-02,0.7614986300468445,1.2524399757385254,0.9459999799728394,1.0922993421554565,1.519987940788269,124.84700012207031,7.957300186157227,0.7104290723800659,8.58413028717041
2015-06-03,0.7763975262641907,1.2413699626922607,0.9334099888801575,1.1150012016296387,1.5339776277542114,124.03600311279297,7.831299781799316,0.7166917324066162,8.440899848937988
2015-06-04,0.7774840593338013,1.2455999851226807,0.9345399737358093,1.1257838010787964,1.5326610803604126,124.30400085449219,7.766469955444336,0.7152052521705627,8.313619613647461
2015-06-05,0.7688168287277222,1.249400019645691,0.9345999956130981,1.120787262916565,1.5364996194839478,124.37999725341797,7.77209997177124,0.7128092050552368,8.291799545288086
2015-06-08,0.7621369957923889,1.2457000017166138,0.9402599930763245,1.1108149290084839,1.526787519454956,125.62899780273438,7.9621500968933105,0.7048706412315369,8.391400337219238
2015-06-09,0.7688168287277222,1.2410000562667847,0.9273999929428101,1.128095269203186,1.5345896482467651,124.56300354003906,7.8179497718811035,0.7130632996559143,8.2989501953125
2015-06-10,0.7691124677658081,1.2339999675750732,0.9300199747085571,1.1299052238464355,1.539408802986145,124.33899688720703,7.765890121459961,0.7145919799804688,8.281350135803223
2015-06-11,0.7731559872627258,1.2273999452590942,0.932129979133606,1.131196141242981,1.549690842628479,122.86599731445312,7.773399829864502,0.7047712802886963,8.268750190734863
2015-06-12,0.7748873829841614,1.2293000221252441,0.933899998664856,1.1240627765655518,1.5508925914764404,123.58100128173828,7.851359844207764,0.7016066908836365,8.214799880981445
2015-06-15,0.7730364799499512,1.231469988822937,0.9297999739646912,1.1219944953918457,1.5561537742614746,123.29000091552734,7.766739845275879,0.6991051435470581,8.205120086669922
2015-06-16,0.7757951617240906,1.231600046157837,0.9298400282859802,1.1277008056640625,1.5596001148223877,123.41999816894531,7.7548298835754395,0.6999860405921936,8.159299850463867
2015-06-17,0.774713397026062,1.2295399904251099,0.9316999912261963,1.124201774597168,1.563966155052185,123.43900299072266,7.762730121612549,0.6984215378761292,8.176919937133789
2015-06-18,0.7725587487220764,1.2229000329971313,0.9208999872207642,1.1369967460632324,1.5848110914230347,123.52999877929688,7.646299839019775,0.6889899373054504,8.098719596862793
2015-06-19,0.7789981961250305,1.2228000164031982,0.9212999939918518,1.1370742321014404,1.587881326675415,123.00199890136719,7.775899887084961,0.6918978691101074,8.12166976928711
2015-06-22,0.7765783667564392,1.2273999452590942,0.9181100130081177,1.1372941732406616,1.5885119438171387,122.7509994506836,7.724999904632568,0.6902264356613159,8.113731384277344
2015-06-23,0.7728572487831116,1.2313499450683594,0.9211900234222412,1.13490629196167,1.5829297304153442,123.37899780273438,7.7336201667785645,0.6870018839836121,8.13910961151123
2015-06-24,0.7742335200309753,1.232319951057434,0.9334999918937683,1.1172186136245728,1.5741090774536133,123.86000061035156,7.822000026702881,0.6867188811302185,8.253000259399414
2015-06-25,0.7709506154060364,1.2383999824523926,0.9334999918937683,1.1206992864608765,1.570993185043335,123.85099792480469,7.8343400955200195,0.6890373826026917,8.234430313110352
2015-06-26,0.7733952403068542,1.2332099676132202,0.9365299940109253,1.1202975511550903,1.5745056867599487,123.5979995727539,7.807559967041016,0.6887526512145996,8.24647045135498
2015-06-29,0.7626601457595825,1.2351000308990479,0.940500020980835,1.0975021123886108,1.5693166255950928,122.61199951171875,7.9253997802734375,0.682314395904541,8.405200004577637
2015-06-30,0.767283022403717,1.241189956665039,0.9258999824523926,1.122296690940857,1.573192834854126,122.66999816894531,7.871230125427246,0.6839009523391724,8.23151969909668
2015-07-01,0.7694082856178284,1.2476999759674072,0.9347000122070312,1.1134989261627197,1.5687012672424316,122.38600158691406,7.8526201248168945,0.6787022948265076,8.296699523925781
2015-07-02,0.7641754746437073,1.2591099739074707,0.9487400054931641,1.103363037109375,1.5605005025863647,123.31999969482422,7.928040027618408,0.6713212132453918,8.385580062866211
2015-07-03,0.7638835906982422,1.2544000148773193,0.9434000253677368,1.1086965799331665,1.5613046884536743,123.05899810791016,7.954909801483154,0.6723141074180603,8.449600219726562
2015-07-06,0.7484470009803772,1.2614099979400635,0.944100022315979,1.0995051860809326,1.555596947669983,122.40699768066406,8.065019607543945,0.6681811809539795,8.519840240478516
2015-07-07,0.7478815913200378,1.2659300565719604,0.9429299831390381,1.1048991680145264,1.5602084398269653,122.61100006103516,8.083000183105469,0.6675121784210205,8.470100402832031
2015-07-08,0.7458233833312988,1.2716799974441528,0.9465600252151489,1.1009942293167114,1.5462881326675415,122.48999786376953,8.171259880065918,0.6667110919952393,8.511850357055664
2015-07-09,0.742225170135498,1.2728999853134155,0.9455999732017517,1.1071009635925293,1.536995530128479,120.86199951171875,8.22659969329834,0.6715916991233826,8.464790344238281
2015-07-10,0.7461016178131104,1.2709599733352661,0.9478999972343445,1.1063048839569092,1.5373972654342651,121.69999694824219,8.12279987335205,0.6748093962669373,8.463399887084961
2015-07-13,0.7425007820129395,1.2696000337600708,0.9400299787521362,1.1129041910171509,1.5515903234481812,122.49600219726562,8.012370109558105,0.6715014576911926,8.450300216674805
2015-07-14,0.7394808530807495,1.2750999927520752,0.9503999948501587,1.099045991897583,1.548227310180664,123.56999969482422,8.09060001373291,0.6684938669204712,8.49470043182373
2015-07-15,0.7446016073226929,1.2736999988555908,0.9448699951171875,1.1008002758026123,1.5636972188949585,123.31999969482422,8.118300437927246,0.6703760623931885,8.501500129699707
2015-07-16,0.7373543977737427,1.2927000522613525,0.9521999955177307,1.0943553447723389,1.563403844833374,123.87000274658203,8.159729957580566,0.6575053930282593,8.507499694824219
2015-07-17,0.7415096759796143,1.2968100309371948,0.957099974155426,1.0886012315750122,1.5613046884536743,124.14900207519531,8.160690307617188,0.6524859666824341,8.54502010345459
2015-07-20,0.7369197010993958,1.298699975013733,0.9621999859809875,1.0830246210098267,1.5600380897521973,124.14199829101562,8.171529769897461,0.6517205238342285,8.655400276184082
2015-07-21,0.7375501990318298,1.2995699644088745,0.9634000062942505,1.0835410356521606,1.5573898553848267,124.29399871826172,8.219099998474121,0.6582412123680115,8.61620044708252
2015-07-22,0.7425007820129395,1.2942999601364136,0.9580000042915344,1.0939961671829224,1.555596947669983,123.86000061035156,8.10420036315918,0.6629101634025574,8.5378999710083
2015-07-23,0.7375174760818481,1.3040800094604492,0.9596999883651733,1.0927051305770874,1.5614020824432373,124.06800079345703,8.15188980102539,0.6629980802536011,8.59469985961914
2015-07-24,0.7356186509132385,1.3018499612808228,0.9592999815940857,1.0989010334014893,1.5519516468048096,123.8759994506836,8.167380332946777,0.6619009971618652,8.564000129699707
2015-07-27,0.7275902032852173,1.3041000366210938,0.9624999761581421,1.0972371101379395,1.5522888898849487,123.76300048828125,8.206729888916016,0.6579813361167908,8.591400146484375
2015-07-28,0.7275902032852173,1.30377995967865,0.9620000123977661,1.109004020690918,1.5564203262329102,123.23999786376953,8.170929908752441,0.6626905202865601,8.508999824523926
2015-07-29,0.7346999049186707,1.292870044708252,0.9616299867630005,1.1065986156463623,1.5611096620559692,123.57599639892578,8.155989646911621,0.6714112758636475,8.555230140686035
2015-07-30,0.7298737168312073,1.2947700023651123,0.9673699736595154,1.098406195640564,1.5602084398269653,123.94000244140625,8.151280403137207,0.6655131578445435,8.638219833374023
2015-07-31,0.7294477820396423,1.3005599975585938,0.9682999849319458,1.0939244031906128,1.5604275465011597,124.07099914550781,8.157010078430176,0.6608075499534607,8.618399620056152
2015-08-03,0.7299802899360657,1.3121000528335571,0.9671000242233276,1.0969001054763794,1.5626953840255737,124.04000091552734,8.18019962310791,0.6582845449447632,8.63290023803711
2015-08-04,0.7275902032852173,1.315809965133667,0.9692000150680542,1.09560227394104,1.559040904045105,123.94499969482422,8.242199897766113,0.6569007635116577,8.647660255432129
2015-08-05,0.737626314163208,1.319200038909912,0.9779000282287598,1.0888975858688354,1.5569047927856445,124.27400207519531,8.285619735717773,0.6537656784057617,8.704099655151367
2015-08-06,0.7352941036224365,1.3169000148773193,0.9790400266647339,1.0903104543685913,1.5605981349945068,124.7300033569336,8.250089645385742,0.6526563167572021,8.698249816894531
2015-08-07,0.7345379590988159,1.3113199472427368,0.9809899926185608,1.0927051305770874,1.551421880722046,124.73400115966797,8.26846981048584,0.6544074416160583,8.7354097366333
2015-08-10,0.7401924729347229,1.3144999742507935,0.9833999872207642,1.0965032577514648,1.5494027137756348,124.30000305175781,8.264860153198242,0.6611133217811584,8.765819549560547
2015-08-11,0.7413997650146484,1.3011200428009033,0.9836000204086304,1.1016976833343506,1.5585306882858276,124.61299896240234,8.196100234985352,0.6614194512367249,8.689909934997559
2015-08-12,0.7310475707054138,1.309999942779541,0.9881600141525269,1.104203701019287,1.5584092140197754,125.06999969482422,8.269700050354004,0.6553938984870911,8.656299591064453
2015-08-13,0.7381163239479065,1.297700047492981,0.9753000140190125,1.1160963773727417,1.561597228050232,124.25499725341797,8.14877986907959,0.6612007021903992,8.594300270080566
2015-08-14,0.7375174760818481,1.30649995803833,0.9753999710083008,1.1160963773727417,1.561792254447937,124.36299896240234,8.20359992980957,0.655995786190033,8.466400146484375
2015-08-17,0.7369197010993958,1.3100299835205078,0.9771000146865845,1.1092993021011353,1.5651901960372925,124.3499984741211,8.234399795532227,0.6541934013366699,8.516200065612793
2015-08-18,0.7370826601982117,1.309499979019165,0.9782000184059143,1.107800006866455,1.5585062503814697,124.43800354003906,8.206100463867188,0.6581112146377563,8.527999877929688
2015-08-19,0.7339987754821777,1.305899977684021,0.977400004863739,1.1030831336975098,1.5664896965026855,124.37100219726562,8.27715015411377,0.6588917374610901,8.539679527282715
2015-08-20,0.7354563474655151,1.312399983406067,0.9656999707221985,1.1118029356002808,1.568307638168335,123.89700317382812,8.291899681091309,0.6601967215538025,8.516480445861816
2015-08-21,0.7337295413017273,1.3076599836349487,0.9591000080108643,1.1236965656280518,1.5690950155258179,123.41999816894531,8.232049942016602,0.6623393893241882,8.515700340270996
2015-08-24,0.7258474230766296,1.3219000101089478,0.9473000168800354,1.1376951932907104,1.5677913427352905,121.73200225830078,8.213520050048828,0.662778377532959,8.363530158996582
2015-08-25,0.7172057628631592,1.3285000324249268,0.9325000047683716,1.1583056449890137,1.5762925148010254,118.88400268554688,8.232009887695312,0.646120011806488,8.271980285644531
2015-08-26,0.7105300426483154,1.3345999717712402,0.9391000270843506,1.1550945043563843,1.5695877075195312,118.54000091552734,8.1976900100708,0.6469979286193848,8.34469985961914
2015-08-27,0.7124537229537964,1.3300000429153442,0.9519000053405762,1.1340054273605347,1.5482032299041748,120.05799865722656,8.358070373535156,0.64470374584198,8.475099563598633
2015-08-28,0.7174115777015686,1.319000005722046,0.9653000235557556,1.1247961521148682,1.541401982307434,121.00299835205078,8.299771308898926,0.647794246673584,8.457839965820312
2015-08-31,0.7140816450119019,1.323799967765808,0.9610999822616577,1.1214030981063843,1.5418059825897217,121.28900146484375,8.274359703063965,0.6462870836257935,8.437379837036133
2015-09-01,0.7109341621398926,1.3142999410629272,0.9650999903678894,1.1225864887237549,1.5363106727600098,121.08899688720703,8.258270263671875,0.6352836489677429,8.454000473022461
2015-09-02,0.7009181976318359,1.3252999782562256,0.9599999785423279,1.1293437480926514,1.5305262804031372,119.71499633789062,8.295929908752441,0.6319115161895752,8.429100036621094
2015-09-03,0.7047216296195984,1.3265000581741333,0.9697999954223633,1.121604323387146,1.5308074951171875,120.58000183105469,8.243619918823242,0.6369832158088684,8.434599876403809
2015-09-04,0.7019021511077881,1.3187999725341797,0.973800003528595,1.1125946044921875,1.526205062866211,120.05599975585938,8.261409759521484,0.6392635703086853,8.407400131225586
2015-09-07,0.6935774683952332,1.3276000022888184,0.9718999862670898,1.115200161933899,1.5201033353805542,119.16400146484375,8.304731369018555,0.6294850707054138,8.430000305175781
2015-09-08,0.6946374177932739,1.3297200202941895,0.9754999876022339,1.1163954734802246,1.5283042192459106,119.40299987792969,8.323969841003418,0.6273919343948364,8.451199531555176
2015-09-09,0.7037792801856995,1.3200000524520874,0.9778000116348267,1.1207369565963745,1.5401912927627563,120.08899688720703,8.228019714355469,0.6375924348831177,8.401659965515137
2015-09-10,0.6965728402137756,1.3279099464416504,0.9750999808311462,1.1220699548721313,1.5357915163040161,120.27799987792969,8.215129852294922,0.6266841888427734,8.392800331115723
2015-09-11,0.7071135640144348,1.3234100341796875,0.9732000231742859,1.1290887594223022,1.54421067237854,120.61900329589844,8.166170120239258,0.630994439125061,8.35906982421875
2015-09-14,0.7099751830101013,1.3247400522232056,0.968999981880188,1.1344043016433716,1.5448071956634521,120.7959976196289,8.13263988494873,0.6323110461235046,8.227999687194824
2015-09-15,0.7160758972167969,1.3250999450683594,0.9682000279426575,1.1307612657546997,1.5427099466323853,120.36000061035156,8.18960952758789,0.6341153979301453,8.254199981689453
2015-09-16,0.7128092050552368,1.3243999481201172,0.9741100072860718,1.1271796226501465,1.53449547290802,120.43399810791016,8.18416976928711,0.6347997188568115,8.306099891662598
2015-09-17,0.7199942469596863,1.3167999982833862,0.9700999855995178,1.12920343875885,1.5518070459365845,120.52300262451172,8.144261360168457,0.6353644132614136,8.248700141906738
2015-09-18,0.7189072370529175,1.3174999952316284,0.9620699882507324,1.1400948762893677,1.5569047927856445,120.0459976196289,8.107600212097168,0.637511134147644,8.193099975585938
2015-09-21,0.7190106511116028,1.3219000101089478,0.9692999720573425,1.12920343875885,1.552891492843628,120.0009994506836,8.163000106811523,0.6384880542755127,8.253000259399414
2015-09-22,0.7130124568939209,1.3249000310897827,0.9718000292778015,1.1190940141677856,1.5508204698562622,120.49800109863281,8.218230247497559,0.6329113841056824,8.358099937438965
2015-09-23,0.7079144716262817,1.327299952507019,0.9753999710083008,1.1120749711990356,1.5353907346725464,120.08000183105469,8.293149948120117,0.6288912296295166,8.401700019836426
2015-09-24,0.6998880505561829,1.3324999809265137,0.9790999889373779,1.1189937591552734,1.5252039432525635,120.19999694824219,8.279990196228027,0.6278252005577087,8.423500061035156
2015-09-25,0.7011638879776001,1.333899974822998,0.9779999852180481,1.1178929805755615,1.522695779800415,120.23999786376953,8.470239639282227,0.6327111721038818,8.412349700927734
2015-09-28,0.7020993232727051,1.333400011062622,0.9793000221252441,1.1201720237731934,1.5201727151870728,120.36799621582031,8.505889892578125,0.637511134147644,8.402600288391113
2015-09-29,0.6972042322158813,1.3396999835968018,0.9746999740600586,1.123103380203247,1.5165071487426758,119.83999633789062,8.53794002532959,0.630795419216156,8.461099624633789
2015-09-30,0.7003781795501709,1.3418999910354614,0.9710000157356262,1.1255937814712524,1.5157945156097412,119.86000061035156,8.466170310974121,0.6354047656059265,8.377349853515625
2015-10-01,0.7010164856910706,1.3316999673843384,0.9740999937057495,1.11720609664917,1.5124017000198364,119.85900115966797,8.51990032196045,0.6388959884643555,8.372200012207031
2015-10-02,0.7036802172660828,1.3245699405670166,0.9761999845504761,1.1193444728851318,1.5139129161834717,119.80999755859375,8.43416976928711,0.6399999856948853,8.373499870300293
2015-10-05,0.704820990562439,1.3166999816894531,0.9710999727249146,1.1226998567581177,1.5194103717803955,119.99500274658203,8.379199981689453,0.6452028751373291,8.363900184631348
2015-10-06,0.708817720413208,1.3083000183105469,0.9753999710083008,1.1195199489593506,1.5154958963394165,120.46099853515625,8.401800155639648,0.64939284324646,8.323100090026855
2015-10-07,0.7159220576286316,1.3043999671936035,0.9674599766731262,1.1267986297607422,1.5226030349731445,120.23999786376953,8.279041290283203,0.6544074416160583,8.234060287475586
2015-10-08,0.7194762229919434,1.3065099716186523,0.9732999801635742,1.1239995956420898,1.5315576791763306,119.91500091552734,8.201910018920898,0.6605892181396484,8.243200302124023
2015-10-09,0.7267441749572754,1.2998499870300293,0.9661999940872192,1.1286935806274414,1.535131573677063,119.92900085449219,8.1414213180542,0.6668000221252441,8.24092960357666
2015-10-12,0.7314754128456116,1.2949999570846558,0.9610000252723694,1.1369967460632324,1.5323086977005005,120.17900085449219,8.073860168457031,0.6681811809539795,8.196900367736816
2015-10-13,0.7344300746917725,1.3011000156402588,0.9627000093460083,1.135550618171692,1.5337893962860107,120.01100158691406,8.096420288085938,0.6703311800956726,8.178999900817871
2015-10-14,0.7222824096679688,1.301800012588501,0.958299994468689,1.138498306274414,1.5258090496063232,119.72000122070312,8.1427001953125,0.664893627166748,8.134289741516113
2015-10-15,0.7320108413696289,1.2920000553131104,0.949400007724762,1.147552251815796,1.5480115413665771,118.83000183105469,8.081119537353516,0.6804109811782837,8.107219696044922
2015-10-16,0.7329228520393372,1.2853000164031982,0.9513000249862671,1.1368157863616943,1.5471972227096558,119.05000305175781,8.100179672241211,0.6837139129638672,8.237000465393066
2015-10-19,0.726005494594574,1.2916899919509888,0.953029990196228,1.1361054182052612,1.543805480003357,119.2699966430664,8.115019798278809,0.6799020767211914,8.238519668579102
2015-10-20,0.7256367206573486,1.3020000457763672,0.9562699794769287,1.132900595664978,1.5471972227096558,119.50299835205078,8.124850273132324,0.6805961728096008,8.31056022644043
2015-10-21,0.7267441749572754,1.2985600233078003,0.9560400247573853,1.1353960037231445,1.5449025630950928,119.77999877929688,8.122610092163086,0.6751282811164856,8.309261322021484
2015-10-22,0.7215527892112732,1.313349962234497,0.959119975566864,1.134803295135498,1.5424481630325317,119.84200286865234,8.181599617004395,0.6725401878356934,8.313799858093262
2015-10-23,0.721188485622406,1.3106000423431396,0.9735000133514404,1.108094573020935,1.5383669137954712,120.86000061035156,8.296110153198242,0.6799020767211914,8.457090377807617
2015-10-26,0.7223867774009705,1.3172199726104736,0.978600025177002,1.1020376682281494,1.531745433807373,121.2959976196289,8.393500328063965,0.6749460101127625,8.504799842834473
2015-10-27,0.7251105904579163,1.315600037574768,0.9824399948120117,1.1065986156463623,1.5357915163040161,120.9489974975586,8.323639869689941,0.6785181164741516,8.5
2015-10-28,0.7192692160606384,1.3270000219345093,0.9869999885559082,1.1037039756774902,1.5312998294830322,120.47699737548828,8.463459968566895,0.6772773265838623,8.503800392150879
2015-10-29,0.7100759744644165,1.319100022315979,0.9936000108718872,1.0928961038589478,1.5271838903427124,120.86000061035156,8.571100234985352,0.6688068509101868,8.559700012207031
2015-10-30,0.7090187072753906,1.3158999681472778,0.9886999726295471,1.0993843078613281,1.532379150390625,121.0,8.553190231323242,0.6706008911132812,8.516810417175293
2015-11-02,0.7137249112129211,1.3072600364685059,0.9862800240516663,1.102596640586853,1.5441631078720093,120.49500274658203,8.46737003326416,0.6771856546401978,8.52001953125
2015-11-03,0.7159220576286316,1.3092999458312988,0.9869800209999084,1.1016006469726562,1.542400598526001,120.78800201416016,8.488129615783691,0.6758126616477966,8.52904987335205
2015-11-04,0.7191140651702881,1.306439995765686,0.9909999966621399,1.0963950157165527,1.5419248342514038,121.09500122070312,8.502599716186523,0.666400134563446,8.534799575805664
2015-11-05,0.71387779712677,1.3154900074005127,0.992900013923645,1.0868029594421387,1.5390061140060425,121.48999786376953,8.647500038146973,0.6595001220703125,8.62460994720459
2015-11-06,0.714796245098114,1.3162000179290771,0.9951500296592712,1.0883997678756714,1.5210051536560059,121.66999816894531,8.55111026763916,0.6609822511672974,8.625690460205078
2015-11-09,0.7038784027099609,1.3295999765396118,1.0053999423980713,1.0733413696289062,1.5055025815963745,123.19999694824219,8.653300285339355,0.6536802053451538,8.725810050964355
2015-11-10,0.7051191329956055,1.3265899419784546,1.0030800104141235,1.0759514570236206,1.5121043920516968,123.0770034790039,8.650679588317871,0.6538939476013184,8.680139541625977
2015-11-11,0.7046719789505005,1.3261799812316895,1.005210041999817,1.0737563371658325,1.5138899087905884,123.08399963378906,8.601070404052734,0.6552221179008484,8.675999641418457
2015-11-12,0.7071135640144348,1.3252999782562256,1.0035300254821777,1.0762988328933716,1.522510290145874,122.75700378417969,8.604419708251953,0.6555227637290955,8.665769577026367
2015-11-13,0.7137249112129211,1.3281999826431274,1.0003600120544434,1.0815019607543945,1.5234612226486206,122.55999755859375,8.664999961853027,0.6547930836677551,8.629199981689453
2015-11-16,0.7105805277824402,1.3320000171661377,1.0080000162124634,1.06999933719635,1.5217920541763306,122.36399841308594,8.72305965423584,0.6532958745956421,8.725899696350098
2015-11-17,0.7095217704772949,1.3329999446868896,1.0094499588012695,1.068798542022705,1.5204963684082031,123.26599884033203,8.69968032836914,0.6485084295272827,8.7262601852417
2015-11-18,0.7113893628120422,1.331760048866272,1.01419997215271,1.0643846988677979,1.5220005512237549,123.44499969482422,8.678999900817871,0.6480041146278381,8.752599716186523
2015-11-19,0.7117944359779358,1.3299000263214111,1.0189000368118286,1.066996693611145,1.5239256620407104,123.5250015258789,8.658960342407227,0.6491820216178894,8.716890335083008
2015-11-20,0.7191658020019531,1.3295400142669678,1.0134600400924683,1.0726161003112793,1.5288182497024536,122.91200256347656,8.602299690246582,0.6558666825294495,8.674099922180176
2015-11-23,0.7229090332984924,1.3356200456619263,1.0194900035858154,1.0641014575958252,1.518994927406311,122.9229965209961,8.635669708251953,0.6547502279281616,8.71996021270752
2015-11-24,0.7189072370529175,1.3360300064086914,1.018180012702942,1.0642033815383911,1.5129051208496094,122.91500091552734,8.645330429077148,0.6512112617492676,8.713800430297852
2015-11-25,0.7257947325706482,1.330299973487854,1.0169999599456787,1.0643846988677979,1.5085914134979248,122.50499725341797,8.641500473022461,0.655995786190033,8.690799713134766
2015-11-26,0.725584089756012,1.3297200202941895,1.0217000246047974,1.0624960660934448,1.512355923652649,122.68000030517578,8.64404010772705,0.6578081846237183,8.727999687194824
2015-11-27,0.7219173908233643,1.3294399976730347,1.0236300230026245,1.0604453086853027,1.5099810361862183,122.63400268554688,8.662220001220703,0.6575918793678284,8.735219955444336
2015-11-30,0.7183908224105835,1.3366999626159668,1.0302000045776367,1.0583018064498901,1.5038950443267822,122.83000183105469,8.704299926757812,0.6526989340782166,8.74081039428711
2015-12-01,0.7232750058174133,1.334879994392395,1.0289000272750854,1.0572947263717651,1.5057973861694336,123.20999908447266,8.68556022644043,0.6599788665771484,8.71560001373291
2015-12-02,0.7323324680328369,1.3359999656677246,1.0262000560760498,1.0625863075256348,1.5077953338623047,122.91500091552734,8.62594985961914,0.6672894954681396,8.682100296020508
2015-12-03,0.7303001284599304,1.3347899913787842,1.0183600187301636,1.0613007545471191,1.4949023723602295,123.22599792480469,8.64663028717041,0.6643193960189819,8.683650016784668
2015-12-04,0.7329766154289246,1.334689974784851,0.9937000274658203,1.0915957689285278,1.513500452041626,122.65299987792969,8.499529838562012,0.6675121784210205,8.497360229492188
2015-12-07,0.7342144250869751,1.3387999534606934,0.9968000054359436,1.0883997678756714,1.511258840560913,123.19000244140625,8.519869804382324,0.6729022264480591,8.478110313415527
2015-12-08,0.7259001135826111,1.3508399724960327,1.0003999471664429,1.0834001302719116,1.5050268173217773,123.27999877929688,8.663599967956543,0.6640105843544006,8.543959617614746
2015-12-09,0.7225067615509033,1.3579399585723877,0.9927999973297119,1.0893957614898682,1.5010056495666504,122.91200256347656,8.757829666137695,0.663790225982666,8.506799697875977
2015-12-10,0.7235366702079773,1.3566999435424805,0.983299970626831,1.1017948389053345,1.5183953046798706,121.69999694824219,8.672419548034668,0.6727211475372314,8.412910461425781
2015-12-11,0.727219820022583,1.3632999658584595,0.9879999756813049,1.0948106050491333,1.516093373298645,121.70999908447266,8.641759872436523,0.676315426826477,8.512249946594238
2015-12-14,0.7164863348007202,1.3736000061035156,0.9837999939918518,1.0983941555023193,1.5198955535888672,120.89299774169922,8.68336009979248,0.6719075441360474,8.509099960327148
2015-12-15,0.7254788279533386,1.372689962387085,0.9854999780654907,1.0992997884750366,1.5160702466964722,121.08999633789062,8.654800415039062,0.6785181164741516,8.477899551391602
2015-12-16,0.7203054428100586,1.3728400468826294,0.9906899929046631,1.0936251878738403,1.5043702125549316,121.67500305175781,8.68770980834961,0.6770939230918884,8.496569633483887
2015-12-17,0.7208765745162964,1.378999948501587,0.9926599860191345,1.087453007698059,1.497790813446045,122.46299743652344,8.775489807128906,0.6766357421875,8.524680137634277
2015-12-18,0.7128092050552368,1.3924000263214111,0.9944000244140625,1.0844104290008545,1.4929606914520264,122.44999694824219,8.759679794311523,0.6701963543891907,8.547100067138672
2015-12-21,0.7166917324066162,1.3946000337600708,0.9918199777603149,1.0869920253753662,1.4908239841461182,121.30000305175781,8.748530387878418,0.6728116869926453,8.552800178527832
2015-12-22,0.7199942469596863,1.3951799869537354,0.9926999807357788,1.09129798412323,1.4896912574768066,121.20600128173828,8.77239990234375,0.6775985956192017,8.493060111999512
2015-12-23,0.7232226729393005,1.3918999433517456,0.9878000020980835,1.0950024127960205,1.4823379516601562,121.02999877929688,8.718600273132324,0.6809206008911133,8.430689811706543
2015-12-24,0.7233796119689941,1.385200023651123,0.9904999732971191,1.0909169912338257,1.4876967668533325,120.93499755859375,8.713709831237793,0.6790710091590881,8.446200370788574
2015-12-25,0.727219820022583,1.3827500343322754,0.9862499833106995,1.0969964265823364,1.491424322128296,120.16999816894531,8.70833969116211,0.6830601096153259,8.386750221252441
2015-12-28,0.7282790541648865,1.3837000131607056,0.9867799878120422,1.0965994596481323,1.4932059049606323,120.23100280761719,8.65762996673584,0.6843221783638,8.393070220947266
2015-12-29,0.7257947325706482,1.3894000053405762,0.9879400134086609,1.0975261926651,1.4894028902053833,120.3499984741211,8.688300132751465,0.6855888962745667,8.365039825439453
2015-12-30,0.7290754914283752,1.3833999633789062,0.9922099709510803,1.0928006172180176,1.4822280406951904,120.52899932861328,8.694540023803711,0.6864831447601318,8.378299713134766
2015-12-31,0.7284913063049316,1.3871999979019165,0.9879999756813049,1.093398094177246,1.481920599937439,120.44999694824219,8.782259941101074,0.684415876865387,8.409299850463867
2016-01-01,0.7271669507026672,1.3899699449539185,1.0013600587844849,1.0859060287475586,1.4738394021987915,120.28800201416016,8.858480453491211,0.6841349005699158,8.433850288391113
2016-01-04,0.7287036180496216,1.3864500522613525,0.9994999766349792,1.0853991508483887,1.473708987236023,120.31099700927734,8.82863998413086,0.6832934617996216,8.437800407409668
2016-01-05,0.7185972929000854,1.3934299945831299,1.0024199485778809,1.0827549695968628,1.4714103937149048,119.46700286865234,8.878450393676758,0.67458176612854,8.492609977722168
2016-01-06,0.7162810564041138,1.3983999490737915,1.0083999633789062,1.0751993656158447,1.467394471168518,119.10199737548828,8.905850410461426,0.6701065301895142,8.58965015411377
2016-01-07,0.708014726638794,1.4067599773406982,1.007390022277832,1.0778998136520386,1.4629936218261719,118.61000061035156,8.946049690246582,0.6643193960189819,8.588509559631348
2016-01-08,0.7018036246299744,1.4101999998092651,0.9937000274658203,1.0925976037979126,1.4626940488815308,117.54000091552734,8.88578987121582,0.6625587940216064,8.464349746704102
2016-01-11,0.6942998170852661,1.4184000492095947,0.9921000003814697,1.0941038131713867,1.45249605178833,117.08000183105469,8.871060371398926,0.6518904566764832,8.49116039276123
2016-01-12,0.6987143754959106,1.4221999645233154,1.0015000104904175,1.0857999324798584,1.454397439956665,117.6500015258789,8.940299987792969,0.6556087136268616,8.538590431213379
2016-01-13,0.6987143754959106,1.4255000352859497,1.0029000043869019,1.0843987464904785,1.4436262845993042,117.83000183105469,8.874990463256836,0.6544930934906006,8.532400131225586
2016-01-14,0.6935774683952332,1.4350999593734741,1.00600004196167,1.0886012315750122,1.4407975673675537,117.42500305175781,8.820059776306152,0.6487187743186951,8.521300315856934
2016-01-15,0.6996921300888062,1.4344600439071655,1.0052000284194946,1.085894227027893,1.442710041999817,118.2030029296875,8.76278018951416,0.6490135192871094,8.550800323486328
2016-01-18,0.6861063838005066,1.457800030708313,1.0017000436782837,1.0920010805130005,1.4274091720581055,116.98999786376953,8.849349975585938,0.6443299055099487,8.575429916381836
2016-01-19,0.6878998875617981,1.454450011253357,1.0049999952316284,1.0895025730133057,1.4253135919570923,117.38400268554688,8.893969535827637,0.6454527974128723,8.586020469665527
2016-01-20,0.6917064189910889,1.45632004737854,1.0032000541687012,1.09129798412323,1.4182385206222534,117.56500244140625,8.810580253601074,0.6402868628501892,8.53279972076416
2016-01-21,0.6937218308448792,1.4474999904632568,1.0055700540542603,1.0877013206481934,1.4198495149612427,117.13400268554688,8.877479553222656,0.6462870836257935,8.593649864196777
2016-01-22,0.7016066908836365,1.4270800352096558,1.0078999996185303,1.0862009525299072,1.4226775169372559,117.92400360107422,8.7808198928833,0.6545788049697876,8.561570167541504
2016-01-25,0.7004027366638184,1.4140599966049194,1.0161199569702148,1.079901933670044,1.4260046482086182,118.5719985961914,8.734600067138672,0.6475006341934204,8.578100204467773
2016-01-26,0.6939143538475037,1.4296000003814697,1.0124000310897827,1.0853049755096436,1.4242985248565674,118.22799682617188,8.757699966430664,0.6449116468429565,8.558449745178223
2016-01-27,0.700721800327301,1.4118000268936157,1.017240047454834,1.0864958763122559,1.434308648109436,118.37999725341797,8.705100059509277,0.6507874727249146,8.543560028076172
2016-01-28,0.7016066908836365,1.4094799757003784,1.014299988746643,1.090798020362854,1.4249074459075928,118.46700286865234,8.65287971496582,0.6427148580551147,8.501279830932617
2016-01-29,0.7086167335510254,1.4034299850463867,1.013800024986267,1.0936970710754395,1.4362038373947144,118.93000030517578,8.614649772644043,0.6480041146278381,8.503230094909668
2016-02-01,0.7068636417388916,1.397279977798462,1.0245000123977661,1.0825908184051514,1.4246028661727905,121.33999633789062,8.685449600219727,0.6469979286193848,8.589159965515137
2016-02-02,0.711085855960846,1.3949999809265137,1.0195000171661377,1.0897282361984253,1.4427932500839233,120.83999633789062,8.680450439453125,0.6545788049697876,8.524709701538086
2016-02-03,0.7029876708984375,1.406000018119812,1.0186899900436401,1.0922038555145264,1.4409221410751343,119.85600280761719,8.719679832458496,0.6520180106163025,8.549610137939453
2016-02-04,0.7154611349105835,1.3794200420379639,1.0052000284194946,1.1091023683547974,1.4585764408111572,118.12000274658203,8.563610076904297,0.6647168397903442,8.43949031829834
2016-02-05,0.7199423909187317,1.3755199909210205,0.9933900237083435,1.119996428489685,1.4581085443496704,116.86599731445312,8.496109962463379,0.6729927659034729,8.398619651794434
2016-02-08,0.7086167335510254,1.3882999420166016,0.9927999973297119,1.114504098892212,1.4512102603912354,116.94999694824219,8.56177043914795,0.6629980802536011,8.4621000289917
2016-02-09,0.7079144716262817,1.3925000429153442,0.9871000051498413,1.1189812421798706,1.4436055421829224,115.66799926757812,8.583160400390625,0.6619009971618652,8.448760032653809
2016-02-10,0.7067137956619263,1.388319969177246,0.9728999733924866,1.1289994716644287,1.446591854095459,115.19100189208984,8.581000328063965,0.6642311811447144,8.413200378417969
2016-02-11,0.7103786468505859,1.392300009727478,0.9733999967575073,1.128095269203186,1.452643871307373,113.25199890136719,8.514100074768066,0.6684938669204712,8.370209693908691
2016-02-12,0.7124029397964478,1.3916300535202026,0.9722999930381775,1.1317979097366333,1.4482258558273315,112.49700164794922,8.554200172424316,0.6715014576911926,8.37285041809082
2016-02-15,0.7116931080818176,1.383679986000061,0.9782000184059143,1.1225990056991577,1.4518002271652222,113.66999816894531,8.591329574584961,0.6640105843544006,8.422109603881836
2016-02-16,0.714796245098114,1.3821899890899658,0.9857000112533569,1.1174057722091675,1.4459224939346313,114.3219985961914,8.60949993133545,0.664893627166748,8.470680236816406
2016-02-17,0.7119971513748169,1.3865200281143188,0.9883000254631042,1.1147029399871826,1.4303901195526123,114.08000183105469,8.6274995803833,0.6581978797912598,8.503499984741211
2016-02-18,0.7176175117492676,1.3677400350570679,0.9925000071525574,1.112297534942627,1.4281632900238037,114.27999877929688,8.54833984375,0.6633939146995544,8.516610145568848
2016-02-19,0.7150007486343384,1.3737900257110596,0.9930899739265442,1.1110987663269043,1.4333218336105347,113.25,8.589400291442871,0.6644960045814514,8.445130348205566
2016-02-22,0.7142857313156128,1.3789000511169434,0.9906200170516968,1.1123965978622437,1.426594614982605,112.48899841308594,8.56410026550293,0.6626027226448059,8.442540168762207
2016-02-23,0.7234842777252197,1.370300054550171,0.9994999766349792,1.102803349494934,1.4148073196411133,112.97100067138672,8.60696029663086,0.6714112758636475,8.496049880981445
2016-02-24,0.7195797562599182,1.379699945449829,0.9909999966621399,1.1027060747146606,1.4013453722000122,111.87999725341797,8.599780082702637,0.6640105843544006,8.47704029083252
2016-02-25,0.7194762229919434,1.370300054550171,0.9890999794006348,1.1013944149017334,1.3929517269134521,112.10099792480469,8.666279792785645,0.6664445400238037,8.48865032196045
2016-02-26,0.7235890030860901,1.3544000387191772,0.9900000095367432,1.1024993658065796,1.3966480493545532,113.11799621582031,8.623220443725586,0.674900472164154,8.49685001373291
2016-02-29,0.7128092050552368,1.354699969291687,0.9966999888420105,1.0923947095870972,1.3861935138702393,113.66000366210938,8.691109657287598,0.6591957807540894,8.558910369873047
2016-03-01,0.7142857313156128,1.3537399768829346,0.9976999759674072,1.0888975858688354,1.3927963972091675,112.43000030517578,8.685839653015137,0.6604147553443909,8.555760383605957
2016-03-02,0.7181844115257263,1.3427000045776367,0.9965999722480774,1.0875948667526245,1.3963944911956787,113.93000030517578,8.640210151672363,0.6640987992286682,8.612489700317383
2016-03-03,0.7288098335266113,1.342900037765503,0.996399998664856,1.086897373199463,1.408093810081482,113.46600341796875,8.661239624023438,0.666400134563446,8.60813045501709
2016-03-04,0.7357810139656067,1.3406000137329102,0.9922999739646912,1.094894528388977,1.4174946546554565,113.66999816894531,8.58329963684082,0.6724949479103088,8.530579566955566
2016-03-07,0.7411414980888367,1.3329999446868896,0.9939000010490417,1.0993964672088623,1.4215044975280762,113.8030014038086,8.491080284118652,0.6789788007736206,8.482560157775879
2016-03-08,0.7458233833312988,1.329300045967102,0.9952999949455261,1.1016006469726562,1.4261265993118286,113.4520034790039,8.503700256347656,0.6785181164741516,8.473719596862793
2016-03-09,0.7433839440345764,1.3416999578475952,0.9964100122451782,1.1004005670547485,1.4208581447601318,112.66000366210938,8.565600395202637,0.674490749835968,8.492349624633789
2016-03-10,0.7471049427986145,1.3247699737548828,0.998199999332428,1.0989010334014893,1.42069673538208,113.25299835205078,8.529680252075195,0.6644076704978943,8.451499938964844
2016-03-11,0.7462129592895508,1.33378005027771,0.984499990940094,1.1178430318832397,1.4287755489349365,112.86000061035156,8.507340431213379,0.6688963174819946,8.372989654541016
2016-03-14,0.756315290927887,1.3235700130462646,0.982699990272522,1.1167943477630615,1.4380005598068237,113.77799987792969,8.410449981689453,0.674081563949585,8.33530044555664
2016-03-15,0.7521058917045593,1.327280044555664,0.9870200157165527,1.1101982593536377,1.4282041788101196,113.83000183105469,8.469690322875977,0.6684938669204712,8.345040321350098
2016-03-16,0.746324360370636,1.3353999853134155,0.9869999885559082,1.1109012365341187,1.4156285524368286,113.1050033569336,8.551440238952637,0.6612444519996643,8.317150115966797
2016-03-17,0.7547169327735901,1.3115999698638916,0.9779300093650818,1.1218937635421753,1.4255167245864868,112.75199890136719,8.4476900100708,0.674081563949585,8.232430458068848
2016-03-18,0.7649939060211182,1.2984000444412231,0.9670500159263611,1.1317979097366333,1.4478065967559814,111.3499984741211,8.319849967956543,0.6839009523391724,8.180399894714355
2016-03-21,0.7597629427909851,1.3046000003814697,0.9693300127983093,1.1279042959213257,1.4468011856079102,111.44499969482422,8.37697982788086,0.6776904463768005,8.225391387939453
2016-03-22,0.7571741938591003,1.3092000484466553,0.970740020275116,1.1235954761505127,1.4370087385177612,112.13899993896484,8.406089782714844,0.6766815185546875,8.227109909057617
2016-03-23,0.7620208859443665,1.3050099611282349,0.9728000164031982,1.122296690940857,1.4224953651428223,112.25199890136719,8.399299621582031,0.674900472164154,8.22266960144043
2016-03-24,0.7533524632453918,1.3209999799728394,0.9753000140190125,1.118105411529541,1.411691665649414,112.4000015258789,8.479080200195312,0.6721785664558411,8.267669677734375
2016-03-25,0.7526719570159912,1.3250800371170044,0.9759899973869324,1.1167943477630615,1.4130080938339233,112.83000183105469,8.48501968383789,0.670286238193512,8.298959732055664
2016-03-28,0.7505817413330078,1.3271000385284424,0.9782999753952026,1.1159967184066772,1.413107991218567,113.44999694824219,8.485980033874512,0.6677796840667725,8.311240196228027
2016-03-29,0.7556865215301514,1.3174699544906616,0.9734500050544739,1.1202723979949951,1.4263300895690918,113.36399841308594,8.427470207214355,0.674217939376831,8.277159690856934
2016-03-30,0.7640002965927124,1.3063000440597534,0.9664000272750854,1.12920343875885,1.438641905784607,112.68000030517578,8.39229965209961,0.6869075298309326,8.193550109863281
2016-03-31,0.7661073803901672,1.297659993171692,0.9649500250816345,1.1334655284881592,1.4374011754989624,112.36599731445312,8.30862045288086,0.690321683883667,8.132499694824219
2016-04-01,0.7669888138771057,1.2990599870681763,0.9610000252723694,1.1379671096801758,1.4366991519927979,112.4800033569336,8.272970199584961,0.6920893788337708,8.117500305175781
2016-04-04,0.7668711543083191,1.3035999536514282,0.9585999846458435,1.1390039920806885,1.422454833984375,111.72200012207031,8.309470176696777,0.6897027492523193,8.128910064697266
2016-04-05,0.7599939703941345,1.307669997215271,0.9588000178337097,1.1389002799987793,1.4264928102493286,111.25,8.331500053405762,0.6813845634460449,8.125200271606445
2016-04-06,0.7546030879020691,1.3141200542449951,0.9564099907875061,1.138200283050537,1.4156285524368286,110.37799835205078,8.331399917602539,0.6800407767295837,8.12798023223877
2016-04-07,0.7612088322639465,1.3080799579620361,0.9555100202560425,1.1404979228973389,1.4138071537017822,109.6989974975586,8.316459655761719,0.6832934617996216,8.149580001831055
2016-04-08,0.7513712644577026,1.3140000104904175,0.9560999870300293,1.1373976469039917,1.4057974815368652,108.427001953125,8.329440116882324,0.6781960129737854,8.159890174865723
2016-04-11,0.7564868927001953,1.2979099750518799,0.9533500075340271,1.1403028964996338,1.4130080938339233,108.31099700927734,8.223581314086914,0.6817097067832947,8.148929595947266
2016-04-12,0.7594744563102722,1.2908799648284912,0.9540600180625916,1.141291856765747,1.4234064817428589,107.93000030517578,8.196040153503418,0.6861063838005066,8.109511375427246
2016-04-13,0.7685213685035706,1.2766000032424927,0.955299973487854,1.138498306274414,1.4268999099731445,108.63999938964844,8.170599937438965,0.6923769116401672,8.078069686889648
2016-04-14,0.7662248611450195,1.281790018081665,0.9664999842643738,1.1279042959213257,1.4192047119140625,109.41999816894531,8.230231285095215,0.6915150880813599,8.14363956451416
2016-04-15,0.7695859670639038,1.2839000225067139,0.9663000106811523,1.1270017623901367,1.4146071672439575,109.31600189208984,8.231619834899902,0.6864831447601318,8.131839752197266
2016-04-18,0.7640002965927124,1.2978999614715576,0.9663000106811523,1.1299946308135986,1.4174344539642334,108.01699829101562,8.312100410461426,0.6882786154747009,8.13737964630127
2016-04-19,0.7771215438842773,1.276919960975647,0.9645500183105469,1.1309019327163696,1.4289796352386475,109.072998046875,8.215749740600586,0.6984215378761292,8.114609718322754
2016-04-20,0.7796663045883179,1.2696199417114258,0.9618499875068665,1.1359634399414062,1.4389524459838867,109.23999786376953,8.132530212402344,0.703234851360321,8.082610130310059
2016-04-21,0.7802137732505798,1.264549970626831,0.9711999893188477,1.1305055618286133,1.4338973760604858,109.83799743652344,8.107250213623047,0.6976906061172485,8.121649742126465
2016-04-22,0.7742934823036194,1.2724299430847168,0.9746299982070923,1.12920343875885,1.432295322418213,109.43699645996094,8.200369834899902,0.6907030940055847,8.140740394592285
2016-04-25,0.7710813879966736,1.2670199871063232,0.9782500267028809,1.123406171798706,1.4446691274642944,111.43599700927734,8.234199523925781,0.6867188811302185,8.151200294494629
2016-04-26,0.7717240452766418,1.2675000429153442,0.9749000072479248,1.1269001960754395,1.4490653276443481,111.13600158691406,8.202449798583984,0.6875215172767639,8.13860034942627
2016-04-27,0.7747734189033508,1.2608000040054321,0.9735999703407288,1.1299052238464355,1.457726001739502,111.2300033569336,8.158300399780273,0.6893223524093628,8.120429992675781
2016-04-28,0.7603984475135803,1.2583800554275513,0.9708200097084045,1.132900595664978,1.4542070627212524,111.5199966430664,8.146260261535645,0.6926167011260986,8.080820083618164
2016-04-29,0.7634170055389404,1.2553000450134277,0.9661999940872192,1.135589361190796,1.4611338376998901,108.07599639892578,8.134381294250488,0.6963788270950317,8.06544017791748
2016-05-02,0.7617306113243103,1.2542999982833862,0.9587000012397766,1.146302580833435,1.4602802991867065,106.4530029296875,8.049469947814941,0.7002801299095154,8.021550178527832
2016-05-03,0.7663775086402893,1.2529000043869019,0.9552000164985657,1.1524986028671265,1.4665981531143188,106.39600372314453,8.022749900817871,0.7034822702407837,7.962440013885498
2016-05-04,0.7499625086784363,1.270009994506836,0.9538000226020813,1.1504037380218506,1.4550957679748535,106.68000030517578,8.114899635314941,0.6931928396224976,8.045550346374512
2016-05-05,0.7467144727706909,1.2862000465393066,0.9569900035858154,1.1493064165115356,1.4507049322128296,106.91999816894531,8.153289794921875,0.6889424324035645,8.060790061950684
2016-05-06,0.7476076483726501,1.2851999998092651,0.9678699970245361,1.1406019926071167,1.4492753744125366,107.2750015258789,8.171730041503906,0.6893223524093628,8.099040031433105
2016-05-09,0.737626314163208,1.2928099632263184,0.9725000262260437,1.1387965679168701,1.443084716796875,107.36000061035156,8.20557975769043,0.6841817498207092,8.147489547729492
2016-05-10,0.731689453125,1.295680046081543,0.9711300134658813,1.1387965679168701,1.4415452480316162,108.33100128173828,8.210410118103027,0.6771856546401978,8.160771369934082
2016-05-11,0.7373000383377075,1.2916300296783447,0.9751999974250793,1.1374363899230957,1.4451494216918945,109.19400024414062,8.2012300491333,0.6800870895385742,8.152770042419434
2016-05-12,0.7357810139656067,1.2860000133514404,0.9707000255584717,1.142700433731079,1.4438347816467285,108.41500091552734,8.153329849243164,0.6819886565208435,8.128190040588379
2016-05-13,0.7317965626716614,1.28410005569458,0.9709600210189819,1.1376951932907104,1.4445230960845947,109.0999984741211,8.125670433044434,0.6819886565208435,8.183429718017578
2016-05-16,0.7274843454360962,1.2954800128936768,0.9756399989128113,1.1316953897476196,1.4349260330200195,108.66100311279297,8.193811416625977,0.6768189668655396,8.23917007446289
2016-05-17,0.7288098335266113,1.2898900508880615,0.9779999852180481,1.1316057443618774,1.4446901082992554,109.08000183105469,8.16100025177002,0.678380012512207,8.266441345214844
2016-05-18,0.731368362903595,1.2910399436950684,0.9800000190734863,1.1316057443618774,1.4455254077911377,108.94999694824219,8.183199882507324,0.6797172427177429,8.255241394042969
2016-05-19,0.7226999998092651,1.302299976348877,0.9878000020980835,1.122296690940857,1.4596196413040161,110.13999938964844,8.307640075683594,0.6761782765388489,8.34646987915039
2016-05-20,0.7232226729393005,1.3085999488830566,0.9902999997138977,1.1205987930297852,1.4601097106933594,109.88099670410156,8.348799705505371,0.6761782765388489,8.350959777832031
2016-05-23,0.7228044867515564,1.312399983406067,0.9910100102424622,1.1221708059310913,1.4490653276443481,110.05000305175781,8.323590278625488,0.6765899658203125,8.318140029907227
2016-05-24,0.7223867774009705,1.3144999742507935,0.9897000193595886,1.121604323387146,1.4481840133666992,109.3740005493164,8.355449676513672,0.6753562688827515,8.34634017944336
2016-05-25,0.719062328338623,1.3125,0.9930999875068665,1.113796591758728,1.4612619876861572,110.16999816894531,8.355520248413086,0.6753106117248535,8.314780235290527
2016-05-26,0.7186489701271057,1.3034000396728516,0.9909999966621399,1.1158970594406128,1.4698317050933838,110.11100006103516,8.317770004272461,0.6709157824516296,8.293299674987793
2016-05-27,0.7225955128669739,1.2975300550460815,0.9891999959945679,1.1192066669464111,1.466490626335144,109.71299743652344,8.27122974395752,0.6753106117248535,8.279370307922363
2016-05-30,0.7184939980506897,1.3046000003814697,0.9946699738502502,1.1110000610351562,1.4626511335372925,110.7699966430664,8.340100288391113,0.6693888902664185,8.349849700927734
2016-05-31,0.7195797562599182,1.3037999868392944,0.9912999868392944,1.1148396730422974,1.4635074138641357,110.84100341796875,8.329350471496582,0.6710057854652405,8.321459770202637
2016-06-01,0.7236937284469604,1.3076200485229492,0.9930800199508667,1.113598108291626,1.4482468366622925,110.66999816894531,8.370711326599121,0.6785181164741516,8.32211971282959
2016-06-02,0.7250054478645325,1.3075100183486938,0.9884999990463257,1.1189061403274536,1.4419403076171875,109.47699737548828,8.30150032043457,0.6820816993713379,8.296460151672363
2016-06-03,0.7231180667877197,1.309399962425232,0.990369975566864,1.115200161933899,1.4405485391616821,108.86000061035156,8.330699920654297,0.6818026900291443,8.325249671936035
2016-06-06,0.7346999049186707,1.295930027961731,0.9762200117111206,1.1350995302200317,1.4383935928344727,106.72100067138672,8.176480293273926,0.6939143538475037,8.153429985046387
2016-06-07,0.7373543977737427,1.2813700437545776,0.9702399969100952,1.1364023685455322,1.4459224939346313,107.43800354003906,8.170490264892578,0.6913716793060303,8.12378978729248
2016-06-08,0.7446016073226929,1.275670051574707,0.9650999903678894,1.1357828378677368,1.454355001449585,107.25399780273438,8.122170448303223,0.695313572883606,8.120100021362305
2016-06-09,0.7496814131736755,1.268399953842163,0.958299994468689,1.140706181526184,1.4518423080444336,106.77999877929688,8.0908203125,0.7129108309745789,8.101090431213379
2016-06-10,0.7416747212409973,1.2729400396347046,0.9644200205802917,1.1315033435821533,1.4463825225830078,107.08999633789062,8.153800010681152,0.7117944359779358,8.181429862976074
2016-06-13,0.7374087572097778,1.2782299518585205,0.9643999934196472,1.1239995956420898,1.4188824892044067,106.50399780273438,8.272040367126465,0.7051191329956055,8.310810089111328
2016-06-14,0.7381163239479065,1.2828199863433838,0.9625599980354309,1.1291015148162842,1.4206764698028564,106.22599792480469,8.273969650268555,0.7044237852096558,8.24608039855957
2016-06-15,0.7356186509132385,1.2860599756240845,0.9632999897003174,1.1213024854660034,1.4123696088790894,106.08699798583984,8.35004997253418,0.6987143754959106,8.310540199279785
2016-06-16,0.7416197061538696,1.2907999753952026,0.9607999920845032,1.1262656450271606,1.41958749294281,105.8499984741211,8.30700969696045,0.7079144716262817,8.301650047302246
2016-06-17,0.7387160658836365,1.2916899919509888,0.9649900197982788,1.1252011060714722,1.4295722246170044,104.74299621582031,8.36283016204834,0.7062645554542542,8.319649696350098
2016-06-20,0.7431076765060425,1.2847900390625,0.9598000049591064,1.13490629196167,1.4585976600646973,104.64800262451172,8.2849702835083,0.7089182138442993,8.255249977111816
2016-06-21,0.7461016178131104,1.2798000574111938,0.9613999724388123,1.1322976350784302,1.467502236366272,103.8239974975586,8.275871276855469,0.7116931080818176,8.22793960571289
2016-06-22,0.7453786730766296,1.2802000045776367,0.961899995803833,1.1250618696212769,1.4670286178588867,104.66999816894531,8.30636978149414,0.7132158875465393,8.26846981048584
2016-06-23,0.7514277100563049,1.2813999652862549,0.9595999717712402,1.1328235864639282,1.4789398908615112,104.6500015258789,8.23861026763916,0.7161784768104553,8.214119911193848
2016-06-24,0.7535226941108704,1.2832000255584717,0.9617499709129333,1.1324002742767334,1.4557948112487793,104.89600372314453,8.220959663391113,0.7199942469596863,8.19672966003418
2016-06-27,0.7431076765060425,1.3020999431610107,0.972599983215332,1.103594422340393,1.3450984954833984,102.12699890136719,8.53361988067627,0.7094210982322693,8.530599594116211
2016-06-28,0.7357268929481506,1.306570053100586,0.9785500168800354,1.1015034914016724,1.323504090309143,101.81199645996094,8.5658597946167,0.7016066908836365,8.556229591369629
2016-06-29,0.7405213713645935,1.301900029182434,0.980400025844574,1.1073951721191406,1.3350956439971924,102.70099639892578,8.46969985961914,0.7078142762184143,8.491950035095215
2016-06-30,0.7469933032989502,1.293429970741272,0.9792699813842773,1.1128050088882446,1.3465837240219116,102.77799987792969,8.383041381835938,0.7124029397964478,8.450559616088867
2016-07-01,0.7448789477348328,1.295799970626831,0.9762399792671204,1.1106051206588745,1.3328713178634644,103.072998046875,8.352089881896973,0.7136231064796448,8.450249671936035
2016-07-04,0.7463800311088562,1.291100025177002,0.974399983882904,1.1131023168563843,1.3289920091629028,102.48799896240234,8.333869934082031,0.7176175117492676,8.440930366516113
2016-07-05,0.7530120611190796,1.2867300510406494,0.9709600210189819,1.1146035194396973,1.3279860019683838,102.51799774169922,8.29358959197998,0.7213966250419617,8.419819831848145
2016-07-06,0.7443799376487732,1.3005599975585938,0.9768999814987183,1.1065007448196411,1.2957899570465088,101.14099884033203,8.411029815673828,0.7132158875465393,8.531510353088379
2016-07-07,0.7518796920776367,1.2960000038146973,0.9747999906539917,1.1099025011062622,1.292590856552124,101.1500015258789,8.433500289916992,0.7134194374084473,8.519590377807617
2016-07-08,0.7494004368782043,1.2997000217437744,0.9786999821662903,1.1065741777420044,1.2915725708007812,100.79000091552734,8.498820304870605,0.7234842777252197,8.570650100708008
2016-07-11,0.7559149861335754,1.3044999837875366,0.9829999804496765,1.1043988466262817,1.2946157455444336,100.69200134277344,8.527839660644531,0.7298737168312073,8.589509963989258
2016-07-12,0.7538067698478699,1.3122999668121338,0.9826700091362,1.1058032512664795,1.2981113195419312,102.52400207519531,8.502019882202148,0.7230135202407837,8.567489624023438
2016-07-13,0.7605719566345215,1.3057600259780884,0.9890599846839905,1.1062926054000854,1.3278273344039917,104.75599670410156,8.439399719238281,0.729341447353363,8.539170265197754
2016-07-14,0.7596474885940552,1.2974300384521484,0.9843000173568726,1.1094961166381836,1.3119744062423706,104.07599639892578,8.422240257263184,0.7262164354324341,8.491999626159668
2016-07-15,0.7614986300468445,1.2908300161361694,0.9813699722290039,1.1106051206588745,1.3357912302017212,105.19100189208984,8.37843132019043,0.7162810564041138,8.507869720458984
2016-07-18,0.759013295173645,1.2956899404525757,0.9837999939918518,1.1053143739700317,1.3229613304138184,105.45899963378906,8.468029975891113,0.7074637413024902,8.572039604187012
2016-07-19,0.7575184106826782,1.295799970626831,0.9827100038528442,1.1071866750717163,1.3268934488296509,106.14600372314453,8.434160232543945,0.7038784027099609,8.546070098876953
2016-07-20,0.750750720500946,1.3026599884033203,0.986020028591156,1.1013579368591309,1.310839295387268,106.13700103759766,8.508399963378906,0.7047712802886963,8.610420227050781
2016-07-21,0.747160792350769,1.3067200183868408,0.9863399863243103,1.1019526720046997,1.326453447341919,107.2040023803711,8.49804973602295,0.6966699361801147,8.585229873657227
2016-07-22,0.7506943941116333,1.3073699474334717,0.9849399924278259,1.1032899618148804,1.3246086835861206,105.81099700927734,8.477879524230957,0.7007708549499512,8.580750465393066
2016-07-25,0.7476076483726501,1.3135499954223633,0.9881399869918823,1.097044587135315,1.3129734992980957,106.32599639892578,8.55226993560791,0.7010656595230103,8.658169746398926
2016-07-26,0.7476076483726501,1.3222899436950684,0.9858999848365784,1.0991184711456299,1.3107877969741821,105.5780029296875,8.583250045776367,0.6998390555381775,8.636750221252441
2016-07-27,0.7516536712646484,1.3175499439239502,0.9919999837875366,1.0987803936004639,1.3152875900268555,104.8489990234375,8.572380065917969,0.706763744354248,8.649189949035645
2016-07-28,0.7517440319061279,1.313730001449585,0.9846799969673157,1.1073460578918457,1.323784351348877,104.95099639892578,8.529080390930176,0.7094714641571045,8.618109703063965
2016-07-29,0.751258373260498,1.3151899576187134,0.9795299768447876,1.108438491821289,1.316187858581543,104.74500274658203,8.553059577941895,0.709069013595581,8.631400108337402
2016-08-01,0.7587829232215881,1.3058300018310547,0.9694399833679199,1.1168068647384644,1.3216325044631958,102.33200073242188,8.43982982635498,0.7190106511116028,8.561470031738281
2016-08-02,0.7528419494628906,1.312250018119812,0.9681599736213684,1.1168068647384644,1.3185480833053589,102.35900115966797,8.495389938354492,0.7173600792884827,8.590660095214844
2016-08-03,0.7599939703941345,1.310539960861206,0.9648799896240234,1.1219062805175781,1.333777904510498,101.06800079345703,8.432000160217285,0.7209805250167847,8.505680084228516
2016-08-04,0.759013295173645,1.3069499731063843,0.9726899862289429,1.1151504516601562,1.332800269126892,101.33699798583984,8.453550338745117,0.7156659364700317,8.54358959197998
2016-08-05,0.7640002965927124,1.3015400171279907,0.9737799763679504,1.1134741306304932,1.3129217624664307,101.1989974975586,8.418780326843262,0.7180812358856201,8.515299797058105
2016-08-08,0.7611798048019409,1.3179899454116821,0.9804800152778625,1.1089547872543335,1.3085750341415405,102.1449966430664,8.50940990447998,0.711895763874054,8.56488037109375
2016-08-09,0.7660487294197083,1.3155299425125122,0.9828000068664551,1.1083648204803467,1.3032373189926147,102.28800201416016,8.466819763183594,0.7146430611610413,8.58098030090332
2016-08-10,0.7664597034454346,1.3116799592971802,0.981410026550293,1.111580491065979,1.3007115125656128,101.91500091552734,8.405799865722656,0.7164350152015686,8.532930374145508
2016-08-11,0.77154541015625,1.3056000471115112,0.9737799763679504,1.1186434030532837,1.3020155429840088,101.13300323486328,8.259400367736816,0.7289692759513855,8.45265007019043
2016-08-12,0.7695859670639038,1.2984100580215454,0.9749500155448914,1.113908290863037,1.2954877614974976,101.80799865722656,8.237310409545898,0.721188485622406,8.47323989868164
2016-08-15,0.7656381726264954,1.2958699464797974,0.97461998462677,1.1166945695877075,1.290988802909851,101.28299713134766,8.208900451660156,0.7192692160606384,8.45199966430664
2016-08-16,0.7676364183425903,1.2927500009536743,0.9729300141334534,1.1184055805206299,1.2883111238479614,101.23999786376953,8.217260360717773,0.7216569185256958,8.457329750061035
2016-08-17,0.7700778245925903,1.286329984664917,0.9616400003433228,1.1275991201400757,1.303373098373413,100.19999694824219,8.191559791564941,0.7289161086082458,8.412150382995605
2016-08-18,0.766400933265686,1.2844300270080566,0.9614099860191345,1.1298924684524536,1.3044612407684326,99.90599822998047,8.196511268615723,0.7269026637077332,8.407699584960938
2016-08-19,0.7678722143173218,1.2775800228118896,0.9545000195503235,1.1349449157714844,1.3166556358337402,100.11199951171875,8.152899742126465,0.7283321022987366,8.34529972076416
2016-08-22,0.7608034610748291,1.2891600131988525,0.9618499875068665,1.1298158168792725,1.3056023120880127,100.55400085449219,8.240900039672852,0.7249528765678406,8.40565013885498
2016-08-23,0.7630093097686768,1.2940000295639038,0.9624300003051758,1.1319260597229004,1.3137152194976807,100.2509994506836,8.20680046081543,0.7284913063049316,8.370789527893066
2016-08-24,0.7613826394081116,1.291949987411499,0.9633899927139282,1.1300839185714722,1.3196094036102295,100.31099700927734,8.21045970916748,0.7276431918144226,8.377079963684082
2016-08-25,0.7610350251197815,1.2931400537490845,0.967199981212616,1.1263798475265503,1.3234516382217407,100.552001953125,8.21399974822998,0.7317965626716614,8.39780044555664
2016-08-26,0.7624857425689697,1.2912399768829346,0.9669899940490723,1.1290504932403564,1.3194352388381958,100.55500030517578,8.21992015838623,0.7302467823028564,8.399200439453125
2016-08-29,0.7544322609901428,1.3014800548553467,0.9777399897575378,1.1199462413787842,1.3128528594970703,101.91999816894531,8.28320026397705,0.7225955128669739,8.486330032348633
2016-08-30,0.7577479481697083,1.3009999990463257,0.9777299761772156,1.1192818880081177,1.3107877969741821,101.80899810791016,8.269599914550781,0.7261109352111816,8.459699630737305
2016-08-31,0.7524454593658447,1.3086700439453125,0.9830899834632874,1.1153244972229004,1.3090718984603882,102.86799621582031,8.33899974822998,0.7241129279136658,8.531590461730957
2016-09-01,0.7519927620887756,1.310920000076294,0.9835699796676636,1.116071343421936,1.3133701086044312,103.302001953125,8.333270072937012,0.7245851755142212,8.558899879455566
2016-09-02,0.7552869915962219,1.309399962425232,0.9796000123023987,1.1200717687606812,1.327492356300354,103.25800323486328,8.327659606933594,0.7293945550918579,8.549300193786621
2016-09-05,0.7564868927001953,1.299399971961975,0.9800000190734863,1.1161960363388062,1.3294336795806885,103.93399810791016,8.306659698486328,0.7296074628829956,8.577300071716309
2016-09-06,0.7593014240264893,1.2929199934005737,0.9800400137901306,1.1153244972229004,1.3313806056976318,103.51000213623047,8.293000221252441,0.7311010360717773,8.557490348815918
2016-09-07,0.7688168287277222,1.2845900058746338,0.970009982585907,1.1253657341003418,1.3421016931533813,101.5250015258789,8.176300048828125,0.742225170135498,8.469650268554688
2016-09-08,0.7669299840927124,1.2882100343704224,0.9697200059890747,1.1241008043289185,1.333866834640503,101.8290023803711,8.178730010986328,0.745156466960907,8.438949584960938
2016-09-09,0.7650523781776428,1.292099952697754,0.9718599915504456,1.1271415948867798,1.331026315689087,102.30599975585938,8.182821273803711,0.7405762076377869,8.434109687805176
2016-09-12,0.7544892430305481,1.304800033569336,0.9748200178146362,1.1241133213043213,1.327316164970398,102.43800354003906,8.245800018310547,0.7336218357086182,8.4833402633667
2016-09-13,0.7567158937454224,1.3029999732971191,0.9713799953460693,1.1243535280227661,1.333866834640503,101.7509994506836,8.221750259399414,0.7363770008087158,8.474769592285156
2016-09-14,0.7469375729560852,1.3157700300216675,0.976859986782074,1.12186861038208,1.3194352388381958,102.50399780273438,8.274700164794922,0.7251105904579163,8.528260231018066
2016-09-15,0.7482229471206665,1.3193600177764893,0.9732900261878967,1.1247328519821167,1.326435923576355,102.5479965209961,8.233869552612305,0.727219820022583,8.495369911193848
2016-09-16,0.7513148188591003,1.3158999681472778,0.9712299704551697,1.124593734741211,1.3247665166854858,102.00800323486328,8.233169555664062,0.7322788834571838,8.476149559020996
2016-09-19,0.7501875758171082,1.3198699951171875,0.9796500205993652,1.1158473491668701,1.3016257286071777,102.30699920654297,8.31503963470459,0.7274843454360962,8.56587028503418
2016-09-20,0.7537499070167542,1.320199966430664,0.9800400137901306,1.118067979812622,1.3044612407684326,101.84600067138672,8.28557014465332,0.7304602265357971,8.560620307922363
2016-09-21,0.7558007836341858,1.318179965019226,0.9789999723434448,1.1153992414474487,1.2985326051712036,101.5469970703125,8.29800033569336,0.7322788834571838,8.593799591064453
2016-09-22,0.763242244720459,1.3082599639892578,0.9732300043106079,1.1193194389343262,1.3036110401153564,100.39299774169922,8.248419761657715,0.7345919609069824,8.554059982299805
2016-09-23,0.7649353742599487,1.3046900033950806,0.9689000248908997,1.1210134029388428,1.3087291717529297,100.83100128173828,8.128190040588379,0.731368362903595,8.54384994506836
2016-09-26,0.7616146206855774,1.3151600360870361,0.9692299962043762,1.123923897743225,1.297858476638794,100.88899993896484,8.104869842529297,0.7235366702079773,8.529600143432617
2016-09-27,0.763382077217102,1.3227399587631226,0.9690200090408325,1.124985933303833,1.2969495058059692,100.35900115966797,8.108400344848633,0.7276431918144226,8.54170036315918
2016-09-28,0.7669888138771057,1.3207000494003296,0.9705700278282166,1.121956706047058,1.3012362718582153,100.46800231933594,8.10552978515625,0.7296607494354248,8.592209815979004
2016-09-29,0.7694082856178284,1.3064199686050415,0.9704999923706055,1.1224982738494873,1.3039510250091553,100.93499755859375,8.024160385131836,0.7285974621772766,8.557849884033203
2016-09-30,0.7628347277641296,1.315269947052002,0.9660999774932861,1.121956706047058,1.2963443994522095,101.1989974975586,8.050000190734863,0.7245851755142212,8.572500228881836
2016-10-03,0.7644091248512268,1.3132599592208862,0.9720900058746338,1.1234692335128784,1.2931592464447021,101.56300354003906,7.994420051574707,0.7265858054161072,8.581600189208984
2016-10-04,0.7686395049095154,1.3115899562835693,0.9737399816513062,1.121038556098938,1.2848516702651978,101.81700134277344,7.975979804992676,0.7297139763832092,8.571279525756836
2016-10-05,0.7610929608345032,1.3196500539779663,0.9783400297164917,1.121076226234436,1.273236632347107,102.87999725341797,8.008681297302246,0.7188039422035217,8.597240447998047
2016-10-06,0.7623694539070129,1.3177000284194946,0.9739999771118164,1.120824933052063,1.2755101919174194,103.45999908447266,8.022741317749023,0.7172572016716003,8.591690063476562
2016-10-07,0.7578054070472717,1.3220000267028809,0.9806600213050842,1.1144545078277588,1.2402331829071045,103.76499938964844,8.060529708862305,0.716383695602417,8.624130249023438
2016-10-10,0.7599939703941345,1.3251399993896484,0.9776899814605713,1.1196954250335693,1.2434717416763306,103.01799774169922,8.094539642333984,0.7172057628631592,8.6316499710083
2016-10-11,0.7599939703941345,1.3166999816894531,0.9821500182151794,1.1140819787979126,1.2341108322143555,103.6969985961914,8.079939842224121,0.7128599882125854,8.64801025390625
2016-10-12,0.7562580704689026,1.3229199647903442,0.9879000186920166,1.1061947345733643,1.2278977632522583,103.34200286865234,8.175620079040527,0.708365797996521,8.81425952911377
2016-10-13,0.7558007836341858,1.3275400400161743,0.9900000095367432,1.1011881828308105,1.2187690734863281,104.30400085449219,8.217619895935059,0.704820990562439,8.854120254516602
2016-10-14,0.7563723921775818,1.3202300071716309,0.9866399765014648,1.1049723625183105,1.222195029258728,103.72200012207031,8.160320281982422,0.708666980266571,8.795999526977539
2016-10-17,0.7596474885940552,1.314170002937317,0.9903799891471863,1.0967799425125122,1.2183235883712769,104.03900146484375,8.231619834899902,0.7090187072753906,8.843870162963867
2016-10-18,0.7640587091445923,1.3114800453186035,0.9878900051116943,1.1015641689300537,1.2218962907791138,103.85099792480469,8.163599967956543,0.7174115777015686,8.79800033569336
2016-10-19,0.7674597501754761,1.310789942741394,0.9900599718093872,1.0976948738098145,1.230466365814209,103.86499786376953,8.15783977508545,0.72061687707901,8.828880310058594
2016-10-20,0.7726184129714966,1.313330054283142,0.989080011844635,1.0975141525268555,1.2289540767669678,103.39099884033203,8.13129997253418,0.7232226729393005,8.833700180053711
2016-10-21,0.7633005380630493,1.322700023651123,0.9923999905586243,1.0930395126342773,1.2256402969360352,104.10900115966797,8.183199882507324,0.7191140651702881,8.8677396774292
2016-10-24,0.7602249979972839,1.3352999687194824,0.9942100048065186,1.0882576704025269,1.2219113111495972,103.91699981689453,8.257519721984863,0.7156659364700317,8.912199974060059
2016-10-25,0.7594167590141296,1.3349000215530396,0.9939000010490417,1.0875475406646729,1.2217471599578857,104.32099914550781,8.258609771728516,0.7130124568939209,8.912969589233398
2016-10-26,0.7650523781776428,1.3351999521255493,0.9945899844169617,1.0887316465377808,1.217581868171692,104.15399932861328,8.283329963684082,0.7168973088264465,8.927160263061523
2016-10-27,0.7649939060211182,1.3373899459838867,0.9933000206947327,1.091202735900879,1.2235409021377563,104.56300354003906,8.267749786376953,0.7154099345207214,8.904840469360352
2016-10-28,0.759013295173645,1.338729977607727,0.9937800168991089,1.0900371074676514,1.2171372175216675,105.20899963378906,8.269269943237305,0.7126567959785461,9.076149940490723
2016-10-31,0.7598206996917725,1.3401999473571777,0.9873899817466736,1.0984665155410767,1.2215979099273682,104.56500244140625,8.25879955291748,0.716589093208313,9.006699562072754
2016-11-01,0.7607455253601074,1.341879963874817,0.9891999959945679,1.0973334312438965,1.2236906290054321,104.81999969482422,8.264530181884766,0.7158196568489075,9.037139892578125
2016-11-02,0.7645260095596313,1.3391000032424927,0.9750000238418579,1.1057054996490479,1.2238553762435913,104.09200286865234,8.216950416564941,0.7207207083702087,8.961700439453125
2016-11-03,0.7653451561927795,1.339400053024292,0.973039984703064,1.1097548007965088,1.230466365814209,103.37799835205078,8.188920021057129,0.7283851504325867,8.923600196838379
2016-11-04,0.768580436706543,1.339210033416748,0.9742000102996826,1.1102476119995117,1.2468827962875366,103.052001953125,8.190329551696777,0.733245313167572,8.967900276184082
2016-11-07,0.7678722143173218,1.3359299898147583,0.97434002161026,1.1101243495941162,1.248907208442688,104.19499969482422,8.153539657592773,0.7320643663406372,8.961859703063965
2016-11-08,0.7720219492912292,1.3370800018310547,0.9739999771118164,1.1052166223526,1.2399256229400635,104.43800354003906,8.233220100402832,0.7338911294937134,9.014519691467285
2016-11-09,0.7745933532714844,1.32955002784729,0.9794600009918213,1.1019041538238525,1.2388503551483154,105.02999877929688,8.215950012207031,0.737136960029602,8.973600387573242
2016-11-10,0.7649353742599487,1.3412400484085083,0.9845399856567383,1.0920606851577759,1.242081642150879,105.85299682617188,8.318249702453613,0.7289692759513855,9.053339958190918
2016-11-11,0.760861337184906,1.347040057182312,0.9872499704360962,1.0889687538146973,1.2553352117538452,106.85600280761719,8.366399765014648,0.7218131422996521,9.037199974060059
2016-11-14,0.754944920539856,1.3526300191879272,0.9895099997520447,1.0824854373931885,1.2573871612548828,106.87100219726562,8.426819801330566,0.7109847068786621,9.10750961303711
2016-11-15,0.7571169137954712,1.353790044784546,0.9970999956130981,1.0750375986099243,1.2520345449447632,108.2020034790039,8.463210105895996,0.7132158875465393,9.146610260009766
2016-11-16,0.7553440928459167,1.3454899787902832,1.001389980316162,1.0727311372756958,1.2456402778625488,109.03800201416016,8.43529987335205,0.7095217704772949,9.184009552001953
2016-11-17,0.7494566440582275,1.3426400423049927,1.0008100271224976,1.0706638097763062,1.2442454099655151,108.78500366210938,8.463239669799805,0.709723174571991,9.17805004119873
2016-11-18,0.7398091554641724,1.3536299467086792,1.007099986076355,1.062304139137268,1.2410026788711548,110.25599670410156,8.54850959777832,0.7020993232727051,9.239370346069336
2016-11-21,0.7323324680328369,1.3508000373840332,1.0110499858856201,1.0584250688552856,1.2324377298355103,110.9729995727539,8.597399711608887,0.6997900605201721,9.26123046875
2016-11-22,0.7376807332038879,1.3408000469207764,1.0078200101852417,1.0638864040374756,1.2493752241134644,110.6500015258789,8.533780097961426,0.707764208316803,9.209500312805176
2016-11-23,0.7410151958465576,1.3431999683380127,1.010949969291687,1.0633772611618042,1.2423903942108154,111.00599670410156,8.516630172729492,0.7069135904312134,9.21150016784668
2016-11-24,0.7374631762504578,1.3501499891281128,1.0174599885940552,1.0545185804367065,1.2433171272277832,112.58200073242188,8.621000289916992,0.6997900605201721,9.282899856567383
2016-11-25,0.7416747212409973,1.3490999937057495,1.0166000127792358,1.0561892986297607,1.2452834844589233,113.29199981689453,8.591099739074707,0.7009181976318359,9.243499755859375
2016-11-28,0.7445462346076965,1.3516000509262085,1.0125000476837158,1.0612331628799438,1.248127818107605,112.6520004272461,8.572070121765137,0.7049700617790222,9.229660034179688
2016-11-29,0.7494566440582275,1.3403300046920776,1.0123399496078491,1.062134861946106,1.2411566972732544,111.69000244140625,8.541000366210938,0.7085163593292236,9.194600105285645
2016-11-30,0.7484470009803772,1.3431199789047241,1.0116599798202515,1.0648492574691772,1.249219298362732,112.47000122070312,8.527029991149902,0.7134703397750854,9.175140380859375
2016-12-01,0.7388798594474792,1.3425400257110596,1.0169999599456787,1.0592098236083984,1.2517211437225342,114.69400024414062,8.521180152893066,0.707764208316803,9.227700233459473
2016-12-02,0.7421150207519531,1.3306900262832642,1.0105899572372437,1.0663141012191772,1.2589701414108276,113.90899658203125,8.408510208129883,0.7098239660263062,9.21619987487793
2016-12-05,0.7443799376487732,1.3320399522781372,1.013800024986267,1.0582010746002197,1.266784906387329,113.50499725341797,8.46654987335205,0.7102777361869812,9.236749649047852
2016-12-06,0.747439980506897,1.3272000551223755,1.0069999694824219,1.0757315158843994,1.2728476524353027,113.86299896240234,8.380249977111816,0.7143367528915405,9.125399589538574
2016-12-07,0.7472166419029236,1.3277000188827515,1.0099300146102905,1.0720411539077759,1.2671059370040894,114.052001953125,8.396510124206543,0.7127075791358948,9.128829956054688
2016-12-08,0.748615026473999,1.32260000705719,1.0067700147628784,1.0761945247650146,1.262785792350769,113.71299743652344,8.353509902954102,0.7182360291481018,9.067449569702148
2016-12-09,0.7459513545036316,1.3194999694824219,1.0158900022506714,1.062134861946106,1.2584948539733887,114.07499694824219,8.42609977722168,0.7180297374725342,9.122400283813477
2016-12-12,0.7448234558105469,1.3128900527954102,1.0180399417877197,1.0547411441802979,1.2597631216049194,115.41200256347656,8.478639602661133,0.7129108309745789,9.197979927062988
2016-12-13,0.7497376203536987,1.3126699924468994,1.0132999420166016,1.0641694068908691,1.2675877809524536,115.00199890136719,8.430100440979004,0.7199942469596863,9.160929679870605
2016-12-14,0.7494566440582275,1.313439965248108,1.0118199586868286,1.062925100326538,1.2663036584854126,115.2239990234375,8.428750038146973,0.7204091548919678,9.165900230407715
2016-12-15,0.7410700917243958,1.3285800218582153,1.0221199989318848,1.051414132118225,1.253824234008789,117.21099853515625,8.592570304870605,0.7117944359779358,9.278340339660645
2016-12-16,0.7368110418319702,1.3333100080490112,1.0297600030899048,1.0418837070465088,1.2423903942108154,118.24099731445312,8.658300399780273,0.7049203515052795,9.40250015258789
2016-12-19,0.7291286587715149,1.3339300155639648,1.0267000198364258,1.0449975728988647,1.248907208442688,117.79100036621094,8.67770004272461,0.6963788270950317,9.353910446166992
2016-12-20,0.7251105904579163,1.3403600454330444,1.0271799564361572,1.0405826568603516,1.2390038967132568,117.03700256347656,8.681819915771484,0.6929046511650085,9.372650146484375
2016-12-21,0.7269555330276489,1.3371200561523438,1.0289700031280518,1.039047360420227,1.2365524768829346,117.875,8.705710411071777,0.6930007338523865,9.348699569702148
2016-12-22,0.7235366702079773,1.3431799411773682,1.0266000032424927,1.0428615808486938,1.2354830503463745,117.60399627685547,8.678400039672852,0.6904169917106628,9.223099708557129
2016-12-23,0.7221781015396118,1.348140001296997,1.025589942932129,1.0437650680541992,1.2285012006759644,117.54199981689453,8.71127986907959,0.6906077861785889,9.218790054321289
2016-12-26,0.7179266214370728,1.352020025253296,1.0261000394821167,1.045478343963623,1.2289540767669678,117.30999755859375,8.691100120544434,0.6885629892349243,9.211099624633789
2016-12-27,0.7180812358856201,1.3522499799728394,1.0268299579620361,1.0456969738006592,1.227596402168274,117.19200134277344,8.684100151062012,0.6883260011672974,9.200510025024414
2016-12-28,0.7191140651702881,1.3575700521469116,1.027500033378601,1.046233057975769,1.227596402168274,117.4800033569336,8.704119682312012,0.6897027492523193,9.220580101013184
2016-12-29,0.7184939980506897,1.3552600145339966,1.0281599760055542,1.0416991710662842,1.2224938869476318,117.08699798583984,8.711179733276367,0.6927126049995422,9.19009017944336
2016-12-30,0.7234842777252197,1.3478100299835205,1.0170999765396118,1.0575296878814697,1.2288031578063965,116.26699829101562,8.588680267333984,0.6972042322158813,9.066109657287598
2017-01-02,0.7209805250167847,1.343400001525879,1.0186899900436401,1.052698016166687,1.234903335571289,116.79499816894531,8.632200241088867,0.6934331655502319,9.081809997558594
2017-01-03,0.7196833491325378,1.3441400527954102,1.0241899490356445,1.0460032224655151,1.2281994819641113,117.49500274658203,8.654470443725586,0.6931928396224976,9.121399879455566
2017-01-04,0.7229925990104675,1.3421800136566162,1.0261000394821167,1.0419923067092896,1.2245597839355469,117.65899658203125,8.640250205993652,0.6923769116401672,9.151749610900879
2017-01-05,0.7287036180496216,1.3299000263214111,1.0201200246810913,1.0500892400741577,1.2326807975769043,117.11299896240234,8.581939697265625,0.6963303089141846,9.093879699707031
2017-01-06,0.7338372468948364,1.3229399919509888,1.0097899436950684,1.0605915784835815,1.2425447702407837,115.26499938964844,8.479809761047363,0.7021485567092896,8.996800422668457
2017-01-09,0.7312079668045044,1.324180006980896,1.0174200534820557,1.0531858205795288,1.2260912656784058,117.1500015258789,8.535340309143066,0.6967670321464539,9.061809539794922
2017-01-10,0.7359976172447205,1.3214099407196045,1.0140399932861328,1.0588620901107788,1.2173447608947754,115.98500061035156,8.52791976928711,0.7018036246299744,9.034279823303223
2017-01-11,0.7361602187156677,1.3243999481201172,1.0168299674987793,1.0552419424057007,1.2174336910247803,115.87200164794922,8.600119590759277,0.6984215378761292,9.080710411071777
2017-01-12,0.7447125315666199,1.3163199424743652,1.0130300521850586,1.0597710609436035,1.2214486598968506,115.0979995727539,8.537599563598633,0.7067137956619263,9.0169095993042
2017-01-13,0.7488393187522888,1.315060019493103,1.0103000402450562,1.0616837739944458,1.2165449857711792,114.66400146484375,8.522589683532715,0.711186945438385,8.947699546813965
2017-01-16,0.7497938275337219,1.312600016593933,1.0098299980163574,1.0628687143325806,1.2039345502853394,114.22699737548828,8.508779525756836,0.7131599187850952,8.925140380859375
2017-01-17,0.7473283410072327,1.3174999952316284,1.0111000537872314,1.0602991580963135,1.2040214538574219,114.1520004272461,8.528220176696777,0.7100709080696106,8.948209762573242
2017-01-18,0.7550702691078186,1.3061699867248535,1.0029300451278687,1.0696789026260376,1.2388043403625488,112.87799835205078,8.45775032043457,0.7202794551849365,8.897100448608398
2017-01-19,0.7509198784828186,1.3265000581741333,1.0077999830245972,1.062778353691101,1.225970983505249,114.76200103759766,8.49489974975586,0.7128193378448486,8.951709747314453
2017-01-20,0.7566586136817932,1.3321499824523926,1.0063300132751465,1.0659730434417725,1.2338367700576782,114.9800033569336,8.44435977935791,0.7193416953086853,8.950830459594727
2017-01-23,0.7573462724685669,1.3303799629211426,1.0009100437164307,1.0713750123977661,1.2386969327926636,113.80999755859375,8.38949966430664,0.7189692854881287,8.876099586486816
2017-01-24,0.7582650780677795,1.3237700462341309,0.9973499774932861,1.0760787725448608,1.2517211437225342,112.77999877929688,8.350350379943848,0.7236099243164062,8.832710266113281
2017-01-25,0.7592437863349915,1.3153599500656128,1.0010700225830078,1.0728693008422852,1.2533055543899536,113.83999633789062,8.351530075073242,0.7256894111633301,8.850830078125
2017-01-26,0.7574036121368408,1.3069499731063843,0.9990400075912476,1.0751993656158447,1.2634079456329346,113.29299926757812,8.306699752807617,0.7300815582275391,8.814929962158203
2017-01-27,0.7533524632453918,1.309000015258789,0.9998999834060669,1.068296194076538,1.2595410346984863,114.45500183105469,8.337599754333496,0.7245011925697327,8.840399742126465
2017-01-30,0.7553611993789673,1.3131500482559204,0.9973999857902527,1.0713980197906494,1.2591921091079712,114.66799926757812,8.325429916381836,0.7272674441337585,8.834050178527832
2017-01-31,0.7565441131591797,1.310230016708374,0.9943600296974182,1.0708587169647217,1.25,113.6500015258789,8.304400444030762,0.7295223474502563,8.82056999206543
2017-02-01,0.7580351233482361,1.3035999536514282,0.9890000224113464,1.0803803205490112,1.2589701414108276,112.74299621582031,8.24402141571045,0.7294318675994873,8.743410110473633
2017-02-02,0.7583800554275513,1.3048700094223022,0.9931100010871887,1.0767391920089722,1.2661433219909668,113.31099700927734,8.232000350952148,0.7254314422607422,8.748809814453125
2017-02-03,0.7654623985290527,1.303030014038086,0.9924499988555908,1.0761713981628418,1.2520031929016113,112.78900146484375,8.249130249023438,0.7285602688789368,8.74878978729248
2017-02-06,0.7676010727882385,1.3018200397491455,0.9923499822616577,1.0782949924468994,1.2484238147735596,112.63899993896484,8.206119537353516,0.7314700484275818,8.763799667358398
2017-02-07,0.764584481716156,1.308500051498413,0.991349995136261,1.0743216276168823,1.2468360662460327,111.8270034790039,8.257200241088867,0.7317376136779785,8.828359603881836
2017-02-08,0.7622532248497009,1.3190300464630127,0.9977999925613403,1.0678056478500366,1.2496250867843628,112.38700103759766,8.323749542236328,0.7297991514205933,8.876930236816406
2017-02-09,0.7631723284721375,1.314579963684082,0.9952300190925598,1.0692213773727417,1.252803087234497,111.9520034790039,8.318619728088379,0.723552405834198,8.840709686279297
2017-02-10,0.7625904083251953,1.3133000135421753,1.0013999938964844,1.0658594369888306,1.2498124837875366,113.43399810791016,8.33240032196045,0.7195383310317993,8.899700164794922
2017-02-13,0.7670122981071472,1.3117899894714355,1.0044000148773193,1.061954379081726,1.2484550476074219,113.91400146484375,8.39430046081543,0.7194244861602783,8.932310104370117
2017-02-14,0.7642396688461304,1.3071500062942505,1.0055999755859375,1.059849739074707,1.2523010969161987,113.70500183105469,8.389300346374512,0.7180503606796265,8.934100151062012
2017-02-15,0.7669299840927124,1.3081200122833252,1.0062600374221802,1.0578316450119019,1.2470382452011108,114.3010025024414,8.39739990234375,0.717288076877594,8.933679580688477
2017-02-16,0.7721471190452576,1.3067699670791626,1.0046800374984741,1.0607378482818604,1.2469760179519653,114.11199951171875,8.33629035949707,0.7222719788551331,8.916500091552734
2017-02-17,0.7698229551315308,1.3075200319290161,0.9972400069236755,1.0672245025634766,1.2489228248596191,113.30500030517578,8.282999992370605,0.721547544002533,8.855400085449219
2017-02-20,0.7668006420135498,1.3088200092315674,1.0018600225448608,1.062665343284607,1.2433944940567017,112.91100311279297,8.339550018310547,0.7181895971298218,8.903450012207031
2017-02-21,0.7688758969306946,1.310520052909851,1.0032600164413452,1.0609403848648071,1.2473337650299072,113.27999877929688,8.339300155639648,0.7176175117492676,8.936409950256348
2017-02-22,0.7676364183425903,1.3146300315856934,1.0090999603271484,1.0542073249816895,1.248704433441162,113.66899871826172,8.350299835205078,0.7164401412010193,8.971320152282715
2017-02-23,0.7697044014930725,1.3164600133895874,1.0108000040054321,1.0554089546203613,1.2453765869140625,113.41699981689453,8.36970043182373,0.7181792259216309,8.972100257873535
2017-02-24,0.7713074088096619,1.3100600242614746,1.006119966506958,1.0584474802017212,1.255618929862976,112.68199920654297,8.335800170898438,0.7230396866798401,8.992449760437012
2017-02-27,0.767047643661499,1.3119299411773682,1.008870005607605,1.055275321006775,1.2399563789367676,112.18800354003906,8.381999969482422,0.7192174792289734,9.045209884643555
2017-02-28,0.7676364183425903,1.3186899423599243,1.009469985961914,1.0584250688552856,1.2439358234405518,112.74500274658203,8.371520042419434,0.7185301780700684,9.061699867248535
2017-03-01,0.7642280459403992,1.331130027770996,1.0066100358963013,1.0569148063659668,1.2378076314926147,113.0770034790039,8.39661979675293,0.717221200466156,9.046509742736816
2017-03-02,0.7657554149627686,1.3351999521255493,1.0103100538253784,1.0535852909088135,1.227219820022583,114.12100219726562,8.422300338745117,0.7114703059196472,9.059189796447754
2017-03-03,0.7572315335273743,1.339269995689392,1.0132299661636353,1.0509721040725708,1.227475881576538,114.34200286865234,8.48157024383545,0.706239640712738,9.078399658203125
2017-03-06,0.7594744563102722,1.3381999731063843,1.007930040359497,1.062044620513916,1.23001229763031,113.84700012207031,8.422889709472656,0.703759491443634,8.980210304260254
2017-03-07,0.7589211463928223,1.3401399850845337,1.0120799541473389,1.0579211711883545,1.224289894104004,113.91699981689453,8.492600440979004,0.6994082927703857,9.021149635314941
2017-03-08,0.7594974637031555,1.3410500288009644,1.0130599737167358,1.0570154190063477,1.2204499244689941,113.9260025024414,8.449740409851074,0.6963981986045837,9.010970115661621
2017-03-09,0.7528986930847168,1.3486000299453735,1.0143300294876099,1.0547411441802979,1.217730164527893,114.41100311279297,8.533100128173828,0.6916777491569519,9.049209594726562
2017-03-10,0.750750720500946,1.3506799936294556,1.0123300552368164,1.0578428506851196,1.2157316207885742,115.14900207519531,8.588789939880371,0.6896598935127258,9.0455904006958
2017-03-13,0.7543753385543823,1.3458499908447266,1.0095000267028809,1.0690041780471802,1.2171372175216675,114.73200225830078,8.593299865722656,0.6923577785491943,8.99491024017334
2017-03-14,0.7566586136817932,1.3451199531555176,1.0074000358581543,1.0651443004608154,1.220598816871643,114.91500091552734,8.564800262451172,0.691811740398407,8.940710067749023
2017-03-15,0.7565498352050781,1.347249984741211,1.00941002368927,1.0612443685531616,1.2157464027404785,114.65899658203125,8.609219551086426,0.6929382681846619,8.964110374450684
2017-03-16,0.7705941200256348,1.3296799659729004,1.0,1.0737909078598022,1.2284257411956787,113.4020004272461,8.498279571533203,0.7027407288551331,8.87147045135498
2017-03-17,0.7669888138771057,1.332260012626648,0.9961000084877014,1.077470064163208,1.2351168394088745,113.33999633789062,8.500300407409668,0.698319137096405,8.809300422668457
2017-03-20,0.7704753875732422,1.333299994468689,0.9973000288009644,1.0742985010147095,1.2384514808654785,112.67400360107422,8.460399627685547,0.7028592228889465,8.82664966583252
2017-03-21,0.7730364799499512,1.3337700366973877,0.9986000061035156,1.073767900466919,1.2367054224014282,112.572998046875,8.480090141296387,0.7049203515052795,8.823129653930664
2017-03-22,0.7674126029014587,1.3357000350952148,0.993369996547699,1.081244707107544,1.2482056617736816,111.53199768066406,8.467020034790039,0.7041410803794861,8.795989990234375
2017-03-23,0.7669417858123779,1.3331999778747559,0.9919999837875366,1.0790164470672607,1.2475050687789917,111.36900329589844,8.46304988861084,0.7040418982505798,8.79677963256836
2017-03-24,0.7634170055389404,1.3348499536514282,0.9932199716567993,1.0783880949020386,1.251877784729004,111.00399780273438,8.487130165100098,0.702928364276886,8.824159622192383
2017-03-27,0.7633005380630493,1.332450032234192,0.9880499839782715,1.0849517583847046,1.2514548301696777,110.552001953125,8.457189559936523,0.7045577764511108,8.7816801071167
2017-03-28,0.7628929018974304,1.3388500213623047,0.9857699871063232,1.0860947370529175,1.2557923793792725,110.77100372314453,8.488550186157227,0.7047911882400513,8.785550117492676
2017-03-29,0.7652397751808167,1.3377399444580078,0.9920799732208252,1.0817711353302002,1.2421433925628662,111.22599792480469,8.519499778747559,0.7008199691772461,8.827170372009277
2017-03-30,0.767047643661499,1.3330999612808228,0.9966700077056885,1.0759629011154175,1.2440440654754639,111.15399932861328,8.503800392150879,0.7033783197402954,8.870739936828613
2017-03-31,0.7655209302902222,1.3332500457763672,1.000440001487732,1.0687072277069092,1.2478474378585815,111.7760009765625,8.560489654541016,0.7003585696220398,8.932729721069336
2017-04-03,0.7629918456077576,1.3325799703598022,1.0022000074386597,1.0668829679489136,1.2540757656097412,111.26499938964844,8.581589698791504,0.7004910707473755,8.958649635314941
2017-04-04,0.7605140805244446,1.3384599685668945,1.0013999938964844,1.067008137702942,1.249219298362732,110.70899963378906,8.578100204467773,0.7017495036125183,8.95580005645752
2017-04-05,0.756887674331665,1.3397899866104126,1.0016000270843506,1.0680338144302368,1.2439976930618286,110.85399627685547,8.592320442199707,0.6976419687271118,8.99219036102295
2017-04-06,0.7567788362503052,1.343440055847168,1.003600001335144,1.0672472715377808,1.248907208442688,110.38099670410156,8.602160453796387,0.6977198123931885,8.97992992401123
2017-04-07,0.7541478276252747,1.3418400287628174,1.00531005859375,1.0644639730453491,1.246867299079895,110.89700317382812,8.620989799499512,0.6973792314529419,9.022850036621094
2017-04-10,0.7507225871086121,1.3407000303268433,1.00941002368927,1.0582010746002197,1.2375165224075317,111.2249984741211,8.661520004272461,0.6941697001457214,9.07688045501709
2017-04-11,0.7506943941116333,1.3322499990463257,1.0077999830245972,1.0597598552703857,1.2425447702407837,110.71700286865234,8.618619918823242,0.6964515447616577,9.0731201171875
2017-04-12,0.7503620386123657,1.3325599431991577,1.0069299936294556,1.0611318349838257,1.2492347955703735,109.58699798583984,8.59391975402832,0.6958893537521362,9.052519798278809
2017-04-13,0.7539090514183044,1.3242499828338623,1.0020500421524048,1.0670650005340576,1.2549885511398315,108.9020004272461,8.540940284729004,0.6993593573570251,8.97068977355957
2017-04-14,0.7566013336181641,1.3336399793624878,1.0054600238800049,1.0616387128829956,1.250781774520874,109.10099792480469,8.577300071716309,0.6995795369148254,9.03551959991455
2017-04-17,0.7580926418304443,1.3313000202178955,1.0050699710845947,1.0610530376434326,1.253509759902954,108.322998046875,8.585989952087402,0.7014787197113037,9.03656005859375
2017-04-18,0.7591862082481384,1.332550048828125,1.0041899681091309,1.0644525289535522,1.2557765245437622,109.11199951171875,8.556289672851562,0.7012278437614441,8.998970031738281
2017-04-19,0.7559149861335754,1.3382099866867065,0.9963399767875671,1.0728693008422852,1.2844555377960205,108.53500366210938,8.50691032409668,0.7046024799346924,8.960659980773926
2017-04-20,0.7496252059936523,1.3482999801635742,0.9978500008583069,1.0715012550354004,1.2782330513000488,108.83399963378906,8.575750350952148,0.7038981914520264,8.968810081481934
2017-04-21,0.751908004283905,1.3475899696350098,0.9987000226974487,1.0714898109436035,1.2801966667175293,109.375,8.622790336608887,0.6990220546722412,8.98684024810791
2017-04-24,0.7555723190307617,1.3482999801635742,0.992900013923645,1.087393879890442,1.2826268672943115,109.97799682617188,8.525070190429688,0.7042204141616821,8.83810043334961
2017-04-25,0.755972146987915,1.3549000024795532,0.9958800077438354,1.0864840745925903,1.2776614427566528,109.64099884033203,8.5556001663208,0.7013508081436157,8.857500076293945
2017-04-26,0.7536931037902832,1.35739004611969,0.9934300184249878,1.0928245782852173,1.283235788345337,111.0459976196289,8.56820011138916,0.6950622797012329,8.768750190734863
2017-04-27,0.7480326294898987,1.3619600534439087,0.9929999709129333,1.090893268585205,1.2848351001739502,111.19100189208984,8.57903003692627,0.6902597546577454,8.75570011138916
2017-04-28,0.746720016002655,1.3627899885177612,0.9943699836730957,1.0864251852035522,1.2893576622009277,111.22599792480469,8.565890312194824,0.688349723815918,8.837160110473633
2017-05-01,0.7483405470848083,1.3641999959945679,0.994189977645874,1.0907504558563232,1.2931592464447021,111.302001953125,8.565770149230957,0.6873891949653625,8.843159675598145
2017-05-02,0.753409206867218,1.3672000169754028,0.9956700205802917,1.090893268585205,1.2897402048110962,111.81199645996094,8.58141040802002,0.6922618746757507,8.840999603271484
2017-05-03,0.7543184757232666,1.370669960975647,0.9910299777984619,1.0935654640197754,1.2941633462905884,111.96900177001953,8.58549976348877,0.6962576508522034,8.797800064086914
2017-05-04,0.7428869009017944,1.372730016708374,0.9941800236701965,1.0888975858688354,1.287166953086853,112.78299713134766,8.654239654541016,0.6886577606201172,8.842399597167969
2017-05-05,0.7412348985671997,1.3751200437545776,0.9861099720001221,1.098152995109558,1.2924906015396118,112.53700256347656,8.678359985351562,0.6875687837600708,8.831769943237305
2017-05-08,0.7415812015533447,1.3671300411224365,0.989870011806488,1.0965152978897095,1.296562910079956,112.68399810791016,8.609589576721191,0.6900882720947266,8.821450233459473
2017-05-09,0.7388798594474792,1.3693699836730957,0.998199999332428,1.0927767753601074,1.2943308353424072,113.2300033569336,8.63502025604248,0.6920893788337708,8.837719917297363
2017-05-10,0.7342413067817688,1.3707000017166138,1.0066499710083008,1.0886842012405396,1.2948503494262695,113.697998046875,8.678030014038086,0.6897978782653809,8.877400398254395
2017-05-11,0.7361059784889221,1.3710700273513794,1.0089999437332153,1.087074637413025,1.2930588722229004,114.3280029296875,8.632349967956543,0.6833588480949402,8.922120094299316
2017-05-12,0.7378984093666077,1.3703900575637817,1.0078400373458862,1.0864958763122559,1.2891582250595093,113.80899810791016,8.599579811096191,0.684387743473053,8.88047981262207
2017-05-15,0.7392895221710205,1.3717600107192993,1.0010700225830078,1.0927289724349976,1.2886598110198975,113.27100372314453,8.56482982635498,0.6866387128829956,8.837590217590332
2017-05-16,0.7420544624328613,1.3628300428390503,0.9956799745559692,1.0981770753860474,1.2903059720993042,113.64199829101562,8.54384994506836,0.6890279054641724,8.826510429382324
2017-05-17,0.7421150207519531,1.3612300157546997,0.98430997133255,1.1093976497650146,1.2916892766952515,112.64600372314453,8.463500022888184,0.6890421509742737,8.775839805603027
2017-05-18,0.7431076765060425,1.3598899841308594,0.9791600108146667,1.115635633468628,1.2970168590545654,111.1259994506836,8.409500122070312,0.6939721703529358,8.734000205993652
2017-05-19,0.742225170135498,1.3603500127792358,0.9794600009918213,1.1113580465316772,1.2958402633666992,111.4010009765625,8.474300384521484,0.689560055732727,8.79561996459961
2017-05-22,0.7452120184898376,1.3516199588775635,0.9728900194168091,1.120485782623291,1.3012192249298096,111.28399658203125,8.376070022583008,0.6934283971786499,8.724410057067871
2017-05-23,0.7471049427986145,1.3491899967193604,0.9729999899864197,1.123885989189148,1.2995283603668213,110.89099884033203,8.346819877624512,0.7004714012145996,8.690879821777344
2017-05-24,0.747160792350769,1.352120041847229,0.9762200117111206,1.11793053150177,1.2956557273864746,111.95700073242188,8.377699851989746,0.700908362865448,8.708419799804688
2017-05-25,0.7497488260269165,1.34128999710083,0.9724599719047546,1.1230907440185547,1.2980270385742188,111.52400207519531,8.331391334533691,0.7046322226524353,8.661230087280273
2017-05-26,0.7456009387969971,1.3483400344848633,0.9731500148773193,1.121076226234436,1.293326497077942,111.7300033569336,8.39680004119873,0.7018578052520752,8.689709663391113
2017-05-29,0.7444353699684143,1.3453400135040283,0.9749799966812134,1.1176055669784546,1.281427025794983,111.25599670410156,8.38759994506836,0.7051589488983154,8.686320304870605
2017-05-30,0.7438815832138062,1.3473399877548218,0.9792400002479553,1.1129041910171509,1.281410574913025,111.17400360107422,8.437520027160645,0.7051589488983154,8.731200218200684
2017-05-31,0.7459346652030945,1.3470200300216675,0.9758399724960327,1.117168664932251,1.2809016704559326,110.83899688720703,8.449299812316895,0.7086418867111206,8.731100082397461
2017-06-01,0.7426661252975464,1.3490400314331055,0.967989981174469,1.1243535280227661,1.2875481843948364,110.7959976196289,8.435830116271973,0.7083407044410706,8.692529678344727
2017-06-02,0.7379528880119324,1.3515499830245972,0.9710999727249146,1.1215791702270508,1.2888258695602417,111.43699645996094,8.452159881591797,0.7061997056007385,8.680379867553711
2017-06-05,0.7428702712059021,1.3498400449752808,0.9628400206565857,1.128082513809204,1.2870012521743774,110.46299743652344,8.423399925231934,0.7137197852134705,8.623220443725586
2017-06-06,0.7487271428108215,1.3477699756622314,0.9649999737739563,1.1256824731826782,1.2907389402389526,110.38099670410156,8.442399978637695,0.7130582332611084,8.652939796447754
2017-06-07,0.7509763240814209,1.3449599742889404,0.9625200033187866,1.1271415948867798,1.2906723022460938,109.50900268554688,8.459589958190918,0.7180606722831726,8.671649932861328
2017-06-08,0.7542046904563904,1.3510500192642212,0.9647300243377686,1.125517725944519,1.2962098121643066,109.9000015258789,8.497550010681152,0.7189692854881287,8.687040328979492
2017-06-09,0.7528306245803833,1.3522100448608398,0.9691600203514099,1.1184805631637573,1.2722970247268677,109.85900115966797,8.513839721679688,0.71986985206604,8.732430458068848
2017-06-12,0.7530120611190796,1.3456100225448608,0.9691399931907654,1.1201971769332886,1.2739177942276,110.28800201416016,8.498600006103516,0.7208298444747925,8.712430000305176
2017-06-13,0.7547739148139954,1.3311400413513184,0.9690799713134766,1.1196202039718628,1.2669775485992432,109.9209976196289,8.474169731140137,0.7206116914749146,8.748140335083008
2017-06-14,0.7538067698478699,1.3240400552749634,0.9688199758529663,1.1208877563476562,1.2750548124313354,110.05500030517578,8.434550285339355,0.7206584215164185,8.690199851989746
2017-06-15,0.7588980793952942,1.3242299556732178,0.971340000629425,1.1215791702270508,1.2754452228546143,109.44599914550781,8.427359580993652,0.7245693802833557,8.705690383911133
2017-06-16,0.7585526704788208,1.325600028038025,0.9752699732780457,1.1146905422210693,1.275835633277893,110.9520034790039,8.500399589538574,0.720352053642273,8.751669883728027
2017-06-19,0.7621369957923889,1.321179986000061,0.9729899764060974,1.120824933052063,1.277955174446106,110.9540023803711,8.443400382995605,0.7264379858970642,8.694270133972168
2017-06-20,0.7591918706893921,1.32260000705719,0.9760299921035767,1.1144545078277588,1.273236632347107,111.6729965209961,8.507599830627441,0.7226007580757141,8.746370315551758
2017-06-21,0.7576102018356323,1.326990008354187,0.9746500253677368,1.1136974096298218,1.263248324394226,111.33399963378906,8.54520034790039,0.7239190340042114,8.775099754333496
2017-06-22,0.7550873756408691,1.3324999809265137,0.9724500179290771,1.1167196035385132,1.2675718069076538,111.30999755859375,8.527299880981445,0.7248687744140625,8.74705982208252
2017-06-23,0.7541478276252747,1.323099970817566,0.971809983253479,1.1149640083312988,1.267812728881836,111.29000091552734,8.488499641418457,0.7261900305747986,8.75100040435791
2017-06-26,0.7567674517631531,1.3261699676513672,0.9692999720573425,1.1198835372924805,1.2743399143218994,111.23899841308594,8.441510200500488,0.7284117341041565,8.712980270385742
2017-06-27,0.7584375739097595,1.3257399797439575,0.9723299741744995,1.118355631828308,1.2724589109420776,111.85800170898438,8.483710289001465,0.7284382581710815,8.715100288391113
2017-06-28,0.7586677670478821,1.3183000087738037,0.9603999853134155,1.1339154243469238,1.281295657157898,112.18800354003906,8.417499542236328,0.7266808152198792,8.606599807739258
2017-06-29,0.7635919451713562,1.3038599491119385,0.9592700004577637,1.1382650136947632,1.2941465377807617,112.35399627685547,8.425700187683105,0.7304922342300415,8.53773021697998
2017-06-30,0.7685213685035706,1.2992600202560425,0.955299973487854,1.144164800643921,1.3011176586151123,112.00900268554688,8.375100135803223,0.7309620976448059,8.455300331115723
2017-07-03,0.7688285708427429,1.2974599599838257,0.958899974822998,1.1423088312149048,1.301642656326294,112.26200103759766,8.33899974822998,0.7336810827255249,8.423609733581543
2017-07-04,0.7666183710098267,1.2990299463272095,0.9631400108337402,1.1371389627456665,1.2948671579360962,113.38600158691406,8.349639892578125,0.728868305683136,8.484029769897461
2017-07-05,0.7612088322639465,1.2931499481201172,0.9639999866485596,1.1360150575637817,1.2934937477111816,112.96199798583984,8.339599609375,0.7291924953460693,8.509300231933594
2017-07-06,0.7600921392440796,1.2959200143814087,0.9642000198364258,1.1346874237060547,1.2931759357452393,113.18699645996094,8.396439552307129,0.7284275889396667,8.49209976196289
2017-07-07,0.7579776644706726,1.2978500127792358,0.960129976272583,1.1424784660339355,1.2973533868789673,113.14900207519531,8.351400375366211,0.7284382581710815,8.437150001525879
2017-07-10,0.7605140805244446,1.288100004196167,0.9634000062942505,1.140380859375,1.2891249656677246,113.98500061035156,8.353989601135254,0.7276802062988281,8.423199653625488
2017-07-12,0.7639011144638062,1.2910799980163574,0.963100016117096,1.1473942995071411,1.2859586477279663,113.74800109863281,8.274029731750488,0.7222875952720642,8.397290229797363
2017-07-13,0.7679194211959839,1.2749799489974976,0.964900016784668,1.1418914794921875,1.2893743515014648,113.33499908447266,8.279041290283203,0.7256314754486084,8.405599594116211
2017-07-14,0.774053692817688,1.2726800441741943,0.9667999744415283,1.140393853187561,1.294716238975525,113.41799926757812,8.25160026550293,0.732429027557373,8.353171348571777
2017-07-17,0.7825216054916382,1.2641799449920654,0.9632899761199951,1.1475391387939453,1.311131477355957,112.39700317382812,8.180939674377441,0.7358406186103821,8.30640983581543
2017-07-18,0.7791013717651367,1.2696900367736816,0.9629700183868408,1.1474337577819824,1.3053126335144043,112.58100128173828,8.159279823303223,0.72798752784729,8.296520233154297
2017-07-19,0.7918283343315125,1.2631800174713135,0.9550700187683105,1.1549744606018066,1.303865909576416,111.99500274658203,8.085749626159668,0.7352291941642761,8.303409576416016
2017-07-20,0.7960199117660522,1.2599999904632568,0.9548199772834778,1.1528440713882446,1.3032711744308472,111.87699890136719,8.049429893493652,0.7364312410354614,8.305500030517578
2017-07-21,0.7947861552238464,1.259619951248169,0.9513999819755554,1.1628718376159668,1.2965459823608398,111.88500213623047,8.043499946594238,0.7403404116630554,8.221480369567871
2017-07-24,0.7925311923027039,1.2534500360488892,0.9447000026702881,1.1681697368621826,1.3004746437072754,110.94499969482422,8.02869987487793,0.7452787160873413,8.230130195617676
2017-07-25,0.7927699685096741,1.250540018081665,0.9471499919891357,1.1638869047164917,1.3031013011932373,111.23200225830078,8.012700080871582,0.7439811825752258,8.215789794921875
2017-07-26,0.7932730913162231,1.2506500482559204,0.9527199864387512,1.1644561290740967,1.3027619123458862,112.00299835205078,7.973780155181885,0.7421976327896118,8.207579612731934
2017-07-27,0.8000128269195557,1.2452000379562378,0.9513700008392334,1.1728004217147827,1.311475396156311,111.12799835205078,7.89408016204834,0.7525699734687805,8.174489974975586
2017-07-28,0.7973591089248657,1.253980040550232,0.9636899828910828,1.1688660383224487,1.3076680898666382,111.09700012207031,7.94635009765625,0.7504127025604248,8.210200309753418
2017-07-31,0.7985944747924805,1.2461400032043457,0.9691699743270874,1.1747292280197144,1.3144922256469727,110.51000213623047,7.914999961853027,0.7520097494125366,8.106760025024414
2017-08-01,0.7998719811439514,1.2506999969482422,0.9672999978065491,1.182410478591919,1.3195397853851318,110.35900115966797,7.8786702156066895,0.750750720500946,8.077380180358887
2017-08-02,0.7956082820892334,1.2546499967575073,0.9654099941253662,1.1811256408691406,1.3207945823669434,110.43199920654297,7.921339988708496,0.7426385879516602,8.109609603881836
2017-08-03,0.7955195903778076,1.257200002670288,0.9704399704933167,1.1851149797439575,1.3228389024734497,110.75700378417969,7.898849964141846,0.7410097122192383,8.101499557495117
2017-08-04,0.7959882616996765,1.2568299770355225,0.9677299857139587,1.1884952783584595,1.314405918121338,109.9000015258789,7.894700050354004,0.7447125315666199,8.092140197753906
2017-08-07,0.7930842638015747,1.2640999555587769,0.9727500081062317,1.1778424978256226,1.3046995401382446,110.78600311279297,7.94297981262207,0.7409108877182007,8.143619537353516
2017-08-08,0.791671633720398,1.2675000429153442,0.9734600186347961,1.1800941228866577,1.3037809133529663,110.75,7.919589996337891,0.7359488606452942,8.144969940185547
2017-08-09,0.7898269891738892,1.2670799493789673,0.9729999899864197,1.1754610538482666,1.2986170053482056,110.10199737548828,7.953149795532227,0.7324987649917603,8.173620223999023
2017-08-10,0.7891601324081421,1.2695200443267822,0.9635800123214722,1.1761523485183716,1.3014055490493774,110.04900360107422,7.947189807891846,0.7355104684829712,8.173629760742188
2017-08-11,0.7866582870483398,1.2739399671554565,0.9617000222206116,1.177024483680725,1.2976733446121216,109.10600280761719,7.949699878692627,0.7273890972137451,8.136289596557617
2017-08-14,0.7904075980186462,1.267359972000122,0.9627100229263306,1.182550311088562,1.3005930185317993,109.2300033569336,7.927519798278809,0.7316519618034363,8.120030403137207
2017-08-15,0.7853608131408691,1.2729099988937378,0.972540020942688,1.1775789260864258,1.2965123653411865,109.93199920654297,7.956099987030029,0.7296394109725952,8.114700317382812
2017-08-16,0.7825950980186462,1.2752900123596191,0.9721999764442444,1.1741223335266113,1.2867032289505005,110.59600067138672,7.949699878692627,0.7233220934867859,8.071430206298828
2017-08-17,0.7932101488113403,1.2624499797821045,0.9652000069618225,1.1774264574050903,1.2891582250595093,109.9990005493164,7.919300079345703,0.7316573262214661,8.073610305786133
2017-08-18,0.7875256538391113,1.268399953842163,0.9622399806976318,1.1715501546859741,1.2865046262741089,109.3280029296875,7.9766998291015625,0.7282685041427612,8.143320083618164
2017-08-21,0.7927510738372803,1.2585699558258057,0.965399980545044,1.1756268739700317,1.2873657941818237,109.31999969482422,7.91402006149292,0.7310903072357178,8.111470222473145
2017-08-22,0.79377681016922,1.2558399438858032,0.9622499942779541,1.1811953783035278,1.289823293685913,108.94400024414062,7.901519775390625,0.7327295541763306,8.076009750366211
2017-08-23,0.7913270592689514,1.2565300464630127,0.9685400128364563,1.176221489906311,1.2823965549468994,109.73100280761719,7.90880012512207,0.728141188621521,8.100680351257324
2017-08-24,0.79107666015625,1.254330039024353,0.9649500250816345,1.1816558837890625,1.28037691116333,108.91000366210938,7.860610008239746,0.7235314249992371,8.053409576416016
2017-08-25,0.7900142073631287,1.251289963722229,0.9651600122451782,1.1802195310592651,1.280393362045288,109.51399993896484,7.842510223388672,0.7207207083702087,8.068499565124512
2017-08-28,0.794060468673706,1.2471799850463867,0.9552000164985657,1.1951857805252075,1.2905224561691284,109.34600067138672,7.732600212097168,0.7251210808753967,7.943999767303467
2017-08-29,0.7924558520317078,1.251420021057129,0.9524499773979187,1.1963869333267212,1.2927078008651733,108.73699951171875,7.775360107421875,0.7244381904602051,7.97760009765625
2017-08-30,0.7956715226173401,1.2514499425888062,0.9556900262832642,1.1970456838607788,1.292657732963562,109.79000091552734,7.754590034484863,0.7258895635604858,7.939610004425049
2017-08-31,0.7907013297080994,1.2627400159835815,0.963699996471405,1.1893434524536133,1.2920564413070679,110.45999908447266,7.802000045776367,0.7203884720802307,7.9710001945495605
2017-09-01,0.7939658164978027,1.2472000122070312,0.9593999981880188,1.1910432577133179,1.2941633462905884,110.12899780273438,7.754469871520996,0.7179111242294312,7.937839984893799
2017-09-04,0.796470046043396,1.2378499507904053,0.9608299732208252,1.1882835626602173,1.2965123653411865,109.79499816894531,7.786099910736084,0.7167790532112122,7.978099822998047
2017-09-05,0.7945336103439331,1.2412899732589722,0.9588199853897095,1.1893434524536133,1.2924071550369263,109.80999755859375,7.813049793243408,0.7161579728126526,7.962409973144531
2017-09-06,0.8006982207298279,1.2368099689483643,0.9534000158309937,1.1924067735671997,1.3041210174560547,108.60199737548828,7.768400192260742,0.7259106040000916,7.955399990081787
2017-09-07,0.8010895252227783,1.2233200073242188,0.9556099772453308,1.1927765607833862,1.3049719333648682,109.13400268554688,7.79472017288208,0.7203417420387268,7.968090057373047
2017-09-08,0.8058017492294312,1.2108700275421143,0.9494900107383728,1.2029062509536743,1.3104785680770874,108.2699966430664,7.729000091552734,0.7248477339744568,7.9186601638793945
2017-09-11,0.8051530122756958,1.2151399850845337,0.9475700259208679,1.2017642259597778,1.3197661638259888,108.23100280761719,7.749300003051758,0.7241286635398865,7.9417500495910645
2017-09-12,0.8023750185966492,1.210729956626892,0.9562199711799622,1.1959433555603027,1.3169677257537842,109.3949966430664,7.833199977874756,0.7254314422607422,8.003800392150879
2017-09-13,0.8020082116127014,1.2173999547958374,0.9598000049591064,1.1974613666534424,1.3289213180541992,110.22599792480469,7.832900047302246,0.7283321022987366,7.9654998779296875
2017-09-14,0.797957181930542,1.216920018196106,0.9636600017547607,1.1890605688095093,1.3206027746200562,110.51499938964844,7.878200054168701,0.7249581217765808,8.030170440673828
2017-09-15,0.8001792430877686,1.2163000106811523,0.9614199995994568,1.1921650171279907,1.3399077653884888,109.91899871826172,7.872759819030762,0.7229612469673157,7.986599922180176
2017-09-18,0.7996801733970642,1.2197999954223633,0.9608299732208252,1.193716287612915,1.3575152158737183,111.1969985961914,7.856289863586426,0.7289320230484009,7.968939781188965
2017-09-19,0.7971112728118896,1.2280100584030151,0.9614099860191345,1.1959290504455566,1.3516618013381958,111.49600219726562,7.82420015335083,0.7265593409538269,7.953800201416016
2017-09-20,0.8005764484405518,1.2289700508117676,0.9625200033187866,1.199256420135498,1.3515340089797974,111.5780029296875,7.802390098571777,0.7314593195915222,7.952630043029785
2017-09-21,0.8016674518585205,1.2345399856567383,0.9715499877929688,1.1872113943099976,1.3489633798599243,112.5459976196289,7.874770164489746,0.7333690524101257,8.026350021362305
2017-09-22,0.7930591702461243,1.23239004611969,0.9702000021934509,1.194557547569275,1.3579760789871216,112.4520034790039,7.7964301109313965,0.7300122380256653,7.967289924621582
2017-09-25,0.7964954376220703,1.2345999479293823,0.9706900119781494,1.1927196979522705,1.3507307767868042,112.44400024414062,7.815199851989746,0.729091465473175,7.989299774169922
2017-09-26,0.7936822772026062,1.2370200157165527,0.9663000106811523,1.185564637184143,1.3477815389633179,111.76100158691406,7.815899848937988,0.7273097634315491,8.03633975982666
2017-09-27,0.7877613306045532,1.2363699674606323,0.9692999720573425,1.1786059141159058,1.3448090553283691,112.37699890136719,7.8961100578308105,0.7203624844551086,8.125639915466309
2017-09-28,0.785071074962616,1.2481600046157837,0.9718499779701233,1.1749638319015503,1.3398897647857666,112.86000061035156,7.947700023651123,0.7216413021087646,8.14428997039795
2017-09-29,0.7846275568008423,1.243630051612854,0.970579981803894,1.178175449371338,1.343021035194397,112.46700286865234,7.940299987792969,0.7222824096679688,8.115209579467773
2017-10-02,0.7845598459243774,1.2473200559616089,0.9681000113487244,1.1807351112365723,1.3394052982330322,112.63800048828125,7.965390205383301,0.7219278216362,8.146989822387695
2017-10-03,0.7827175855636597,1.2517000436782837,0.9743800163269043,1.173378348350525,1.3275628089904785,112.7699966430664,8.003580093383789,0.7192278504371643,8.167280197143555
2017-10-04,0.783631443977356,1.249019980430603,0.9731400012969971,1.1747568845748901,1.3241175413131714,112.8479995727539,7.975729942321777,0.7163323760032654,8.130260467529297
2017-10-05,0.7861697673797607,1.2479000091552734,0.9751999974250793,1.175723671913147,1.323276400566101,112.822998046875,7.955999851226807,0.7157222628593445,8.093700408935547
2017-10-06,0.7790589332580566,1.2568800449371338,0.9782000184059143,1.1712344884872437,1.3112690448760986,112.77400207519531,8.00469970703125,0.7113589644432068,8.135040283203125
2017-10-09,0.7779377102851868,1.2536300420761108,0.9779000282287598,1.1742464303970337,1.3084039688110352,112.5510025024414,7.987500190734863,0.7071185111999512,8.110560417175293
2017-10-10,0.7759155631065369,1.2552800178527832,0.9794999957084656,1.1741636991500854,1.314405918121338,112.65799713134766,7.980400085449219,0.7066088914871216,8.122710227966309
2017-10-11,0.7786524295806885,1.2508000135421753,0.9745699763298035,1.1814883947372437,1.3211086988449097,112.34500122070312,7.944699764251709,0.7073786854743958,8.064800262451172
2017-10-12,0.7804573774337769,1.2448400259017944,0.973110020160675,1.1865493059158325,1.3239772319793701,112.43399810791016,7.913640022277832,0.7098491191864014,8.040840148925781
2017-10-13,0.7827788591384888,1.247499942779541,0.9747999906539917,1.1831799745559692,1.326435923576355,112.23899841308594,7.904399871826172,0.7129921317100525,8.12228012084961
2017-10-16,0.7885688543319702,1.2476999759674072,0.9744799733161926,1.181404709815979,1.3288860321044922,111.88200378417969,7.889019966125488,0.7177205085754395,8.117440223693848
2017-10-17,0.7844183444976807,1.2523000240325928,0.9750999808311462,1.1794538497924805,1.3252933025360107,112.19499969482422,7.896900177001953,0.7185094952583313,8.102259635925293
2017-10-18,0.7851697206497192,1.2497999668121338,0.9778900146484375,1.1771907806396484,1.319487452507019,112.21299743652344,7.934899806976318,0.7176586985588074,8.151639938354492
2017-10-19,0.7842522263526917,1.2465800046920776,0.9810600280761719,1.1795234680175781,1.321300745010376,113.01300048828125,7.953519821166992,0.7154815793037415,8.136211395263672
2017-10-20,0.7875069975852966,1.2480700016021729,0.9762499928474426,1.184805989265442,1.3150626420974731,112.68000030517578,7.92710018157959,0.7030519843101501,8.125510215759277
2017-10-23,0.7807010412216187,1.263700008392334,0.9860600233078003,1.175364375114441,1.3189828395843506,114.0479965209961,7.997129917144775,0.6942178606987,8.178279876708984
2017-10-24,0.78125,1.2639000415802002,0.984499990940094,1.1759172677993774,1.3206549882888794,113.33999633789062,7.9998297691345215,0.698319137096405,8.197699546813965
2017-10-25,0.7775444984436035,1.2670999765396118,0.9905999898910522,1.1759034395217896,1.3131976127624512,113.94599914550781,8.006999969482422,0.6903693079948425,8.223719596862793
2017-10-26,0.770790159702301,1.2792999744415283,0.9887800216674805,1.182075023651123,1.327351450920105,113.55799865722656,8.010109901428223,0.6893603801727295,8.21045970916748
2017-10-27,0.7659724950790405,1.2848000526428223,0.9980700016021729,1.163724422454834,1.3130252361297607,114.1240005493164,8.183349609375,0.6837607026100159,8.364649772644043
2017-10-30,0.7668123245239258,1.2831300497055054,0.9979900121688843,1.1604562997817993,1.3134045600891113,113.73899841308594,8.159910202026367,0.6861392855644226,8.366729736328125
2017-10-31,0.7697636485099792,1.2824300527572632,0.9947199821472168,1.1652703285217285,1.3212482929229736,112.99600219726562,8.149189949035645,0.6882407069206238,8.348409652709961
2017-11-01,0.7659900188446045,1.2891199588775635,0.9973999857902527,1.165175199508667,1.3292216062545776,113.6500015258789,8.163949966430664,0.6904885172843933,8.370499610900879
2017-11-02,0.7676953673362732,1.2874300479888916,1.002560019493103,1.1628718376159668,1.3255391120910645,114.1520004272461,8.14109992980957,0.6892321705818176,8.397299766540527
2017-11-03,0.7713906764984131,1.280750036239624,0.9992600083351135,1.1661807298660278,1.30532968044281,114.01599884033203,8.131699562072754,0.6912999749183655,8.392609596252441
2017-11-06,0.7651694416999817,1.2760000228881836,1.0002000331878662,1.1614941358566284,1.30804443359375,114.1780014038086,8.164509773254395,0.6909417510032654,8.427200317382812
2017-11-07,0.768994152545929,1.2713600397109985,0.9976999759674072,1.1612648963928223,1.3175057172775269,113.77100372314453,8.13029956817627,0.6941311359405518,8.394339561462402
2017-11-08,0.7655092477798462,1.2761399745941162,0.998199999332428,1.1601063013076782,1.3172106742858887,113.76100158691406,8.15820026397705,0.6910611391067505,8.381799697875977
2017-11-09,0.7678722143173218,1.272779941558838,0.9998000264167786,1.15968918800354,1.3113033771514893,113.927001953125,8.15839958190918,0.6955699324607849,8.381629943847656
2017-11-10,0.7682615518569946,1.2678300142288208,0.9938899874687195,1.164686679840088,1.3144404888153076,113.375,8.127449989318848,0.6944589018821716,8.373279571533203
2017-11-13,0.7647013664245605,1.2691800594329834,0.996399998664856,1.1661127805709839,1.312026023864746,113.68599700927734,8.136750221252441,0.6925399899482727,8.35708999633789
2017-11-14,0.7614986300468445,1.273669958114624,0.9963399767875671,1.1664936542510986,1.3123359680175781,113.58499908447266,8.17020034790039,0.6898311972618103,8.383199691772461
2017-11-15,0.7631257772445679,1.2734999656677246,0.9895200133323669,1.1792869567871094,1.3157894611358643,113.4020004272461,8.18241024017334,0.6878809332847595,8.400440216064453
2017-11-17,0.7587311267852783,1.2757899761199951,0.9935200214385986,1.1777453422546387,1.3200448751449585,113.02799987792969,8.206740379333496,0.6855512857437134,8.396089553833008
2017-11-20,0.7554011344909668,1.2791999578475952,0.9896000027656555,1.1731857061386108,1.3202714920043945,112.03800201416016,8.267550468444824,0.6801009178161621,8.455679893493652
2017-11-21,0.7555723190307617,1.2813299894332886,0.9930999875068665,1.1741223335266113,1.3245033025741577,112.5510025024414,8.290399551391602,0.6811988949775696,8.47819995880127
2017-11-22,0.7584893703460693,1.277400016784668,0.9905999898910522,1.173722743988037,1.3245558738708496,112.34100341796875,8.215680122375488,0.6846595406532288,8.431039810180664
2017-11-23,0.7613826394081116,1.2704999446868896,0.9820899963378906,1.1814744472503662,1.3316820859909058,111.31300354003906,8.155489921569824,0.6874411702156067,8.340740203857422
2017-11-24,0.7625671029090881,1.2712600231170654,0.9815700054168701,1.1853959560394287,1.330672025680542,111.25399780273438,8.132499694824219,0.6889899373054504,8.294480323791504
2017-11-27,0.7611972093582153,1.271399974822998,0.9803000092506409,1.1926485300064087,1.3324450254440308,111.6709976196289,8.134499549865723,0.6872379779815674,8.283920288085938
2017-11-28,0.7607165575027466,1.2758400440216064,0.9812999963760376,1.1904903650283813,1.3322319984436035,111.16999816894531,8.146499633789062,0.6920223832130432,8.289050102233887
2017-11-29,0.7605488300323486,1.2814699411392212,0.9840999841690063,1.184805989265442,1.3365410566329956,111.64800262451172,8.238800048828125,0.6901120543479919,8.340700149536133
2017-11-30,0.7566586136817932,1.2862000465393066,0.9844499826431274,1.18519926071167,1.3417235612869263,112.00199890136719,8.25028133392334,0.688477635383606,8.368659973144531
2017-12-01,0.7563438415527344,1.289139986038208,0.9837999939918518,1.1898245811462402,1.3529969453811646,112.55599975585938,8.319169998168945,0.6831814646720886,8.382479667663574
2017-12-04,0.759013295173645,1.2718100547790527,0.9820299744606018,1.1859863996505737,1.349400281906128,112.86399841308594,8.304490089416504,0.6855278015136719,8.385560035705566
2017-12-05,0.7604100108146667,1.267699956893921,0.9846000075340271,1.1867746114730835,1.347527265548706,112.4990005493164,8.320079803466797,0.6867990493774414,8.419179916381836
2017-12-06,0.7604620456695557,1.2694000005722046,0.9873999953269958,1.1832919120788574,1.341525673866272,112.46399688720703,8.260299682617188,0.6875120401382446,8.362930297851562
2017-12-07,0.7566872239112854,1.278689980506897,0.9892200231552124,1.1804285049438477,1.3392258882522583,112.29100036621094,8.265740394592285,0.6886008977890015,8.417099952697754
2017-12-08,0.7512019276618958,1.2857999801635742,0.9947100281715393,1.1772184371948242,1.348435878753662,113.1729965209961,8.315790176391602,0.6827196478843689,8.486430168151855
2017-12-11,0.7508071064949036,1.2860000133514404,0.9928699731826782,1.1769968271255493,1.3392080068588257,113.54299926757812,8.297200202941895,0.6842519640922546,8.461970329284668
2017-12-12,0.7529497146606445,1.2853000164031982,0.9913899898529053,1.1777591705322266,1.334935188293457,113.54000091552734,8.377249717712402,0.6909608244895935,8.499360084533691
2017-12-13,0.7556580305099487,1.2868000268936157,0.9914000034332275,1.1742602586746216,1.331948161125183,113.54499816894531,8.339790344238281,0.6938276886940002,8.415900230407715
2017-12-14,0.7633005380630493,1.281599998474121,0.9855300188064575,1.1835860013961792,1.3409678936004639,112.78199768066406,8.317689895629883,0.7024297118186951,8.406999588012695
2017-12-15,0.7665008306503296,1.2794500589370728,0.9886999726295471,1.1774957180023193,1.3432915210723877,112.39600372314453,8.29662036895752,0.6989585757255554,8.439709663391113
2017-12-18,0.7651109099388123,1.2874399423599243,0.9910399913787842,1.1743566989898682,1.3317352533340454,112.71600341796875,8.39430046081543,0.6998488306999207,8.498700141906738
2017-12-19,0.7665772438049316,1.2864899635314941,0.985539972782135,1.1784253120422363,1.3380789756774902,112.56800079345703,8.356399536132812,0.6994816660881042,8.433830261230469
2017-12-20,0.7653451561927795,1.2878199815750122,0.9854000210762024,1.1841325759887695,1.3386881351470947,112.98300170898438,8.353599548339844,0.6970924139022827,8.402099609375
2017-12-21,0.767224133014679,1.282639980316162,0.986240029335022,1.1878176927566528,1.3372023105621338,113.24099731445312,8.405170440673828,0.7016312479972839,8.391969680786133
2017-12-22,0.7707723379135132,1.2735999822616577,0.98853999376297,1.1857331991195679,1.338043212890625,113.322998046875,8.369331359863281,0.7014294862747192,8.383749961853027
2017-12-25,0.7714858651161194,1.2726000547409058,0.989080011844635,1.1856067180633545,1.3365052938461304,113.30799865722656,8.320799827575684,0.7015082240104675,8.337300300598145
2017-12-26,0.7725587487220764,1.2715500593185425,0.9889000058174133,1.187253713607788,1.3376137018203735,113.3030014038086,8.313699722290039,0.702799916267395,8.324199676513672
2017-12-27,0.7730425000190735,1.2687000036239624,0.9897000193595886,1.1857894659042358,1.337470531463623,113.2030029296875,8.308521270751953,0.7032496929168701,8.348779678344727
2017-12-28,0.7774840593338013,1.2649699449539185,0.98580002784729,1.1900794506072998,1.3403927087783813,113.21700286865234,8.262080192565918,0.7069686055183411,8.265270233154297
2017-12-29,0.7794293165206909,1.2565499544143677,0.9786999821662903,1.1941723823547363,1.344085931777954,112.875,8.248430252075195,0.7093405723571777,8.245719909667969
2018-01-01,0.7802137732505798,1.258080005645752,0.9737300276756287,1.200494647026062,1.351607084274292,112.66600036621094,8.20460033416748,0.7113893628120422,8.179900169372559
2018-01-02,0.7801042199134827,1.2554999589920044,0.9747200012207031,1.2011579275131226,1.3511322736740112,112.7699966430664,8.194470405578613,0.708817720413208,8.179450035095215
2018-01-03,0.783392071723938,1.2503900527954102,0.9714599847793579,1.2063454389572144,1.359619379043579,112.24400329589844,8.119939804077148,0.7100205421447754,8.156900405883789
2018-01-04,0.7828401327133179,1.2546900510787964,0.9771400094032288,1.2010425329208374,1.3511322736740112,112.60700225830078,8.104900360107422,0.7090187072753906,8.1806001663208
2018-01-05,0.7863799333572388,1.2490299940109253,0.974399983882904,1.2068840265274048,1.3552889823913574,112.78299713134766,8.065930366516113,0.7155993580818176,8.132089614868164
2018-01-08,0.786101758480072,1.2393200397491455,0.975059986114502,1.2037460803985596,1.3575890064239502,113.15399932861328,8.042031288146973,0.7170412540435791,8.145621299743652
2018-01-09,0.7848061919212341,1.2414599657058716,0.977370023727417,1.1970456838607788,1.3571282625198364,113.14099884033203,8.073639869689941,0.7175402641296387,8.203499794006348
2018-01-10,0.7810669541358948,1.2473200559616089,0.983780026435852,1.1929330825805664,1.353234887123108,112.75499725341797,8.11244010925293,0.7144489884376526,8.235600471496582
2018-01-11,0.7847322225570679,1.253059983253479,0.977649986743927,1.1956144571304321,1.351278305053711,111.44400024414062,8.068010330200195,0.7206479907035828,8.192000389099121
2018-01-12,0.7885813117027283,1.2518999576568604,0.9756699800491333,1.2042099237442017,1.3541878461837769,111.29399871826172,8.006959915161133,0.7260793447494507,8.124110221862793
2018-01-15,0.7908889651298523,1.2460399866104126,0.9678999781608582,1.2192296981811523,1.3733056783676147,111.0999984741211,7.925970077514648,0.7249003052711487,8.042400360107422
2018-01-16,0.7962924242019653,1.2424499988555908,0.9630699753761292,1.2268433570861816,1.379824161529541,110.58100128173828,7.877399921417236,0.7296607494354248,8.01216983795166
2018-01-17,0.797130286693573,1.2425199747085571,0.9591000080108643,1.227129340171814,1.3798813819885254,110.38800048828125,7.866499900817871,0.7268921136856079,8.031901359558105
2018-01-18,0.7972510457038879,1.243749976158142,0.9650499820709229,1.218397855758667,1.382800817489624,111.3759994506836,7.882019996643066,0.7272886037826538,8.047869682312012
2018-01-19,0.8005764484405518,1.241129994392395,0.9587699770927429,1.2236607074737549,1.3894678354263306,111.0260009765625,7.843100070953369,0.72965008020401,8.015299797058105
2018-01-22,0.8002112507820129,1.248610019683838,0.9613999724388123,1.2255502939224243,1.3891589641571045,110.68399810791016,7.848599910736084,0.7288311123847961,8.02280044555664
2018-01-23,0.8008328676223755,1.2452000379562378,0.9620500206947327,1.2256253957748413,1.3984841108322144,110.96600341796875,7.855999946594238,0.7319090366363525,8.022600173950195
2018-01-24,0.8004482388496399,1.2414300441741943,0.9565799832344055,1.2310267686843872,1.401738166809082,110.10700225830078,7.818329811096191,0.7362902760505676,7.997230052947998
2018-01-25,0.8048937320709229,1.2352499961853027,0.9463199973106384,1.239111304283142,1.4220906496047974,109.32599639892578,7.759749889373779,0.733718752861023,7.930799961090088
2018-01-26,0.8029226064682007,1.2375999689102173,0.9417999982833862,1.239234209060669,1.4150274991989136,109.7040023803711,7.745999813079834,0.731079638004303,7.9265899658203125
2018-01-29,0.8116883039474487,1.2312999963760376,0.9336599707603455,1.2428072690963745,1.4149274826049805,108.63899993896484,7.685359954833984,0.7362686395645142,7.869410037994385
2018-01-30,0.8095985651016235,1.2334200143814087,0.9372000098228455,1.2381141185760498,1.4076577425003052,108.9260025024414,7.709000110626221,0.7325094938278198,7.881400108337402
2018-01-31,0.8101101517677307,1.2336100339889526,0.9345899820327759,1.2409565448760986,1.4155884981155396,108.73200225830078,7.718299865722656,0.7339880466461182,7.885459899902344
2018-02-01,0.806126594543457,1.2302000522613525,0.9309999942779541,1.241865873336792,1.420051097869873,109.20099639892578,7.705900192260742,0.7375882267951965,7.876299858093262
2018-02-02,0.8040524125099182,1.2260600328445435,0.9259799718856812,1.2510008811950684,1.4266760349273682,109.40599822998047,7.640850067138672,0.7397927045822144,7.841819763183594
2018-02-05,0.7906388640403748,1.2431999444961548,0.9310799837112427,1.244694471359253,1.411133885383606,110.03500366210938,7.734769821166992,0.7282207608222961,7.903850078582764
2018-02-06,0.7874636054039001,1.2535899877548218,0.9312000274658203,1.2367818355560303,1.3943694829940796,109.09500122070312,7.840109825134277,0.7266914248466492,7.979420185089111
2018-02-07,0.7893905639648438,1.2504299879074097,0.9360600113868713,1.2381294965744019,1.395868182182312,109.62699890136719,7.8112101554870605,0.7331593036651611,7.947800159454346
2018-02-08,0.7817386388778687,1.256500005722046,0.9427000284194946,1.2268133163452148,1.3879250288009644,109.19599914550781,7.903029918670654,0.7227522134780884,8.07859992980957
2018-02-09,0.7787495255470276,1.259060025215149,0.9350799918174744,1.2260762453079224,1.3934950828552246,108.52899932861328,7.9140801429748535,0.7226112484931946,8.10416030883789
2018-02-12,0.7820197939872742,1.2587000131607056,0.9394999742507935,1.2252799272537231,1.3827433586120605,108.80000305175781,7.973499774932861,0.7246691584587097,8.089960098266602
2018-02-13,0.7859163880348206,1.257699966430664,0.9384999871253967,1.2303755283355713,1.3852334022521973,108.69000244140625,7.90723991394043,0.726300835609436,8.053000450134277
2018-02-14,0.786101758480072,1.2589000463485718,0.935230016708374,1.235376238822937,1.3886960744857788,107.76399993896484,7.867980003356934,0.7282685041427612,8.025489807128906
2018-02-15,0.7928327918052673,1.2483199834823608,0.9274899959564209,1.2467273473739624,1.401581048965454,106.58699798583984,7.781990051269531,0.73744136095047,7.941669940948486
2018-02-16,0.7943821549415588,1.2482000589370728,0.921999990940094,1.2503595352172852,1.4104173183441162,106.11100006103516,7.765210151672363,0.7398912310600281,7.926660060882568
2018-02-19,0.7912018299102783,1.255679965019226,0.9272099733352661,1.241187572479248,1.4031543731689453,106.26100158691406,7.771389961242676,0.7387925386428833,7.964630126953125
2018-02-20,0.7908889651298523,1.256700038909912,0.9294000267982483,1.2398641109466553,1.3992668390274048,106.70899963378906,7.782430171966553,0.7363878488540649,7.990499973297119
2018-02-21,0.7880903482437134,1.2647000551223755,0.9363999962806702,1.233532428741455,1.4001091718673706,107.38099670410156,7.842020034790039,0.7342305779457092,8.096799850463867
2018-02-22,0.7798426151275635,1.2697700262069702,0.9386600255966187,1.2281843423843384,1.3910139799118042,107.55500030517578,7.864980220794678,0.7316787838935852,8.119460105895996
2018-02-23,0.7839509844779968,1.2711999416351318,0.9330599904060364,1.2326656579971313,1.3953033685684204,106.81400299072266,7.852980136871338,0.7324022054672241,8.120771408081055
2018-02-26,0.7838403582572937,1.2648500204086304,0.9370599985122681,1.228712558746338,1.3968042135238647,107.0739974975586,7.850769996643066,0.7279079556465149,8.179200172424316
2018-02-27,0.7849909663200378,1.268399953842163,0.9386000037193298,1.2315573692321777,1.3966480493545532,107.06900024414062,7.820700168609619,0.7291393280029297,8.151140213012695
2018-02-28,0.7793624997138977,1.277109980583191,0.9393600225448608,1.2230321168899536,1.3906078338623047,107.4260025024414,7.869999885559082,0.7235209345817566,8.225099563598633
2018-03-01,0.7765783667564392,1.2833000421524048,0.9442999958992004,1.2191256284713745,1.375421166419983,106.63999938964844,7.898220062255859,0.7207622528076172,8.292710304260254
2018-03-02,0.776469886302948,1.283210039138794,0.9414899945259094,1.2270842790603638,1.377543330192566,106.16300201416016,7.839940071105957,0.7261425852775574,8.244250297546387
2018-03-05,0.7754703164100647,1.2888100147247314,0.9371299743652344,1.2315422296524048,1.3795006275177002,105.55599975585938,7.7843098640441895,0.7230605483055115,8.247599601745605
2018-03-06,0.7766990065574646,1.2979899644851685,0.9397000074386597,1.2336541414260864,1.3852334022521973,106.25,7.815700054168701,0.7225120067596436,8.257599830627441
2018-03-07,0.7786343097686768,1.29489004611969,0.9382399916648865,1.2416653633117676,1.390008568763733,105.53700256347656,7.776559829711914,0.7283002734184265,8.204130172729492
2018-03-08,0.7827115058898926,1.290619969367981,0.9434199929237366,1.2414649724960327,1.390627145767212,106.18599700927734,7.80994987487793,0.7286983132362366,8.227009773254395
2018-03-09,0.7790589332580566,1.2896100282669067,0.9513900279998779,1.2306632995605469,1.3805670738220215,106.40599822998047,7.839600086212158,0.7260476350784302,8.268899917602539
2018-03-12,0.7862686514854431,1.2812199592590332,0.9508000016212463,1.2308752536773682,1.38554048538208,106.89099884033203,7.776599884033203,0.730833888053894,8.24258041381836
2018-03-13,0.7872899770736694,1.284209966659546,0.94718998670578,1.2339584827423096,1.3907625675201416,106.26000213623047,7.743000030517578,0.7301188707351685,8.236379623413086
2018-03-14,0.7857990264892578,1.295699954032898,0.943310022354126,1.239234209060669,1.397233486175537,106.50800323486328,7.733500003814697,0.7329873442649841,8.210599899291992
2018-03-15,0.7879785895347595,1.295199990272522,0.9444299936294556,1.2375624179840088,1.3971552848815918,106.15499877929688,7.724530220031738,0.7315502762794495,8.180370330810547
2018-03-16,0.7789375185966492,1.3051700592041016,0.9513000249862671,1.2309207916259766,1.3938642740249634,106.30899810791016,7.712699890136719,0.727087676525116,8.181090354919434
2018-03-19,0.7716049551963806,1.3092000484466553,0.9527999758720398,1.228078842163086,1.3943500518798828,105.96900177001953,7.7230000495910645,0.7227522134780884,8.191900253295898
2018-03-20,0.7708317637443542,1.3080600500106812,0.9509000182151794,1.2336845397949219,1.4025245904922485,105.99600219726562,7.722330093383789,0.7243017554283142,8.163629531860352
2018-03-21,0.7690532803535461,1.3074400424957275,0.9559400081634521,1.2251899242401123,1.4004818201065063,106.46900177001953,7.741209983825684,0.7179318070411682,8.215780258178711
2018-03-22,0.777478039264679,1.289720058441162,0.9485700130462646,1.2347661256790161,1.414627194404602,105.92900085449219,7.687600135803223,0.7230814695358276,8.185700416564941
2018-03-23,0.7693490982055664,1.2931100130081177,0.946370005607605,1.2324985265731812,1.4114724397659302,104.96800231933594,7.739590167999268,0.7216100692749023,8.239819526672363
2018-03-26,0.7708614468574524,1.2880699634552002,0.9469000101089478,1.235437273979187,1.4147672653198242,104.85900115966797,7.756999969482422,0.7240920066833496,8.239299774169922
2018-03-27,0.7756146788597107,1.2836099863052368,0.9448000192642212,1.2457488775253296,1.423892855644226,105.5,7.671899795532227,0.7302681803703308,8.177300453186035
2018-03-28,0.768757700920105,1.287850022315979,0.9465000033378601,1.240787148475647,1.417635440826416,105.49299621582031,7.709000110626221,0.7270084023475647,8.22500991821289
2018-03-29,0.766007661819458,1.291890025138855,0.9566400051116943,1.2310267686843872,1.4080342054367065,106.81199645996094,7.861410140991211,0.7211625576019287,8.354780197143555
2018-03-30,0.768580436706543,1.288699984550476,0.9559999704360962,1.2302846908569336,1.4029377698898315,106.47899627685547,7.838500022888184,0.7229194045066833,8.354700088500977
2018-04-02,0.768302857875824,1.289289951324463,0.9545999765396118,1.231420874595642,1.403823971748352,106.31199645996094,7.853509902954102,0.7235890030860901,8.35072135925293
2018-04-03,0.7654623985290527,1.292099952697754,0.9549999833106995,1.229271411895752,1.4046719074249268,105.79900360107422,7.894989967346191,0.7203105688095093,8.395099639892578
2018-04-04,0.768202543258667,1.2806199789047241,0.9584199786186218,1.2278525829315186,1.4068654775619507,106.43599700927734,7.832119941711426,0.726379930973053,8.388500213623047
2018-04-05,0.7719981074333191,1.2754499912261963,0.9601100087165833,1.228682279586792,1.4088078737258911,106.77400207519531,7.81728982925415,0.731898307800293,8.390130043029785
2018-04-06,0.7668300271034241,1.276919960975647,0.961899995803833,1.2251598834991455,1.400874137878418,107.052001953125,7.833010196685791,0.7262796759605408,8.421910285949707
2018-04-09,0.768226146697998,1.2778700590133667,0.9592199921607971,1.227144479751587,1.4091651439666748,106.96800231933594,7.83512020111084,0.7274684906005859,8.392390251159668
2018-04-10,0.7699592709541321,1.2702000141143799,0.9561300277709961,1.2322403192520142,1.4138271808624268,106.7490005493164,7.784299850463867,0.7307590842247009,8.357919692993164
2018-04-11,0.7763975262641907,1.2593400478363037,0.9563400149345398,1.2363078594207764,1.4182183742523193,107.11299896240234,7.793859958648682,0.7370989322662354,8.297329902648926
2018-04-12,0.7765181064605713,1.256700038909912,0.9574000239372253,1.2371643781661987,1.4189025163650513,106.8290023803711,7.758590221405029,0.7368653416633606,8.324210166931152
2018-04-13,0.7757349610328674,1.2588800191879272,0.9623200297355652,1.2329696416854858,1.4238117933273315,107.22200012207031,7.765160083770752,0.7379420399665833,8.405839920043945
2018-04-16,0.7774477601051331,1.2601799964904785,0.9630699753761292,1.233258605003357,1.4246840476989746,107.49800109863281,7.770140171051025,0.7348726391792297,8.471699714660645
2018-04-17,0.7772907018661499,1.256600022315979,0.9594299793243408,1.2385127544403076,1.4342057704925537,107.0459976196289,7.767809867858887,0.736680805683136,8.412830352783203
2018-04-18,0.7766990065574646,1.2558300495147705,0.9664000272750854,1.237317442893982,1.4296538829803467,107.01599884033203,7.760270118713379,0.7340688705444336,8.400659561157227
2018-04-19,0.778889000415802,1.2625999450683594,0.968500018119812,1.237914800643921,1.4204343557357788,107.34600067138672,7.759300231933594,0.7324827313423157,8.3985595703125
2018-04-20,0.7723379135131836,1.2664899826049805,0.9715099930763245,1.2345526218414307,1.4086490869522095,107.43199920654297,7.791200160980225,0.726000189781189,8.404959678649902
2018-04-23,0.7659900188446045,1.276669979095459,0.9758999943733215,1.2273402214050293,1.4001679420471191,107.86900329589844,7.829500198364258,0.7204195857048035,8.451899528503418
2018-04-24,0.7603406310081482,1.2843999862670898,0.9781500101089478,1.22089684009552,1.3938252925872803,108.76100158691406,7.891180038452148,0.7150518298149109,8.517189979553223
2018-04-25,0.7606297731399536,1.2821300029754639,0.978600025177002,1.2241400480270386,1.3993842601776123,108.8030014038086,7.894100189208984,0.7117691040039062,8.506799697875977
2018-04-26,0.7571169137954712,1.2835999727249146,0.9826099872589111,1.2171669006347656,1.3939224481582642,109.36399841308594,7.964469909667969,0.7076590061187744,8.555459976196289
2018-04-27,0.7556865215301514,1.2870299816131592,0.9890300035476685,1.2109616994857788,1.391943335533142,109.30000305175781,7.985799789428711,0.7065489888191223,8.654339790344238
2018-04-30,0.7575184106826782,1.2839800119400024,0.9881100058555603,1.2122827768325806,1.37710702419281,109.0979995727539,7.96835994720459,0.7084109783172607,8.66985034942627
2018-05-01,0.7532389163970947,1.283139944076538,0.9904999732971191,1.2081234455108643,1.3772207498550415,109.322998046875,8.010589599609375,0.7037693858146667,8.742199897766113
2018-05-02,0.7482901811599731,1.2845200300216675,0.9965900182723999,1.1991558074951172,1.3609329462051392,109.87200164794922,8.086529731750488,0.7000986933708191,8.841429710388184
2018-05-03,0.7486711144447327,1.2882000207901,0.9993000030517578,1.19510018825531,1.3573862314224243,109.8270034790039,8.120539665222168,0.6995012760162354,8.914199829101562
2018-05-04,0.7528419494628906,1.2850600481033325,0.9973400235176086,1.1989257335662842,1.3572388887405396,109.09600067138672,8.04539966583252,0.7040815353393555,8.805100440979004
2018-05-07,0.7524227499961853,1.285580039024353,1.000540018081665,1.195500135421753,1.3531982898712158,109.14600372314453,8.054900169372559,0.7020007371902466,8.813520431518555
2018-05-08,0.7518796920776367,1.2878999710083008,1.0018500089645386,1.1933743953704834,1.3570362329483032,108.94300079345703,8.05780029296875,0.7022915482521057,8.824799537658691
2018-05-09,0.7449344992637634,1.2943999767303467,1.0011399984359741,1.1867886781692505,1.3553440570831299,109.02400207519531,8.129429817199707,0.6969126462936401,8.806400299072266
2018-05-10,0.7459346652030945,1.2849700450897217,1.0053999423980713,1.184721827507019,1.3544628620147705,109.84700012207031,8.077199935913086,0.6931399703025818,8.708700180053711
2018-05-11,0.7526153922080994,1.2769800424575806,1.0030299425125122,1.1917530298233032,1.352338194847107,109.43599700927734,7.998730182647705,0.6963788270950317,8.64678955078125
2018-05-14,0.7551102638244629,1.2781000137329102,0.9998599886894226,1.1952143907546997,1.355380892753601,109.33799743652344,7.989419937133789,0.6968204379081726,8.586810111999512
2018-05-15,0.7525983452796936,1.2799999713897705,1.0002800226211548,1.1931180953979492,1.3562448024749756,109.73100280761719,8.033209800720215,0.6918021440505981,8.638699531555176
2018-05-16,0.7468482851982117,1.2872099876403809,1.0013200044631958,1.1820889711380005,1.3500195741653442,110.2969970703125,8.125160217285156,0.6863606572151184,8.69419002532959
2018-05-17,0.7517666816711426,1.2782000303268433,1.0003999471664429,1.1816978454589844,1.354830026626587,110.35900115966797,8.065699577331543,0.6904789805412292,8.695099830627441
2018-05-18,0.7506380081176758,1.2835500240325928,1.001520037651062,1.1795234680175781,1.3515340089797974,110.8280029296875,8.130229949951172,0.688477635383606,8.736900329589844
2018-05-21,0.752428412437439,1.2877099514007568,0.9979000091552734,1.1766643524169922,1.3477089405059814,110.87999725341797,8.116069793701172,0.691438615322113,8.75883960723877
2018-05-22,0.7582650780677795,1.277590036392212,0.9968000054359436,1.1792453527450562,1.3431833982467651,110.97799682617188,8.047100067138672,0.69533771276474,8.673600196838379
2018-05-23,0.7578915357589722,1.281599998474121,0.9919300079345703,1.1788560152053833,1.3441040515899658,110.72599792480469,8.049019813537598,0.6942033767700195,8.680769920349121
2018-05-24,0.7567158937454224,1.283400058746338,0.9941499829292297,1.1710150241851807,1.3371307849884033,109.86900329589844,8.079649925231934,0.6929094791412354,8.746549606323242
2018-05-25,0.7571971416473389,1.2883000373840332,0.9912999868392944,1.1722642183303833,1.3383476734161377,109.31199645996094,8.098250389099121,0.6931399703025818,8.758899688720703
2018-05-28,0.7556865215301514,1.2976100444793701,0.9919000267982483,1.1688934564590454,1.3309022188186646,109.62300109863281,8.153300285339355,0.6920798420906067,8.734800338745117
2018-05-29,0.7547739148139954,1.2991700172424316,0.9933800101280212,1.162696123123169,1.3315579891204834,109.38899993896484,8.188739776611328,0.6940010786056519,8.822400093078613
2018-05-30,0.7481670379638672,1.3029999732971191,0.9907000064849854,1.1539349555969238,1.3253810405731201,108.39399719238281,8.291210174560547,0.6889424324035645,8.9689302444458
2018-05-31,0.7571169137954712,1.2893099784851074,0.9885799884796143,1.1667250394821167,1.328356385231018,108.71199798583984,8.184100151062012,0.698460578918457,8.811969757080078
2018-06-01,0.7562122941017151,1.294409990310669,0.9847000241279602,1.1693171262741089,1.3289390802383423,108.7490005493164,8.17743968963623,0.7006579041481018,8.812470436096191
2018-06-04,0.7568819522857666,1.2954000234603882,0.9886000156402588,1.1668611764907837,1.3356484174728394,109.5979995727539,8.179579734802246,0.69808030128479,8.81470012664795
2018-06-05,0.7654037475585938,1.2924000024795532,0.9879999756813049,1.1700559854507446,1.3316465616226196,109.96299743652344,8.11851978302002,0.7031705975532532,8.750900268554688
2018-06-06,0.7624624371528625,1.2939000129699707,0.984000027179718,1.1726216077804565,1.3406083583831787,109.85900115966797,8.102899551391602,0.7029679417610168,8.740799903869629
2018-06-07,0.7665772438049316,1.2945799827575684,0.9858999848365784,1.178550362586975,1.3421558141708374,110.125,8.072010040283203,0.7039080858230591,8.722999572753906
2018-06-08,0.761440634727478,1.298200011253357,0.9808200001716614,1.1795234680175781,1.3419216871261597,109.69400024414062,8.06101131439209,0.7018824815750122,8.703780174255371
2018-06-11,0.7601903676986694,1.2968900203704834,0.9848099946975708,1.1783976554870605,1.341381549835205,109.44300079345703,8.050149917602539,0.7033783197402954,8.694899559020996
2018-06-12,0.7604620456695557,1.2987200021743774,0.9861999750137329,1.177412509918213,1.3374348878860474,110.38600158691406,8.047100067138672,0.7017495036125183,8.663000106811523
2018-06-13,0.7575757503509521,1.3015899658203125,0.9868000149726868,1.17482590675354,1.3372559547424316,110.4520034790039,8.048580169677734,0.7005499601364136,8.633999824523926
2018-06-14,0.7570710182189941,1.2973300218582153,0.9846000075340271,1.1807769536972046,1.3382760286331177,110.24199676513672,8.008549690246582,0.7025925517082214,8.605500221252441
2018-06-15,0.7465472221374512,1.3116099834442139,0.9969099760055542,1.1566576957702637,1.3256621360778809,110.6449966430664,8.134200096130371,0.6961994171142578,8.744799613952637
2018-06-18,0.743992269039154,1.319700002670288,0.9975000023841858,1.159595012664795,1.3275099992752075,110.61699676513672,8.149700164794922,0.693899929523468,8.798100471496582
2018-06-19,0.7403568625450134,1.321120023727417,0.994189977645874,1.1630746126174927,1.3258730173110962,110.13800048828125,8.122220039367676,0.6931304335594177,8.816410064697266
2018-06-20,0.738825261592865,1.3278800249099731,0.9941400289535522,1.1588560342788696,1.317332148551941,110.07099914550781,8.18179988861084,0.6904789805412292,8.89074993133545
2018-06-21,0.7374087572097778,1.3306599855422974,0.9960399866104126,1.1579033136367798,1.3175230026245117,110.35199737548828,8.175840377807617,0.6869311332702637,8.877459526062012
2018-06-22,0.7378984093666077,1.3317400217056274,0.9916200041770935,1.1605775356292725,1.3247840404510498,109.9520034790039,8.123800277709961,0.687096357345581,8.88833999633789
2018-06-25,0.743837296962738,1.3278800249099731,0.9878699779510498,1.1661399602890015,1.3262423276901245,109.93699645996094,8.088399887084961,0.6915677189826965,8.859149932861328
2018-06-26,0.7409602999687195,1.329759955406189,0.9868999719619751,1.1702749729156494,1.3278449773788452,109.64299774169922,8.107000350952148,0.6889187097549438,8.844490051269531
2018-06-27,0.7391692996025085,1.3301600217819214,0.9907000064849854,1.1650259494781494,1.3221042156219482,110.09700012207031,8.128629684448242,0.6850581765174866,8.877260208129883
2018-06-28,0.7343222498893738,1.3329399824142456,0.9967700242996216,1.1563634872436523,1.3120431900024414,110.21499633789062,8.184320449829102,0.6791402101516724,8.968500137329102
2018-06-29,0.7346459031105042,1.3255200386047363,0.9975900053977966,1.1562966108322144,1.3075141906738281,110.48600006103516,8.190469741821289,0.6752604842185974,9.031330108642578
2018-07-02,0.7398638129234314,1.3147799968719482,0.9902099967002869,1.1678558588027954,1.3207770586013794,110.70999908447266,8.152700424194336,0.6778420209884644,8.948100090026855
2018-07-03,0.7338911294937134,1.3187400102615356,0.9933000206947327,1.1642121076583862,1.314405918121338,110.87100219726562,8.166810035705566,0.6710913777351379,8.961190223693848
2018-07-04,0.7378440499305725,1.3142000436782837,0.9919899702072144,1.1659224033355713,1.3194352388381958,110.40799713134766,8.137260437011719,0.6753106117248535,8.83076000213623
2018-07-05,0.7381708025932312,1.3139100074768066,0.9922000169754028,1.166235089302063,1.3229262828826904,110.50199890136719,8.112059593200684,0.6761919260025024,8.777560234069824
2018-07-06,0.738661527633667,1.313599944114685,0.9929999709129333,1.1695905923843384,1.3225764036178589,110.5790023803711,8.060799598693848,0.6795509457588196,8.7669095993042
2018-07-09,0.7436326146125793,1.3095899820327759,0.9891999959945679,1.1752262115478516,1.329787254333496,110.4219970703125,8.025899887084961,0.683531641960144,8.715499877929688
2018-07-10,0.7470491528511047,1.3110300302505493,0.991379976272583,1.1756960153579712,1.325556755065918,110.9530029296875,8.017379760742188,0.6849784255027771,8.715330123901367
2018-07-11,0.7413997650146484,1.3142999410629272,0.9925299882888794,1.1727042198181152,1.3257324695587158,110.83100128173828,8.027799606323242,0.681742250919342,8.750550270080566
2018-07-12,0.7365885972976685,1.3207000494003296,0.9955999851226807,1.1676785945892334,1.3210039138793945,111.95800018310547,8.106399536132812,0.6755707263946533,8.813899993896484
2018-07-13,0.7406858801841736,1.3165199756622314,1.0026999711990356,1.1665889024734497,1.3180439472198486,112.66500091552734,8.10949993133545,0.6772085428237915,8.873970031738281
2018-07-16,0.7421150207519531,1.315600037574768,1.0021799802780151,1.1679104566574097,1.3227688074111938,112.39900207519531,8.116299629211426,0.6765716671943665,8.889699935913086
2018-07-17,0.7414712309837341,1.3136299848556519,0.9967700242996216,1.170946478843689,1.3236442804336548,112.3740005493164,8.102470397949219,0.6785181164741516,8.81797981262207
2018-07-18,0.7377406358718872,1.3203400373458862,1.0002800226211548,1.1653246879577637,1.3106160163879395,113.01200103759766,8.152899742126465,0.6774150133132935,8.83899974822998
2018-07-19,0.7398912310600281,1.316789984703064,0.9986000061035156,1.164564609527588,1.3078221082687378,112.79100036621094,8.17024040222168,0.6793293356895447,8.861160278320312
2018-07-20,0.7362794280052185,1.3259999752044678,0.998740017414093,1.1655147075653076,1.3023037910461426,112.36299896240234,8.222990036010742,0.6748321056365967,8.897199630737305
2018-07-23,0.7433009743690491,1.3118200302124023,0.9908699989318848,1.1741912364959717,1.3147169351577759,111.0530014038086,8.158499717712402,0.6821607947349548,8.843199729919434
2018-07-24,0.7380073666572571,1.3169000148773193,0.9932000041007996,1.1694128513336182,1.3102725744247437,111.45999908447266,8.19279956817627,0.6783201694488525,8.858420372009277
2018-07-25,0.7426220178604126,1.3150299787521362,0.9933000206947327,1.1685519218444824,1.3152183294296265,111.24099731445312,8.175299644470215,0.6805036067962646,8.819950103759766
2018-07-26,0.7459402084350586,1.3037099838256836,0.9909800291061401,1.1737502813339233,1.3199577331542969,110.84500122070312,8.126099586486816,0.6844814419746399,8.745960235595703
2018-07-27,0.7380073666572571,1.3069000244140625,0.9940199851989746,1.1642934083938599,1.3108737468719482,111.14600372314453,8.186019897460938,0.6786194443702698,8.809920310974121
2018-07-30,0.7400829195976257,1.3061000108718872,0.9939799904823303,1.16604483127594,1.3111830949783325,110.93399810791016,8.18789005279541,0.6796618103981018,8.832869529724121
2018-07-31,0.7407297492027283,1.3028000593185425,0.9880800247192383,1.1707408428192139,1.3135426044464111,110.99400329589844,8.1316499710083,0.6823609471321106,8.75275993347168
2018-08-01,0.7419498562812805,1.301800012588501,0.9902999997138977,1.168961763381958,1.3121638298034668,111.80799865722656,8.156999588012695,0.6803415417671204,8.786999702453613
2018-08-02,0.7405816912651062,1.2998499870300293,0.9916800260543823,1.1665889024734497,1.3126115798950195,111.62000274658203,8.171270370483398,0.679500162601471,8.802559852600098
2018-08-03,0.7360084652900696,1.3024499416351318,0.9954000115394592,1.1586008071899414,1.3018121719360352,111.69000244140625,8.238289833068848,0.673768162727356,8.887040138244629
2018-08-06,0.7395902872085571,1.3013800382614136,0.9944000244140625,1.1562297344207764,1.3003562688827515,111.23400115966797,8.260180473327637,0.6745999455451965,8.919130325317383
2018-08-07,0.738552451133728,1.3000999689102173,0.9963200092315674,1.1558021306991577,1.2944984436035156,111.33999633789062,8.249799728393555,0.6730290055274963,8.935600280761719
2018-08-08,0.7424456477165222,1.3058799505233765,0.9950000047683716,1.1602946519851685,1.2946659326553345,111.34500122070312,8.196900367736816,0.6740588545799255,8.906000137329102
2018-08-09,0.7427765130996704,1.301900029182434,0.9930999875068665,1.1610760688781738,1.2881617546081543,110.89199829101562,8.21660041809082,0.6694694757461548,8.94890022277832
2018-08-10,0.7372456192970276,1.3045799732208252,0.9939699769020081,1.1523923873901367,1.2828407287597656,111.09100341796875,8.319230079650879,0.660689651966095,9.00469970703125
2018-08-13,0.7288098335266113,1.315000057220459,0.9945999979972839,1.1394712924957275,1.2758845090866089,110.62899780273438,8.370400428771973,0.6585012674331665,9.139699935913086
2018-08-14,0.7267969846725464,1.3132200241088867,0.9932000041007996,1.1402509212493896,1.2762752771377563,110.66100311279297,8.369290351867676,0.6575486660003662,9.121800422668457
2018-08-15,0.7235890030860901,1.3056000471115112,0.9941099882125854,1.1345715522766113,1.271779179573059,111.24600219726562,8.415399551391602,0.6571381688117981,9.142900466918945
2018-08-16,0.7233691811561584,1.3143399953842163,0.9930999875068665,1.134429931640625,1.2693899869918823,110.57599639892578,8.458279609680176,0.6558194160461426,9.213000297546387
2018-08-17,0.7259528040885925,1.3159500360488892,0.9973499774932861,1.1371389627456665,1.2714558839797974,111.00399780273438,8.478799819946289,0.6584882140159607,9.190799713134766
2018-08-20,0.7308178544044495,1.3059799671173096,0.9951900243759155,1.1437721252441406,1.2747135162353516,110.4749984741211,8.451899528503418,0.6625719666481018,9.152000427246094
2018-08-21,0.7336488366127014,1.3041499853134155,0.9904999732971191,1.149134635925293,1.2804261445999146,109.947998046875,8.437259674072266,0.6640812158584595,9.14706039428711
2018-08-22,0.7359814047813416,1.3034299612045288,0.9843000173568726,1.1576753854751587,1.290555715560913,110.13400268554688,8.401220321655273,0.6703221797943115,9.092060089111328
2018-08-23,0.7332990765571594,1.3007700443267822,0.9832900166511536,1.1584800481796265,1.2904725074768066,110.58799743652344,8.350390434265137,0.6697115898132324,9.06488037109375
2018-08-24,0.7243227958679199,1.3101400136947632,0.9862599968910217,1.154334545135498,1.281065821647644,111.36699676513672,8.386549949645996,0.6626027226448059,9.140199661254883
2018-08-27,0.7344084978103638,1.300879955291748,0.982230007648468,1.164890170097351,1.2860909700393677,111.28199768066406,8.311019897460938,0.6701918840408325,9.10004997253418
2018-08-28,0.7348618507385254,1.2963299751281738,0.9793999791145325,1.1683608293533325,1.2896735668182373,111.13700103759766,8.323089599609375,0.6704300045967102,9.089690208435059
2018-08-29,0.7341066002845764,1.2929500341415405,0.9765999913215637,1.1691256761550903,1.2867693901062012,111.16200256347656,8.341670036315918,0.6713212132453918,9.13368034362793
2018-08-30,0.7311919331550598,1.2904200553894043,0.970300018787384,1.1709738969802856,1.3035939931869507,111.71199798583984,8.32759952545166,0.671312153339386,9.128999710083008
2018-08-31,0.7261636853218079,1.2985899448394775,0.9685999751091003,1.1664663553237915,1.301100730895996,110.9990005493164,8.346719741821289,0.6648715138435364,9.11832046508789
2018-09-03,0.7193209528923035,1.305999994277954,0.9692999720573425,1.1601063013076782,1.292306900024414,111.14399719238281,8.390899658203125,0.6609079837799072,9.146300315856934
2018-09-04,0.7208245992660522,1.3094700574874878,0.969290018081665,1.161548137664795,1.2869019508361816,111.08799743652344,8.35531997680664,0.6608948111534119,9.093549728393555
2018-09-05,0.718339204788208,1.317430019378662,0.9736999869346619,1.1586545705795288,1.2858428955078125,111.46099853515625,8.391940116882324,0.6553938984870911,9.08076000213623
2018-09-06,0.719610869884491,1.3174400329589844,0.9710599780082703,1.1635212898254395,1.2914891242980957,111.4489974975586,8.398810386657715,0.6598482728004456,9.047900199890137
2018-09-07,0.719062328338623,1.3154799938201904,0.9654499888420105,1.1620069742202759,1.2925406694412231,110.49500274658203,8.421199798583984,0.6583191752433777,9.112059593200684
2018-09-10,0.7117944359779358,1.3169000148773193,0.9685999751091003,1.1561094522476196,1.2930254936218262,110.91999816894531,8.436300277709961,0.653710126876831,9.051050186157227
2018-09-11,0.7109847068786621,1.316230058670044,0.9747300148010254,1.159595012664795,1.302643060684204,111.14800262451172,8.38757038116455,0.6520817875862122,9.060700416564941
2018-09-12,0.7110706567764282,1.306249976158142,0.9729099869728088,1.1596084833145142,1.3015578985214233,111.60700225830078,8.32450008392334,0.6516355872154236,9.04990005493164
2018-09-13,0.7170617580413818,1.2999999523162842,0.9700000286102295,1.1629259586334229,1.3045463562011719,111.22000122070312,8.255999565124512,0.656150758266449,8.979780197143555
2018-09-14,0.7188039422035217,1.3005399703979492,0.9660000205039978,1.1691803932189941,1.311131477355957,112.01200103759766,8.214799880981445,0.6573800444602966,8.952619552612305
2018-09-17,0.7145919799804688,1.3042700290679932,0.9670000076293945,1.1628988981246948,1.307326316833496,111.9530029296875,8.250709533691406,0.6542319059371948,9.043600082397461
2018-09-18,0.7145919799804688,1.3063499927520752,0.9626799821853638,1.1669156551361084,1.3146305084228516,111.69000244140625,8.182660102844238,0.6564005613327026,8.92240047454834
2018-09-19,0.7226007580757141,1.297160029411316,0.9636600017547607,1.167992353439331,1.3168463706970215,112.2770004272461,8.150930404663086,0.6589351296424866,8.900659561157227
2018-09-20,0.7259528040885925,1.2918100357055664,0.967199981212616,1.167460560798645,1.3141123056411743,112.31700134277344,8.147600173950195,0.6643679738044739,8.869290351867676
2018-09-21,0.7286505103111267,1.2908799648284912,0.9588299989700317,1.1775927543640137,1.327087163925171,112.49500274658203,8.145400047302246,0.6681990623474121,8.771750450134277
2018-09-24,0.7278549671173096,1.2913000583648682,0.9581999778747559,1.1751019954681396,1.30804443359375,112.52400207519531,8.140580177307129,0.6685832738876343,8.779600143432617
2018-09-25,0.7253209352493286,1.2948700189590454,0.9645100235939026,1.175295352935791,1.311733365058899,112.78600311279297,8.137299537658691,0.6642178893089294,8.795140266418457
2018-09-26,0.7249003052711487,1.2957199811935425,0.9652400016784668,1.1763184070587158,1.3179919719696045,112.96900177001953,8.130800247192383,0.6644606590270996,8.813949584960938
2018-09-27,0.725789487361908,1.303670048713684,0.9650499820709229,1.1748534440994263,1.3172800540924072,112.7040023803711,8.103019714355469,0.6663512587547302,8.800399780273438
2018-09-28,0.7205129861831665,1.3036400079727173,0.9769799709320068,1.1637378931045532,1.3078734874725342,113.35700225830078,8.155599594116211,0.661808967590332,8.851940155029297
2018-10-01,0.7223920226097107,1.284060001373291,0.9811999797821045,1.1605371236801147,1.3039000034332275,113.7959976196289,8.14363956451416,0.6623481512069702,8.888799667358398
2018-10-02,0.7228567600250244,1.281209945678711,0.9833999872207642,1.157755732536316,1.3043591976165771,113.94599914550781,8.150230407714844,0.6604583859443665,8.940899848937988
2018-10-03,0.7187522649765015,1.2818900346755981,0.9837700128555298,1.1551746129989624,1.2981956005096436,113.5770034790039,8.169449806213379,0.6589916348457336,9.006999969482422
2018-10-04,0.7096225023269653,1.2877999544143677,0.9917500019073486,1.147631287574768,1.294062852859497,114.48600006103516,8.2298002243042,0.650199294090271,9.060199737548828
2018-10-05,0.7080999612808228,1.2920000553131104,0.991349995136261,1.1518083810806274,1.3024225234985352,113.89399719238281,8.244669914245605,0.6481595635414124,9.05447006225586
2018-10-08,0.7052882313728333,1.294800043106079,0.9914100170135498,1.1522595882415771,1.31271493434906,113.71499633789062,8.259340286254883,0.6437202095985413,9.069000244140625
2018-10-09,0.7073636651039124,1.2954000234603882,0.9921000003814697,1.1494120359420776,1.309311866760254,113.09700012207031,8.274299621582031,0.6451613306999207,9.079299926757812
2018-10-10,0.7114905714988708,1.2937999963760376,0.991599977016449,1.1506949663162231,1.3157029151916504,112.99800109863281,8.257499694824219,0.6488029360771179,9.087909698486328
2018-10-11,0.7064142823219299,1.3050899505615234,0.9882299900054932,1.1533360481262207,1.3206725120544434,112.09200286865234,8.219389915466309,0.6460908055305481,9.125940322875977
2018-10-12,0.7124537229537964,1.3031200170516968,0.989799976348877,1.1590440273284912,1.3234164714813232,112.08000183105469,8.21321964263916,0.6527585387229919,8.973600387573242
2018-10-15,0.710782527923584,1.3023300170898438,0.9907000064849854,1.1551345586776733,1.3103927373886108,112.19200134277344,8.1697998046875,0.6500893831253052,8.967860221862793
2018-10-16,0.713541567325592,1.2993299961090088,0.987030029296875,1.1583458185195923,1.315477967262268,111.84100341796875,8.146300315856934,0.6572980284690857,8.944100379943848
2018-10-17,0.7139134407043457,1.2935600280761719,0.9904199838638306,1.1575279235839844,1.318721890449524,112.34200286865234,8.143199920654297,0.658301830291748,8.909720420837402
2018-10-18,0.7111009955406189,1.3025000095367432,0.9950500130653381,1.1500862836837769,1.3104442358016968,112.62799835205078,8.213910102844238,0.6545187830924988,8.964920043945312
2018-10-19,0.709723174571991,1.3078900575637817,0.9957299828529358,1.1460003852844238,1.3024225234985352,112.18499755859375,8.272100448608398,0.6538811326026917,9.041899681091309
2018-10-22,0.7113286256790161,1.3103400468826294,0.9962000250816345,1.1509466171264648,1.3065404891967773,112.4800033569336,8.224100112915039,0.6594479084014893,8.985699653625488
2018-10-23,0.7072685956954956,1.3097000122070312,0.9961100220680237,1.1467890739440918,1.2965964078903198,112.75700378417969,8.251799583435059,0.6554110646247864,8.998430252075195
2018-10-24,0.7091192603111267,1.3080699443817139,0.9946600198745728,1.147315263748169,1.2981280088424683,112.44400024414062,8.285699844360352,0.6553595662117004,9.022270202636719
2018-10-25,0.7062994837760925,1.3047499656677246,0.9968699812889099,1.1399258375167847,1.2888258695602417,112.01200103759766,8.342949867248535,0.6510798335075378,9.109000205993652
2018-10-26,0.7081149816513062,1.307070016860962,0.9996700286865234,1.1377859115600586,1.2824623584747314,112.3499984741211,8.344420433044434,0.6528608202934265,9.113200187683105
2018-10-29,0.709773600101471,1.3095500469207764,0.9973999857902527,1.1398738622665405,1.2831040620803833,111.90799713134766,8.355899810791016,0.6529119610786438,9.12913990020752
2018-10-30,0.7063294053077698,1.312880039215088,1.001729965209961,1.137617588043213,1.2802459001541138,112.3239974975586,8.38761043548584,0.6527883410453796,9.148659706115723
2018-10-31,0.7099247574806213,1.311400055885315,1.0049999952316284,1.1346358060836792,1.2708903551101685,113.052001953125,8.406399726867676,0.6559011340141296,9.169300079345703
2018-11-01,0.7083156108856201,1.315750002861023,1.007949948310852,1.1316697597503662,1.276943564414978,112.85099792480469,8.431180000305176,0.6525498628616333,9.1596097946167
2018-11-02,0.7205129861831665,1.3090200424194336,1.0019999742507935,1.1403288841247559,1.3003731966018677,112.71499633789062,8.355400085449219,0.6651280522346497,9.043800354003906
2018-11-05,0.7198283672332764,1.3100700378417969,1.0024000406265259,1.1397570371627808,1.3005592823028564,113.13899993896484,8.355600357055664,0.6649201512336731,9.042499542236328
2018-11-06,0.7212925553321838,1.310920000076294,1.0041999816894531,1.141291856765747,1.3058068752288818,113.24600219726562,8.35319995880127,0.666058361530304,9.053400039672852
2018-11-07,0.7243595123291016,1.3116300106048584,1.001579999923706,1.1438506841659546,1.3112518787384033,113.36299896240234,8.354249954223633,0.6741496920585632,9.034720420837402
2018-11-08,0.7275902032852173,1.3115700483322144,1.0017999410629272,1.1434059143066406,1.3128528594970703,113.5469970703125,8.341150283813477,0.6785089373588562,9.01749038696289
2018-11-09,0.7266808152198792,1.3142800331115723,1.0055999755859375,1.1368415355682373,1.3066771030426025,113.9530029296875,8.379440307617188,0.6751784682273865,9.017979621887207
2018-11-12,0.7226999998092651,1.319290041923523,1.0059000253677368,1.132502794265747,1.2938451766967773,113.84600067138672,8.430700302124023,0.6730290055274963,9.081720352172852
2018-11-13,0.7175660133361816,1.3242000341415405,1.0102100372314453,1.1233429908752441,1.2857933044433594,113.69599914550781,8.51869010925293,0.6718308329582214,9.144539833068848
2018-11-14,0.7231390476226807,1.3224600553512573,1.0058000087738037,1.1311193704605103,1.3014055490493774,113.78900146484375,8.478599548339844,0.6770022511482239,9.038700103759766
2018-11-15,0.7234842777252197,1.3246999979019165,1.0059000253677368,1.131183385848999,1.2986170053482056,113.56400299072266,8.506629943847656,0.6792555451393127,9.082679748535156
2018-11-16,0.7271669507026672,1.317199945449829,1.006700038909912,1.1324899196624756,1.276650071144104,113.55500030517578,8.485589981079102,0.6824913620948792,9.064299583435059
2018-11-19,0.7317965626716614,1.314650058746338,0.9993799924850464,1.141396164894104,1.2833181619644165,112.7300033569336,8.431699752807617,0.686238169670105,9.003000259399414
2018-11-20,0.7295010089874268,1.3171600103378296,0.9929999709129333,1.1455016136169434,1.2859750986099243,112.44300079345703,8.474100112915039,0.6840881109237671,8.99779987335205
2018-11-21,0.7216569185256958,1.3305000066757202,0.9947199821472168,1.1372424364089966,1.2789195775985718,112.7030029296875,8.581899642944336,0.6791079044342041,9.095390319824219
2018-11-22,0.7262164354324341,1.3224999904632568,0.9940999746322632,1.1388354301452637,1.277726650238037,113.02100372314453,8.520730018615723,0.6827803254127502,9.030280113220215
2018-11-23,0.725021243095398,1.31905996799469,0.9943000078201294,1.1403158903121948,1.287597894668579,112.97799682617188,8.52910041809082,0.6808881163597107,9.039159774780273
2018-11-26,0.7233796119689941,1.32260000705719,0.9973199963569641,1.1337354183197021,1.2812299728393555,112.91899871826172,8.589790344238281,0.67728191614151,9.088780403137207
2018-11-27,0.7223502397537231,1.325350046157837,0.9982200264930725,1.1333370208740234,1.2812299728393555,113.50399780273438,8.581060409545898,0.677639901638031,9.087180137634277
2018-11-28,0.7229612469673157,1.3295400142669678,0.998199999332428,1.1298797130584717,1.2743724584579468,113.76699829101562,8.594249725341797,0.6798697113990784,9.099499702453613
2018-11-29,0.7302521467208862,1.3276000022888184,0.9929999709129333,1.1368545293807983,1.2824130058288574,113.55500030517578,8.55210018157959,0.6869311332702637,9.032480239868164
2018-11-30,0.7321876883506775,1.3274999856948853,0.9958999752998352,1.1392766237258911,1.2784454822540283,113.41100311279297,8.53009033203125,0.686582088470459,9.064000129699707
2018-12-03,0.7373108863830566,1.3255599737167358,0.9983000159263611,1.1342240571975708,1.2753475904464722,113.76300048828125,8.553389549255371,0.6911088824272156,9.065500259399414
2018-12-04,0.7356890439987183,1.3197699785232544,0.9978200197219849,1.135486125946045,1.2725884914398193,113.58699798583984,8.523039817810059,0.6927990317344666,9.011670112609863
2018-12-05,0.7345919609069824,1.3255000114440918,0.9972000122070312,1.1342884302139282,1.2720541954040527,112.6989974975586,8.508819580078125,0.6941118240356445,9.018959999084473
2018-12-06,0.7266386151313782,1.3359999656677246,0.9970200061798096,1.13490629196167,1.2727665901184082,113.0510025024414,8.503199577331543,0.6894412636756897,8.972399711608887
2018-12-07,0.7231180667877197,1.3393700122833252,0.9932000041007996,1.1374752521514893,1.2778573036193848,112.68900299072266,8.51669979095459,0.6882786154747009,8.987380027770996
2018-12-10,0.7184939980506897,1.3327399492263794,0.9897199869155884,1.1400948762893677,1.2721028327941895,112.50199890136719,8.497200012207031,0.6845095753669739,9.038900375366211
2018-12-11,0.7190985083580017,1.3397899866104126,0.9894999861717224,1.1356538534164429,1.2561235427856445,113.18099975585938,8.557600021362305,0.6874600052833557,9.086899757385254
2018-12-12,0.7212925553321838,1.337839961051941,0.9931600093841553,1.1323105096817017,1.2492972612380981,113.38400268554688,8.574569702148438,0.6888000965118408,9.084230422973633
2018-12-13,0.7221259474754333,1.3345999717712402,0.9926000237464905,1.1373459100723267,1.2628655433654785,113.28500366210938,8.570429801940918,0.6859416365623474,9.085700035095215
2018-12-14,0.7224911451339722,1.3346999883651733,0.9936000108718872,1.1363636255264282,1.2655024528503418,113.55999755859375,8.551600456237793,0.6857017874717712,9.054530143737793
2018-12-17,0.7175660133361816,1.3387900590896606,0.9975100159645081,1.1305949687957764,1.2585581541061401,113.38999938964844,8.616600036621094,0.6792417168617249,9.058899879455566
2018-12-18,0.7177205085754395,1.341230034828186,0.992609977722168,1.1349835395812988,1.2615749835968018,112.8290023803711,8.640279769897461,0.6809901595115662,9.055020332336426
2018-12-19,0.7188039422035217,1.3457000255584717,0.9923999905586243,1.1375399827957153,1.2655024528503418,112.52400207519531,8.72523021697998,0.6852694153785706,9.056139945983887
2018-12-20,0.7113893628120422,1.3474899530410767,0.9939000010490417,1.1389521360397339,1.262785792350769,112.41000366210938,8.715539932250977,0.6777822971343994,9.088239669799805
2018-12-21,0.7115918397903442,1.3498400449752808,0.9869999885559082,1.1456853151321411,1.2669775485992432,111.1709976196289,8.670760154724121,0.6774609088897705,8.966130256652832
2018-12-24,0.7050197124481201,1.3595399856567383,0.9936000108718872,1.1372811794281006,1.2648941278457642,111.05400085449219,8.76990032196045,0.6717901825904846,9.041190147399902
2018-12-25,0.7052186131477356,1.36080002784729,0.98580002784729,1.140393853187561,1.2710840702056885,110.31099700927734,8.7475004196167,0.673582136631012,9.048100471496582
2018-12-26,0.7046124339103699,1.3586000204086304,0.9861000180244446,1.1415525674819946,1.2688745260238647,110.4020004272461,8.748970031738281,0.6730200052261353,9.054389953613281
2018-12-27,0.7074787616729736,1.357300043106079,0.9943000078201294,1.1361312866210938,1.2648781538009644,111.20600128173828,8.748029708862305,0.6739816665649414,9.091010093688965
2018-12-28,0.7035317420959473,1.361899971961975,0.9868999719619751,1.143105387687683,1.2646220922470093,110.8550033569336,8.761980056762695,0.6700212359428406,9.014430046081543
2018-12-31,0.7044734358787537,1.3622000217437744,0.9836000204086304,1.1439945697784424,1.269357681274414,110.33000183105469,8.707500457763672,0.6707717776298523,8.98009967803955
2019-01-01,0.7041757702827454,1.3394299745559692,0.9835100173950195,1.1493064165115356,1.2738043069839478,109.62999725341797,8.360580444335938,0.6724949479103088,8.836910247802734
2019-01-02,0.7047911882400513,1.3625400066375732,0.9819999933242798,1.14617121219635,1.2754288911819458,109.66799926757812,8.64645004272461,0.6713616847991943,8.863499641418457
2019-01-03,0.6918978691101074,1.3631199598312378,0.9886999726295471,1.1318106651306152,1.2521913051605225,107.44100189208984,8.779809951782227,0.6633586883544922,9.038000106811523
2019-01-04,0.7006235718727112,1.3478800058364868,0.9871000051498413,1.1391078233718872,1.2628813982009888,107.80799865722656,8.69064998626709,0.6688515543937683,9.001399993896484
2019-01-07,0.7123776078224182,1.3369300365447998,0.985759973526001,1.1410444974899292,1.2734960317611694,108.52200317382812,8.605770111083984,0.6743497252464294,8.95359992980957
2019-01-08,0.7145919799804688,1.3295999765396118,0.9790999889373779,1.1479737758636475,1.278608798980713,108.61599731445312,8.526459693908691,0.675369918346405,8.891949653625488
2019-01-09,0.7163323760032654,1.3246999979019165,0.9807699918746948,1.1456066370010376,1.2737879753112793,108.7760009765625,8.532400131225586,0.6740497946739197,8.908699989318848
2019-01-10,0.7175660133361816,1.3211499452590942,0.9739500284194946,1.1554949283599854,1.279967188835144,108.18900299072266,8.459349632263184,0.6791079044342041,8.86320972442627
2019-01-11,0.7187005877494812,1.3238999843597412,0.9840099811553955,1.151012897491455,1.2753963470458984,108.2979965209961,8.472599983215332,0.6785181164741516,8.895400047302246
2019-01-14,0.7205129861831665,1.326740026473999,0.9836999773979187,1.146013617515564,1.2849836349487305,108.45800018310547,8.538299560546875,0.682174801826477,8.938590049743652
2019-01-15,0.7199423909187317,1.3276100158691406,0.9810199737548828,1.1472889184951782,1.2874983549118042,108.25,8.544099807739258,0.6826870441436768,8.942999839782715
2019-01-16,0.7207674384117126,1.3259600400924683,0.9874699711799622,1.1416828632354736,1.2872166633605957,108.64399719238281,8.536600112915039,0.6823609471321106,8.962800025939941
2019-01-17,0.7173087000846863,1.3258700370788574,0.9900100231170654,1.1398088932037354,1.2885768413543701,109.03700256347656,8.536319732666016,0.6773782968521118,8.989500045776367
2019-01-18,0.7190313339233398,1.3280199766159058,0.9937000274658203,1.13926362991333,1.2983977794647217,109.15299987792969,8.54578971862793,0.6763291358947754,9.014220237731934
2019-01-21,0.716383695602417,1.3274999856948853,0.9953600168228149,1.1365574598312378,1.2853471040725708,109.66100311279297,8.559000015258789,0.674040675163269,9.025699615478516
2019-01-22,0.7158913612365723,1.3294999599456787,0.9973000288009644,1.136932134628296,1.2891747951507568,109.66999816894531,8.555299758911133,0.6729927659034729,9.012680053710938
2019-01-23,0.7122101187705994,1.3356000185012817,0.996999979019165,1.1364023685455322,1.2957731485366821,109.3550033569336,8.600000381469727,0.6752012372016907,9.020299911499023
2019-01-24,0.714796245098114,1.3341100215911865,0.9945700168609619,1.1388224363327026,1.308215618133545,109.49199676513672,8.562780380249023,0.6793893575668335,9.011300086975098
2019-01-25,0.7091192603111267,1.3350499868392944,0.9955999851226807,1.1313496828079224,1.3121638298034668,109.59700012207031,8.577400207519531,0.6760091185569763,9.067890167236328
2019-01-28,0.7179421186447144,1.322100043296814,0.9923999905586243,1.1413049697875977,1.3208470344543457,109.4000015258789,8.50961971282959,0.683947741985321,9.041449546813965
2019-01-29,0.7165992856025696,1.3260300159454346,0.991599977016449,1.143000841140747,1.3160146474838257,109.25399780273438,8.50570011138916,0.6833588480949402,9.049799919128418
2019-01-30,0.7159220576286316,1.327139973640442,0.9944999814033508,1.1435366868972778,1.30804443359375,109.41699981689453,8.4931001663208,0.6823004484176636,9.063739776611328
2019-01-31,0.7254682779312134,1.3141000270843506,0.9934999942779541,1.1487650871276855,1.3117163181304932,108.98100280761719,8.417499542236328,0.6899882555007935,9.031999588012695
2019-02-01,0.7271669507026672,1.3125900030136108,0.9937000274658203,1.1449507474899292,1.3109424114227295,108.84400177001953,8.430100440979004,0.6914194822311401,9.042989730834961
2019-02-04,0.7249003052711487,1.3099000453948975,0.9954699873924255,1.1455278396606445,1.3077365159988403,109.43800354003906,8.433199882507324,0.6898407340049744,9.055899620056152
2019-02-05,0.7214018106460571,1.311650037765503,0.9977999925613403,1.1436283588409424,1.3031013011932373,109.96099853515625,8.45989990234375,0.687809944152832,9.106809616088867
2019-02-06,0.7243752479553223,1.312399983406067,0.9997100234031677,1.140992522239685,1.2957228422164917,109.94100189208984,8.479740142822266,0.690212070941925,9.10990047454834
2019-02-07,0.7109948396682739,1.3213000297546387,1.0020999908447266,1.1365960836410522,1.2934435606002808,109.9739990234375,8.54069995880127,0.6769701838493347,9.198590278625488
2019-02-08,0.709541916847229,1.331089973449707,1.0024100542068481,1.1338768005371094,1.2949174642562866,109.75599670410156,8.593799591064453,0.6747183203697205,9.259969711303711
2019-02-11,0.7101768255233765,1.3273999691009521,0.9992899894714355,1.1324259042739868,1.293677806854248,109.80999755859375,8.640390396118164,0.6760411262512207,9.270719528198242
2019-02-12,0.7063493728637695,1.3300000429153442,1.0039000511169434,1.1279042959213257,1.2864052057266235,110.4000015258789,8.710479736328125,0.673768162727356,9.30364990234375
2019-02-13,0.7104795575141907,1.3228600025177002,1.0061099529266357,1.1334655284881592,1.2892080545425415,110.51499938964844,8.641039848327637,0.6741496920585632,9.252519607543945
2019-02-14,0.7092198729515076,1.325909972190857,1.0087000131607056,1.12649405002594,1.2856775522232056,110.9229965209961,8.65719985961914,0.6808093190193176,9.266500473022461
2019-02-15,0.710328221321106,1.329699993133545,1.0049500465393066,1.1295350790023804,1.2798361778259277,110.53800201416016,8.648799896240234,0.6832607984542847,9.29004955291748
2019-02-18,0.7145408987998962,1.3238999843597412,1.0045000314712524,1.1298030614852905,1.290555715560913,110.56400299072266,8.635149955749512,0.6865491271018982,9.270500183105469
2019-02-19,0.7132158875465393,1.3234000205993652,1.0044699907302856,1.131196141242981,1.2924071550369263,110.59100341796875,8.606249809265137,0.6856594681739807,9.25059986114502
2019-02-20,0.7166917324066162,1.320889949798584,1.0012799501419067,1.1343011856079102,1.3061310052871704,110.5719985961914,8.56941032409668,0.6879944801330566,9.309630393981934
2019-02-21,0.7170000672340393,1.3170000314712524,1.0,1.1346358060836792,1.30451238155365,110.76499938964844,8.587030410766602,0.6858381032943726,9.30370044708252
2019-02-22,0.710883617401123,1.322540044784546,1.0008599758148193,1.1343011856079102,1.3041380643844604,110.70800018310547,8.624199867248535,0.681430995464325,9.365240097045898
2019-02-25,0.7159220576286316,1.313099980354309,0.9997000098228455,1.1342240571975708,1.306557536125183,110.77200317382812,8.59529972076416,0.686582088470459,9.327199935913086
2019-02-26,0.7174115777015686,1.318519949913025,1.0000900030136108,1.1367511749267578,1.31271493434906,111.0459976196289,8.590259552001953,0.6885914206504822,9.306309700012207
2019-02-27,0.719398558139801,1.3162000179290771,0.9997100234031677,1.1393154859542847,1.3258028030395508,110.55599975585938,8.557390213012695,0.6895790696144104,9.276639938354492
2019-02-28,0.7148473858833313,1.3144999742507935,1.000499963760376,1.1380189657211304,1.3318239450454712,110.86199951171875,8.542900085449219,0.6853587031364441,9.263529777526855
2019-03-01,0.7102777361869812,1.3164299726486206,0.9972599744796753,1.1373459100723267,1.3264886140823364,111.35700225830078,8.558300018310547,0.6821980476379395,9.23550033569336
2019-03-04,0.7100305557250977,1.3283599615097046,0.9983000159263611,1.1375917196273804,1.3239772319793701,111.93800354003906,8.560600280761719,0.6822911500930786,9.253820419311523
2019-03-05,0.7092198729515076,1.3311899900436401,0.9986000061035156,1.1337354183197021,1.3178529739379883,111.7770004272461,8.654170036315918,0.6823703050613403,9.344329833984375
2019-03-06,0.7087423801422119,1.3353300094604492,1.0044000148773193,1.1307101249694824,1.3156682252883911,111.86599731445312,8.664290428161621,0.6800916790962219,9.306229591369629
2019-03-07,0.7034822702407837,1.3443000316619873,1.00409996509552,1.1314009428024292,1.3182177543640137,111.62300109863281,8.658699989318848,0.6771397590637207,9.289239883422852
2019-03-08,0.7023458480834961,1.3444700241088867,1.010699987411499,1.1198333501815796,1.3092432022094727,111.63400268554688,8.774100303649902,0.6764801144599915,9.449700355529785
2019-03-11,0.7039278745651245,1.3417999744415283,1.0077999830245972,1.1232421398162842,1.2988362312316895,111.08000183105469,8.740389823913574,0.6806888580322266,9.420299530029297
2019-03-12,0.7073386311531067,1.339460015296936,1.0102399587631226,1.1259232759475708,1.3248542547225952,111.34200286865234,8.651320457458496,0.6837139129638672,9.365400314331055
2019-03-13,0.7064142823219299,1.3357000350952148,1.0074000358581543,1.1287446022033691,1.3066771030426025,111.30599975585938,8.635359764099121,0.6853821277618408,9.363300323486328
2019-03-14,0.7087172269821167,1.3294999599456787,1.003290057182312,1.133105993270874,1.3285682201385498,111.19599914550781,8.563750267028809,0.6858381032943726,9.292119979858398
2019-03-15,0.706813633441925,1.3324700593948364,1.0034500360488892,1.1308379173278809,1.3258554935455322,111.75299835205078,8.567839622497559,0.6837139129638672,9.300479888916016
2019-03-18,0.7082905769348145,1.3341000080108643,1.0024000406265259,1.1319772005081177,1.329716444015503,111.56099700927734,8.534299850463867,0.684359610080719,9.237899780273438
2019-03-19,0.7099751830101013,1.3336999416351318,1.0010000467300415,1.133619785308838,1.326435923576355,111.37300109863281,8.546699523925781,0.6846032738685608,9.225299835205078
2019-03-20,0.7089684009552002,1.332200050354004,0.9986000061035156,1.135486125946045,1.3271400928497314,111.4010009765625,8.524900436401367,0.6855888962745667,9.198100090026855
2019-03-21,0.7135212421417236,1.3286000490188599,0.9909999966621399,1.1427918672561646,1.320533037185669,110.66000366210938,8.49116039276123,0.6918978691101074,9.12339973449707
2019-03-22,0.710782527923584,1.3365000486373901,0.9919000267982483,1.1375011205673218,1.313232183456421,110.80599975585938,8.447500228881836,0.68822181224823,9.16819953918457
2019-03-25,0.7083156108856201,1.3424999713897705,0.9939900040626526,1.129586100578308,1.3206549882888794,110.08100128173828,8.559000015258789,0.6877484321594238,9.263199806213379
2019-03-26,0.7116121053695679,1.3392000198364258,0.9923099875450134,1.131580114364624,1.3215277194976807,110.06800079345703,8.530200004577637,0.6912713050842285,9.23490047454834
2019-03-27,0.713699460029602,1.3379100561141968,0.9936000108718872,1.127484679222107,1.321143627166748,110.55400085449219,8.5378999710083,0.690817654132843,9.233699798583984
2019-03-28,0.7084510922431946,1.3411699533462524,0.994700014591217,1.1251758337020874,1.3152703046798706,110.48999786376953,8.630419731140137,0.6798281073570251,9.270600318908691
2019-03-29,0.7083156108856201,1.3430500030517578,0.9948300123214722,1.1230024099349976,1.30565345287323,110.63700103759766,8.63379955291748,0.6781821846961975,9.285499572753906
2019-04-01,0.7113893628120422,1.3346999883651733,0.9950000047683716,1.1223849058151245,1.3022867441177368,110.99500274658203,8.606900215148926,0.6824122071266174,9.276200294494629
2019-04-02,0.710989773273468,1.3310999870300293,0.9991999864578247,1.1205737590789795,1.3068991899490356,111.45099639892578,8.588800430297852,0.6790249347686768,9.284899711608887
2019-04-03,0.7058408260345459,1.3343000411987305,0.9981600046157837,1.1203854084014893,1.312766671180725,111.30500030517578,8.600500106811523,0.6752285361289978,9.32349967956543
2019-04-04,0.7117488384246826,1.3342000246047974,0.9972900152206421,1.1246949434280396,1.3176966905593872,111.3949966430664,8.562999725341797,0.6789788007736206,9.25979995727539
2019-04-05,0.7110353112220764,1.3364700078964233,0.9999200105667114,1.1225864887237549,1.3077024221420288,111.65799713134766,8.59570026397705,0.6757989525794983,9.281940460205078
2019-04-08,0.7101768255233765,1.3371000289916992,0.9998999834060669,1.121956706047058,1.3038150072097778,111.71099853515625,8.606499671936035,0.6731740236282349,9.293760299682617
2019-04-09,0.7121593952178955,1.3313599824905396,0.9991099834442139,1.1256444454193115,1.306335687637329,111.45600128173828,8.554730415344238,0.6739407777786255,9.266670227050781
2019-04-10,0.7129108309745789,1.3327800035476685,0.9996500015258789,1.126697063446045,1.305721640586853,111.1050033569336,8.553999900817871,0.6752604842185974,9.249300003051758
2019-04-11,0.7166917324066162,1.331779956817627,1.002210021018982,1.1276500225067139,1.3099292516708374,110.98500061035156,8.49370002746582,0.6768510341644287,9.257399559020996
2019-04-12,0.7122507095336914,1.3377900123596191,1.0027400255203247,1.1260753870010376,1.3056023120880127,111.62100219726562,8.530710220336914,0.6724587678909302,9.282299995422363
2019-04-15,0.7173087000846863,1.3332500457763672,1.0024000406265259,1.1305055618286133,1.3083868026733398,112.02799987792969,8.488300323486328,0.6768693327903748,9.258500099182129
2019-04-16,0.7176175117492676,1.3367999792099,1.0036699771881104,1.1304928064346313,1.3102725744247437,111.94300079345703,8.487500190734863,0.6767594218254089,9.263799667358398
2019-04-17,0.7164915204048157,1.3359299898147583,1.0075000524520874,1.128502607345581,1.3046314716339111,111.99299621582031,8.489100456237793,0.6710193157196045,9.256600379943848
2019-04-18,0.7174115777015686,1.3348000049591064,1.0104000568389893,1.129713773727417,1.3039339780807495,112.03600311279297,8.492659568786621,0.6726487278938293,9.241499900817871
2019-04-19,0.714796245098114,1.3375999927520752,1.014840006828308,1.1235954761505127,1.2994438409805298,111.98899841308594,8.50979995727539,0.6687307953834534,9.306360244750977
2019-04-22,0.715103030204773,1.338089942932129,1.014389991760254,1.1244546175003052,1.299376368522644,111.91000366210938,8.5178804397583,0.6686279773712158,9.307979583740234
2019-04-23,0.7137249112129211,1.334529995918274,1.0153000354766846,1.1258978843688965,1.2981449365615845,111.92900085449219,8.494170188903809,0.6683107018470764,9.303389549255371
2019-04-24,0.7096678018569946,1.342769980430603,1.0201499462127686,1.122435212135315,1.2938116788864136,111.87699890136719,8.5520601272583,0.6654378771781921,9.357250213623047
2019-04-25,0.7014589905738831,1.3493000268936157,1.020300030708313,1.1153494119644165,1.2904890775680542,112.12999725341797,8.640000343322754,0.6595479249954224,9.428999900817871
2019-04-26,0.7017790079116821,1.3478000164031982,1.0198999643325806,1.113684892654419,1.289607048034668,111.53900146484375,8.66685962677002,0.6633191108703613,9.529399871826172
2019-04-29,0.7044287323951721,1.3459999561309814,1.019320011138916,1.1150261163711548,1.2920230627059937,111.59300231933594,8.684499740600586,0.6667200326919556,9.509300231933594
2019-04-30,0.7055171132087708,1.3454699516296387,1.0192999839782715,1.1185182332992554,1.2932428121566772,111.677001953125,8.652990341186523,0.6670224070549011,9.510069847106934
2019-05-01,0.705129086971283,1.3387900590896606,1.0190099477767944,1.121604323387146,1.3039849996566772,111.3949966430664,8.630419731140137,0.6656016707420349,9.49332046508789
2019-05-02,0.7014589905738831,1.3438899517059326,1.0174000263214111,1.1200841665267944,1.3053126335144043,111.4520034790039,8.667289733886719,0.6627915501594543,9.53639030456543
2019-05-03,0.6995453238487244,1.3469200134277344,1.0193500518798828,1.1173559427261353,1.3033220767974854,111.49500274658203,8.755220413208008,0.6616294384002686,9.576849937438965
2019-05-06,0.69733065366745,1.3472199440002441,1.0165200233459473,1.1185808181762695,1.3150626420974731,110.62300109863281,8.744930267333984,0.6607595086097717,9.568320274353027
2019-05-07,0.6992518305778503,1.3448899984359741,1.0170999765396118,1.1201846599578857,1.3099292516708374,110.80500030517578,8.722999572753906,0.6607987880706787,9.562800407409668
2019-05-08,0.7008494734764099,1.3468999862670898,1.0196000337600708,1.1191065311431885,1.3068820238113403,110.25700378417969,8.746600151062012,0.6596697568893433,9.589300155639648
2019-05-09,0.6994963884353638,1.3472299575805664,1.020300030708313,1.1198333501815796,1.3012022972106934,110.02799987792969,8.761199951171875,0.65845787525177,9.610230445861816
2019-05-10,0.6987094879150391,1.3465299606323242,1.0152000188827515,1.1222084760665894,1.3009653091430664,109.80699920654297,8.78279972076416,0.6587311625480652,9.65032958984375
2019-05-13,0.6985093951225281,1.343940019607544,1.0104000568389893,1.1236460208892822,1.3010668754577637,109.65399932861328,8.722399711608887,0.6591610312461853,9.614100456237793
2019-05-14,0.6945891380310059,1.347599983215332,1.0053800344467163,1.1232547760009766,1.2963106632232666,109.15399932861328,8.756999969482422,0.6576784253120422,9.630499839782715
2019-05-15,0.6939143538475037,1.3459999561309814,1.008739948272705,1.1204482316970825,1.2906556129455566,109.6709976196289,8.743399620056152,0.6571295261383057,9.606100082397461
2019-05-16,0.6927126049995422,1.3441599607467651,1.0082499980926514,1.1207244396209717,1.2847524881362915,109.4749984741211,8.714960098266602,0.6563402414321899,9.603230476379395
2019-05-17,0.6893223524093628,1.3461999893188477,1.0099799633026123,1.1173559427261353,1.2797706127166748,109.87100219726562,8.753000259399414,0.6535306572914124,9.63949966430664
2019-05-20,0.690321683883667,1.344689965248108,1.0104999542236328,1.1165324449539185,1.2731555700302124,110.16000366210938,8.779399871826172,0.6528011560440063,9.639849662780762
2019-05-21,0.6920607089996338,1.3427200317382812,1.0082999467849731,1.1168566942214966,1.2729123830795288,110.06999969482422,8.78380012512207,0.6540393233299255,9.660099983215332
2019-05-23,0.6877579092979431,1.343649983406067,1.0090199708938599,1.1155484914779663,1.2664159536361694,110.22100067138672,8.756500244140625,0.6495193243026733,9.630149841308594
2019-05-24,0.689959704875946,1.3473600149154663,1.0029000043869019,1.1184556484222412,1.2664639949798584,109.55799865722656,8.747300148010254,0.6522603631019592,9.610099792480469
2019-05-27,0.6932889819145203,1.343500018119812,1.00177001953125,1.1209630966186523,1.2724751234054565,109.4010009765625,8.682299613952637,0.655750572681427,9.529500007629395
2019-05-28,0.6919936537742615,1.3437999486923218,1.0039499998092651,1.1193821430206299,1.2682307958602905,109.50900268554688,8.700300216674805,0.6546516418457031,9.578200340270996
2019-05-29,0.6926167011260986,1.3487499952316284,1.0069299936294556,1.1170687675476074,1.2659670114517212,109.34600067138672,8.712599754333496,0.6545487642288208,9.578900337219238
2019-05-30,0.691840410232544,1.351199984550476,1.0082999467849731,1.1137346029281616,1.2629451751708984,109.54199981689453,8.739689826965332,0.6514403223991394,9.547209739685059
2019-05-31,0.6906077861785889,1.352489948272705,1.0068999528884888,1.1131147146224976,1.2609704732894897,109.35700225830078,8.77554988861084,0.6506688594818115,9.534049987792969
2019-06-03,0.6929622888565063,1.352020025253296,0.999530017375946,1.1174057722091675,1.2639508247375488,108.21199798583984,8.758399963378906,0.6534196734428406,9.485779762268066
2019-06-04,0.6972042322158813,1.3441499471664429,0.9922999739646912,1.124631643295288,1.2664159536361694,108.0270004272461,8.698100090026855,0.6592783331871033,9.441699981689453
2019-06-05,0.6991393566131592,1.3390400409698486,0.9924700260162354,1.1254037618637085,1.2702767848968506,108.25399780273438,8.695280075073242,0.660969078540802,9.435020446777344
2019-06-06,0.6971070170402527,1.3420000076293945,0.9939000010490417,1.1229015588760376,1.2688584327697754,108.3280029296875,8.731900215148926,0.6627344489097595,9.435999870300293
2019-06-07,0.6975446939468384,1.3353999853134155,0.991100013256073,1.1276500225067139,1.269841194152832,108.4540023803711,8.694109916687012,0.6619009971618652,9.421030044555664
2019-06-10,0.6995893716812134,1.326889991760254,0.9898999929428101,1.1320157051086426,1.2722970247268677,108.4489974975586,8.616999626159668,0.665708065032959,9.406240463256836
2019-06-11,0.6961122155189514,1.3265199661254883,0.9889000058174133,1.1318106651306152,1.2691160440444946,108.35900115966797,8.647899627685547,0.6614194512367249,9.416199684143066
2019-06-12,0.6960880160331726,1.3280199766159058,0.9919999837875366,1.1329518556594849,1.2724426984786987,108.4739990234375,8.627440452575684,0.6584188938140869,9.446040153503418
2019-06-13,0.6930487751960754,1.333299994468689,0.994700014591217,1.1295605897903442,1.2693415880203247,108.48799896240234,8.658539772033691,0.6577087044715881,9.46660041809082
2019-06-14,0.6913239359855652,1.3327300548553467,0.9934999942779541,1.1280443668365479,1.268005609512329,108.32099914550781,8.674099922180176,0.6558710336685181,9.475799560546875
2019-06-17,0.6878904104232788,1.34089994430542,0.9987999796867371,1.1217050552368164,1.2596044540405273,108.57599639892578,8.70559024810791,0.6498908400535583,9.48108959197998
2019-06-18,0.6854009628295898,1.340999960899353,0.9986500144004822,1.1224603652954102,1.2541544437408447,108.53900146484375,8.726400375366211,0.6497599482536316,9.473810195922852
2019-06-19,0.6880418062210083,1.337399959564209,1.00068998336792,1.1198208332061768,1.2566603422164917,108.572998046875,8.737569808959961,0.6534580588340759,9.52853012084961
2019-06-20,0.688548743724823,1.3269699811935425,0.9926999807357788,1.1238480806350708,1.2656625509262085,108.11499786376953,8.691080093383789,0.6554583311080933,9.477299690246582
2019-06-21,0.6922379732131958,1.318310022354126,0.9810500144958496,1.1295605897903442,1.2707933187484741,107.2770004272461,8.549980163574219,0.6584709286689758,9.405019760131836
2019-06-24,0.6944299936294556,1.320039987564087,0.9753999710083008,1.1384724378585815,1.2750873565673828,107.31199645996094,8.491920471191406,0.6597480773925781,9.339599609375
2019-06-25,0.696567952632904,1.3180999755859375,0.9718000292778015,1.140029788017273,1.2739664316177368,107.3270034790039,8.479780197143555,0.6624096035957336,9.276599884033203
2019-06-26,0.6961848735809326,1.3178399801254272,0.9748200178146362,1.1369967460632324,1.2690677642822266,107.16600036621094,8.541629791259766,0.6633411049842834,9.28318977355957
2019-06-27,0.6986606121063232,1.3121000528335571,0.9773899912834167,1.1374752521514893,1.269841194152832,107.73799896240234,8.490870475769043,0.66806960105896,9.258959770202637
2019-06-28,0.7003781795501709,1.3094300031661987,0.9766499996185303,1.1372941732406616,1.267748475074768,107.74700164794922,8.508000373840332,0.6701918840408325,9.267999649047852
2019-07-01,0.702331006526947,1.3090399503707886,0.9793999791145325,1.1364928483963013,1.2694543600082397,108.38200378417969,8.519700050354004,0.6723185777664185,9.290399551391602
2019-07-02,0.6964758634567261,1.3131999969482422,0.9869999885559082,1.1287446022033691,1.2644623517990112,108.36599731445312,8.583239555358887,0.6675121784210205,9.356559753417969
2019-07-03,0.699594259262085,1.3095999956130981,0.9851999878883362,1.1293054819107056,1.25982666015625,107.80500030517578,8.567540168762207,0.6678822040557861,9.330169677734375
2019-07-04,0.7031310796737671,1.305709958076477,0.9855999946594238,1.1287955045700073,1.2582731246948242,107.77899932861328,8.524900436401367,0.6709157824516296,9.302000045776367
2019-07-05,0.702538251876831,1.3048399686813354,0.98471999168396,1.128579020500183,1.2583048343658447,107.80799865722656,8.527600288391113,0.669178307056427,9.319490432739258
2019-07-08,0.6982752084732056,1.3075599670410156,0.9911999702453613,1.1227376461029053,1.2525520324707031,108.4739990234375,8.61240005493164,0.6631079912185669,9.433500289916992
2019-07-09,0.6973987221717834,1.3102099895477295,0.9940900206565857,1.121604323387146,1.2516427040100098,108.72100067138672,8.637900352478027,0.6628003716468811,9.458399772644043
2019-07-10,0.6927126049995422,1.3125,0.9935899972915649,1.120824933052063,1.2458575963974,108.92400360107422,8.648200035095215,0.6601400971412659,9.467900276184082
2019-07-11,0.6961848735809326,1.3072999715805054,0.9879000186920166,1.125885248184204,1.2508130073547363,108.33399963378906,8.575400352478027,0.664548933506012,9.40880012512207
2019-07-12,0.6972576975822449,1.3067500591278076,0.9904999732971191,1.1252391338348389,1.2523481845855713,108.58799743652344,8.541099548339844,0.6663779020309448,9.37969970703125
2019-07-15,0.7017790079116821,1.3033000230789185,0.984000027179718,1.1272051334381104,1.2571974992752075,107.83200073242188,8.534290313720703,0.6694919466972351,9.366379737854004
2019-07-16,0.7040022611618042,1.3047499656677246,0.9840999841690063,1.1261768341064453,1.251799464225769,107.88899993896484,8.535889625549316,0.6724406480789185,9.34768009185791
2019-07-17,0.701655924320221,1.308650016784668,0.9879900217056274,1.1212271451950073,1.2412029504776,108.20099639892578,8.571800231933594,0.670218825340271,9.386300086975098
2019-07-18,0.7010164856910706,1.305299997329712,0.9865999817848206,1.12296462059021,1.2434717416763306,107.93699645996094,8.583499908447266,0.6733598709106445,9.359800338745117
2019-07-19,0.7067188024520874,1.3035600185394287,0.9826400279998779,1.1261515617370605,1.2541857957839966,107.4010009765625,8.547809600830078,0.6777317523956299,9.31624984741211
2019-07-22,0.7043097019195557,1.3051999807357788,0.9828400015830994,1.1218308210372925,1.2512825727462769,107.80999755859375,8.570899963378906,0.6760868430137634,9.383399963378906
2019-07-23,0.7031854391098022,1.312600016593933,0.9824000000953674,1.1206114292144775,1.2474894523620605,107.90399932861328,8.615799903869629,0.6739906668663025,9.413599967956543
2019-07-24,0.6997410655021667,1.3139100074768066,0.9853799939155579,1.1151255369186401,1.243904948234558,108.23200225830078,8.682950019836426,0.6699494123458862,9.47089958190918
2019-07-25,0.697934091091156,1.3142800331115723,0.9846799969673157,1.1142433881759644,1.2485953569412231,108.18900299072266,8.639599800109863,0.6701694130897522,9.419599533081055
2019-07-26,0.6952168941497803,1.3157999515533447,0.9909800291061401,1.1146159172058105,1.2453454732894897,108.66600036621094,8.673500061035156,0.6660494804382324,9.44540023803711
2019-07-29,0.6906220316886902,1.3169000148773193,0.9933000206947327,1.1132138967514038,1.2376697063446045,108.63300323486328,8.713939666748047,0.6637197732925415,9.502099990844727
2019-07-30,0.6899406909942627,1.316349983215332,0.991599977016449,1.1143054962158203,1.2217471599578857,108.86599731445312,8.697600364685059,0.6630904078483582,9.482399940490723
2019-07-31,0.6875215172767639,1.3147599697113037,0.9897000193595886,1.1157974004745483,1.2161602973937988,108.56199645996094,8.753769874572754,0.6617783308029175,9.56427001953125
2019-08-01,0.6846501231193542,1.3193000555038452,0.9937999844551086,1.1071745157241821,1.215376853942871,108.81999969482422,8.858699798583984,0.6552779078483582,9.662520408630371
2019-08-02,0.6803507804870605,1.3213900327682495,0.9900699853897095,1.1078859567642212,1.2124298810958862,107.43099975585938,8.895039558410645,0.6554496884346008,9.659130096435547
2019-08-05,0.6793016791343689,1.320289969444275,0.9825000166893005,1.1108025312423706,1.215214490890503,106.5770034790039,8.913180351257324,0.6522731781005859,9.62660026550293
2019-08-06,0.6763520240783691,1.3214099407196045,0.9706199765205383,1.1243788003921509,1.2158203125,105.59300231933594,8.909500122070312,0.6559914946556091,9.56980037689209
2019-08-07,0.6763017177581787,1.328029990196228,0.9757300019264221,1.1206992864608765,1.2169743776321411,106.33699798583984,8.89995002746582,0.6532403826713562,9.573229789733887
2019-08-08,0.6758126616477966,1.3311500549316406,0.9746999740600586,1.1204355955123901,1.2143291234970093,106.12100219726562,8.947600364685059,0.6451280117034912,9.626299858093262
2019-08-09,0.6811710596084595,1.3228000402450562,0.9739300012588501,1.1187183856964111,1.2143733501434326,105.8740005493164,8.923359870910645,0.6485715508460999,9.594200134277344
2019-08-12,0.6776812076568604,1.3217400312423706,0.9714199900627136,1.1208499670028687,1.2021976709365845,105.38200378417969,8.870200157165527,0.6462787389755249,9.53948974609375
2019-08-13,0.6755889058113098,1.3236199617385864,0.9692299962043762,1.1218308210372925,1.207875370979309,105.35800170898438,8.907910346984863,0.6448201537132263,9.557259559631348
2019-08-14,0.6797772645950317,1.3212000131607056,0.9757999777793884,1.1177055835723877,1.2064181566238403,106.58999633789062,8.86596965789795,0.6462202668190002,9.538299560546875
2019-08-15,0.6754018664360046,1.3309999704360962,0.9734600186347961,1.1143302917480469,1.2060399055480957,105.91600036621094,8.977250099182129,0.6438900828361511,9.623459815979004
2019-08-16,0.6772773265838623,1.3316899538040161,0.9763000011444092,1.1113580465316772,1.209160566329956,106.08300018310547,9.016500473022461,0.6435089111328125,9.634699821472168
2019-08-19,0.6786608695983887,1.3266899585723877,0.9793000221252441,1.109385371208191,1.2161011695861816,106.43000030517578,9.001700401306152,0.6426693797111511,9.665340423583984
2019-08-20,0.6755843758583069,1.3327800035476685,0.981249988079071,1.1083157062530518,1.2131506204605103,106.5739974975586,8.980199813842773,0.6404796242713928,9.682909965515137
2019-08-21,0.6775205135345459,1.3315000534057617,0.9778000116348267,1.1097793579101562,1.2162343263626099,106.27400207519531,8.985799789428711,0.6411406993865967,9.684700012207031
2019-08-22,0.678499698638916,1.3286000490188599,0.9818999767303467,1.10907781124115,1.213224172592163,106.59700012207031,8.934430122375488,0.6405287981033325,9.615599632263184
2019-08-23,0.6755843758583069,1.3295300006866455,0.9836599826812744,1.1084016561508179,1.2251899242401123,106.46800231933594,8.976499557495117,0.6388307213783264,9.672920227050781
2019-08-26,0.6708078384399414,1.3313000202178955,0.9728500247001648,1.1143054962158203,1.2262415885925293,104.85199737548828,8.993499755859375,0.6362982988357544,9.634200096130371
2019-08-27,0.6769564151763916,1.325219988822937,0.9790999889373779,1.1103708744049072,1.222195029258728,105.97799682617188,9.002570152282715,0.6386919617652893,9.67020034790039
2019-08-28,0.6754383444786072,1.3285200595855713,0.98089998960495,1.109004020690918,1.2283201217651367,105.73799896240234,9.006999969482422,0.636448085308075,9.667799949645996
2019-08-29,0.6739588975906372,1.3307000398635864,0.9813299775123596,1.1085859537124634,1.2218515872955322,106.06999969482422,9.038829803466797,0.6337296366691589,9.71875
2019-08-30,0.673582136631012,1.3280999660491943,0.98580002784729,1.1061947345733643,1.218650221824646,106.43800354003906,9.092659950256348,0.6317797899246216,9.77256965637207
2019-09-02,0.672766387462616,1.3316999673843384,0.989300012588501,1.0991789102554321,1.21592378616333,106.12799835205078,9.111200332641602,0.630079984664917,9.815099716186523
2019-09-03,0.6712490320205688,1.333299994468689,0.9903299808502197,1.0968520641326904,1.2066656351089478,106.19300079345703,9.109089851379395,0.6305209994316101,9.829719543457031
2019-09-04,0.6763977408409119,1.3338299989700317,0.9868299961090088,1.0974539518356323,1.2090436220169067,105.86100006103516,9.103289604187012,0.6338903307914734,9.814800262451172
2019-09-05,0.6799945831298828,1.3225300312042236,0.9808400273323059,1.10349702835083,1.2248897552490234,106.32499694824219,9.027000427246094,0.6356592178344727,9.72920036315918
2019-09-06,0.6811803579330444,1.3229000568389893,0.9862300157546997,1.1036310195922852,1.2323921918869019,107.0719985961914,9.007399559020996,0.637259304523468,9.682900428771973
2019-09-09,0.6846688985824585,1.3167999982833862,0.9879999756813049,1.1020619869232178,1.2283051013946533,106.94499969482422,8.980230331420898,0.6427106857299805,9.63949966430664
2019-09-10,0.6865302920341492,1.316890001296997,0.992389976978302,1.1048381328582764,1.2345373630523682,107.33699798583984,8.922750473022461,0.6428015828132629,9.656599998474121
2019-09-11,0.6858522295951843,1.3145699501037598,0.991599977016449,1.1050333976745605,1.2354830503463745,107.5999984741211,8.94948959350586,0.6418073177337646,9.677200317382812
2019-09-12,0.6873797178268433,1.3184499740600586,0.9937199950218201,1.1013457775115967,1.233471393585205,108.02100372314453,8.951519966125488,0.6420587301254272,9.671699523925781
2019-09-13,0.6863889098167419,1.3211499452590942,0.990559995174408,1.1058276891708374,1.2329391241073608,108.1760025024414,8.975179672241211,0.6402294635772705,9.632749557495117
2019-09-16,0.6879944801330566,1.3213000297546387,0.9868599772453308,1.1083402633666992,1.2497344017028809,107.76499938964844,8.924599647521973,0.6385411024093628,9.596549987792969
2019-09-17,0.686294674873352,1.324079990386963,0.9929199814796448,1.100594401359558,1.2428536415100098,108.16100311279297,8.956199645996094,0.6343004107475281,9.656499862670898
2019-09-18,0.6866245269775391,1.3238999843597412,0.9925400018692017,1.1074687242507935,1.2502655982971191,108.08699798583984,8.92199993133545,0.6362010836601257,9.66448974609375
2019-09-19,0.6825705766677856,1.3293999433517456,0.9968000054359436,1.1031439304351807,1.247053861618042,108.42500305175781,8.945300102233887,0.6321112513542175,9.721110343933105
2019-09-20,0.6792786121368408,1.3257299661636353,0.9927399754524231,1.1048502922058105,1.2525050640106201,108.04100036621094,8.972000122070312,0.6296594738960266,9.686949729919434
2019-09-23,0.6769014596939087,1.3265999555587769,0.9913700222969055,1.1019041538238525,1.2471938133239746,107.6520004272461,9.060700416564941,0.6267313361167908,9.695300102233887
2019-09-24,0.6775985956192017,1.326069951057434,0.9898200035095215,1.0993722677230835,1.243456244468689,107.61399841308594,9.040599822998047,0.6297784447669983,9.705599784851074
2019-09-25,0.6799483299255371,1.3240599632263184,0.9858999848365784,1.1016855239868164,1.2485953569412231,107.16300201416016,9.008299827575684,0.6318396925926208,9.669300079345703
2019-09-26,0.6755387783050537,1.325700044631958,0.9908599853515625,1.0952903032302856,1.2359564304351807,107.69200134277344,9.044699668884277,0.6273998022079468,9.7431001663208
2019-09-27,0.6754018664360046,1.326799988746643,0.9933900237083435,1.0922753810882568,1.2331976890563965,107.75599670410156,9.07960033416748,0.629830002784729,9.760760307312012
2019-09-30,0.6760868430137634,1.3235000371932983,0.9908999800682068,1.0942714214324951,1.2293167114257812,107.94400024414062,9.06879997253418,0.6286382675170898,9.782600402832031
2019-10-01,0.6753106117248535,1.3242000341415405,0.9976000189781189,1.0899657011032104,1.2289994955062866,108.06900024414062,9.098039627075195,0.626228928565979,9.839599609375
2019-10-02,0.6708707809448242,1.3216999769210815,0.992680013179779,1.0934937000274658,1.2292261123657227,107.73699951171875,9.123470306396484,0.6244106888771057,9.871089935302734
2019-10-03,0.6709608435630798,1.3328299522399902,0.9967300295829773,1.0963709354400635,1.230436086654663,107.16300201416016,9.125,0.6266999244689941,9.870100021362305
2019-10-04,0.6745316982269287,1.3336700201034546,0.9981499910354614,1.0975382328033447,1.2342326641082764,106.82599639892578,9.115579605102539,0.6303898096084595,9.85492992401123
2019-10-07,0.6764526963233948,1.3306299448013306,0.9939900040626526,1.098659634590149,1.2334411144256592,106.76399993896484,9.093799591064453,0.6316680312156677,9.839400291442871
2019-10-08,0.6732510924339294,1.33024001121521,0.9947599768638611,1.0972130298614502,1.2288031578063965,107.2509994506836,9.134300231933594,0.6291682124137878,9.911580085754395
2019-10-09,0.6728116869926453,1.3321399688720703,0.9926000237464905,1.0960105657577515,1.2219561338424683,106.96099853515625,9.16012954711914,0.6298617720603943,9.93848991394043
2019-10-10,0.6718172430992126,1.3335000276565552,0.9928799867630005,1.0987803936004639,1.2212995290756226,107.1780014038086,9.17300033569336,0.628788411617279,9.944700241088867
2019-10-11,0.6763200163841248,1.3285900354385376,0.9961299896240234,1.1011033058166504,1.2433171272277832,107.87999725341797,9.117500305175781,0.632611095905304,9.833800315856934
2019-10-14,0.679638683795929,1.3199000358581543,0.9977999925613403,1.1030004024505615,1.261899709701538,108.45899963378906,9.08240032196045,0.6328593492507935,9.809700012207031
2019-10-15,0.6775398254394531,1.3223999738693237,0.9976199865341187,1.1029006242752075,1.2611771821975708,108.38800048828125,9.107720375061035,0.6306005120277405,9.817680358886719
2019-10-16,0.6753197908401489,1.320199966430664,0.998520016670227,1.1034727096557617,1.2760635614395142,108.81700134277344,9.127679824829102,0.6295484900474548,9.803199768066406
2019-10-17,0.6756391525268555,1.3200000524520874,0.9942200183868408,1.107493281364441,1.2823801040649414,108.677001953125,9.175589561462402,0.6288082003593445,9.773699760437012
2019-10-18,0.6825472712516785,1.31358003616333,0.9872999787330627,1.1127183437347412,1.286860466003418,108.58100128173828,9.180310249328613,0.6354814767837524,9.704899787902832
2019-10-21,0.6847720146179199,1.3131999969482422,0.9849100112915039,1.1155734062194824,1.2900229692459106,108.40799713134766,9.162139892578125,0.6385998129844666,9.660750389099121
2019-10-22,0.6870585680007935,1.3086600303649902,0.9859200119972229,1.1151753664016724,1.297168254852295,108.60099792480469,9.133870124816895,0.6411982774734497,9.63895034790039
2019-10-23,0.6861298680305481,1.309399962425232,0.9893400073051453,1.112928867340088,1.2884771823883057,108.48300170898438,9.144160270690918,0.6411818265914917,9.640270233154297
2019-10-24,0.6850300431251526,1.3072999715805054,0.9901000261306763,1.1132385730743408,1.2923235893249512,108.64199829101562,9.12405014038086,0.6421700119972229,9.63871955871582
2019-10-25,0.6816632747650146,1.3070600032806396,0.9923499822616577,1.1103955507278442,1.2840267419815063,108.60600280761719,9.142200469970703,0.6377795338630676,9.654979705810547
2019-10-28,0.682400107383728,1.3063000440597534,0.9941999912261963,1.1084262132644653,1.283202886581421,108.73400115966797,9.193790435791016,0.6358693838119507,9.677800178527832
2019-10-29,0.6839599013328552,1.3055599927902222,0.9947599768638611,1.1099148988723755,1.2857435941696167,108.96399688720703,9.218999862670898,0.6353886127471924,9.707599639892578
2019-10-30,0.6855888962745667,1.308899998664856,0.9941200017929077,1.1114816665649414,1.2866700887680054,108.8740005493164,9.226699829101562,0.6352109909057617,9.700200080871582
2019-10-31,0.6897883415222168,1.316540002822876,0.989109992980957,1.1154489517211914,1.290172815322876,108.78900146484375,9.17372989654541,0.6409598588943481,9.644109725952148
2019-11-01,0.6892986297607422,1.3167500495910645,0.9864100217819214,1.1157102584838867,1.2939623594284058,107.99600219726562,9.190699577331543,0.6414985060691833,9.648119926452637
2019-11-04,0.6917997598648071,1.3140000104904175,0.9858400225639343,1.1166571378707886,1.2937614917755127,108.22000122070312,9.089699745178223,0.6435089111328125,9.55840015411377
2019-11-05,0.6890279054641724,1.3151600360870361,0.988290011882782,1.1128545999526978,1.2891582250595093,108.69400024414062,9.135880470275879,0.6402294635772705,9.617010116577148
2019-11-06,0.6890848875045776,1.3150999546051025,0.9923999905586243,1.107419729232788,1.288062334060669,109.14600372314453,9.172380447387695,0.637421727180481,9.65371036529541
2019-11-07,0.6877300143241882,1.318560004234314,0.9924700260162354,1.1070396900177002,1.2856775522232056,108.91300201416016,9.167180061340332,0.6366385221481323,9.619000434875488
2019-11-08,0.6860997080802917,1.3227100372314453,0.9945999979972839,1.1019697189331055,1.2779992818832397,109.27400207519531,9.10509967803955,0.6380997896194458,9.624699592590332
2019-11-11,0.6858004927635193,1.3225200176239014,0.9971699714660645,1.102244257926941,1.2796396017074585,109.22599792480469,9.135580062866211,0.6332681179046631,9.70226001739502
2019-11-12,0.6850253343582153,1.323199987411499,0.9930099844932556,1.1035456657409668,1.2858428955078125,109.04199981689453,9.128629684448242,0.6364886164665222,9.692350387573242
2019-11-13,0.6843999624252319,1.3236700296401978,0.9926599860191345,1.1012367010116577,1.285214900970459,108.99299621582031,9.162690162658691,0.6336613297462463,9.711190223693848
2019-11-14,0.6839500665664673,1.3251899480819702,0.9896699786186218,1.1013215780258179,1.2853800058364868,108.7979965209961,9.18278980255127,0.6415314674377441,9.725199699401855
2019-11-15,0.6788313388824463,1.3249800205230713,0.9887700080871582,1.1020498275756836,1.2881784439086914,108.49199676513672,9.166099548339844,0.6381784081459045,9.677729606628418
2019-11-18,0.6815982460975647,1.3222399950027466,0.9889860153198242,1.105509877204895,1.2921231985092163,108.6989974975586,9.084400177001953,0.6401802897453308,9.628769874572754
2019-11-19,0.680522084236145,1.320680022239685,0.9890999794006348,1.1072357892990112,1.2950851917266846,108.66200256347656,9.112000465393066,0.6397216320037842,9.638239860534668
2019-11-20,0.6824899911880493,1.3271299600601196,0.99031001329422,1.1080001592636108,1.2929502725601196,108.44499969482422,9.128000259399414,0.6431405544281006,9.632780075073242
2019-11-21,0.6798997521400452,1.330199956893921,0.9903799891471863,1.1078859567642212,1.2927078008651733,108.47799682617188,9.128000259399414,0.6410995721817017,9.633199691772461
2019-11-22,0.6789419054985046,1.3278000354766846,0.9926999807357788,1.1065863370895386,1.2919896841049194,108.58499908447266,9.14050006866455,0.6406999230384827,9.617179870605469
2019-11-25,0.6792001724243164,1.3295700550079346,0.9976000189781189,1.1022562980651855,1.2853471040725708,108.7300033569336,9.156689643859863,0.6409311294555664,9.625200271606445
2019-11-26,0.677639901638031,1.3303099870681763,0.9967399835586548,1.1014429330825806,1.289723515510559,108.99199676513672,9.181400299072266,0.6415109038352966,9.639800071716309
2019-11-27,0.6789000034332275,1.3269000053405762,0.9975900053977966,1.1022562980651855,1.2860909700393677,109.09700012207031,9.164799690246582,0.6426982879638672,9.582500457763672
2019-11-28,0.6767200231552124,1.3285599946975708,0.9984700083732605,1.1004853248596191,1.2929919958114624,109.36699676513672,9.166299819946289,0.6413010954856873,9.57826042175293
2019-11-29,0.6769000291824341,1.327970027923584,0.9983599781990051,1.101176142692566,1.29128897190094,109.51200103759766,9.163900375366211,0.6420091986656189,9.548500061035156
2019-12-02,0.6764801144599915,1.3283900022506714,1.0001100301742554,1.1019041538238525,1.29128897190094,109.53500366210938,9.206729888916016,0.6432108879089355,9.569339752197266
2019-12-03,0.6818817257881165,1.330299973487854,0.9914299845695496,1.1079105138778687,1.294062852859497,109.02200317382812,9.168510437011719,0.6498781442642212,9.541110038757324
2019-12-04,0.6848700046539307,1.3291900157928467,0.9868999719619751,1.1085245609283447,1.2997816801071167,108.65299987792969,9.182600021362305,0.6518301367759705,9.524700164794922
2019-12-05,0.684960126876831,1.3192700147628784,0.9882500171661377,1.108303427696228,1.311131477355957,108.83200073242188,9.15880012512207,0.6550204157829285,9.499699592590332
2019-12-06,0.6833000183105469,1.3176000118255615,0.9869999885559082,1.1105434894561768,1.3158414363861084,108.73799896240234,9.137499809265137,0.6544117331504822,9.487629890441895
2019-12-09,0.683531641960144,1.3249800205230713,0.9904800057411194,1.105888843536377,1.3139568567276,108.62699890136719,9.127090454101562,0.6559183597564697,9.498889923095703
2019-12-10,0.6827998757362366,1.3237099647521973,0.9877600073814392,1.106499433517456,1.314578652381897,108.58200073242188,9.145500183105469,0.6548788547515869,9.529769897460938
2019-12-11,0.6811400055885315,1.323099970817566,0.984470009803772,1.1092746257781982,1.3131287097930908,108.76399993896484,9.175140380859375,0.6545016765594482,9.49193000793457
2019-12-12,0.687049150466919,1.317270040512085,0.9824000000953674,1.1135857105255127,1.3200099468231201,108.54900360107422,9.106900215148926,0.6580800414085388,9.381999969482422
2019-12-13,0.6927126049995422,1.315269947052002,0.9849900007247925,1.1186057329177856,1.347527265548706,109.41300201416016,9.038470268249512,0.6620499491691589,9.34041976928711
2019-12-16,0.6874789595603943,1.3183399438858032,0.983959972858429,1.1124460697174072,1.335327386856079,109.4000015258789,9.025739669799805,0.6592696905136108,9.38012981414795
2019-12-17,0.6874316930770874,1.3163000345230103,0.9832000136375427,1.1136974096298218,1.3272457122802734,109.57599639892578,9.01259994506836,0.6593601107597351,9.365900039672852
2019-12-18,0.6852600574493408,1.3159199953079224,0.9797000288963318,1.115138053894043,1.3122154474258423,109.51599884033203,9.025569915771484,0.6569180488586426,9.37777042388916
2019-12-19,0.6854700446128845,1.3113900423049927,0.9800099730491638,1.1115927696228027,1.3087291717529297,109.5510025024414,9.00730037689209,0.6584492325782776,9.416720390319824
2019-12-20,0.6893000602722168,1.3122999668121338,0.9782000184059143,1.1125946044921875,1.3017443418502808,109.38300323486328,8.963500022888184,0.6612619757652283,9.40530014038086
2019-12-23,0.6903898119926453,1.3146400451660156,0.9822800159454346,1.1079840660095215,1.3005423545837402,109.4990005493164,8.967729568481445,0.6607507467269897,9.40310001373291
2019-12-24,0.6925197839736938,1.3148200511932373,0.981469988822937,1.109385371208191,1.2944984436035156,109.38200378417969,8.955039978027344,0.6634599566459656,9.430870056152344
2019-12-25,0.6921852231025696,1.3164000511169434,0.9803000092506409,1.1090162992477417,1.2934937477111816,109.38300323486328,8.914600372314453,0.6642999649047852,9.40939998626709
2019-12-26,0.6924728155136108,1.315500020980835,0.9793999791145325,1.1095454692840576,1.2973533868789673,109.36900329589844,8.908889770507812,0.6647000312805176,9.397199630737305
2019-12-27,0.6946374177932739,1.3107999563217163,0.981469988822937,1.110111951828003,1.3002209663391113,109.54199981689453,8.879199981689453,0.6672716736793518,9.404350280761719
2019-12-30,0.6982996463775635,1.3073400259017944,0.9737100005149841,1.1182304620742798,1.3091918230056763,109.4280014038086,8.805800437927246,0.6706413626670837,9.326040267944336
2019-12-31,0.7001398801803589,1.3060599565505981,0.9686300158500671,1.120229721069336,1.3113033771514893,108.87300109863281,8.816180229187012,0.6734777688980103,9.344679832458496
2020-01-01,0.7017002105712891,1.3001999855041504,0.967199981212616,1.1220825910568237,1.326259970664978,108.68099975585938,8.357110023498535,0.6785798072814941,9.170809745788574
2020-01-02,0.7019514441490173,1.2972999811172485,0.9674999713897705,1.1220825910568237,1.3250298500061035,108.71299743652344,8.769969940185547,0.6737182140350342,9.339400291442871
2020-01-03,0.6985191702842712,1.29830002784729,0.9711999893188477,1.1171437501907349,1.3152703046798706,108.54299926757812,8.790900230407715,0.6700212359428406,9.36139965057373
2020-01-06,0.694420337677002,1.2986600399017334,0.9714800119400024,1.1161960363388062,1.308010220527649,107.96399688720703,8.834199905395508,0.665530800819397,9.409680366516113
2020-01-07,0.693731427192688,1.2963900566101074,0.968500018119812,1.1197994947433472,1.317002534866333,108.40599822998047,8.791500091552734,0.6669512391090393,9.403499603271484
2020-01-08,0.6860399842262268,1.3003100156784058,0.9688299894332886,1.1154738664627075,1.31137216091156,108.01599884033203,8.858610153198242,0.6631211638450623,9.468910217285156
2020-01-09,0.6873801350593567,1.3036500215530396,0.9732000231742859,1.1113210916519165,1.3105130195617676,109.03099822998047,8.86536979675293,0.6654289960861206,9.451530456542969
2020-01-10,0.6853210926055908,1.306249976158142,0.9731199741363525,1.1111111640930176,1.3070186376571655,109.50700378417969,8.877400398254395,0.6607987880706787,9.485600471496582
2020-01-13,0.6900601387023926,1.3065400123596191,0.9731400012969971,1.1116669178009033,1.3045634031295776,109.56600189208984,8.890899658203125,0.6637682318687439,9.50160026550293
2020-01-14,0.6898902058601379,1.3055599927902222,0.9707000255584717,1.1135733127593994,1.2988194227218628,109.99199676513672,8.888299942016602,0.6626817584037781,9.464630126953125
2020-01-15,0.6896551251411438,1.3065500259399414,0.9670699834823608,1.113089919090271,1.3022528886795044,109.85399627685547,8.873100280761719,0.660969078540802,9.46150016784668
2020-01-16,0.6907795071601868,1.3037999868392944,0.963699996471405,1.1154004335403442,1.3041210174560547,109.88300323486328,8.855400085449219,0.6619185209274292,9.456299781799316
2020-01-17,0.6901001930236816,1.3039000034332275,0.9648799896240234,1.1139578819274902,1.3078734874725342,110.17500305175781,8.886199951171875,0.6638211011886597,9.485699653625488
2020-01-20,0.6881791353225708,1.3063600063323975,0.968209981918335,1.1094592809677124,1.3007283210754395,110.18000030517578,8.908499717712402,0.6619710922241211,9.515549659729004
2020-01-21,0.6876397132873535,1.3045400381088257,0.9683799743652344,1.109693169593811,1.3005592823028564,110.1729965209961,8.926600456237793,0.6608904600143433,9.516599655151367
2020-01-22,0.684689998626709,1.3073500394821167,0.9688000082969666,1.108561396598816,1.3048017024993896,109.90799713134766,8.983200073242188,0.6595305800437927,9.51509952545166
2020-01-23,0.6842987537384033,1.3138999938964844,0.9674000144004822,1.1096439361572266,1.3144749402999878,109.72799682617188,8.976900100708008,0.659639298915863,9.496210098266602
2020-01-24,0.6839804649353027,1.3127000331878662,0.9695000052452087,1.1055220365524292,1.311991572380066,109.552001953125,8.992799758911133,0.6614719033241272,9.52750015258789
2020-01-27,0.680188775062561,1.3158999681472778,0.9699400067329407,1.1025358438491821,1.3061821460723877,108.802001953125,9.061400413513184,0.6572720408439636,9.575579643249512
2020-01-28,0.6761700510978699,1.3187700510025024,0.9698500037193298,1.101976990699768,1.3060115575790405,108.91999816894531,9.141200065612793,0.6545788049697876,9.620599746704102
2020-01-29,0.6764206886291504,1.3164000511169434,0.9729800224304199,1.1022562980651855,1.3024563789367676,109.13200378417969,9.111390113830566,0.6540094017982483,9.606149673461914
2020-01-30,0.6752194762229919,1.319700002670288,0.9731799960136414,1.1016855239868164,1.3022021055221558,108.98699951171875,9.160300254821777,0.6527202129364014,9.613499641418457
2020-01-31,0.6708257794380188,1.3211300373077393,0.9694100022315979,1.1029127836227417,1.3089004755020142,108.87699890136719,9.189499855041504,0.6485421061515808,9.640800476074219
2020-02-03,0.66936194896698,1.3240400552749634,0.9633600115776062,1.1089794635772705,1.31816565990448,108.37200164794922,9.206609725952148,0.6459489464759827,9.632610321044922
2020-02-04,0.6690497994422913,1.3293999433517456,0.9656999707221985,1.1062926054000854,1.2997479438781738,108.61199951171875,9.284070014953613,0.6461117267608643,9.646300315856934
2020-02-05,0.6731785535812378,1.3282400369644165,0.9692699909210205,1.1047282218933105,1.3032711744308472,109.4469985961914,9.21150016784668,0.6493801474571228,9.585399627685547
2020-02-06,0.6751797795295715,1.3284300565719604,0.9732999801635742,1.1002310514450073,1.2997140884399414,109.81400299072266,9.207300186157227,0.6481889486312866,9.583499908447266
2020-02-07,0.6733997464179993,1.3284000158309937,0.9745000004768372,1.0982975959777832,1.2930254936218262,109.96800231933594,9.218899726867676,0.6463000178337097,9.619099617004395
2020-02-10,0.6672316193580627,1.3309600353240967,0.9766600131988525,1.0949305295944214,1.2891582250595093,109.6449966430664,9.298689842224121,0.6399590373039246,9.658900260925293
2020-02-11,0.6690099835395813,1.3316999673843384,0.9771000146865845,1.0913456678390503,1.2918227910995483,109.76599884033203,9.285619735717773,0.6388592720031738,9.657899856567383
2020-02-12,0.6720998883247375,1.3290400505065918,0.975600004196167,1.091941475868225,1.2956557273864746,109.84300231933594,9.242890357971191,0.6406519412994385,9.628000259399414
2020-02-13,0.6713197827339172,1.3256100416183472,0.9775599837303162,1.0875948667526245,1.295756459236145,109.84600067138672,9.239150047302246,0.6447120904922485,9.636930465698242
2020-02-14,0.6721997857093811,1.326390027999878,0.978879988193512,1.0845986604690552,1.3046824932098389,109.75800323486328,9.251299858093262,0.6443091630935669,9.668950080871582
2020-02-17,0.6725989580154419,1.3245199918746948,0.981689989566803,1.0841753482818604,1.3052955865859985,109.79100036621094,9.239700317382812,0.6446580290794373,9.707050323486328
2020-02-18,0.6711999773979187,1.3235000371932983,0.980400025844574,1.0840108394622803,1.3008975982666016,109.83000183105469,9.255160331726074,0.6438984274864197,9.685600280761719
2020-02-19,0.6696000099182129,1.325369954109192,0.9829000234603882,1.079540491104126,1.3002209663391113,109.91899871826172,9.326729774475098,0.6394516229629517,9.778539657592773
2020-02-20,0.6684000492095947,1.3220399618148804,0.9835000038146973,1.081009864807129,1.2928247451782227,111.20999908447266,9.263400077819824,0.6389816999435425,9.775810241699219
2020-02-21,0.6613800525665283,1.3259799480438232,0.9837599992752075,1.078799843788147,1.2883278131484985,111.9540023803711,9.320710182189941,0.6332480907440186,9.81155014038086
2020-02-24,0.6606900691986084,1.3252999782562256,0.9788399934768677,1.0839051008224487,1.29537034034729,111.55699920654297,9.329110145568848,0.6323310732841492,9.743330001831055
2020-02-25,0.6612007021903992,1.3287400007247925,0.9797800183296204,1.0849199295043945,1.292657732963562,110.85700225830078,9.34926986694336,0.6344292163848877,9.729649543762207
2020-02-26,0.6605198383331299,1.3279199600219727,0.9758999943733215,1.0881996154785156,1.3003394603729248,110.28600311279297,9.359789848327637,0.6321592330932617,9.7191801071167
2020-02-27,0.6546516418457031,1.334529995918274,0.97639000415802,1.0885894298553467,1.2906889915466309,110.36299896240234,9.399689674377441,0.6286817193031311,9.732390403747559
2020-02-28,0.6580203175544739,1.3386199474334717,0.96875,1.0997228622436523,1.2888922691345215,109.66000366210938,9.386910438537598,0.6311696767807007,9.66117000579834
2020-03-02,0.6516313552856445,1.3407100439071655,0.9639800190925598,1.1051311492919922,1.2807048559188843,107.6969985961914,9.414790153503418,0.6229403614997864,9.618300437927246
2020-03-03,0.6547498106956482,1.332509994506836,0.9581000208854675,1.1144047975540161,1.2767152786254883,108.48699951171875,9.282489776611328,0.6265585422515869,9.536600112915039
2020-03-04,0.6582195162773132,1.3377599716186523,0.9556499719619751,1.118067979812622,1.2820841073989868,107.03700256347656,9.272379875183105,0.6269199252128601,9.451849937438965
2020-03-05,0.6626901030540466,1.3384599685668945,0.95660001039505,1.113908290863037,1.2874983549118042,107.677001953125,9.253580093383789,0.6300284266471863,9.469300270080566
2020-03-06,0.6615506410598755,1.3393800258636475,0.9458000063896179,1.1223849058151245,1.295068383216858,106.24800109863281,9.288579940795898,0.6313091516494751,9.442099571228027
2020-03-09,0.6613581776618958,1.362220048904419,0.9274500012397766,1.1386020183563232,1.3099292516708374,103.93800354003906,9.479000091552734,0.6329394578933716,9.382479667663574
2020-03-10,0.6597998738288879,1.3658000230789185,0.9283599853515625,1.1397960186004639,1.3075313568115234,103.11199951171875,9.542229652404785,0.6341515779495239,9.463339805603027
2020-03-11,0.6499098539352417,1.3731800317764282,0.9368100166320801,1.1316505670547485,1.2909722328186035,105.0260009765625,9.590129852294922,0.6268099546432495,9.512140274047852
2020-03-12,0.647939920425415,1.3773000240325928,0.9389500021934509,1.1261515617370605,1.2818212509155273,104.55000305175781,9.69729995727539,0.6264290809631348,9.52931022644043
2020-03-13,0.6274116039276123,1.394279956817627,0.9446499943733215,1.1184931993484497,1.257023572921753,104.61000061035156,10.098719596862793,0.6114487648010254,9.736849784851074
2020-03-16,0.6177682876586914,1.3797800540924072,0.9463000297546387,1.115536093711853,1.2399870157241821,106.68800354003906,10.131819725036621,0.6050997972488403,9.689840316772461
2020-03-17,0.6099420189857483,1.4010599851608276,0.9475299715995789,1.1163206100463867,1.2266627550125122,106.17500305175781,10.268719673156738,0.6044706702232361,9.780269622802734
2020-03-18,0.5992200374603271,1.4239200353622437,0.9596499800682068,1.101552128791809,1.2121652364730835,107.37699890136719,10.370149612426758,0.5949299931526184,9.874699592590332
2020-03-19,0.5809798836708069,1.4444999694824219,0.9666299819946289,1.0961546897888184,1.1625338792800903,108.36000061035156,10.779120445251465,0.5730692148208618,10.197400093078613
2020-03-20,0.5742902159690857,1.4498200416564941,0.9887199997901917,1.0657345056533813,1.149438500404358,111.29100036621094,7.735320091247559,0.5684757828712463,10.01906967163086
2020-03-23,0.5753309726715088,1.4459400177001953,0.985069990158081,1.0694386959075928,1.162304162979126,110.46199798583984,11.759900093078613,0.5626100301742554,10.438770294189453
2020-03-24,0.5876600742340088,1.4476900100708008,0.9817000031471252,1.0764610767364502,1.1595547199249268,110.8270034790039,11.47665023803711,0.574418842792511,10.281270027160645
2020-03-25,0.597550094127655,1.4438999891281128,0.9799699783325195,1.080263614654541,1.1792036294937134,111.12000274658203,11.02455997467041,0.5829713940620422,10.099109649658203
2020-03-26,0.5908098220825195,1.4217100143432617,0.9762399792671204,1.0889569520950317,1.1851149797439575,110.8759994506836,10.711730003356934,0.5812196135520935,10.0620698928833
2020-03-27,0.60791015625,1.4037400484085083,0.9616600275039673,1.1048258543014526,1.2200626134872437,109.10900115966797,10.398730278015137,0.5979001522064209,9.939689636230469
2020-03-30,0.618058443069458,1.4046900272369385,0.950469970703125,1.113908290863037,1.245319128036499,107.41300201416016,10.48859977722168,0.6058292984962463,9.919260025024414
2020-03-31,0.6168993711471558,1.417870044708252,0.9599999785423279,1.1030466556549072,1.2371643781661987,108.03500366210938,10.532620429992676,0.6009796261787415,10.026820182800293
2020-04-01,0.6136998534202576,1.4077999591827393,0.9615100026130676,1.102657437324524,1.2408487796783447,107.50800323486328,10.409890174865723,0.5951389074325562,9.896419525146484
2020-04-02,0.6091395616531372,1.4151400327682495,0.966189980506897,1.0953621864318848,1.238236665725708,107.25700378417969,10.454299926757812,0.5936902165412903,10.026900291442871
2020-04-03,0.6063215136528015,1.4129300117492676,0.9742199778556824,1.0847399234771729,1.2394952774047852,108.0009994506836,10.38008975982666,0.5914394855499268,10.089409828186035
2020-04-06,0.5994700789451599,1.4251999855041504,0.9771999716758728,1.0806955099105835,1.2220158576965332,108.69300079345703,10.568699836730957,0.5854012370109558,10.176340103149414
2020-04-07,0.6117599606513977,1.4112299680709839,0.9779599905014038,1.0803803205490112,1.2240501642227173,109.11499786376953,10.404950141906738,0.5950610041618347,10.104960441589355
2020-04-08,0.6152199506759644,1.4013999700546265,0.9691900014877319,1.0895144939422607,1.2338672876358032,108.6510009765625,10.242630004882812,0.5962993502616882,10.038299560546875
2020-04-09,0.6235308051109314,1.40038001537323,0.9718199968338013,1.0863661766052246,1.23931086063385,108.9219970703125,10.224300384521484,0.6016702651977539,10.070899963378906
2020-04-10,0.6332600712776184,1.39860999584198,0.9668599963188171,1.0927408933639526,1.2454850673675537,108.56099700927734,10.173100471496582,0.6077216863632202,9.944470405578613
2020-04-13,0.6335208415985107,1.39683997631073,0.9658399820327759,1.0932666063308716,1.2461059093475342,108.33599853515625,10.225099563598633,0.6075407862663269,9.937170028686523
2020-04-14,0.6401106119155884,1.3873100280761719,0.9664000272750854,1.0922993421554565,1.2523951530456543,107.62300109863281,10.27655029296875,0.6102696061134338,9.987700462341309
2020-04-15,0.6434298753738403,1.3880900144577026,0.9599199891090393,1.098538875579834,1.26262629032135,107.10399627685547,10.295960426330566,0.6101199388504028,9.92432975769043
2020-04-16,0.6308901309967041,1.411910057067871,0.9650999903678894,1.0905101299285889,1.252097249031067,107.60900115966797,10.516400337219238,0.5995994806289673,10.040809631347656
2020-04-17,0.6358600854873657,1.4039499759674072,0.9692000150680542,1.0858471393585205,1.2487823963165283,107.94499969482422,10.360919952392578,0.5998692512512207,9.998749732971191
2020-04-20,0.6340188980102539,1.4048000574111938,0.9678300023078918,1.0866966247558594,1.248751163482666,107.66999816894531,10.333900451660156,0.601550817489624,9.985939979553223
2020-04-21,0.6345701217651367,1.4129199981689453,0.9678999781608582,1.0864840745925903,1.2442762851715088,107.66899871826172,10.426219940185547,0.6045108437538147,10.016670227050781
2020-04-22,0.6293998956680298,1.4189000129699707,0.9697700142860413,1.0856467485427856,1.2298610210418701,107.72100067138672,10.587929725646973,0.5964096188545227,10.093799591064453
2020-04-23,0.6298998594284058,1.4183800220489502,0.9726999998092651,1.080964207649231,1.2323921918869019,107.81300354003906,10.786600112915039,0.5924205780029297,10.114700317382812
2020-04-24,0.6376798748970032,1.406499981880188,0.9763299822807312,1.077702283859253,1.235223650932312,107.66699981689453,10.633999824523926,0.6005717515945435,10.065489768981934
2020-04-27,0.6397543549537659,1.4107999801635742,0.9735000133514404,1.08236825466156,1.2366595268249512,107.49500274658203,10.62600040435791,0.6021702289581299,10.032999992370605
2020-04-28,0.6449116468429565,1.4036200046539307,0.9758300185203552,1.0824854373931885,1.2422668933868408,107.28299713134766,10.489299774169922,0.6024604439735413,10.005350112915039
2020-04-29,0.6502699255943298,1.398300051689148,0.9737399816513062,1.0836584568023682,1.2435646057128906,106.74099731445312,10.406880378723145,0.607810378074646,9.876500129699707
2020-04-30,0.6555013060569763,1.38742995262146,0.9739000201225281,1.087725043296814,1.2471472024917603,106.61000061035156,10.305100440979004,0.6142000555992126,9.840780258178711
2020-05-01,0.6495501399040222,1.3952900171279907,0.9664700031280518,1.094546914100647,1.2581465244293213,107.28500366210938,10.245759963989258,0.6120288372039795,9.756819725036621
2020-05-04,0.6376819014549255,1.4134999513626099,0.9624999761581421,1.0959625244140625,1.2454230785369873,106.73799896240234,10.430649757385254,0.6016412973403931,9.909560203552246
2020-05-05,0.642611563205719,1.408370018005371,0.965399980545044,1.0904293060302734,1.244555115699768,106.6969985961914,10.317429542541504,0.605029821395874,9.855429649353027
2020-05-06,0.6436000466346741,1.4042199850082397,0.972599983215332,1.0838581323623657,1.2444202899932861,106.4520034790039,10.252099990844727,0.6053100228309631,9.818690299987793
2020-05-07,0.6390756368637085,1.416290044784546,0.9751999974250793,1.0798553228378296,1.232559323310852,106.19100189208984,10.271240234375,0.6006998419761658,9.849140167236328
2020-05-08,0.6503299474716187,1.3969500064849854,0.9729499816894531,1.0837171077728271,1.237593173980713,106.35900115966797,10.232580184936523,0.6095698475837708,9.806830406188965
2020-05-11,0.653710126876831,1.3924100399017334,0.9709219932556152,1.0839520692825317,1.2417423725128174,106.91899871826172,10.213600158691406,0.6143185496330261,9.781299591064453
2020-05-12,0.6484664082527161,1.4018000364303589,0.9728900194168091,1.080940842628479,1.2333498001098633,107.56600189208984,10.287389755249023,0.6077697277069092,9.870670318603516
2020-05-13,0.6455298662185669,1.4080899953842163,0.9698200225830078,1.0846810340881348,1.2254902124404907,107.13800048828125,10.16349983215332,0.6069986820220947,9.775500297546387
2020-05-14,0.6454944014549255,1.4089000225067139,0.9718000292778015,1.08236825466156,1.224155068397522,106.93299865722656,10.154899597167969,0.5999088287353516,9.808799743652344
2020-05-15,0.6471235156059265,1.4033000469207764,0.9731000065803528,1.0806955099105835,1.2233912944793701,107.36499786376953,10.143400192260742,0.6013012528419495,9.79259967803955
2020-05-18,0.6425785422325134,1.40910005569458,0.9719099998474121,1.0821340084075928,1.2085760831832886,107.20800018310547,10.23523998260498,0.5936691164970398,9.862540245056152
2020-05-19,0.652600109577179,1.3939000368118286,0.9717299938201904,1.0915124416351318,1.2200031280517578,107.38099670410156,10.0181303024292,0.6040598750114441,9.70009994506836
2020-05-20,0.6540094017982483,1.3938000202178955,0.9711599946022034,1.0927767753601074,1.2255953550338745,107.80999755859375,9.971199989318848,0.6086501479148865,9.681300163269043
2020-05-21,0.65923011302948,1.3904500007629395,0.9646999835968018,1.0982975959777832,1.2236906290054321,107.59100341796875,9.8985595703125,0.614809513092041,9.582859992980957
2020-05-22,0.6566894054412842,1.394700050354004,0.9706799983978271,1.0952903032302856,1.2223445177078247,107.63099670410156,9.94219970703125,0.6123398542404175,9.619099617004395
2020-05-25,0.6545788049697876,1.3985899686813354,0.9712200164794922,1.0907801389694214,1.218605637550354,107.73500061035156,9.993020057678223,0.6105006337165833,9.657299995422363
2020-05-26,0.6547399163246155,1.3971799612045288,0.9714599847793579,1.0902997255325317,1.220137119293213,107.68699645996094,10.053500175476074,0.6106609106063843,9.67216968536377
2020-05-27,0.6646699905395508,1.378250002861023,0.9653469920158386,1.0981770753860474,1.23350191116333,107.49099731445312,9.886899948120117,0.6198398470878601,9.614450454711914
2020-05-28,0.6620806455612183,1.375480055809021,0.9680299758911133,1.1016855239868164,1.2264822721481323,107.7979965209961,9.85044002532959,0.618739128112793,9.591500282287598
2020-05-29,0.6633498668670654,1.3774000406265259,0.9639999866485596,1.1079105138778687,1.2321492433547974,107.64299774169922,9.776000022888184,0.6199781894683838,9.51550006866455
2020-06-01,0.6659784913063049,1.3777999877929688,0.9606199860572815,1.1118524074554443,1.2347996234893799,107.70800018310547,9.726799964904785,0.6199012994766235,9.419500350952148
2020-06-02,0.6786000728607178,1.3582500219345093,0.9610999822616577,1.1125946044921875,1.248704433441162,107.5479965209961,9.634320259094238,0.6281801462173462,9.372039794921875
2020-06-03,0.6914199590682983,1.3509999513626099,0.9616100192070007,1.118943691253662,1.2581465244293213,108.80899810791016,9.520609855651855,0.6385492086410522,9.322859764099121
2020-06-04,0.6929046511650085,1.3493800163269043,0.961359977722168,1.1235954761505127,1.2575136423110962,108.9990005493164,9.449600219726562,0.6428387761116028,9.28678035736084
2020-06-05,0.6939899921417236,1.350160002708435,0.9556099772453308,1.1337867975234985,1.2609069347381592,109.1500015258789,9.347450256347656,0.6463789939880371,9.194379806518555
2020-06-08,0.700239896774292,1.3392800092697144,0.9610000252723694,1.1319515705108643,1.2725722789764404,109.63400268554688,9.26140022277832,0.6537613868713379,9.150010108947754
2020-06-09,0.7024494409561157,1.3367999792099,0.9575200080871582,1.1305567026138306,1.2735283374786377,108.40899658203125,9.240400314331055,0.6567497253417969,9.18690013885498
2020-06-10,0.6942998170852661,1.3422000408172607,0.9510999917984009,1.1332215070724487,1.2711325883865356,107.7969970703125,9.278599739074707,0.6497303247451782,9.210129737854004
2020-06-11,0.6968300938606262,1.3428399562835693,0.9437299966812134,1.1365444660186768,1.2710679769515991,106.98100280761719,9.331999778747559,0.6510586142539978,9.198220252990723
2020-06-12,0.6830880641937256,1.3637900352478027,0.9441400170326233,1.1288082599639893,1.257703423500061,106.8030014038086,9.633500099182129,0.6413010954856873,9.334019660949707
2020-06-15,0.6825007200241089,1.3637100458145142,0.9514300227165222,1.1252011060714722,1.2508755922317505,107.31099700927734,9.685500144958496,0.6417208313941956,9.345749855041504
2020-06-16,0.695820152759552,1.3533899784088135,0.9488999843597412,1.1337740421295166,1.2637752294540405,107.46399688720703,9.506609916687012,0.6499203443527222,9.26416015625
2020-06-17,0.6895315051078796,1.353350043296814,0.9511299729347229,1.1265701055526733,1.258510708808899,107.41000366210938,9.555219650268555,0.6460198760032654,9.362199783325195
2020-06-18,0.6875702142715454,1.3575799465179443,0.948710024356842,1.1242902278900146,1.2552721500396729,106.89399719238281,9.53225040435791,0.6446402072906494,9.326410293579102
2020-06-19,0.6857205629348755,1.3592400550842285,0.95169997215271,1.1211000680923462,1.2426837682724,107.00599670410156,9.525239944458008,0.642937958240509,9.404500007629395
2020-06-22,0.6822911500930786,1.3617000579833984,0.9521999955177307,1.1177555322647095,1.234811782836914,106.83100128173828,9.66569995880127,0.6402007341384888,9.463509559631348
2020-06-23,0.6931601762771606,1.3501800298690796,0.9468600153923035,1.1279679536819458,1.250156283378601,106.90299987792969,9.555800437927246,0.649599552154541,9.339949607849121
2020-06-24,0.6940299272537231,1.3542200326919556,0.944570004940033,1.1312345266342163,1.2524893283843994,106.43199920654297,9.51377010345459,0.6500301957130432,9.281020164489746
2020-06-25,0.685678243637085,1.3643800020217896,0.9481599926948547,1.1250872611999512,1.2412954568862915,107.04399871826172,9.672900199890137,0.6404016613960266,9.374930381774902
2020-06-26,0.6888190507888794,1.3634999990463257,0.9480999708175659,1.1222084760665894,1.2425447702407837,107.15499877929688,9.654540061950684,0.6430785655975342,9.319000244140625
2020-06-29,0.6861910820007324,1.3678300380706787,0.9476000070571899,1.1225864887237549,1.2342174053192139,107.21800231933594,9.70635986328125,0.6419391632080078,9.332599639892578
2020-06-30,0.6871907711029053,1.3656599521636963,0.9510499835014343,1.1247202157974243,1.2310571670532227,107.58999633789062,9.665650367736816,0.6427395939826965,9.323149681091309
2020-07-01,0.69020015001297,1.3574199676513672,0.9467999935150146,1.1235954761505127,1.2389271259307861,107.98899841308594,9.621500015258789,0.6451113224029541,9.318300247192383
2020-07-02,0.6913239359855652,1.3590999841690063,0.9457700252532959,1.1251378059387207,1.2464786767959595,107.36599731445312,9.513819694519043,0.6479201316833496,9.30972957611084
2020-07-03,0.6919199228286743,1.356969952583313,0.9455400109291077,1.1237848997116089,1.2466403245925903,107.49700164794922,9.525899887084961,0.65091872215271,9.315790176391602
2020-07-06,0.694840133190155,1.3549100160598755,0.9449700117111206,1.1247202157974243,1.247551679611206,107.5790023803711,9.475299835205078,0.6538383364677429,9.319899559020996
2020-07-07,0.6976999044418335,1.3538899421691895,0.9418200254440308,1.1312856674194336,1.249547004699707,107.35900115966797,9.385319709777832,0.6558882594108582,9.238180160522461
2020-07-08,0.6942322850227356,1.3603999614715576,0.942300021648407,1.1275228261947632,1.2542802095413208,107.5780029296875,9.486519813537598,0.6549388766288757,9.25979995727539
2020-07-09,0.6989096999168396,1.3517199754714966,0.9380999803543091,1.1339154243469238,1.2613521814346313,107.28299713134766,9.36732006072998,0.6574016809463501,9.163700103759766
2020-07-10,0.695894181728363,1.3580000400543213,0.9403700232505798,1.1287955045700073,1.2605094909667969,107.23600006103516,9.464599609375,0.6569395661354065,9.232600212097168
2020-07-13,0.6950284838676453,1.3597999811172485,0.9405099749565125,1.1310042142868042,1.2627506256103516,106.91000366210938,9.432880401611328,0.6574997901916504,9.192999839782715
2020-07-14,0.6940106749534607,1.3610399961471558,0.9417600035667419,1.134549617767334,1.255177617073059,107.2760009765625,9.44906997680664,0.6538383364677429,9.1837797164917
2020-07-15,0.6988999247550964,1.3599400520324707,0.9394400119781494,1.1410704851150513,1.25692880153656,107.24500274658203,9.361599922180176,0.654360294342041,9.088809967041016
2020-07-16,0.7009181976318359,1.3506900072097778,0.9440100193023682,1.1417193412780762,1.2591001987457275,106.91699981689453,9.275019645690918,0.6573001742362976,9.067159652709961
2020-07-17,0.6978002190589905,1.3568899631500244,0.9453399777412415,1.139211654663086,1.2559500932693481,107.27799987792969,9.297030448913574,0.6542105078697205,9.059370040893555
2020-07-20,0.7004998922348022,1.3574800491333008,0.938319981098175,1.1442956924438477,1.2571184635162354,107.08999633789062,9.274749755859375,0.6562497615814209,9.027509689331055
2020-07-21,0.7025925517082214,1.352489948272705,0.9387999773025513,1.1458691358566284,1.266175389289856,107.19599914550781,9.21660041809082,0.6581414937973022,8.960100173950195
2020-07-22,0.7135599255561829,1.3447799682617188,0.9325299859046936,1.15340256690979,1.2730745077133179,106.83200073242188,9.093899726867676,0.6646903157234192,8.863149642944336
2020-07-23,0.7140816450119019,1.3417199850082397,0.9294000267982483,1.1568717956542969,1.2729934453964233,107.17500305175781,9.15880012512207,0.6657390594482422,8.86929988861084
2020-07-24,0.7100104689598083,1.3403799533843994,0.9252899885177612,1.1596084833145142,1.2730745077133179,106.83799743652344,9.214799880981445,0.663561224937439,8.8571195602417
2020-07-27,0.7098188996315002,1.3416800498962402,0.9208999872207642,1.1652567386627197,1.2795906066894531,105.99299621582031,9.156929969787598,0.6644695401191711,8.83329963684082
2020-07-28,0.7159000635147095,1.3338899612426758,0.91948002576828,1.1769275665283203,1.2889753580093384,105.26100158691406,9.066450119018555,0.6688382029533386,8.713339805603027
2020-07-29,0.71602463722229,1.3379600048065186,0.9178000092506409,1.171879529953003,1.292373776435852,105.10700225830078,9.112910270690918,0.6660600900650024,8.77400016784668
2020-07-30,0.7171697616577148,1.3342000246047974,0.9124199748039246,1.1782865524291992,1.298246145248413,105.03199768066406,9.031599998474121,0.6656593084335327,8.727700233459473
2020-07-31,0.7203676700592041,1.3412799835205078,0.9085000157356262,1.1872254610061646,1.311785101890564,104.68299865722656,9.04990005493164,0.6696891784667969,8.681099891662598
2020-08-03,0.7146890163421631,1.3397200107574463,0.9132000207901001,1.1782310009002686,1.3101695775985718,105.86599731445312,9.06719970703125,0.6637109518051147,8.76729965209961
2020-08-04,0.7117944359779358,1.339400053024292,0.9175999760627747,1.1763322353363037,1.3078734874725342,106.02999877929688,9.127900123596191,0.6615402102470398,8.735750198364258
2020-08-05,0.7177102565765381,1.3295799493789673,0.9125699996948242,1.181544303894043,1.3086093664169312,105.61399841308594,9.084970474243164,0.664548933506012,8.71741008758545
2020-08-06,0.7199097275733948,1.3264800310134888,0.9080299735069275,1.187281847000122,1.3126804828643799,105.5530014038086,8.939900398254395,0.664818525314331,8.652999877929688
2020-08-07,0.7230997681617737,1.3318400382995605,0.9099900126457214,1.1876484155654907,1.3138015270233154,105.58100128173828,8.971090316772461,0.6684491634368896,8.687939643859863
2020-08-10,0.7157120108604431,1.3386800289154053,0.9127349853515625,1.1782727241516113,1.3052273988723755,105.8499984741211,9.050399780273438,0.6601095795631409,8.747650146484375
2020-08-11,0.7158001661300659,1.3353999853134155,0.9154999852180481,1.1737778186798096,1.3077194690704346,105.99199676513672,9.013899803161621,0.6593479514122009,8.754300117492676
2020-08-12,0.7145199775695801,1.3310500383377075,0.9172000288963318,1.1736538410186768,1.3050740957260132,106.52100372314453,9.010600090026855,0.6569395661354065,8.762189865112305
2020-08-13,0.7164863348007202,1.3243600130081177,0.9118099808692932,1.179380178451538,1.3048017024993896,106.8219985961914,8.933270454406738,0.6576480865478516,8.68008041381836
2020-08-14,0.7148800492286682,1.3219599723815918,0.9096500277519226,1.1816558837890625,1.3070528507232666,106.98600006103516,8.878899574279785,0.6547288298606873,8.687210083007812
2020-08-17,0.7192589044570923,1.3252400159835815,0.9085000157356262,1.1852554082870483,1.3107001781463623,106.55400085449219,8.875900268554688,0.6543817520141602,8.674200057983398
2020-08-18,0.7218131422996521,1.3221800327301025,0.9061999917030334,1.1876484155654907,1.3107877969741821,105.99500274658203,8.839119911193848,0.6554712057113647,8.680899620056152
2020-08-19,0.7257947325706482,1.3152300119400024,0.9027400016784668,1.1947859525680542,1.325398564338684,105.2239990234375,8.818140029907227,0.6610389947891235,8.630800247192383
2020-08-20,0.7188039422035217,1.32122004032135,0.9146900177001953,1.1843500137329102,1.311079978942871,106.0790023803711,8.901280403137207,0.6561594009399414,8.695859909057617
2020-08-21,0.7206116914749146,1.3172399997711182,0.9067000150680542,1.1873664855957031,1.3220343589782715,105.66500091552734,8.902099609375,0.6542105078697205,8.691049575805664
2020-08-24,0.7161374688148499,1.3179899454116821,0.9118000268936157,1.1798018217086792,1.3094146251678467,105.87699890136719,9.022669792175293,0.6538811326026917,8.788800239562988
2020-08-25,0.7168900370597839,1.3217600584030151,0.9118800163269043,1.1794538497924805,1.307138204574585,105.99299621582031,8.989259719848633,0.6529998183250427,8.779580116271973
2020-08-26,0.7199320793151855,1.3163000345230103,0.9079700112342834,1.183501958847046,1.3152183294296265,106.40499877929688,8.953020095825195,0.6552993655204773,8.744190216064453
2020-08-27,0.7245011925697327,1.3137999773025513,0.9073799848556519,1.1842728853225708,1.3219819068908691,105.85600280761719,8.85420036315918,0.6633411049842834,8.711640357971191
2020-08-28,0.7269898653030396,1.3121600151062012,0.9089999794960022,1.1819632053375244,1.3199577331542969,106.63700103759766,8.90764045715332,0.6645312905311584,8.7247896194458
2020-08-31,0.7373000383377075,1.3080300092697144,0.9035999774932861,1.1918240785598755,1.3356484174728394,105.53500366210938,8.771200180053711,0.6745316982269287,8.615699768066406
2020-09-01,0.738099992275238,1.3035000562667847,0.9039000272750854,1.193901538848877,1.3364516496658325,106.00399780273438,8.724599838256836,0.6732601523399353,8.647199630737305
2020-09-02,0.7378494143486023,1.305299997329712,0.9093700051307678,1.1923214197158813,1.339943766593933,105.89600372314453,8.75059986114502,0.6768602132797241,8.67389965057373
2020-09-03,0.7331109642982483,1.304460048675537,0.9111800193786621,1.184735894203186,1.335131287574768,106.20800018310547,8.84689998626709,0.6767502427101135,8.714059829711914
2020-09-04,0.725584089756012,1.3139699697494507,0.910040020942688,1.1839784383773804,1.3262248039245605,106.08599853515625,8.937020301818848,0.6689102053642273,8.741220474243164
2020-09-07,0.7282207608222961,1.307569980621338,0.913569986820221,1.183445930480957,1.3245735168457031,106.31099700927734,8.925909996032715,0.6712896227836609,8.736889839172363
2020-09-08,0.7280998229980469,1.3095799684524536,0.9163900017738342,1.1821727752685547,1.3162224292755127,106.30500030517578,8.942500114440918,0.6691021919250488,8.767200469970703
2020-09-09,0.7209399938583374,1.3239099979400635,0.9178000092506409,1.177024483680725,1.2968486547470093,105.96800231933594,9.157099723815918,0.6612619757652283,8.833000183105469
2020-09-10,0.727660059928894,1.315250039100647,0.9121400117874146,1.1806375980377197,1.2999167442321777,106.23100280761719,9.00691032409668,0.6682080030441284,8.73511028289795
2020-09-11,0.7262997627258301,1.3189500570297241,0.9102699756622314,1.1824384927749634,1.2808295488357544,106.14299774169922,9.064080238342285,0.6646991968154907,8.762929916381836
2020-09-14,0.728151798248291,1.318120002746582,0.9089199900627136,1.1842728853225708,1.2806557416915894,106.1449966430664,9.03279972076416,0.6685296297073364,8.778200149536133
2020-09-15,0.7286000847816467,1.3176699876785278,0.9083200097084045,1.187000036239624,1.2849671840667725,105.71499633789062,9.033699989318848,0.6699718832969666,8.763699531555176
2020-09-16,0.7296819686889648,1.3192800283432007,0.9085299968719482,1.1844412088394165,1.2884771823883057,105.38099670410156,9.0314302444458,0.6710913777351379,8.787659645080566
2020-09-17,0.7295500040054321,1.3181500434875488,0.9105799794197083,1.1803449392318726,1.2959998846054077,105.06199645996094,9.036100387573242,0.6721695065498352,8.808710098266602
2020-09-18,0.7313095927238464,1.315019965171814,0.9082900285720825,1.1848200559616089,1.2975554466247559,104.697998046875,9.03950023651123,0.6762696504592896,8.77379035949707
2020-09-21,0.729341447353363,1.3197200298309326,0.9111199975013733,1.1845533847808838,1.2932761907577515,104.53700256347656,9.098380088806152,0.6758995056152344,8.763899803161621
2020-09-22,0.7231180667877197,1.3300000429153442,0.9150609970092773,1.176800012588501,1.2820513248443604,104.69000244140625,9.279919624328613,0.6666000485420227,8.841340065002441
2020-09-23,0.717442512512207,1.329699993133545,0.9199000000953674,1.1708368062973022,1.2744048833847046,105.03399658203125,9.33965015411377,0.6632398962974548,8.902790069580078
2020-09-24,0.7069001197814941,1.3383500576019287,0.9239500164985657,1.1658544540405273,1.2717468738555908,105.30400085449219,9.485699653625488,0.6545187830924988,8.991290092468262
2020-09-25,0.7057162523269653,1.3351399898529053,0.9267399907112122,1.1673243045806885,1.2757054567337036,105.43499755859375,9.485560417175293,0.6549903750419617,9.095479965209961
2020-09-28,0.7041906118392944,1.33788001537323,0.9281100034713745,1.1635348796844482,1.2766826152801514,105.5739974975586,9.565890312194824,0.6551792025566101,9.124939918518066
2020-09-29,0.7095197439193726,1.3356800079345703,0.923740029335022,1.167883276939392,1.2873492240905762,105.43299865722656,9.462340354919434,0.6568015217781067,9.027759552001953
2020-09-30,0.714360237121582,1.338379979133606,0.919439971446991,1.1742050647735596,1.2866535186767578,105.66400146484375,9.405960083007812,0.6600921154022217,8.965649604797363
2020-10-01,0.716650664806366,1.330530047416687,0.9207000136375427,1.1726078987121582,1.2917560338974,105.45099639892578,9.325200080871582,0.6622779369354248,8.922109603881836
2020-10-02,0.7182875871658325,1.3284000158309937,0.9189800024032593,1.1744946241378784,1.2886265516281128,105.54299926757812,9.309100151062012,0.6651412844657898,8.894000053405762
2020-10-05,0.7177205085754395,1.3291000127792358,0.917900025844574,1.1720443964004517,1.2931090593338013,105.51000213623047,9.30519962310791,0.6639797687530518,8.919340133666992
2020-10-06,0.7193209528923035,1.325700044631958,0.9150500297546387,1.1792453527450562,1.2992581129074097,105.70700073242188,9.195899963378906,0.6653802394866943,8.88640022277832
2020-10-07,0.7110099792480469,1.332129955291748,0.917639970779419,1.1737639904022217,1.2883278131484985,105.63999938964844,9.34745979309082,0.6590003371238708,8.943300247192383
2020-10-08,0.713820219039917,1.3257800340652466,0.9167760014533997,1.176747441291809,1.2917560338974,105.96499633789062,9.289649963378906,0.6574103236198425,8.876199722290039
2020-10-09,0.7177998423576355,1.3192100524902344,0.916700005531311,1.1767003536224365,1.29404616355896,106.01799774169922,9.25,0.6589394807815552,8.851200103759766
2020-10-12,0.7224597930908203,1.312999963760376,0.9104499816894531,1.181683897972107,1.3031693696975708,105.63200378417969,9.142499923706055,0.6664400696754456,8.798689842224121
2020-10-13,0.721188485622406,1.3112499713897705,0.9090099930763245,1.1816140413284302,1.3065747022628784,105.33899688720703,9.132499694824219,0.6649290323257446,8.794309616088867
2020-10-14,0.7164401412010193,1.3141800165176392,0.9151800274848938,1.1742188930511475,1.2935272455215454,105.47000122070312,9.23324966430664,0.6655396819114685,8.82135009765625
2020-10-15,0.7141479849815369,1.3148599863052368,0.913320004940033,1.1743981838226318,1.3012362718582153,105.13899993896484,9.2529296875,0.665619432926178,8.824600219726562
2020-10-16,0.7088397741317749,1.322510004043579,0.9143000245094299,1.1707134246826172,1.2902060747146606,105.36000061035156,9.33998966217041,0.6598917841911316,8.876879692077637
2020-10-19,0.7095997929573059,1.317929983139038,0.9151099920272827,1.1715501546859741,1.2927746772766113,105.427001953125,9.320899963378906,0.6617783308029175,8.842100143432617
2020-10-20,0.7056167125701904,1.318969964981079,0.9105700254440308,1.176885962486267,1.2948671579360962,105.47000122070312,9.337980270385742,0.6593087911605835,8.829139709472656
2020-10-21,0.7049998641014099,1.3120499849319458,0.9067000150680542,1.1829839944839478,1.2954038381576538,105.47699737548828,9.271309852600098,0.6580809354782104,8.740599632263184
2020-10-22,0.7105603218078613,1.3153200149536133,0.9057899713516235,1.1853959560394287,1.3131976127624512,104.6760025024414,9.234299659729004,0.6646196842193604,8.743720054626465
2020-10-23,0.7126100659370422,1.313670039176941,0.9075999855995178,1.1815024614334106,1.307805061340332,104.9209976196289,9.247679710388184,0.667159914970398,8.762330055236816
2020-10-26,0.7132006287574768,1.3147200345993042,0.9045600295066833,1.1848480701446533,1.3054660558700562,104.68299865722656,9.255180358886719,0.6684402823448181,8.756930351257324
2020-10-27,0.7117098569869995,1.3206100463867188,0.9078999757766724,1.1809443235397339,1.301574945449829,104.83200073242188,9.241239547729492,0.6678001284599304,8.740670204162598
2020-10-28,0.7123100757598877,1.3191800117492676,0.9088749885559082,1.1784114837646484,1.303186297416687,104.54499816894531,9.197199821472168,0.6700795888900757,8.737959861755371
2020-10-29,0.7055200934410095,1.3310500383377075,0.9105899930000305,1.1748672723770142,1.2989881038665771,104.31500244140625,9.358139991760254,0.6649687886238098,8.84453010559082
2020-10-30,0.7037599682807922,1.331529974937439,0.9153100252151489,1.1678695678710938,1.2931926250457764,104.55400085449219,9.522879600524902,0.6629716753959656,8.914210319519043
2020-11-02,0.7008199691772461,1.3367899656295776,0.9171599745750427,1.1642121076583862,1.2926744222640991,104.58000183105469,9.566399574279785,0.6598482728004456,8.907999992370605
2020-11-03,0.7053698301315308,1.3220499753952026,0.9187729954719543,1.1642799377441406,1.2923903465270996,104.7249984741211,9.555399894714355,0.6632398962974548,8.902600288391113
2020-11-04,0.7196833491325378,1.3102099895477295,0.9106400012969971,1.176221489906311,1.3121638298034668,104.5459976196289,9.321599960327148,0.6729022264480591,8.773329734802246
2020-11-05,0.7180498242378235,1.3126399517059326,0.9114000201225281,1.17326819896698,1.2966804504394531,104.43800354003906,9.311639785766602,0.6700077652931213,8.780699729919434
2020-11-06,0.7262701988220215,1.308210015296936,0.9041699767112732,1.1817537546157837,1.3139395713806152,103.60299682617188,9.172750473022461,0.6764892935752869,8.69044017791748
2020-11-09,0.7286717891693115,1.3022300004959106,0.8993200063705444,1.1893010139465332,1.318061351776123,103.25299835205078,9.129199981689453,0.6797495484352112,8.624910354614258
2020-11-10,0.7282000184059143,1.3007099628448486,0.9126899838447571,1.182732105255127,1.3169677257537842,105.13700103759766,9.031359672546387,0.6825193166732788,8.61814022064209
2020-11-11,0.7281697988510132,1.3030999898910522,0.9149799942970276,1.1818794012069702,1.3261544704437256,105.26000213623047,8.998729705810547,0.6828222870826721,8.607339859008789
2020-11-12,0.7284275889396667,1.3058199882507324,0.9165869951248169,1.1780297756195068,1.3224189281463623,105.41500091552734,9.074299812316895,0.6902502179145813,8.634499549865723
2020-11-13,0.7240185737609863,1.313599944114685,0.9148200154304504,1.1803393363952637,1.3121638298034668,105.08999633789062,9.169599533081055,0.6839009523391724,8.638440132141113
2020-11-16,0.729080855846405,1.3123600482940674,0.9120799899101257,1.1845253705978394,1.3220518827438354,104.6760025024414,9.130419731140137,0.6871482729911804,8.668700218200684
2020-11-17,0.7320997714996338,1.3075300455093384,0.9123700261116028,1.1859441995620728,1.322209119796753,104.54100036621094,9.05165958404541,0.690808117389679,8.609939575195312
2020-11-18,0.7296000123023987,1.3105000257492065,0.9110000133514404,1.186366319656372,1.3259083032608032,104.18099975585938,9.067020416259766,0.6893000602722168,8.620100021362305
2020-11-19,0.7301988005638123,1.308419942855835,0.9118599891662598,1.1847639083862305,1.325644612312317,103.89399719238281,9.018199920654297,0.6922091841697693,8.600199699401855
2020-11-20,0.7269100546836853,1.3085700273513794,0.9109429717063904,1.1866477727890015,1.3249244689941406,103.82499694824219,9.014300346374512,0.6906601786613464,8.595979690551758
2020-11-23,0.7317001819610596,1.3082200288772583,0.9105299711227417,1.1866477727890015,1.3305126428604126,103.81700134277344,8.994979858398438,0.6946905255317688,8.608599662780762
2020-11-24,0.7298204302787781,1.3074400424957275,0.9124400019645691,1.1842728853225708,1.332906723022461,104.5250015258789,9.017359733581543,0.6931111812591553,8.622329711914062
2020-11-25,0.7366699576377869,1.2996400594711304,0.9107999801635742,1.1900511980056763,1.3363267183303833,104.51300048828125,8.89391040802002,0.6979097723960876,8.530879974365234
2020-11-26,0.736485481262207,1.3001999855041504,0.9082199931144714,1.1920002698898315,1.3385447263717651,104.4000015258789,8.824179649353027,0.7004076242446899,8.486499786376953
2020-11-27,0.7357999682426453,1.3020399808883667,0.9064199924468994,1.191599726676941,1.3354523181915283,104.24199676513672,8.878100395202637,0.7003389596939087,8.5252103805542
2020-11-30,0.7400281429290771,1.298259973526001,0.904229998588562,1.1971460580825806,1.333191156387329,104.08200073242188,8.820329666137695,0.7035019993782043,8.496789932250977
2020-12-01,0.7356798052787781,1.2992000579833984,0.908270001411438,1.193816065788269,1.3336889743804932,104.29900360107422,8.882980346679688,0.7018824815750122,8.564550399780273
2020-12-02,0.7380890846252441,1.2933000326156616,0.8995100259780884,1.2074378728866577,1.3422638177871704,104.30899810791016,8.811400413513184,0.7069985866546631,8.484040260314941
2020-12-03,0.7418001294136047,1.2917200326919556,0.8946099877357483,1.2114603519439697,1.3370771408081055,104.45800018310547,8.793100357055664,0.7071500420570374,8.455860137939453
2020-12-04,0.7438998222351074,1.286460041999817,0.8907700181007385,1.2145650386810303,1.345496654510498,103.822998046875,8.75430965423584,0.7073386311531067,8.445300102233887
2020-12-07,0.7431573867797852,1.277959942817688,0.8917400240898132,1.212135910987854,1.3417415618896484,104.197998046875,8.797369956970215,0.7041400671005249,8.456350326538086
2020-12-08,0.7417599558830261,1.2802000045776367,0.8905689716339111,1.2113136053085327,1.3357375860214233,103.99800109863281,8.733209609985352,0.7040518522262573,8.397589683532715
2020-12-09,0.7410997152328491,1.2816200256347656,0.8885279893875122,1.2110936641693115,1.3365589380264282,104.13500213623047,8.755669593811035,0.7040716409683228,8.460800170898438
2020-12-10,0.7434999346733093,1.282439947128296,0.8893600106239319,1.207875370979309,1.3367018699645996,104.27200317382812,8.818619728088379,0.7016411423683167,8.493760108947754
2020-12-11,0.7524397969245911,1.2739200592041016,0.8858579993247986,1.2144293785095215,1.3305658102035522,104.18199920654297,8.763589859008789,0.70940101146698,8.443059921264648
2020-12-14,0.7551102638244629,1.2750600576400757,0.8885400295257568,1.213340401649475,1.3318239450454712,103.93900299072266,8.773690223693848,0.7098491191864014,8.428389549255371
2020-12-15,0.7539203763008118,1.2760299444198608,0.8865799903869629,1.214889645576477,1.3330844640731812,104.01000213623047,8.728899955749512,0.7085816264152527,8.399700164794922
2020-12-16,0.7555609345436096,1.2699600458145142,0.8854399919509888,1.2154301404953003,1.3444474935531616,103.63400268554688,8.717869758605957,0.7086820602416992,8.376399993896484
2020-12-17,0.7569999694824219,1.2747000455856323,0.8853899836540222,1.2199585437774658,1.3502929210662842,103.4749984741211,8.666500091552734,0.7110403180122375,8.344030380249023
2020-12-18,0.7615299224853516,1.2731000185012817,0.8847200274467468,1.226271629333496,1.3570178747177124,103.13099670410156,8.565710067749023,0.7147911787033081,8.276869773864746
2020-12-21,0.7587425708770752,1.281059980392456,0.8854799866676331,1.221612811088562,1.3401951789855957,103.45700073242188,8.63029956817627,0.7104896903038025,8.283539772033691
2020-12-22,0.7575200796127319,1.2853200435638428,0.8854799866676331,1.2236906290054321,1.3449536561965942,103.33999633789062,8.635080337524414,0.7096678018569946,8.251110076904297
2020-12-23,0.7551700472831726,1.289330005645752,0.8878600001335144,1.2186651229858398,1.339943766593933,103.53399658203125,8.726799964904785,0.7054275274276733,8.32660961151123
2020-12-24,0.7579599022865295,1.2845499515533447,0.8878999948501587,1.2191405296325684,1.3505300283432007,103.552001953125,8.633899688720703,0.709679901599884,8.287910461425781
2020-12-25,0.7606801390647888,1.2848199605941772,0.8909000158309937,1.2184720039367676,1.3552008867263794,103.65299987792969,8.568519592285156,0.713749885559082,8.207710266113281
2020-12-28,0.7611914277076721,1.283959984779358,0.8894299864768982,1.2205095291137695,1.3572388887405396,103.53299713134766,8.6154203414917,0.7115614414215088,8.256449699401855
2020-12-29,0.758892297744751,1.284000039100647,0.8883000016212463,1.2223445177078247,1.3466018438339233,103.68900299072266,8.628140449523926,0.7107997536659241,8.260510444641113
2020-12-30,0.7609898447990417,1.2822099924087524,0.8841000199317932,1.225295066833496,1.3499903678894043,103.55899810791016,8.615400314331055,0.7148601412773132,8.20464038848877
2020-12-31,0.7689290642738342,1.2750699520111084,0.8815799951553345,1.2299896478652954,1.36306631565094,103.12100219726562,8.530500411987305,0.7215397357940674,8.188770294189453
2021-01-01,0.7702973484992981,1.2349900007247925,0.8981000185012817,1.218026876449585,1.3673007488250732,103.22599792480469,7.649779796600342,0.7181999087333679,8.152629852294922
2021-01-04,0.7712300419807434,1.2722100019454956,0.8830999732017517,1.2250697612762451,1.3684196472167969,103.23899841308594,8.548500061035156,0.7198387980461121,8.195910453796387
2021-01-05,0.7670999765396118,1.2781000137329102,0.8812400102615356,1.2251598834991455,1.3571596145629883,103.125,8.553899765014648,0.7178286910057068,8.249130249023438
2021-01-06,0.7766000628471375,1.2674700021743774,0.8781800270080566,1.230027437210083,1.3629549741744995,102.6780014038086,8.4610595703125,0.7256894111633301,8.174400329589844
2021-01-07,0.781700074672699,1.2665400505065918,0.8780699968338013,1.2341108322143555,1.3625277280807495,103.02400207519531,8.39739990234375,0.7305775880813599,8.158300399780273
2021-01-08,0.7768999934196472,1.268380045890808,0.8851500153541565,1.227144479751587,1.3569625616073608,103.79000091552734,8.4266996383667,0.7265488505363464,8.188369750976562
2021-01-11,0.7716525793075562,1.2730799913406372,0.8876399993896484,1.2186205387115479,1.3516253232955933,104.09100341796875,8.460599899291992,0.7199320793151855,8.259699821472168
2021-01-12,0.7707497477531433,1.2771400213241577,0.8896200060844421,1.2160701751708984,1.3524113893508911,104.12799835205078,8.524049758911133,0.7174013257026672,8.294150352478027
2021-01-13,0.7776049971580505,1.2707699537277222,0.8859000205993652,1.2208894491195679,1.3670539855957031,103.75199890136719,8.445079803466797,0.7229298949241638,8.241589546203613
2021-01-14,0.774713397026062,1.2698099613189697,0.886900007724762,1.2162491083145142,1.364926815032959,103.83699798583984,8.46129035949707,0.7190313339233398,8.334529876708984
2021-01-15,0.777580201625824,1.2647700309753418,0.8882499933242798,1.2151259183883667,1.3683634996414185,103.8280029296875,8.466300010681152,0.7217714786529541,8.309499740600586
2021-01-18,0.7688876986503601,1.2764699459075928,0.8921800255775452,1.2068113088607788,1.357533574104309,103.90799713134766,8.571000099182129,0.7122507095336914,8.405929565429688
2021-01-19,0.7686986327171326,1.2747999429702759,0.8909000158309937,1.207729458808899,1.3581236600875854,103.7030029296875,8.591540336608887,0.7115817070007324,8.394820213317871
2021-01-20,0.7711800932884216,1.2722699642181396,0.8880000114440918,1.2138868570327759,1.3644241094589233,103.89700317382812,8.51492977142334,0.7128803133964539,8.325510025024414
2021-01-21,0.7755701541900635,1.2625999450683594,0.8892800211906433,1.2115631103515625,1.3668484687805176,103.55500030517578,8.477499961853027,0.7186385989189148,8.3372802734375
2021-01-22,0.7761022448539734,1.2646700143814087,0.8853600025177002,1.2166293859481812,1.3729474544525146,103.50599670410156,8.406579971313477,0.7216001749038696,8.268839836120605
2021-01-25,0.7715799808502197,1.2722899913787842,0.8853229880332947,1.216944694519043,1.3688204288482666,103.7770004272461,8.465700149536133,0.7183701395988464,8.296600341796875
2021-01-26,0.7718997597694397,1.2737499475479126,0.8880199790000916,1.214624047279358,1.3678992986679077,103.76000213623047,8.529589653015137,0.719990074634552,8.28320026397705
2021-01-27,0.7753139734268188,1.2693899869918823,0.8866999745368958,1.216299295425415,1.374154806137085,103.60299682617188,8.54601001739502,0.7236900925636292,8.298439979553223
2021-01-28,0.765099823474884,1.281599998474121,0.8888999819755554,1.2105072736740112,1.3669419288635254,104.14299774169922,8.661020278930664,0.7142704129219055,8.367110252380371
2021-01-29,0.7669699192047119,1.2830899953842163,0.888608992099762,1.2120037078857422,1.3725008964538574,104.29100036621094,8.597900390625,0.717442512512207,8.343700408935547
2021-02-01,0.761997640132904,1.2802200317382812,0.8913599848747253,1.2123857736587524,1.3697690963745117,104.68599700927734,8.602299690246582,0.7163375020027161,8.378020286560059
2021-02-02,0.7634601593017578,1.284600019454956,0.8964800238609314,1.2068694829940796,1.3678767681121826,104.88099670410156,8.585249900817871,0.7165479063987732,8.41670036315918
2021-02-03,0.760820746421814,1.2785099744796753,0.8974999785423279,1.203905463218689,1.3659336566925049,105.02799987792969,8.600600242614746,0.7196678519248962,8.39663028717041
2021-02-04,0.7636000514030457,1.27839994430542,0.8983399868011475,1.2042388916015625,1.364908218383789,104.99500274658203,8.5770902633667,0.7219695448875427,8.394000053405762
2021-02-05,0.7603002190589905,1.282289981842041,0.9040300250053406,1.1966731548309326,1.3676148653030396,105.5719985961914,8.631210327148438,0.7160297632217407,8.455780029296875
2021-02-08,0.7679199576377869,1.2758400440216064,0.8989800214767456,1.2048773765563965,1.3738716840744019,105.4000015258789,8.525979995727539,0.7211625576019287,8.373290061950684
2021-02-09,0.7710998058319092,1.2737699747085571,0.8985990285873413,1.2053595781326294,1.374570369720459,105.20999908447266,8.492349624633789,0.7226702570915222,8.388649940490723
2021-02-10,0.7740501165390015,1.2697099447250366,0.8924000263214111,1.2119992971420288,1.3817994594573975,104.57499694824219,8.446080207824707,0.7243799567222595,8.321800231933594
2021-02-11,0.7725348472595215,1.2696000337600708,0.8902459740638733,1.2121212482452393,1.3832597732543945,104.61499786376953,8.45989990234375,0.7218199968338013,8.315549850463867
2021-02-12,0.7753999829292297,1.2700599431991577,0.8901200294494629,1.2131506204605103,1.381024718284607,104.74099731445312,8.471269607543945,0.7231180667877197,8.318670272827148
2021-02-15,0.7764095664024353,1.2687900066375732,0.8917589783668518,1.2122093439102173,1.3871549367904663,105.05899810791016,8.450300216674805,0.7219487428665161,8.3018798828125
2021-02-16,0.7786197066307068,1.2635600566864014,0.8898339867591858,1.2132196426391602,1.3914785385131836,105.38700103759766,8.386710166931152,0.723358690738678,8.27927017211914
2021-02-17,0.773790180683136,1.270900011062622,0.8932179808616638,1.2092483043670654,1.388811707496643,106.10299682617188,8.458900451660156,0.718989908695221,8.299519538879395
2021-02-18,0.7758697867393494,1.2699899673461914,0.8984299898147583,1.2048004865646362,1.3866355419158936,105.86100006103516,8.492799758911133,0.719398558139801,8.318699836730957
2021-02-19,0.7767997980117798,1.268090009689331,0.8958100080490112,1.209189772605896,1.3967455625534058,105.6520004272461,8.463199615478516,0.721870481967926,8.307319641113281
2021-02-22,0.7888488173484802,1.2598700523376465,0.8966900110244751,1.2126356363296509,1.403114914894104,105.51399993896484,8.44828987121582,0.7312721014022827,8.266079902648926
2021-02-23,0.7915400266647339,1.2609000205993652,0.8956900238990784,1.2166796922683716,1.4071228504180908,104.98400115966797,8.485779762268066,0.7329819798469543,8.26768970489502
2021-02-24,0.7908827066421509,1.2592600584030151,0.9050999879837036,1.215214490890503,1.412030577659607,105.28299713134766,8.466569900512695,0.7338700890541077,8.277629852294922
2021-02-25,0.7977026104927063,1.2510000467300415,0.9065999984741211,1.2171372175216675,1.4148274660110474,105.94400024414062,8.36771011352539,0.7445295453071594,8.266260147094727
2021-02-26,0.7870000004768372,1.260990023612976,0.9055699706077576,1.2160420417785645,1.4008152484893799,106.37899780273438,8.500900268554688,0.7365506291389465,8.304490089416504
2021-03-01,0.7752419114112854,1.2696000337600708,0.9074000120162964,1.208956003189087,1.3972529172897339,106.50299835205078,8.630200386047363,0.7271193265914917,8.41759967803955
2021-03-02,0.7772001028060913,1.2641500234603882,0.914900004863739,1.2051095962524414,1.3929517269134521,106.85099792480469,8.5520601272583,0.7274197936058044,8.408049583435059
2021-03-03,0.7825197577476501,1.2635600566864014,0.9150000214576721,1.208546757698059,1.3954981565475464,106.75800323486328,8.47599983215332,0.7292988300323486,8.37067985534668
2021-03-04,0.7758102416992188,1.2670700550079346,0.919700026512146,1.2050660848617554,1.3926994800567627,107.05799865722656,8.51710033416748,0.7231912612915039,8.430350303649902
2021-03-05,0.7715603113174438,1.2677899599075317,0.9292799830436707,1.1967735290527344,1.3894098997116089,107.95500183105469,8.57964038848877,0.7178286910057068,8.487119674682617
2021-03-08,0.7709101438522339,1.2631900310516357,0.9301999807357788,1.1925631761550903,1.385367751121521,108.41899871826172,8.51941967010498,0.7178596258163452,8.51902961730957
2021-03-09,0.7656674981117249,1.2657899856567383,0.9358000159263611,1.185171127319336,1.3823610544204712,108.93900299072266,8.533040046691895,0.7132616639137268,8.578399658203125
2021-03-10,0.7717835903167725,1.2643100023269653,0.9281399846076965,1.1897906064987183,1.3890432119369507,108.5770034790039,8.467599868774414,0.7179575562477112,8.497819900512695
2021-03-11,0.773200273513794,1.2620099782943726,0.9297000169754028,1.1926058530807495,1.3931456804275513,108.43199920654297,8.432999610900879,0.7192174792289734,8.479350090026855
2021-03-12,0.7787615656852722,1.2531399726867676,0.9246600270271301,1.1986095905303955,1.3989927768707275,108.55500030517578,8.409899711608887,0.7227522134780884,8.44629955291748
2021-03-15,0.7762998938560486,1.2469300031661987,0.929265022277832,1.1950000524520874,1.3929517269134521,109.11699676513672,8.419349670410156,0.7187315821647644,8.484000205993652
2021-03-16,0.7750135660171509,1.2475500106811523,0.9276000261306763,1.1925773620605469,1.3899120092391968,109.13400268554688,8.449729919433594,0.720352053642273,8.511699676513672
2021-03-17,0.77455735206604,1.2442699670791626,0.9247999787330627,1.190164566040039,1.3902212381362915,109.02899932861328,8.477999687194824,0.7193002700805664,8.500140190124512
2021-03-18,0.7813000679016113,1.2389999628067017,0.9222400188446045,1.1982792615890503,1.3975849151611328,108.89099884033203,8.39840030670166,0.7251210808753967,8.445650100708008
2021-03-19,0.7753699421882629,1.2490899562835693,0.9273200035095215,1.1918240785598755,1.3925055265426636,108.93099975585938,8.508580207824707,0.7168099284172058,8.506850242614746
2021-03-22,0.7722502946853638,1.2522900104522705,0.9300400018692017,1.1883116960525513,1.3832597732543945,108.87100219726562,8.556650161743164,0.7152001261711121,8.557530403137207
2021-03-23,0.7745501399040222,1.252079963684082,0.9232000112533569,1.193303108215332,1.3862512111663818,108.7760009765625,8.496479988098145,0.7133176326751709,8.506850242614746
2021-03-24,0.7604701519012451,1.2590099573135376,0.9345200061798096,1.1840205192565918,1.3730417490005493,108.5199966430664,8.660479545593262,0.6990220546722412,8.60354995727539
2021-03-25,0.7591003179550171,1.2576700448989868,0.9359899759292603,1.1813069581985474,1.3688879013061523,108.79000091552734,8.572959899902344,0.6969515085220337,8.612719535827637
2021-03-26,0.7594000697135925,1.2601799964904785,0.9395099878311157,1.1776621341705322,1.374910593032837,109.17900085449219,8.627099990844727,0.6967815160751343,8.645529747009277
2021-03-29,0.7637377381324768,1.2584199905395508,0.93954998254776,1.1788004636764526,1.3791011571884155,109.79100036621094,8.580499649047852,0.6994082927703857,8.644309997558594
2021-03-30,0.7641170620918274,1.2590399980545044,0.9388999938964844,1.177100658416748,1.3775053024291992,109.83599853515625,8.544899940490723,0.7009722590446472,8.680890083312988
2021-03-31,0.7608798146247864,1.2620799541473389,0.9416900277137756,1.1723604202270508,1.3746649026870728,110.30500030517578,8.544309616088867,0.6992420554161072,8.717829704284668
2021-04-01,0.7594098448753357,1.2564300298690796,0.9438999891281128,1.1728830337524414,1.3786258697509766,110.75,8.544750213623047,0.6983581781387329,8.729510307312012
2021-04-02,0.7619001269340515,1.2546000480651855,0.942110002040863,1.177994966506958,1.383508563041687,110.61299896240234,8.524209976196289,0.7024997472763062,8.714790344238281
2021-04-05,0.7620998620986938,1.2563999891281128,0.9419999718666077,1.176816701889038,1.383125901222229,110.677001953125,8.525199890136719,0.7031112313270569,8.71947956085205
2021-04-06,0.7658727169036865,1.252020001411438,0.9360399842262268,1.1818934679031372,1.3914011716842651,110.19300079345703,8.494400024414062,0.7066688537597656,8.692520141601562
2021-04-07,0.7666947841644287,1.257140040397644,0.9314000010490417,1.1874228715896606,1.383125901222229,109.79299926757812,8.477470397949219,0.7063693404197693,8.612239837646484
2021-04-08,0.7613884806632996,1.2612700462341309,0.9293000102043152,1.1873664855957031,1.3743815422058105,109.85199737548828,8.471779823303223,0.7013409733772278,8.62720012664795
2021-04-09,0.7659003138542175,1.2562199831008911,0.9241600036621094,1.1915684938430786,1.373437762260437,109.33000183105469,8.456270217895508,0.7061498761177063,8.536310195922852
2021-04-12,0.7626002430915833,1.2530800104141235,0.9252899885177612,1.1900511980056763,1.3712154626846313,109.69400024414062,8.503299713134766,0.703982412815094,8.540559768676758
2021-04-13,0.7627707123756409,1.2559000253677368,0.9221000075340271,1.1914690732955933,1.3753834962844849,109.3740005493164,8.47819995880127,0.7032397985458374,8.572540283203125
2021-04-14,0.7647499442100525,1.2537100315093994,0.9200999736785889,1.1954143047332764,1.3759700059890747,108.92400360107422,8.46438980102539,0.706119954586029,8.504929542541504
2021-04-15,0.772509753704071,1.2517000436782837,0.9226999878883362,1.1986095905303955,1.3779228925704956,108.89399719238281,8.38659954071045,0.7140001058578491,8.458849906921387
2021-04-16,0.7751697301864624,1.2543699741363525,0.9218930006027222,1.1971746683120728,1.3785498142242432,108.68900299072266,8.377670288085938,0.7175711989402771,8.441360473632812
2021-04-19,0.7714025974273682,1.2517600059509277,0.9205499887466431,1.1969454288482666,1.3818453550338745,108.71900177001953,8.383319854736328,0.7127177715301514,8.444910049438477
2021-04-20,0.7767002582550049,1.2521699666976929,0.9146999716758728,1.204529047012329,1.3993842601776123,108.0979995727539,8.284589767456055,0.7190881967544556,8.39208984375
2021-04-21,0.7723796963691711,1.2611500024795532,0.9158999919891357,1.2032392024993896,1.3938837051391602,108.13300323486328,8.359649658203125,0.7165479063987732,8.431159973144531
2021-04-22,0.7754402756690979,1.2503700256347656,0.9167299866676331,1.2037750482559204,1.3931845426559448,108.03900146484375,8.335100173950195,0.7204403877258301,8.40388011932373
2021-04-23,0.7705348134040833,1.250290036201477,0.9170399904251099,1.2014753818511963,1.3840255737304688,107.97799682617188,8.355380058288574,0.7154299020767212,8.42527961730957
2021-04-26,0.7743114233016968,1.2487599849700928,0.91389000415802,1.2089852094650269,1.3866355419158936,107.8740005493164,8.302900314331055,0.7191709280014038,8.391650199890137
2021-04-27,0.7799704074859619,1.2395999431610107,0.9146400094032288,1.2081671953201294,1.3895643949508667,108.2020034790039,8.291879653930664,0.7230082750320435,8.384989738464355
2021-04-28,0.7770001888275146,1.2406200170516968,0.9140400290489197,1.2090305089950562,1.390356421470642,108.75,8.269949913024902,0.7204195857048035,8.371399879455566
2021-04-29,0.7801297307014465,1.2302900552749634,0.9086999893188477,1.213592290878296,1.395673394203186,108.50499725341797,8.169139862060547,0.727300226688385,8.331600189208984
2021-04-30,0.777762234210968,1.227620005607605,0.9089999794960022,1.2127091884613037,1.3952839374542236,108.90399932861328,8.179309844970703,0.7247374653816223,8.366490364074707
2021-05-03,0.7722997665405273,1.227910041809082,0.9128999710083008,1.2027760744094849,1.3819791078567505,109.28299713134766,8.314189910888672,0.7169898152351379,8.463729858398438
2021-05-04,0.7758914828300476,1.2280100584030151,0.9115399718284607,1.2061271667480469,1.3903758525848389,109.08699798583984,8.286589622497559,0.7198076248168945,8.41901969909668
2021-05-05,0.7713799476623535,1.2300200462341309,0.9133999943733215,1.2015043497085571,1.388811707496643,109.3290023803711,8.32444953918457,0.7162697911262512,8.466580390930176
2021-05-06,0.7751199007034302,1.2267099618911743,0.9131100177764893,1.2007973194122314,1.3909753561019897,109.21900177001953,8.341890335083008,0.7219278216362,8.480830192565918
2021-05-07,0.7787312865257263,1.215399980545044,0.9075899720191956,1.2068549394607544,1.389854073524475,109.05000305175781,8.300450325012207,0.7232906818389893,8.419520378112793
2021-05-10,0.7858793139457703,1.211400032043457,0.9004499912261963,1.2171076536178589,1.4041197299957275,108.5719985961914,8.204910278320312,0.7296074628829956,8.303339958190918
2021-05-11,0.7838999032974243,1.2093700170516968,0.90038001537323,1.2140932083129883,1.4131278991699219,108.84400177001953,8.251310348510742,0.7271299362182617,8.31764030456543
2021-05-12,0.7838096022605896,1.2096400260925293,0.9038400053977966,1.2144500017166138,1.4138271808624268,108.71499633789062,8.252429962158203,0.7262691855430603,8.319330215454102
2021-05-13,0.7732301950454712,1.2120599746704102,0.9085999727249146,1.2078505754470825,1.4063708782196045,109.66400146484375,8.340539932250977,0.7164093852043152,8.424469947814941
2021-05-14,0.7726202011108398,1.2168300151824951,0.9059399962425232,1.207729458808899,1.4050863981246948,109.51599884033203,8.353560447692871,0.7182979583740234,8.404720306396484
2021-05-17,0.7778711318969727,1.2110999822616577,0.901199996471405,1.2150373458862305,1.4101786613464355,109.41200256347656,8.218299865722656,0.7243909239768982,8.320549964904785
2021-05-18,0.7773698568344116,1.2061500549316406,0.9033300280570984,1.2156872749328613,1.4148674011230469,109.24199676513672,8.25409984588623,0.7219122052192688,8.32841968536377
2021-05-19,0.7789981961250305,1.2072700262069702,0.8974300026893616,1.2223997116088867,1.41880202293396,108.86799621582031,8.230469703674316,0.7237984538078308,8.283180236816406
2021-05-20,0.772030234336853,1.213230013847351,0.9040799736976624,1.217285394668579,1.4106162786483765,109.27300262451172,8.32446002960205,0.7163118720054626,8.35336971282959
2021-05-21,0.7770001888275146,1.2062499523162842,0.8973000049591064,1.222538709640503,1.4185603857040405,108.86000061035156,8.30420970916748,0.7196574807167053,8.290989875793457
2021-05-24,0.7730000615119934,1.2066999673843384,0.8974000215530396,1.2183235883712769,1.4142870903015137,108.91899871826172,8.378299713134766,0.7173189520835876,8.318550109863281
2021-05-25,0.7750802040100098,1.2049800157546997,0.8970000147819519,1.2214635610580444,1.415608525276184,108.85099792480469,8.33036994934082,0.7214798927307129,8.309040069580078
2021-05-26,0.7753139734268188,1.2064000368118286,0.8956000208854675,1.2249093055725098,1.4143872261047363,108.802001953125,8.305500030517578,0.7224389910697937,8.253399848937988
2021-05-27,0.7739902138710022,1.2130099534988403,0.8977299928665161,1.21925950050354,1.4116119146347046,109.16999816894531,8.367170333862305,0.7278285026550293,8.31682014465332
2021-05-28,0.774250328540802,1.2070200443267822,0.8970500230789185,1.2193188667297363,1.4203739166259766,109.80899810791016,8.346449851989746,0.7284275889396667,8.27670955657959
2021-05-31,0.7710099816322327,1.2077800035476685,0.9001100063323975,1.2190067768096924,1.4180374145507812,109.90699768066406,8.360400199890137,0.7242912650108337,8.309410095214844
2021-06-01,0.7743498086929321,1.2060699462890625,0.8984000086784363,1.223286509513855,1.4226775169372559,109.49299621582031,8.307100296020508,0.7277278900146484,8.27853012084961
2021-06-02,0.7755900025367737,1.2069000005722046,0.8969799876213074,1.2217769622802734,1.4157087802886963,109.49299621582031,8.313779830932617,0.7253314852714539,8.266400337219238
2021-06-03,0.7744301557540894,1.2037999629974365,0.8981999754905701,1.220986247062683,1.4171934127807617,109.59500122070312,8.29740047454834,0.7233482599258423,8.268980026245117
2021-06-04,0.7665772438049316,1.2107000350952148,0.9035000205039978,1.2133007049560547,1.4109944105148315,110.26599884033203,8.375800132751465,0.7148601412773132,8.328410148620605
2021-06-07,0.7744001746177673,1.2075799703598022,0.8991000056266785,1.2168411016464233,1.4164307117462158,109.61699676513672,8.303799629211426,0.7209701538085938,8.273699760437012
2021-06-08,0.7756296992301941,1.2086700201034546,0.8974999785423279,1.2193634510040283,1.41765558719635,109.27400207519531,8.262800216674805,0.7225485444068909,8.257710456848145
2021-06-09,0.7736998200416565,1.2111400365829468,0.8967999815940857,1.217285394668579,1.414987564086914,109.46900177001953,8.265569686889648,0.7190313339233398,8.271340370178223
2021-06-10,0.7729498147964478,1.211459994316101,0.8956000208854675,1.218200445175171,1.4112334251403809,109.61000061035156,8.272629737854004,0.7171800136566162,8.265850067138672
2021-06-11,0.7747998237609863,1.2093000411987305,0.8946499824523926,1.2172558307647705,1.4170126914978027,109.40899658203125,8.27196979522705,0.7189486026763916,8.250410079956055
2021-06-14,0.7708911895751953,1.2158000469207764,0.897711992263794,1.2110203504562378,1.411930799484253,109.70899963378906,8.348099708557129,0.7138981223106384,8.31760025024414
2021-06-15,0.7712002992630005,1.2141000032424927,0.8991000056266785,1.212224006652832,1.4109944105148315,110.04100036621094,8.31029987335205,0.7143775820732117,8.317299842834473
2021-06-16,0.7686217427253723,1.218559980392456,0.8985000252723694,1.2127091884613037,1.4081531763076782,110.08399963378906,8.315560340881348,0.7122507095336914,8.322580337524414
2021-06-17,0.7616726756095886,1.2278000116348267,0.9085299968719482,1.1995586156845093,1.3990709781646729,110.7699966430664,8.472399711608887,0.7071185111999512,8.442259788513184
2021-06-18,0.7556899189949036,1.2345199584960938,0.9176499843597412,1.1913414001464844,1.3938642740249634,110.32499694824219,8.538999557495117,0.7015377879142761,8.54878044128418
2021-06-21,0.7503997683525085,1.2449899911880493,0.9224900007247925,1.1873664855957031,1.381711721420288,110.20099639892578,8.663599967956543,0.6949077248573303,8.607029914855957
2021-06-22,0.7534897923469543,1.2369999885559082,0.9186499714851379,1.1912561655044556,1.392540454864502,110.3740005493164,8.577899932861328,0.6986313462257385,8.535730361938477
2021-06-23,0.7554810047149658,1.2309999465942383,0.9185900092124939,1.1936734914779663,1.3949919939041138,110.65399932861328,8.537400245666504,0.7017987370491028,8.47920036315918
2021-06-24,0.7574437856674194,1.230329990386963,0.9181100130081177,1.1933174133300781,1.3967455625534058,111.01200103759766,8.534979820251465,0.7045577764511108,8.480159759521484
2021-06-25,0.7582076191902161,1.2322299480438232,0.9181299805641174,1.1930327415466309,1.3916915655136108,110.9209976196289,8.501629829406738,0.7063194513320923,8.473819732666016
2021-06-28,0.7594998478889465,1.2291899919509888,0.9166899919509888,1.1942152976989746,1.389506459236145,110.8219985961914,8.486809730529785,0.70689857006073,8.48898983001709
2021-06-29,0.756840169429779,1.2333999872207642,0.9196100234985352,1.1928904056549072,1.3879058361053467,110.60299682617188,8.518600463867188,0.7048904895782471,8.510149955749512
2021-06-30,0.7513599991798401,1.2396199703216553,0.9208999872207642,1.1901928186416626,1.3842746019363403,110.53500366210938,8.55640983581543,0.6989800930023193,8.517889976501465
2021-07-01,0.7497701644897461,1.2392699718475342,0.9249500036239624,1.1856770515441895,1.3829153776168823,111.1240005493164,8.606800079345703,0.6996676325798035,8.531990051269531
2021-07-02,0.7465806603431702,1.244070053100586,0.9258999824523926,1.1846235990524292,1.3759511709213257,111.5719985961914,8.626500129699707,0.6963691115379333,8.58080005645752
2021-07-05,0.7518599033355713,1.2330000400543213,0.9215999841690063,1.1856207847595215,1.383125901222229,111.13500213623047,8.60830020904541,0.7025876045227051,8.546299934387207
2021-07-06,0.7543002963066101,1.233989953994751,0.9221000075340271,1.186380386352539,1.3856172561645508,110.91600036621094,8.558839797973633,0.7052086591720581,8.544699668884277
2021-07-07,0.7494998574256897,1.2458100318908691,0.9246699810028076,1.1824523210525513,1.3805670738220215,110.60199737548828,8.700699806213379,0.7017691731452942,8.588020324707031
2021-07-08,0.7484413981437683,1.248170018196106,0.9254000186920166,1.17933988571167,1.3801099061965942,110.63500213623047,8.731499671936035,0.7013409733772278,8.624090194702148
2021-07-09,0.7433286309242249,1.2527999877929688,0.9147400259971619,1.184800386428833,1.3790820837020874,109.8010025024414,8.782819747924805,0.6949077248573303,8.592300415039062
2021-07-12,0.749007523059845,1.2446999549865723,0.9140400290489197,1.187295913696289,1.3899506330490112,110.21499633789062,8.677570343017578,0.7006186246871948,8.580400466918945
2021-07-13,0.7480998039245605,1.245519995689392,0.9150199890136719,1.186521053314209,1.3886960744857788,110.32499694824219,8.684120178222656,0.6986606121063232,8.582859992980957
2021-07-14,0.7441999316215515,1.2520999908447266,0.9187999963760376,1.1775373220443726,1.3806052207946777,110.59500122070312,8.772299766540527,0.6944106817245483,8.654620170593262
2021-07-15,0.7480382323265076,1.2515499591827393,0.9146900177001953,1.1833338737487793,1.385809302330017,109.98400115966797,8.736319541931152,0.7038784027099609,8.619770050048828
2021-07-16,0.7423000931739807,1.2589000463485718,0.9178000092506409,1.1811814308166504,1.3829728364944458,109.77799987792969,8.823599815368652,0.7011492252349854,8.663979530334473
2021-07-19,0.7390999794006348,1.2616900205612183,0.9185299873352051,1.1814005374908447,1.3763866424560547,109.8740005493164,8.845800399780273,0.6994816660881042,8.67846965789795
2021-07-20,0.7339202165603638,1.2746000289916992,0.9185000061988831,1.1793843507766724,1.3669979572296143,109.53399658203125,8.952170372009277,0.693600058555603,8.6899995803833
2021-07-21,0.7338911294937134,1.2675100564956665,0.9212300181388855,1.1784114837646484,1.3633265495300293,109.91999816894531,8.999460220336914,0.6923816800117493,8.69480037689209
2021-07-22,0.7352616786956787,1.256890058517456,0.9175699949264526,1.179273009300232,1.3714035749435425,110.25499725341797,8.88129997253418,0.696097731590271,8.685879707336426
2021-07-23,0.7380498647689819,1.2563999891281128,0.9191200137138367,1.1772738695144653,1.377389669418335,110.13999938964844,8.849679946899414,0.69810950756073,8.677229881286621
2021-07-26,0.7368219494819641,1.2567499876022339,0.9195299744606018,1.1773432493209839,1.3757808208465576,110.54399871826172,8.852700233459473,0.6983678936958313,8.692480087280273
2021-07-27,0.738825261592865,1.253999948501587,0.9154599905014038,1.1807769536972046,1.3829153776168823,110.302001953125,8.815999984741211,0.7004797458648682,8.619759559631348
2021-07-28,0.7366374135017395,1.259119987487793,0.9143999814987183,1.1823126077651978,1.3882719278335571,109.80599975585938,8.873740196228027,0.6963497400283813,8.620019912719727
2021-07-29,0.7377101182937622,1.2519700527191162,0.909500002861023,1.1845955848693848,1.3906852006912231,109.89099884033203,8.793499946594238,0.6960588693618774,8.591899871826172
2021-07-30,0.739609956741333,1.2449300289154053,0.9057199954986572,1.1892997026443481,1.3964334726333618,109.40899658203125,8.72838020324707,0.7011098861694336,8.551589965820312
2021-08-02,0.7342305779457092,1.2466700077056885,0.9059100151062012,1.186704158782959,1.3896223306655884,109.70600128173828,8.826290130615234,0.6974901556968689,8.5972900390625
2021-08-03,0.7360599637031555,1.2501100301742554,0.905269980430603,1.1874650716781616,1.3892748355865479,109.26899719238281,8.827939987182617,0.6987192630767822,8.592510223388672
2021-08-04,0.7396799921989441,1.2533299922943115,0.9038199782371521,1.1869436502456665,1.391788363456726,108.99099731445312,8.813400268554688,0.7045776844024658,8.601309776306152
2021-08-05,0.7382999658584595,1.2545000314712524,0.9064000248908997,1.1837401390075684,1.3890432119369507,109.52899932861328,8.841099739074707,0.7044088840484619,8.60873031616211
2021-08-06,0.7402998805046082,1.2501300573349,0.906499981880188,1.1835720539093018,1.3927576541900635,109.75199890136719,8.807900428771973,0.7048507928848267,8.61139965057373
2021-08-09,0.7337833642959595,1.2570899724960327,0.9156000018119812,1.1749500036239624,1.3868471384048462,110.25900268554688,8.92199993133545,0.6993300318717957,8.679840087890625
2021-08-10,0.733100175857544,1.2573800086975098,0.9205999970436096,1.17384672164917,1.3849073648452759,110.30599975585938,8.943070411682129,0.6991980075836182,8.704629898071289
2021-08-11,0.7343798875808716,1.2518999576568604,0.9229599833488464,1.172333002090454,1.3836042881011963,110.5979995727539,8.924650192260742,0.7006480693817139,8.719099998474121
2021-08-12,0.7374087572097778,1.2506799697875977,0.921459972858429,1.1741899251937866,1.3866932392120361,110.3740005493164,8.8503999710083,0.7041807174682617,8.68082046508789
2021-08-13,0.734149694442749,1.2519999742507935,0.9230599999427795,1.173626184463501,1.3811582326889038,110.40299987792969,8.846799850463867,0.7005204558372498,8.6845703125
2021-08-16,0.736572265625,1.2516000270843506,0.9154000282287598,1.179467797279358,1.3863856792449951,109.6240005493164,8.799860000610352,0.703982412815094,8.634499549865723
2021-08-17,0.7341066002845764,1.2569600343704224,0.9125000238418579,1.177994966506958,1.3842746019363403,109.2969970703125,8.822970390319824,0.7028493285179138,8.648870468139648
2021-08-18,0.7255598902702332,1.2626500129699707,0.9147499799728394,1.1709738969802856,1.3740416765213013,109.53700256347656,8.91450023651123,0.6927894949913025,8.757399559020996
2021-08-19,0.7230997681617737,1.2663099765777588,0.9175599813461304,1.1703298091888428,1.3743815422058105,109.84200286865234,8.910120010375977,0.6874505877494812,8.735980033874512
2021-08-20,0.714620053768158,1.2831300497055054,0.9189199805259705,1.1676595211029053,1.3630849123001099,109.76799774169922,9.038769721984863,0.6820305585861206,8.800959587097168
2021-08-23,0.7139797210693359,1.2826000452041626,0.9171199798583984,1.1697548627853394,1.3625277280807495,109.83999633789062,9.027219772338867,0.6830880641937256,8.805259704589844
2021-08-24,0.7209597229957581,1.2651000022888184,0.9122999906539917,1.1744533777236938,1.37247633934021,109.6780014038086,8.915499687194824,0.6894079446792603,8.713479995727539
2021-08-25,0.724879801273346,1.259600043296814,0.913100004196167,1.175309181213379,1.3725517988204956,109.7300033569336,8.830900192260742,0.6938084959983826,8.682609558105469
2021-08-26,0.727660059928894,1.258870005607605,0.913640022277832,1.1774401664733887,1.3766520023345947,109.97599792480469,8.810090065002441,0.6972820162773132,8.68513011932373
2021-08-27,0.7238398790359497,1.268489956855774,0.9179400205612183,1.1756407022476196,1.3702384233474731,110.0479965209961,8.828200340270996,0.694531261920929,8.705089569091797
2021-08-30,0.731598436832428,1.2611000537872314,0.9111999869346619,1.1799006462097168,1.3762996196746826,109.86499786376953,8.709710121154785,0.7012377381324768,8.634960174560547
2021-08-31,0.7291233539581299,1.260890007019043,0.9171800017356873,1.1796904802322388,1.376045823097229,109.94400024414062,8.668319702148438,0.6998194456100464,8.624600410461426
2021-09-01,0.7317901849746704,1.2616100311279297,0.9153000116348267,1.1810280084609985,1.3753398656845093,110.05599975585938,8.68610954284668,0.7051689028739929,8.61709976196289
2021-09-02,0.7368001937866211,1.2621699571609497,0.9155169725418091,1.1840906143188477,1.3771638870239258,110.09600067138672,8.690369606018066,0.7065889835357666,8.613539695739746
2021-09-03,0.7399300932884216,1.25518000125885,0.9144899845123291,1.1876484155654907,1.383680820465088,109.94499969482422,8.641969680786133,0.7110706567764282,8.567529678344727
2021-09-06,0.7445018887519836,1.2530299425125122,0.9138399958610535,1.1885942220687866,1.3859245777130127,109.76399993896484,8.670249938964844,0.7151899337768555,8.54557991027832
2021-09-07,0.7436713576316833,1.2534300088882446,0.9148799777030945,1.1875073909759521,1.3839489221572876,109.81999969482422,8.654600143432617,0.7136587500572205,8.556989669799805
2021-09-08,0.7386598587036133,1.264639973640442,0.9194499850273132,1.184356927871704,1.3779798746109009,110.2959976196289,8.680700302124023,0.7097585201263428,8.590800285339355
2021-09-09,0.7363770008087158,1.2694000005722046,0.9218400120735168,1.1819101572036743,1.3767657279968262,110.21800231933594,8.706299781799316,0.7098290324211121,8.623649597167969
2021-09-10,0.7370826601982117,1.266260027885437,0.9165099859237671,1.1825922727584839,1.3839681148529053,109.78099822998047,8.675169944763184,0.7105098962783813,8.60925006866455
2021-09-13,0.7368110418319702,1.2679500579833984,0.9181399941444397,1.1811953783035278,1.3840830326080322,109.91500091552734,8.659870147705078,0.711657702922821,8.630900382995605
2021-09-14,0.7365902066230774,1.264799952507019,0.921999990940094,1.1811953783035278,1.3838149309158325,109.99400329589844,8.640549659729004,0.7114601731300354,8.598380088806152
2021-09-15,0.7317097783088684,1.2690000534057617,0.9200800061225891,1.1804981231689453,1.381024718284607,109.71900177001953,8.642720222473145,0.7095721364021301,8.603690147399902
2021-09-16,0.7341200709342957,1.2618099451065063,0.9197099804878235,1.1819995641708374,1.3848881721496582,109.38300323486328,8.56509017944336,0.7132006287574768,8.577300071716309
2021-09-17,0.7291499972343445,1.268149971961975,0.9273599982261658,1.176747441291809,1.3797005414962769,109.6989974975586,8.63051986694336,0.7070900201797485,8.617799758911133
2021-09-20,0.7264010310173035,1.2763999700546265,0.9320399761199951,1.1729930639266968,1.3729662895202637,109.97100067138672,8.697790145874023,0.7033585906028748,8.673649787902832
2021-09-21,0.7259702086448669,1.2802400588989258,0.9276700019836426,1.1730204820632935,1.366269588470459,109.43699645996094,8.709659576416016,0.7017691731452942,8.671199798583984
2021-09-22,0.7227997779846191,1.282080054283142,0.9235000014305115,1.17229163646698,1.3657469749450684,109.14900207519531,8.678799629211426,0.6997313499450684,8.687899589538574
2021-09-23,0.7233999967575073,1.2785899639129639,0.9262999892234802,1.168770432472229,1.3617113828659058,109.8219985961914,8.659090042114258,0.6991002559661865,8.690540313720703
2021-09-24,0.7299802899360657,1.2661999464035034,0.9244999885559082,1.1740258932113647,1.3722503185272217,110.32599639892578,8.572230339050293,0.7065390348434448,8.626999855041504
2021-09-27,0.7266121506690979,1.2649400234222412,0.9244700074195862,1.1723054647445679,1.3669044971466064,110.76399993896484,8.563799858093262,0.7016608715057373,8.636799812316895
2021-09-28,0.7280601263046265,1.262619972229004,0.9255890250205994,1.1696795225143433,1.3701633214950562,110.96399688720703,8.59939956665039,0.700790524482727,8.706000328063965
2021-09-29,0.7244277596473694,1.267699956893921,0.9291599988937378,1.1686338186264038,1.354224443435669,111.52799987792969,8.655590057373047,0.6960008144378662,8.730600357055664
2021-09-30,0.7179998159408569,1.27538001537323,0.934249997138977,1.1601601839065552,1.3426424264907837,111.93599700927734,8.767210006713867,0.6872379779815674,8.793319702148438
2021-10-01,0.7231180667877197,1.268399953842163,0.932479977607727,1.1574475765228271,1.346982717514038,111.46099853515625,8.747289657592773,0.6896799206733704,8.76272964477539
2021-10-04,0.7275214195251465,1.2625000476837158,0.9295700192451477,1.160725712776184,1.3570915460586548,110.9469985961914,8.610899925231934,0.6941889524459839,8.737489700317383
2021-10-05,0.7289697527885437,1.2589800357818604,0.9249600172042847,1.1618449687957764,1.3607479333877563,110.96800231933594,8.571809768676758,0.6961801052093506,8.722430229187012
2021-10-06,0.7290754914283752,1.258270025253296,0.9283999800682068,1.1596084833145142,1.3627691268920898,111.48699951171875,8.52910041809082,0.6956700682640076,8.741009712219238
2021-10-07,0.728141188621521,1.258620023727417,0.9276999831199646,1.1555349826812744,1.3592127561569214,111.41300201416016,8.576399803161621,0.6915820240974426,8.799099922180176
2021-10-08,0.7316797971725464,1.254699945449829,0.9283999800682068,1.1559758186340332,1.3620266914367676,111.66200256347656,8.57229995727539,0.6938180923461914,8.775130271911621
2021-10-11,0.729490339756012,1.2484099864959717,0.9278500080108643,1.1566041707992554,1.361655831336975,112.2699966430664,8.549579620361328,0.6921613216400146,8.742870330810547
2021-10-12,0.7348402738571167,1.248039960861206,0.9275500178337097,1.1553747653961182,1.3590649366378784,113.38800048828125,8.580519676208496,0.6943287253379822,8.771220207214355
2021-10-13,0.7335088849067688,1.2476099729537964,0.9304599761962891,1.15340256690979,1.3578838109970093,113.51899719238281,8.55720043182373,0.6925591230392456,8.782899856567383
2021-10-14,0.7386069893836975,1.2436800003051758,0.923799991607666,1.1599582433700562,1.366923213005066,113.3010025024414,8.487099647521973,0.6972284913063049,8.683919906616211
2021-10-15,0.741379976272583,1.2374600172042847,0.9243699908256531,1.159151554107666,1.3668859004974365,113.83399963378906,8.449790000915527,0.7035713195800781,8.630610466003418
2021-10-18,0.7424786686897278,1.2373700141906738,0.9235299825668335,1.1597026586532593,1.376159429550171,114.3239974975586,8.429550170898438,0.7084611654281616,8.606550216674805
2021-10-19,0.7417000532150269,1.237220048904419,0.9232779741287231,1.161386251449585,1.373645305633545,114.28500366210938,8.413419723510742,0.7091901898384094,8.66012954711914
2021-10-20,0.7477194666862488,1.2353999614715576,0.9229999780654907,1.1631964445114136,1.3793197870254517,114.54299926757812,8.349800109863281,0.7155686020851135,8.62714958190918
2021-10-21,0.7515299320220947,1.2324399948120117,0.9187999963760376,1.1655012369155884,1.3822999000549316,114.38899993896484,8.314399719238281,0.71986985206604,8.585100173950195
2021-10-22,0.7463700175285339,1.237030029296875,0.9181100130081177,1.1625338792800903,1.379120111465454,113.8499984741211,8.363100051879883,0.7155993580818176,8.599800109863281
2021-10-25,0.7469096779823303,1.237130045890808,0.9165530204772949,1.1640088558197021,1.3762730360031128,113.66400146484375,8.354399681091309,0.7150722742080688,8.583200454711914
2021-10-26,0.7491798400878906,1.2379000186920166,0.9198899865150452,1.161170482635498,1.37644362449646,113.76499938964844,8.347060203552246,0.7166198492050171,8.606100082397461
2021-10-27,0.7512978315353394,1.2391400337219238,0.9196000099182129,1.1598236560821533,1.3766140937805176,114.18800354003906,8.360340118408203,0.7168099284172058,8.608329772949219
2021-10-28,0.7500750422477722,1.2369699478149414,0.9179999828338623,1.1600120067596436,1.3732868432998657,113.7760009765625,8.41903018951416,0.7163888216018677,8.583900451660156
2021-10-29,0.7531600594520569,1.2346099615097046,0.9115399718284607,1.1683608293533325,1.380071759223938,113.61599731445312,8.329259872436523,0.7195124626159668,8.496109962463379
2021-11-01,0.7518287897109985,1.2382899522781372,0.9161400198936462,1.1556684970855713,1.36832594871521,114.23600006103516,8.453900337219238,0.7176483869552612,8.596750259399414
2021-11-02,0.7520498633384705,1.2373900413513184,0.9093400239944458,1.1599582433700562,1.365541934967041,114.09400177001953,8.419500350952148,0.7179214954376221,8.513930320739746
2021-11-03,0.7438998222351074,1.2408000230789185,0.9146000146865845,1.1579434871673584,1.3617392778396606,113.96199798583984,8.52299976348877,0.7125806212425232,8.569100379943848
2021-11-04,0.746900200843811,1.237779974937439,0.9113100171089172,1.1615750789642334,1.3694878816604614,114.06999969482422,8.488459587097168,0.7176278233528137,8.527739524841309
2021-11-05,0.740932822227478,1.2451000213623047,0.9126799702644348,1.1555349826812744,1.3508602380752563,113.83699798583984,8.546879768371582,0.7109695672988892,8.58572006225586
2021-11-08,0.7395902872085571,1.2450799942016602,0.9119700193405151,1.1568851470947266,1.349127173423767,113.4749984741211,8.543880462646484,0.7109189629554749,8.567700386047363
2021-11-09,0.7414799928665161,1.2442200183868408,0.9132800102233887,1.159151554107666,1.3564507961273193,113.25399780273438,8.499300003051758,0.7162498235702515,8.575050354003906
2021-11-10,0.7376197576522827,1.2436000108718872,0.9107000231742859,1.1595547199249268,1.3560001850128174,112.91200256347656,8.504130363464355,0.712520182132721,8.573200225830078
2021-11-11,0.7334120869636536,1.2486499547958374,0.9178199768066406,1.148593544960022,1.3412736654281616,113.90499877929688,8.636249542236328,0.7066788077354431,8.699199676513672
2021-11-12,0.7291999459266663,1.2588499784469604,0.921209990978241,1.145081877708435,1.3366482257843018,114.04299926757812,8.679450035095215,0.7024001479148865,8.711000442504883
2021-11-15,0.7332506775856018,1.2545299530029297,0.9211000204086304,1.144164800643921,1.341705560684204,113.98100280761719,8.68970012664795,0.7043195366859436,8.758910179138184
2021-11-16,0.734489917755127,1.2513999938964844,0.92535001039505,1.1366478204727173,1.3408420085906982,114.13200378417969,8.718400001525879,0.704170823097229,8.797450065612793
2021-11-17,0.7301614880561829,1.2565699815750122,0.9303100109100342,1.1321182250976562,1.3424620628356934,114.90399932861328,8.746990203857422,0.6991999745368958,8.897210121154785
2021-11-18,0.7268604040145874,1.2611199617385864,0.9285299777984619,1.1321182250976562,1.34916353225708,114.19000244140625,8.73701000213623,0.7003781795501709,8.857439994812012
2021-11-19,0.7279000878334045,1.260349988937378,0.925599992275238,1.1368415355682373,1.3499648571014404,114.28199768066406,8.81089973449707,0.7042104601860046,8.862360000610352
2021-11-22,0.7231698036193848,1.2653499841690063,0.9293000102043152,1.1275737285614014,1.3434540033340454,114.13800048828125,8.932100296020508,0.6991393566131592,8.956390380859375
2021-11-23,0.7228044867515564,1.2701300382614136,0.9322999715805054,1.12421452999115,1.3397642374038696,114.79000091552734,8.92959976196289,0.6949608325958252,8.991450309753418
2021-11-24,0.7222198247909546,1.267590045928955,0.9333900213241577,1.1244926452636719,1.337595820426941,115.14099884033203,8.898799896240234,0.6952894330024719,9.03678035736084
2021-11-25,0.7202001214027405,1.2661700248718262,0.9337999820709229,1.1202975511550903,1.333066701889038,115.40799713134766,8.956049919128418,0.6875309348106384,9.120200157165527
2021-11-26,0.7173703908920288,1.2663700580596924,0.9352800250053406,1.1209630966186523,1.331416130065918,115.06900024414062,8.977519989013672,0.6844392418861389,9.110600471496582
2021-11-29,0.7142806053161621,1.2724800109863281,0.9243199825286865,1.1293182373046875,1.334098219871521,113.71900177001953,9.057999610900879,0.6826311349868774,9.14657974243164
2021-11-30,0.714580237865448,1.273800015449524,0.9228699803352356,1.1293437480926514,1.3315047025680542,113.80400085449219,9.011099815368652,0.6830694675445557,9.06134033203125
2021-12-01,0.7124998569488525,1.2774300575256348,0.9194999933242798,1.1330289840698242,1.3295927047729492,113.29900360107422,9.0518798828125,0.6824913620948792,9.02593994140625
2021-12-02,0.7107598185539246,1.2810900211334229,0.9205999970436096,1.1319515705108643,1.3280000686645508,112.88200378417969,9.097900390625,0.6814100742340088,9.087949752807617
2021-12-03,0.70878005027771,1.2817699909210205,0.9197999835014343,1.1306205987930298,1.3299994468688965,113.02200317382812,9.091870307922363,0.6812081933021545,9.049799919128418
2021-12-06,0.7017898559570312,1.2817000150680542,0.9184899926185608,1.1304799318313599,1.3237318992614746,113.04199981689453,9.15857982635498,0.6757396459579468,9.14700984954834
2021-12-07,0.7049203515052795,1.2762000560760498,0.9254999756813049,1.128668189048767,1.326435923576355,113.45800018310547,9.093199729919434,0.6749687790870667,9.093729972839355
2021-12-08,0.712259829044342,1.2645800113677979,0.9243999719619751,1.1276500225067139,1.3246086835861206,113.5250015258789,9.009400367736816,0.6786198616027832,9.097149848937988
2021-12-09,0.7170000672340393,1.265220046043396,0.9200000166893005,1.1345586776733398,1.3210039138793945,113.68399810791016,8.871000289916992,0.6808279156684875,9.027859687805176
2021-12-10,0.7146124243736267,1.270840048789978,0.9237899780273438,1.1293309926986694,1.3224014043807983,113.447998046875,8.994400024414062,0.6795694231987,9.063850402832031
2021-12-13,0.7166095972061157,1.2719899415969849,0.9210699796676636,1.131183385848999,1.3257148265838623,113.5009994506836,8.942230224609375,0.6795879006385803,9.056469917297363
2021-12-14,0.7133176326751709,1.2807600498199463,0.9223799705505371,1.1285407543182373,1.3213530778884888,113.5770034790039,9.046099662780762,0.6752012372016907,9.09119987487793
2021-12-15,0.7106002569198608,1.2867100238800049,0.9240000247955322,1.1261261701583862,1.323050618171692,113.74299621582031,9.096599578857422,0.673632025718689,9.135199546813965
2021-12-16,0.7166501879692078,1.2836500406265259,0.9244400262832642,1.1290758848190308,1.3263126611709595,114.13600158691406,8.99374008178711,0.6778098344802856,9.078399658203125
2021-12-17,0.717560887336731,1.2779699563980103,0.9188399910926819,1.1334141492843628,1.3323739767074585,113.66300201416016,8.983830451965332,0.6796294450759888,9.030099868774414
2021-12-20,0.7116981744766235,1.2898499965667725,0.9232900142669678,1.1243535280227661,1.3229438066482544,113.51799774169922,9.042309761047363,0.6731604337692261,9.1493501663208
2021-12-21,0.7109498381614685,1.2935999631881714,0.921720027923584,1.1277517080307007,1.3210004568099976,113.66200256347656,9.05270004272461,0.671312153339386,9.14441967010498
2021-12-22,0.7147799134254456,1.2922999858856201,0.9230200052261353,1.128757357597351,1.3269639015197754,113.99400329589844,8.933509826660156,0.6765991449356079,9.128009796142578
2021-12-23,0.72139972448349,1.2851200103759766,0.919439971446991,1.1328877210617065,1.3352025747299194,114.12100219726562,8.868820190429688,0.6805823445320129,9.080160140991211
2021-12-24,0.7233200073242188,1.2823899984359741,0.9186000227928162,1.132733702659607,1.3406623601913452,114.45800018310547,8.82411003112793,0.6822212934494019,9.078490257263184
2021-12-27,0.7231285572052002,1.2813999652862549,0.9187809824943542,1.1324259042739868,1.3404303789138794,114.33300018310547,7.999100208282471,0.6815192699432373,9.113479614257812
2021-12-28,0.7236999869346619,1.2786999940872192,0.9171599745750427,1.1330032348632812,1.344266653060913,114.79199981689453,8.829719543457031,0.6817998886108398,9.088970184326172
2021-12-29,0.7233999967575073,1.2812999486923218,0.9168999791145325,1.1314777135849,1.3433277606964111,114.77300262451172,8.798100471496582,0.6805600523948669,9.04712963104248
2021-12-30,0.7258790135383606,1.2782599925994873,0.9136000275611877,1.1360150575637817,1.349879264831543,114.947998046875,8.772359848022461,0.6839711666107178,9.02556037902832
2021-12-31,0.7249801754951477,1.274440050125122,0.9136999845504761,1.132502794265747,1.349837303161621,115.06300354003906,8.801630020141602,0.6830414533615112,9.046810150146484
2022-01-03,0.7268181443214417,1.2658799886703491,0.9119750261306763,1.1373459100723267,1.3522284030914307,115.14199829101562,8.794050216674805,0.6840693950653076,9.044739723205566
2022-01-04,0.7197999358177185,1.275130033493042,0.9183300137519836,1.1302244663238525,1.3483266830444336,115.3280029296875,8.863570213317871,0.6789695620536804,9.099650382995605
2022-01-05,0.7238802313804626,1.2704399824142456,0.9162099957466125,1.1283625364303589,1.353143334388733,116.17400360107422,8.851799964904785,0.6813613176345825,9.094200134277344
2022-01-06,0.7220800518989563,1.2760100364685059,0.917389988899231,1.1313496828079224,1.3555645942687988,116.12799835205078,8.8503999710083,0.6793201565742493,9.112350463867188
2022-01-07,0.7162600159645081,1.2730200290679932,0.9214000105857849,1.1296881437301636,1.353363037109375,115.86499786376953,8.88722038269043,0.674040675163269,9.145299911499023
2022-01-10,0.7179111242294312,1.2646900415420532,0.9188399910926819,1.1353960037231445,1.3592311143875122,115.61799621582031,8.836950302124023,0.6775985956192017,9.055569648742676
2022-01-11,0.71809983253479,1.2664999961853027,0.9272000193595886,1.1330417394638062,1.3580313920974731,115.27799987792969,8.853340148925781,0.6766495108604431,9.1002197265625
2022-01-12,0.7209799885749817,1.2577500343322754,0.9235000014305115,1.1366478204727173,1.3633265495300293,115.33100128173828,8.767990112304688,0.678380012512207,9.035420417785645
2022-01-13,0.7282207608222961,1.2501599788665771,0.914139986038208,1.144164800643921,1.3709993362426758,114.67500305175781,8.651579856872559,0.6846923232078552,8.933250427246094
2022-01-14,0.7282260060310364,1.2507799863815308,0.9110400080680847,1.1457115411758423,1.3713659048080444,114.11799621582031,8.704560279846191,0.6861910820007324,8.923179626464844
2022-01-17,0.7216517329216003,1.2542200088500977,0.9144920110702515,1.1410704851150513,1.367353081703186,114.30599975585938,8.774200439453125,0.6808279156684875,9.026049613952637
2022-01-18,0.7210798263549805,1.2515699863433838,0.9139099717140198,1.1410574913024902,1.364800214767456,114.57099914550781,8.712800025939941,0.6797999143600464,9.016850471496582
2022-01-19,0.7187501788139343,1.249750018119812,0.9170699715614319,1.1329647302627563,1.3600261211395264,114.55400085449219,8.805410385131836,0.6771718859672546,9.125860214233398
2022-01-20,0.721700131893158,1.2510900497436523,0.9156000018119812,1.1343399286270142,1.3608589172363281,114.34700012207031,8.775799751281738,0.6780300140380859,9.112099647521973
2022-01-21,0.7217090129852295,1.2500300407409668,0.9168400168418884,1.1313753128051758,1.359767198562622,113.99299621582031,8.8341703414917,0.6750781536102295,9.218759536743164
2022-01-24,0.7187884449958801,1.256100058555603,0.9126399755477905,1.1341469287872314,1.3555830717086792,113.78500366210938,8.898099899291992,0.6722598671913147,9.191069602966309
2022-01-25,0.715449869632721,1.2625499963760376,0.9140899777412415,1.1324130296707153,1.3489269018173218,114.01100158691406,8.960909843444824,0.6704614758491516,9.25471019744873
2022-01-26,0.7158800363540649,1.2615900039672852,0.9177460074424744,1.130454421043396,1.3510775566101074,113.875,8.915619850158691,0.6690887808799744,9.255999565124512
2022-01-27,0.7122999429702759,1.2658499479293823,0.9239490032196045,1.1243535280227661,1.3468012809753418,114.72100067138672,8.938699722290039,0.666058361530304,9.299610137939453
2022-01-28,0.7035500407218933,1.2745699882507324,0.930869996547699,1.1147029399871826,1.3388315439224243,115.35199737548828,8.935990333557129,0.6584405303001404,9.376049995422363
2022-01-31,0.6997998356819153,1.2759100198745728,0.9311299920082092,1.1152374744415283,1.3403388261795044,115.26200103759766,8.989999771118164,0.6551920771598816,9.422189712524414
2022-02-01,0.7068301439285278,1.2717399597167969,0.927079975605011,1.12296462059021,1.3445378541946411,115.12100219726562,8.903300285339355,0.657799482345581,9.33041000366211
2022-02-02,0.7133991122245789,1.2689599990844727,0.9209399819374084,1.1273956298828125,1.352539300918579,114.73600006103516,8.827010154724121,0.6637285947799683,9.232410430908203
2022-02-03,0.7120797634124756,1.2686400413513184,0.9189599752426147,1.1299946308135986,1.3565024137496948,114.38200378417969,8.815790176391602,0.66118985414505,9.20009994506836
2022-02-04,0.7145000696182251,1.2678500413894653,0.9203699827194214,1.14357590675354,1.359841227531433,114.95700073242188,8.717479705810547,0.666640043258667,9.097149848937988
2022-02-07,0.7080298066139221,1.274530053138733,0.9251199960708618,1.145514726638794,1.3533447980880737,115.2239990234375,8.780579566955566,0.6619886159896851,9.142800331115723
2022-02-08,0.7129998207092285,1.2665599584579468,0.9230499863624573,1.1442956924438477,1.353780746459961,115.06300354003906,8.770569801330566,0.663790225982666,9.117799758911133
2022-02-09,0.7145919799804688,1.2705399990081787,0.925000011920929,1.142126202583313,1.3547565937042236,115.53099822998047,8.81840991973877,0.6649501919746399,9.132960319519043
2022-02-10,0.7177411317825317,1.26760995388031,0.9242200255393982,1.142152190208435,1.3533265590667725,115.60199737548828,8.812219619750977,0.667931318283081,9.107560157775879
2022-02-11,0.7161697745323181,1.2732000350952148,0.9256500005722046,1.1415525674819946,1.3551788330078125,116.0469970703125,8.825200080871582,0.6667110919952393,9.313150405883789
2022-02-14,0.7144796252250671,1.2723499536514282,0.9247199892997742,1.1365057229995728,1.3569625616073608,115.58399963378906,8.858799934387207,0.6646682024002075,9.30381965637207
2022-02-15,0.7132098078727722,1.272860050201416,0.9245100021362305,1.1306334733963013,1.3532898426055908,115.53600311279297,8.883139610290527,0.6618002653121948,9.385849952697754
2022-02-16,0.7149087190628052,1.2723699808120728,0.9254400134086609,1.1356796026229858,1.3541145324707031,115.63500213623047,8.900239944458008,0.6640812158584595,9.286319732666016
2022-02-17,0.7194502949714661,1.2695399522781372,0.9215999841690063,1.1375269889831543,1.3584926128387451,115.38700103759766,8.89579963684082,0.6681097745895386,9.274900436401367
2022-02-18,0.71893310546875,1.2704800367355347,0.9196000099182129,1.1366478204727173,1.3618782758712769,114.86599731445312,8.914999961853027,0.6691021919250488,9.320770263671875
2022-02-21,0.7171697616577148,1.2756600379943848,0.9208999872207642,1.131721019744873,1.359342098236084,114.96099853515625,8.975899696350098,0.6689589619636536,9.402199745178223
2022-02-22,0.718450129032135,1.2755999565124512,0.9157099723815918,1.1309658288955688,1.3596007823944092,114.60900115966797,9.00236988067627,0.6695995330810547,9.427639961242676
2022-02-23,0.7226895689964294,1.276710033416748,0.9215599894523621,1.13291335105896,1.3589357137680054,115.09600067138672,8.88976001739502,0.6741815805435181,9.331310272216797
2022-02-24,0.7227997779846191,1.2733900547027588,0.9174200296401978,1.1305694580078125,1.3545730113983154,114.89800262451172,8.89225959777832,0.6770801544189453,9.388310432434082
2022-02-25,0.7160200476646423,1.2809499502182007,0.9258400201797485,1.11906898021698,1.337327480316162,115.57099914550781,8.959759712219238,0.6687889695167542,9.484550476074219
2022-02-28,0.7186489701271057,1.2755199670791626,0.926596999168396,1.118105411529541,1.337327480316162,115.58499908447266,8.925189971923828,0.6693216562271118,9.532469749450684
2022-03-01,0.7262001037597656,1.2666499614715576,0.9175000190734863,1.1215918064117432,1.3422818183898926,115.0780029296875,8.80601978302002,0.6769197583198547,9.454299926757812
2022-03-02,0.7261425852775574,1.2723499536514282,0.9185600280761719,1.1132758855819702,1.3335111141204834,114.83300018310547,8.8720703125,0.6767502427101135,9.62261962890625
2022-03-03,0.729341447353363,1.2646100521087646,0.920520007610321,1.1112345457077026,1.33969247341156,115.51899719238281,8.849780082702637,0.6783018112182617,9.672209739685059
2022-03-04,0.7336999773979187,1.2670300006866455,0.917900025844574,1.1066844463348389,1.3350956439971924,115.4739990234375,8.905240058898926,0.680971622467041,9.742630004882812
2022-03-07,0.7394808530807495,1.2714099884033203,0.9201599955558777,1.087453007698059,1.3212482929229736,114.94999694824219,8.968689918518066,0.6874505877494812,9.921210289001465
2022-03-08,0.7328498363494873,1.2801400423049927,0.9254500269889832,1.0865312814712524,1.3112295866012573,115.37300109863281,9.042280197143555,0.683821439743042,9.98369026184082
2022-03-09,0.7267916798591614,1.2889000177383423,0.9295600056648254,1.0898232460021973,1.3099292516708374,115.72200012207031,8.97661018371582,0.6804294586181641,9.939000129699707
2022-03-10,0.731689989566803,1.2798500061035156,0.9264900088310242,1.107382893562317,1.3185653686523438,115.90899658203125,8.908610343933105,0.6838401556015015,9.667909622192383
2022-03-11,0.7365999817848206,1.275589942932129,0.9293799996376038,1.1013944149017334,1.3103240728378296,116.17900085449219,8.925880432128906,0.6874411702156067,9.656559944152832
2022-03-14,0.72965008020401,1.2735400199890137,0.9347699880599976,1.093206763267517,1.3050298690795898,117.52899932861328,8.99155044555664,0.6812685132026672,9.722439765930176
2022-03-15,0.71986985206604,1.2821099758148193,0.9383000135421753,1.0943193435668945,1.3011853694915771,118.21800231933594,9.037400245666504,0.674900472164154,9.616999626159668
2022-03-16,0.7191000580787659,1.2768800258636475,0.940779983997345,1.0969363451004028,1.304648518562317,118.29199981689453,8.99407958984375,0.6762194037437439,9.598099708557129
2022-03-17,0.7288799285888672,1.2686799764633179,0.9415599703788757,1.1021955013275146,1.3141123056411743,118.87000274658203,8.895139694213867,0.6830694675445557,9.41038990020752
2022-03-18,0.738099992275238,1.263159990310669,0.936020016670227,1.1099518537521362,1.3160406351089478,118.48600006103516,8.782699584960938,0.6892321705818176,9.413330078125
2022-03-21,0.7409987449645996,1.2605799436569214,0.9329299926757812,1.1043134927749634,1.3160839080810547,119.26300048828125,8.750929832458496,0.689869225025177,9.421119689941406
2022-03-22,0.7395793199539185,1.2588000297546387,0.9338799715042114,1.101722002029419,1.3168290853500366,119.59400177001953,8.733400344848633,0.6879708170890808,9.479009628295898
2022-03-23,0.7462301850318909,1.2582800388336182,0.9334099888801575,1.1029735803604126,1.3266470432281494,121.33999633789062,8.753800392150879,0.6964321732521057,9.4414701461792
2022-03-24,0.7499175071716309,1.2559200525283813,0.9307199716567993,1.1006306409835815,1.3206027746200562,121.12699890136719,8.670849800109863,0.6976322531700134,9.433300018310547
2022-03-25,0.7514277100563049,1.2520400285720825,0.9294899702072144,1.1009578704833984,1.3195745944976807,122.34600067138672,8.661109924316406,0.696548581123352,9.38914966583252
2022-03-28,0.7518231272697449,1.248710036277771,0.9312700033187866,1.098189115524292,1.317627191543579,122.2699966430664,8.623970031738281,0.6957489848136902,9.412839889526367
2022-03-29,0.7499501705169678,1.2518199682235718,0.9336699843406677,1.0993843078613281,1.3103584051132202,123.66000366210938,8.701899528503418,0.6907795071601868,9.481889724731445
2022-03-30,0.7514672875404358,1.2497899532318115,0.9311500191688538,1.1091516017913818,1.3093804121017456,123.125,8.662579536437988,0.6943190693855286,9.324020385742188
2022-03-31,0.7503001093864441,1.24822998046875,0.9229699969291687,1.1161835193634033,1.3138878345489502,122.02100372314453,8.560290336608887,0.6970681548118591,9.235610008239746
2022-04-01,0.7491927742958069,1.2498500347137451,0.9231899976730347,1.1072357892990112,1.314699649810791,121.75599670410156,8.782520294189453,0.6934000253677368,9.372699737548828
2022-04-04,0.7486487030982971,1.2526500225067139,0.9258999824523926,1.1047282218933105,1.3103755712509155,122.61000061035156,8.754850387573242,0.6907699704170227,9.369000434875488
2022-04-05,0.7543901801109314,1.2486200332641602,0.9261999726295471,1.0975863933563232,1.3114582300186157,122.80899810791016,8.709989547729492,0.6948497891426086,9.420599937438965
2022-04-06,0.7585699558258057,1.2484400272369385,0.9296000003814697,1.090643286705017,1.3077365159988403,123.65599822998047,8.763899803161621,0.6947677135467529,9.423700332641602
2022-04-07,0.7505084872245789,1.2563799619674683,0.9330499768257141,1.0898232460021973,1.307206630706787,123.7229995727539,8.802000045776367,0.6911519169807434,9.485489845275879
2022-04-08,0.7478480935096741,1.2586699724197388,0.9344800114631653,1.0864840745925903,1.3069332838058472,124.09600067138672,8.809720039367676,0.6884918212890625,9.462650299072266
2022-04-11,0.7446514964103699,1.257599949836731,0.9342399835586548,1.0884946584701538,1.303220272064209,124.38500213623047,8.70580005645752,0.6835409998893738,9.438770294189453
2022-04-12,0.7415317296981812,1.264009952545166,0.9312999844551086,1.0877959728240967,1.3024225234985352,125.47200012207031,8.813220024108887,0.6817794442176819,9.511730194091797
2022-04-13,0.7454997897148132,1.2634400129318237,0.932640016078949,1.0826143026351929,1.3002548217773438,125.41600036621094,8.763019561767578,0.6856500506401062,9.520790100097656
2022-04-14,0.7451497912406921,1.2566200494766235,0.9338499903678894,1.089656949043274,1.312026023864746,125.37699890136719,8.744400024414062,0.6800777912139893,9.468099594116211
2022-04-15,0.7410151958465576,1.2603000402450562,0.9429100155830383,1.0820988416671753,1.3070015907287598,126.17900085449219,8.76099967956543,0.6783432364463806,9.52614974975586
2022-04-18,0.7393824458122253,1.2615000009536743,0.9423400163650513,1.081525444984436,1.3057557344436646,126.61799621582031,8.799200057983398,0.6760411262512207,9.56509017944336
2022-04-19,0.7357593774795532,1.2600200176239014,0.944599986076355,1.0781787633895874,1.3009822368621826,127.0979995727539,8.837050437927246,0.673632025718689,9.592000007629395
2022-04-20,0.7393988370895386,1.2603700160980225,0.9520599842071533,1.0794472694396973,1.301371693611145,129.33299255371094,8.825039863586426,0.6746591329574585,9.531649589538574
2022-04-21,0.7446997761726379,1.2486200332641602,0.9490000009536743,1.0849870443344116,1.3068820238113403,128.01300048828125,8.804169654846191,0.6783478260040283,9.42908000946045
2022-04-22,0.7361114025115967,1.2589099407196045,0.9537000060081482,1.0835175514221191,1.302626132965088,128.4080047607422,8.89175033569336,0.6724497079849243,9.511630058288574
2022-04-25,0.7236937284469604,1.2720999717712402,0.9556000232696533,1.0811045169830322,1.2830876111984253,128.60499572753906,8.94279956817627,0.6625105142593384,9.5246000289917
2022-04-26,0.717849850654602,1.2735600471496582,0.9582899808883667,1.0714209079742432,1.2739989757537842,127.74400329589844,9.118419647216797,0.6618615388870239,9.712089538574219
2022-04-27,0.714600145816803,1.2806099653244019,0.9622300267219543,1.0643619298934937,1.2583998441696167,127.26599884033203,9.230779647827148,0.6575616598129272,9.837900161743164
2022-04-28,0.7125704288482666,1.2813999652862549,0.9686700105667114,1.0555092096328735,1.2541857957839966,128.3939971923828,9.320980072021484,0.6542190313339233,9.825699806213379
2022-04-29,0.710883617401123,1.280460000038147,0.9717000126838684,1.0504201650619507,1.2463854551315308,130.81100463867188,9.411499977111816,0.6493085026741028,9.88329029083252
2022-05-02,0.7065390348434448,1.2853000164031982,0.9741700291633606,1.0535964965820312,1.2573871612548828,130.01100158691406,9.390199661254883,0.6456194519996643,9.819199562072754
2022-05-03,0.7050997614860535,1.2874000072479248,0.977840006351471,1.0509058237075806,1.2498282194137573,130.11199951171875,9.428689956665039,0.6441307067871094,9.899419784545898
2022-05-04,0.7103786468505859,1.2833800315856934,0.9787600040435791,1.0528532266616821,1.2500405311584473,130.11599731445312,9.393400192260742,0.643430233001709,9.850500106811523
2022-05-05,0.7252898812294006,1.2737200260162354,0.9731900095939636,1.0622477531433105,1.261813759803772,129.22300720214844,9.228050231933594,0.6551019549369812,9.728249549865723
2022-05-06,0.712100088596344,1.2826999425888062,0.9851999878883362,1.0539740324020386,1.2364147901535034,130.3300018310547,9.482999801635742,0.6430289149284363,9.945099830627441
2022-05-09,0.7046997547149658,1.2918200492858887,0.989329993724823,1.053219199180603,1.2326656579971313,130.74899291992188,9.523300170898438,0.6389204859733582,9.971590042114258
2022-05-10,0.6957392692565918,1.3008400201797485,0.9926999807357788,1.056579828262329,1.2338824272155762,130.3769989013672,9.655380249023438,0.6323590874671936,10.074440002441406
2022-05-11,0.693600058555603,1.3031200170516968,0.9957000017166138,1.0532968044281006,1.2309207916259766,130.3509979248047,9.730500221252441,0.6289980411529541,10.060990333557129
2022-05-12,0.692750096321106,1.2994400262832642,0.9944599866867065,1.05124831199646,1.2234212160110474,129.8350067138672,9.748800277709961,0.6284801959991455,10.077899932861328
2022-05-13,0.6871907711029053,1.3023099899291992,1.0030499696731567,1.0379581451416016,1.220613718032837,128.58799743652344,9.862449645996094,0.6247188448905945,10.154600143432617
2022-05-16,0.6946181058883667,1.2906999588012695,1.0022300481796265,1.0400632619857788,1.2258507013320923,129.4320068359375,9.765049934387207,0.6288912296295166,10.06760025024414
2022-05-17,0.6972820162773132,1.284999966621399,1.0017199516296387,1.0438958406448364,1.2324832677841187,128.92300415039062,9.763799667358398,0.6311417818069458,10.056940078735352
2022-05-18,0.7032843232154846,1.280809998512268,0.9937999844551086,1.0547856092453003,1.2484394311904907,129.45399475097656,9.656740188598633,0.6359097957611084,9.925399780273438
2022-05-19,0.695900022983551,1.2884199619293213,0.9871399998664856,1.0472739934921265,1.2345831394195557,127.91400146484375,9.878620147705078,0.6295603513717651,10.046500205993652
2022-05-20,0.7041500210762024,1.2819600105285645,0.9721800088882446,1.057898759841919,1.2462146282196045,127.83200073242188,9.694000244140625,0.6381499171257019,9.92471981048584
2022-05-23,0.7062894701957703,1.2812000513076782,0.9749900102615356,1.0569819211959839,1.2504063844680786,127.90299987792969,9.72439956665039,0.6421493887901306,9.933850288391113
2022-05-24,0.7088980674743652,1.2787100076675415,0.9659500122070312,1.0682048797607422,1.256754994392395,127.84600067138672,9.60785961151123,0.6447494626045227,9.826390266418457
2022-05-25,0.7103200554847717,1.2822400331497192,0.9602000117301941,1.0736525058746338,1.2542959451675415,126.76899719238281,9.558300018310547,0.6448908448219299,9.7575101852417
2022-05-26,0.708939790725708,1.2820199728012085,0.9615300297737122,1.0686614513397217,1.258610486984253,127.1520004272461,9.565950393676758,0.6479789614677429,9.858799934387207
2022-05-27,0.7098793983459473,1.2773000001907349,0.9585599899291992,1.0732953548431396,1.261734127998352,127.04499816894531,9.518269538879395,0.6482393741607666,9.857930183410645
2022-05-30,0.7162810564041138,1.2723699808120728,0.9578499794006348,1.0731456279754639,1.262833595275879,127.28500366210938,9.455400466918945,0.6534098386764526,9.820899963378906
2022-05-31,0.7195202112197876,1.2655199766159058,0.9582300186157227,1.0773539543151855,1.2647020816802979,127.78399658203125,9.403169631958008,0.6558279991149902,9.746450424194336
2022-06-01,0.7182618379592896,1.2639000415802002,0.9595199823379517,1.0734105110168457,1.2608909606933594,128.73599243164062,9.350799560546875,0.6518607139587402,9.743289947509766
2022-06-02,0.7173600792884827,1.2665300369262695,0.963100016117096,1.0654165744781494,1.2483147382736206,130.1219940185547,9.48069953918457,0.6480587720870972,9.845999717712402
2022-06-03,0.726900041103363,1.2569799423217773,0.9574400186538696,1.0751069784164429,1.2579249143600464,129.91799926757812,9.362299919128418,0.6560388207435608,9.694669723510742
2022-06-06,0.7204922437667847,1.258489966392517,0.9622600078582764,1.0726046562194824,1.249230146408081,130.70700073242188,9.428580284118652,0.6509103178977966,9.764399528503418
2022-06-07,0.7188607454299927,1.2580000162124634,0.9713000059127808,1.0691413879394531,1.2523481845855713,132.17599487304688,9.42553997039795,0.6485589146614075,9.795299530029297
2022-06-08,0.7220602631568909,1.253659963607788,0.9734899997711182,1.0698620080947876,1.2587324380874634,132.8470001220703,9.457859992980957,0.6480713486671448,9.793350219726562
2022-06-09,0.7186489701271057,1.2552000284194946,0.9788399934768677,1.071765422821045,1.254028558731079,134.42999267578125,9.474800109863281,0.6443713903427124,9.82229995727539
2022-06-10,0.7098188996315002,1.2702699899673462,0.980400025844574,1.0619205236434937,1.2492972612380981,134.41799926757812,9.581259727478027,0.6385695934295654,9.905380249023438
2022-06-13,0.7018282413482666,1.2797600030899048,0.9894499778747559,1.0489987134933472,1.2274909019470215,134.81399536132812,9.779589653015137,0.6337296366691589,10.0549898147583
2022-06-14,0.6941600441932678,1.2890000343322754,0.9966650009155273,1.0415147542953491,1.2144765853881836,134.22500610351562,9.903209686279297,0.6275415420532227,10.185720443725586
2022-06-15,0.6889899373054504,1.2944799661636353,0.9994999766349792,1.0440592765808105,1.201258897781372,135.29400634765625,9.989729881286621,0.6226804852485657,10.176609992980957
2022-06-16,0.7016903758049011,1.2873400449752808,0.9946200251579285,1.0456204414367676,1.2174336910247803,134.11500549316406,9.92549991607666,0.6292592883110046,10.16681957244873
2022-06-17,0.704049825668335,1.2953799962997437,0.9667400121688843,1.0546854734420776,1.2354830503463745,132.42100524902344,9.956990242004395,0.6360716223716736,10.150639533996582
2022-06-20,0.6953000426292419,1.3000500202178955,0.9695600271224976,1.049141764640808,1.2228227853775024,135.2760009765625,9.987890243530273,0.632559061050415,10.179539680480957
2022-06-21,0.6969500780105591,1.2981799840927124,0.9671000242233276,1.0520778894424438,1.225174903869629,135.08700561523438,9.884360313415527,0.6337416768074036,10.106069564819336
2022-06-22,0.6961801052093506,1.2931900024414062,0.9660199880599976,1.053263545036316,1.2266627550125122,136.2689971923828,9.844900131225586,0.631780207157135,10.10651969909668
2022-06-23,0.6905218958854675,1.2963800430297852,0.9617499709129333,1.0564124584197998,1.225084900856018,136.0240020751953,9.911149978637695,0.6271007657051086,10.104479789733887
2022-06-24,0.6903502941131592,1.2987099885940552,0.961359977722168,1.052011489868164,1.2260762453079224,134.83999633789062,9.974869728088379,0.6286184787750244,10.172200202941895
2022-06-27,0.6943383812904358,1.2897100448608398,0.95728999376297,1.0566133260726929,1.228244662284851,135.06199645996094,9.83899974822998,0.6314287781715393,10.117280006408691
2022-06-28,0.6922522783279419,1.2869000434875488,0.9561600089073181,1.0580891370773315,1.2267379760742188,135.43499755859375,9.792460441589355,0.6294097900390625,10.084569931030273
2022-06-29,0.6904398798942566,1.2872999906539917,0.9566900134086609,1.0523545742034912,1.2189769744873047,136.0469970703125,9.815380096435547,0.6237096786499023,10.142210006713867
2022-06-30,0.6880465745925903,1.2883299589157104,0.9541800022125244,1.04465913772583,1.2131799459457397,136.58900451660156,9.88539981842041,0.6225099563598633,10.218179702758789
2022-07-01,0.6897598505020142,1.287369966506958,0.9550899863243103,1.0477677583694458,1.2160863876342773,135.78599548339844,9.840239524841309,0.6240288615226746,10.232669830322266
2022-07-04,0.6815796494483948,1.288599967956543,0.9584000110626221,1.0433948040008545,1.2102727890014648,135.04299926757812,9.966699600219727,0.6208789348602295,10.297200202941895
2022-07-05,0.6873797178268433,1.285730004310608,0.9608299732208252,1.0433186292648315,1.211445689201355,135.83999633789062,9.816929817199707,0.6215696930885315,10.33257007598877
2022-07-06,0.6793201565742493,1.3034800291061401,0.9684979915618896,1.0257673263549805,1.19491446018219,135.52099609375,10.063340187072754,0.6165912747383118,10.516249656677246
2022-07-07,0.6786000728607178,1.3034000396728516,0.9702000021934509,1.0186411142349243,1.1923214197158813,135.96600341796875,10.131400108337402,0.6155001521110535,10.538649559020996
2022-07-08,0.6849000453948975,1.2965999841690063,0.973800003528595,1.0169836282730103,1.2028049230575562,135.91299438476562,10.070329666137695,0.6179094910621643,10.515299797058105
2022-07-11,0.6845798492431641,1.294700026512146,0.9777299761772156,1.0166114568710327,1.2016630172729492,136.30099487304688,10.038100242614746,0.6186090111732483,10.536709785461426
2022-07-12,0.6743316054344177,1.2994799613952637,0.9827399849891663,1.004752516746521,1.1900936365127563,137.38800048828125,10.195300102233887,0.6122311353683472,10.61443042755127
2022-07-13,0.674700140953064,1.303130030632019,0.9818699955940247,1.0033109188079834,1.1877753734588623,136.7259979248047,10.257909774780273,0.612321138381958,10.564000129699707
2022-07-14,0.6732302308082581,1.300089955329895,0.9807999730110168,1.0032706260681152,1.186380386352539,137.6280059814453,10.228919982910156,0.6108586192131042,10.586250305175781
2022-07-15,0.6754885315895081,1.3107999563217163,0.9829999804496765,1.0025665760040283,1.1839643716812134,138.9669952392578,10.225000381469727,0.6130305528640747,10.572580337524414
2022-07-18,0.6814774870872498,1.3009400367736816,0.975600004196167,1.009631872177124,1.1888344287872314,138.31399536132812,10.168120384216309,0.6189689040184021,10.463600158691406
2022-07-19,0.6810198426246643,1.2981300354003906,0.9775000214576721,1.0145177841186523,1.194828748703003,138.22900390625,10.079839706420898,0.6153202652931213,10.380610466003418
2022-07-20,0.6897978782653809,1.2870899438858032,0.9688000082969666,1.0231330394744873,1.2003505229949951,138.1909942626953,9.901029586791992,0.6233597993850708,10.224539756774902
2022-07-21,0.6887384057044983,1.2883000373840332,0.9714699983596802,1.0182781219482422,1.1971746683120728,138.39500427246094,9.969200134277344,0.6225215792655945,10.240530014038086
2022-07-22,0.692290186882019,1.2877999544143677,0.9661999940872192,1.0221081972122192,1.1996161937713623,137.09800720214844,9.9447603225708,0.6243990063667297,10.195549964904785
2022-07-25,0.6904694437980652,1.2924599647521973,0.9629999995231628,1.0200231075286865,1.1986957788467407,136.31199645996094,9.90999984741211,0.6233908534049988,10.225299835205078
2022-07-26,0.6951202750205994,1.2850699424743652,0.9642900228500366,1.022494912147522,1.2055164575576782,136.43099975585938,9.832900047302246,0.625840961933136,10.18235969543457
2022-07-27,0.6947387456893921,1.287369966506958,0.9622399806976318,1.0129557847976685,1.2036880254745483,136.97000122070312,9.886679649353027,0.624130129814148,10.307499885559082
2022-07-28,0.6994900107383728,1.2817100286483765,0.9581900238990784,1.0209290981292725,1.2163082361221313,136.11099243164062,9.727250099182129,0.6260290145874023,10.2191801071167
2022-07-29,0.7000839710235596,1.2806999683380127,0.9544199705123901,1.0192328691482544,1.2173447608947754,134.39700317382812,9.730389595031738,0.6295682787895203,10.204839706420898
2022-08-01,0.6971215605735779,1.281559944152832,0.9530699849128723,1.0208247900009155,1.2167373895645142,133.40699768066406,9.685529708862305,0.6279119849205017,10.16940975189209
2022-08-02,0.7023902535438538,1.284309983253479,0.9501000046730042,1.0261356830596924,1.2254151105880737,131.57200622558594,9.635430335998535,0.6331799030303955,10.118160247802734
2022-08-03,0.6890298128128052,1.288789987564087,0.9584800004959106,1.015568733215332,1.2142995595932007,133.37899780273438,9.780389785766602,0.6221303939819336,10.255229949951172
2022-08-04,0.693899929523468,1.2853599786758423,0.9611899852752686,1.015764594078064,1.2138278484344482,133.96200561523438,9.716690063476562,0.6267392039299011,10.2181396484375
2022-08-05,0.6959198713302612,1.287019968032837,0.9540799856185913,1.024779200553894,1.215849757194519,132.62100219726562,9.721309661865234,0.6297110319137573,10.106030464172363
2022-08-08,0.6902502179145813,1.294450044631958,0.9622399806976318,1.0170871019363403,1.2059526443481445,135.0570068359375,9.831299781799316,0.6239704489707947,10.204999923706055
2022-08-09,0.6987700462341309,1.2856999635696411,0.9548799991607666,1.0197629928588867,1.208473801612854,134.83999633789062,9.718040466308594,0.6289387345314026,10.126090049743652
2022-08-10,0.6957005858421326,1.2885899543762207,0.9541699886322021,1.0208144187927246,1.207423210144043,135.18699645996094,9.722990036010742,0.6285789608955383,10.16250991821289
2022-08-11,0.7078142762184143,1.277400016784668,0.942300021648407,1.0300782918930054,1.2212995290756226,132.8300018310547,9.513899803161621,0.64063960313797,10.043009757995605
2022-08-12,0.7102898359298706,1.2762900590896606,0.94132000207901,1.0316723585128784,1.2196162939071655,132.99400329589844,9.51990032196045,0.6434219479560852,10.06029987335205
2022-08-15,0.7116677761077881,1.2779500484466553,0.9417999982833862,1.0256409645080566,1.2127974033355713,133.28799438476562,9.588170051574707,0.6449490785598755,10.204540252685547
2022-08-16,0.7020002603530884,1.2903599739074707,0.9459599852561951,1.0161981582641602,1.205690860748291,133.14300537109375,9.701000213623047,0.6362901926040649,10.325929641723633
2022-08-17,0.7019400596618652,1.284540057182312,0.9496600031852722,1.0170663595199585,1.209818959236145,134.27699279785156,9.663649559020996,0.6343407034873962,10.334210395812988
2022-08-18,0.693040132522583,1.2917799949645996,0.9513400197029114,1.0180189609527588,1.2045146226882935,134.94400024414062,9.708200454711914,0.6276084780693054,10.391599655151367
2022-08-19,0.691119909286499,1.2947100400924683,0.9565899968147278,1.0089900493621826,1.193274736404419,135.7949981689453,9.72976016998291,0.6245003938674927,10.506730079650879
2022-08-22,0.6877105832099915,1.300029993057251,0.9588000178337097,1.0035223960876465,1.1818095445632935,137.04100036621094,9.815799713134766,0.6176198124885559,10.595239639282227
2022-08-23,0.6878700256347656,1.3048100471496582,0.9643999934196472,0.9939467906951904,1.1766505241394043,137.54600524902344,9.81935977935791,0.6176690459251404,10.70680046081543
2022-08-24,0.6923002004623413,1.295799970626831,0.9643800258636475,0.9966909885406494,1.18327796459198,136.73300170898438,9.700940132141113,0.620728611946106,10.630120277404785
2022-08-25,0.6907985806465149,1.297029972076416,0.9664599895477295,0.9969095587730408,1.1791757345199585,137.08099365234375,9.699999809265137,0.6181692481040955,10.609399795532227
2022-08-26,0.6963981986045837,1.2937599420547485,0.9636499881744385,0.9971283078193665,1.1824007034301758,136.56300354003906,9.662449836730957,0.6216701865196228,10.581450462341309
2022-08-29,0.6866905689239502,1.306130051612854,0.968500018119812,0.993867814540863,1.1694538593292236,137.52000427246094,9.791290283203125,0.6112992763519287,10.645480155944824
2022-08-30,0.6907508373260498,1.300130009651184,0.9671199917793274,1.0014019012451172,1.172250509262085,138.5959930419922,9.732999801635742,0.6160708069801331,10.651399612426758
2022-08-31,0.6857398152351379,1.3089499473571777,0.9739199876785278,1.0025062561035156,1.1659767627716064,138.73399353027344,9.807609558105469,0.6132185459136963,10.669059753417969
2022-09-01,0.6828502416610718,1.3141200542449951,0.9790700078010559,1.003905177116394,1.1598505973815918,139.29600524902344,9.950130462646484,0.6111199259757996,10.67531967163086
2022-09-02,0.6795302033424377,1.3144999742507935,0.9812899827957153,0.995232880115509,1.154894471168518,140.08099365234375,10.045129776000977,0.6084908843040466,10.787890434265137
2022-09-05,0.6790295243263245,1.31427001953125,0.9833499789237976,0.9909427762031555,1.1474601030349731,140.48699951171875,10.060859680175781,0.6086316108703613,10.830900192260742
2022-09-06,0.6813998818397522,1.3128999471664429,0.9783999919891357,0.9952229857444763,1.156644344329834,140.42999267578125,9.94102954864502,0.6105490922927856,10.781780242919922
2022-09-07,0.6730109453201294,1.3153799772262573,0.9845200181007385,0.9897951483726501,1.151185154914856,143.1510009765625,10.032119750976562,0.6033000349998474,10.801400184631348
2022-09-08,0.6751401424407959,1.3129899501800537,0.9769600033760071,0.9995701909065247,1.1519808769226074,144.1280059814453,10.013299942016602,0.6062516570091248,10.702779769897461
2022-09-09,0.6765899658203125,1.3080799579620361,0.9686499834060669,1.0012015104293823,1.1521600484848022,143.8560028076172,10.026260375976562,0.6070399284362793,10.694729804992676
2022-09-12,0.6846998333930969,1.302299976348877,0.9599199891090393,1.0071406364440918,1.1619395017623901,142.5959930419922,9.865400314331055,0.611291766166687,10.579350471496582
2022-09-13,0.689398467540741,1.2979899644851685,0.9527999758720398,1.0129557847976685,1.1689754724502563,142.5850067138672,9.8371000289917,0.6146697402000427,10.475379943847656
2022-09-14,0.6743001937866211,1.3162599802017212,0.9603300094604492,0.9982032775878906,1.1506155729293823,144.4040069580078,10.093310356140137,0.6005104780197144,10.683699607849121
2022-09-15,0.6751797795295715,1.3160500526428223,0.9618939757347107,0.9984025359153748,1.1544944047927856,142.92300415039062,10.08584976196289,0.6016883254051208,10.691530227661133
2022-09-16,0.6687299013137817,1.3246999979019165,0.9617999792098999,0.9988313317298889,1.1452654600143433,143.36500549316406,10.184020042419434,0.595770001411438,10.742449760437012
2022-09-19,0.6726998686790466,1.325819969177246,0.9632099866867065,1.002234935760498,1.1433144807815552,142.76499938964844,10.179900169372559,0.5995599627494812,10.733699798583984
2022-09-20,0.6733698844909668,1.3243399858474731,0.9640899896621704,1.0029587745666504,1.1443217992782593,143.22300720214844,10.203700065612793,0.5966800451278687,10.763349533081055
2022-09-21,0.6694202423095703,1.336300015449524,0.963699996471405,0.997078537940979,1.138057827949524,143.6020050048828,10.332090377807617,0.5901898741722107,10.891400337219238
2022-09-22,0.661010205745697,1.3478699922561646,0.9679399728775024,0.983071506023407,1.1255937814712524,144.3159942626953,10.365050315856934,0.5829408168792725,11.09274959564209
2022-09-23,0.66454017162323,1.3471100330352783,0.9757000207901001,0.9841550588607788,1.126417875289917,142.27999877929688,10.397600173950195,0.5848295092582703,11.064499855041504
2022-09-26,0.653069794178009,1.3580800294876099,0.9824100136756897,0.968992292881012,1.0797386169433594,143.51100158691406,10.588910102844238,0.5741912722587585,11.296979904174805
2022-09-27,0.6476000547409058,1.3710600137710571,0.9921299815177917,0.9623712301254272,1.077284336090088,144.45899963378906,10.784899711608887,0.5665497779846191,11.320690155029297
2022-09-28,0.6438001394271851,1.372249960899353,0.9915199875831604,0.9596191644668579,1.072754144668579,144.6909942626953,10.791449546813965,0.5631391406059265,11.361200332641602
2022-09-29,0.6504995822906494,1.3627899885177612,0.977620005607605,0.9708172082901001,1.0835996866226196,144.3979949951172,10.696599960327148,0.5718501210212708,11.225529670715332
2022-09-30,0.6512998938560486,1.3674499988555908,0.9749299883842468,0.9829555749893188,1.1169440746307373,144.43099975585938,10.67590045928955,0.5742308497428894,11.137189865112305
2022-10-03,0.6420958042144775,1.378730058670044,0.9856500029563904,0.9792688488960266,1.114057183265686,144.8159942626953,10.87339973449707,0.5618608593940735,11.100350379943848
2022-10-04,0.6501798629760742,1.3628100156784058,0.9925600290298462,0.9832068681716919,1.1334141492843628,144.5189971923828,10.638299942016602,0.5719612836837769,11.00331974029541
2022-10-05,0.6514102220535278,1.350540041923523,0.9786900281906128,0.998432457447052,1.1451343297958374,143.78700256347656,10.440400123596191,0.5737300515174866,10.847800254821777
2022-10-06,0.651269793510437,1.359779953956604,0.9813200235366821,0.9910998940467834,1.13553786277771,144.44900512695312,10.482830047607422,0.5776006579399109,10.921870231628418
2022-10-07,0.6414409279823303,1.3740999698638916,0.9899700284004211,0.9789045453071594,1.1162084341049194,145.03900146484375,10.72208023071289,0.566068708896637,11.139579772949219
2022-10-10,0.6369832158088684,1.3732099533081055,0.9945600032806396,0.9735012650489807,1.1072726249694824,145.48199462890625,10.703849792480469,0.56067955493927,11.226320266723633
2022-10-11,0.6294810771942139,1.377500057220459,0.9995099902153015,0.9710057377815247,1.1076405048370361,145.6739959716797,10.674200057983398,0.5572396516799927,11.294249534606934
2022-10-12,0.6266409754753113,1.3791500329971313,0.9976000189781189,0.9700167775154114,1.0967799425125122,145.8699951171875,10.753910064697266,0.5584813952445984,11.348050117492676
2022-10-13,0.6277306079864502,1.3815699815750122,0.9973899722099304,0.9707984328269958,1.11055588722229,146.73699951171875,10.762619972229004,0.561138927936554,11.327690124511719
2022-10-14,0.630099892616272,1.3760099411010742,1.0014100074768066,0.975134015083313,1.1303905248641968,147.29299926757812,10.579110145568848,0.5639108419418335,11.246620178222656
2022-10-17,0.6223937273025513,1.3854999542236328,1.0036699771881104,0.973937451839447,1.124416708946228,148.6320037841797,10.640299797058105,0.5576000809669495,11.273699760437012
2022-10-18,0.6298815608024597,1.3712899684906006,0.9955000281333923,0.9846396446228027,1.1353960037231445,148.9709930419922,10.51550006866455,0.5656684637069702,11.129859924316406
2022-10-19,0.6316401362419128,1.3726199865341187,0.9936800003051758,0.9863878488540649,1.134429931640625,149.20899963378906,10.53672981262207,0.5694792866706848,11.07172966003418
2022-10-20,0.6263701915740967,1.3772799968719482,1.0048099756240845,0.9766482710838318,1.1211013793945312,149.8209991455078,10.623530387878418,0.566270649433136,11.2247896194458
2022-10-21,0.6274706721305847,1.3777300119400024,1.0038100481033325,0.9778899550437927,1.1221455335617065,150.17599487304688,10.6664400100708,0.5669191479682922,11.269740104675293
2022-10-24,0.6371902227401733,1.3646199703216553,0.9978799819946289,0.9860085844993591,1.1344685554504395,147.81900024414062,10.497249603271484,0.5763987898826599,11.190389633178711
2022-10-25,0.6329598426818848,1.3695199489593506,0.9994000196456909,0.9886503219604492,1.1307740211486816,148.88699340820312,10.496760368347168,0.5704994797706604,11.143919944763184
2022-10-26,0.6385700106620789,1.3616700172424316,0.9946699738502502,0.9963731169700623,1.146223783493042,147.97999572753906,10.3996000289917,0.5743198990821838,10.967229843139648
2022-10-27,0.6493498086929321,1.3552000522613525,0.985010027885437,1.009193778038025,1.1638191938400269,146.13400268554688,10.23114013671875,0.5839995741844177,10.840229988098145
2022-10-28,0.6450905799865723,1.3564499616622925,0.9904400110244751,0.9967803955078125,1.1566041707992554,146.2740020751953,10.270159721374512,0.5828015208244324,10.955699920654297
2022-10-31,0.6401310563087463,1.3608100414276123,0.9964100122451782,0.9955002665519714,1.159595012664795,147.81199645996094,10.316120147705078,0.5801911354064941,10.965840339660645
2022-11-01,0.6409898996353149,1.3610700368881226,1.0014100074768066,0.9886307716369629,1.146815299987793,148.73699951171875,10.381420135498047,0.5825197100639343,11.018019676208496
2022-11-02,0.6396700143814087,1.361799955368042,0.9997000098228455,0.9877909421920776,1.1489498615264893,147.9149932861328,10.345990180969238,0.5847885012626648,11.007590293884277
2022-11-03,0.6338501572608948,1.3715200424194336,1.0032800436019897,0.9814409017562866,1.1384334564208984,147.89199829101562,10.461629867553711,0.5813412666320801,11.109219551086426
2022-11-04,0.6288517117500305,1.3742400407791138,1.0134199857711792,0.9749630093574524,1.1171187162399292,148.39300537109375,10.57841968536377,0.5769208669662476,11.189499855041504
2022-11-07,0.6439315676689148,1.3512500524520874,0.9967399835586548,0.9928810596466064,1.1331573724746704,146.84100341796875,10.256369590759277,0.5894210338592529,10.93196964263916
2022-11-08,0.6474796533584595,1.3493499755859375,0.9888799786567688,1.0018634796142578,1.1517950296401978,146.62399291992188,10.220800399780273,0.5940182209014893,10.843600273132324
2022-11-09,0.65091872215271,1.341539978981018,0.9844499826431274,1.008084774017334,1.1552680730819702,145.2949981689453,10.227999687194824,0.5963206887245178,10.747380256652832
2022-11-10,0.6434178352355957,1.3526500463485718,0.9835000038146973,1.0019538402557373,1.1368157863616943,146.20899963378906,10.36989974975586,0.5886300206184387,10.877699851989746
2022-11-11,0.6606900691986084,1.333150029182434,0.9649099707603455,1.0192224979400635,1.1695632934570312,141.73399353027344,10.099969863891602,0.6017788648605347,10.59574031829834
2022-11-14,0.6698821187019348,1.3253999948501587,0.9440500140190125,1.0328551530838013,1.1799131631851196,139.55299377441406,9.925299644470215,0.610530436038971,10.39507007598877
2022-11-15,0.669189989566803,1.3324700593948364,0.9431999921798706,1.0319278240203857,1.175249695777893,140.11500549316406,10.036860466003418,0.6089985370635986,10.489720344543457
2022-11-16,0.6769499778747559,1.3273500204086304,0.9429100155830383,1.0357863903045654,1.1880435943603516,138.96499633789062,9.97931957244873,0.6165608167648315,10.459400177001953
2022-11-17,0.6739497780799866,1.333549976348877,0.944379985332489,1.0395010709762573,1.191525936126709,139.32200622558594,9.999750137329102,0.6150288581848145,10.484640121459961
2022-11-18,0.6689200401306152,1.3321399688720703,0.9526799917221069,1.036172866821289,1.1860145330429077,140.41200256347656,10.118229866027832,0.6128915548324585,10.595219612121582
2022-11-21,0.6682080030441284,1.337689995765686,0.9533299803733826,1.0330898761749268,1.1886366605758667,140.2530059814453,10.150050163269043,0.6167814135551453,10.624449729919434
2022-11-22,0.6607800126075745,1.3446300029754639,0.9584299921989441,1.0245691537857056,1.1827600002288818,142.09800720214844,10.249320030212402,0.6098490357398987,10.70164966583252
2022-11-23,0.66498202085495,1.3362499475479126,0.9510899782180786,1.0311086177825928,1.1894567012786865,141.15499877929688,10.096540451049805,0.6156498193740845,10.627860069274902
2022-11-24,0.6743502020835876,1.3343600034713745,0.9406999945640564,1.0416233539581299,1.2073503732681274,139.2779998779297,9.931320190429688,0.6252813935279846,10.43179988861084
2022-11-25,0.6765598058700562,1.3336600065231323,0.94336998462677,1.040810227394104,1.2113430500030518,138.60299682617188,9.90719985961914,0.6259702444076538,10.386360168457031
2022-11-28,0.6711905002593994,1.3409600257873535,0.947380006313324,1.0367528200149536,1.2054728269577026,139.10000610351562,9.90880012512207,0.6216701865196228,10.45557975769043
2022-11-29,0.665198802947998,1.3489899635314941,0.9487900137901306,1.034554123878479,1.1960291862487793,138.718994140625,10.011560440063477,0.616401195526123,10.548469543457031
2022-11-30,0.668408989906311,1.3583600521087646,0.9543099999427795,1.0324499607086182,1.1946860551834106,138.7449951171875,10.007550239562988,0.6196900010108948,10.594050407409668
2022-12-01,0.6799598932266235,1.3411999940872192,0.943880021572113,1.042535424232483,1.207749843597412,137.35899353027344,9.822739601135254,0.6314406991004944,10.474360466003418
2022-12-02,0.6811015009880066,1.3435499668121338,0.9363899827003479,1.052842140197754,1.2259259223937988,135.14999389648438,9.71481990814209,0.6369791626930237,10.296950340270996
2022-12-05,0.6813009977340698,1.3444000482559204,0.9364500045776367,1.0544185638427734,1.2297248840332031,134.47500610351562,9.753239631652832,0.6404590606689453,10.31482982635498
2022-12-06,0.6707807779312134,1.3588000535964966,0.942300021648407,1.0496923923492432,1.2192445993423462,136.65199279785156,9.942689895629883,0.6322599649429321,10.399239540100098
2022-12-07,0.6698821187019348,1.3649400472640991,0.9420300126075745,1.0469011068344116,1.2133007049560547,136.88600158691406,10.007940292358398,0.6324390769004822,10.407710075378418
2022-12-08,0.6726998686790466,1.36489999294281,0.9402700066566467,1.051325798034668,1.2212398052215576,136.38099670410156,10.014599800109863,0.6354088187217712,10.3748197555542
2022-12-09,0.6776500344276428,1.3597700595855713,0.9358599781990051,1.0559661388397217,1.2236007452011108,136.61399841308594,9.960399627685547,0.637860894203186,10.323229789733887
2022-12-12,0.6781408190727234,1.365530014038086,0.9349899888038635,1.0522217750549316,1.2239153385162354,136.71200561523438,9.968649864196777,0.6393207907676697,10.331990242004395
2022-12-13,0.6754000186920166,1.363029956817627,0.9357399940490723,1.0541739463806152,1.2270842790603638,137.50399780273438,9.98069953918457,0.638781726360321,10.323200225830078
2022-12-14,0.6842299699783325,1.3555400371551514,0.9289799928665161,1.062665343284607,1.235666275024414,135.58399963378906,9.777190208435059,0.6453902721405029,10.21461009979248
2022-12-15,0.6857798099517822,1.3550200462341309,0.9243500232696533,1.0676347017288208,1.2419428825378418,135.34800720214844,9.717720031738281,0.6453902721405029,10.161669731140137
2022-12-16,0.6705918908119202,1.365820050239563,0.9276400208473206,1.064056158065796,1.2189176082611084,137.75100708007812,9.853099822998047,0.6343004107475281,10.34220027923584
2022-12-19,0.6687487363815308,1.3688600063323975,0.9345800280570984,1.05850350856781,1.2160272598266602,136.69000244140625,9.827099800109863,0.6371496915817261,10.279279708862305
2022-12-20,0.6707807779312134,1.364300012588501,0.9287300109863281,1.0614584684371948,1.2153326272964478,136.9949951171875,9.892459869384766,0.6361606121063232,10.385970115661621
2022-12-21,0.6688498258590698,1.3599400520324707,0.9261900186538696,1.062699317932129,1.2189176082611084,131.89199829101562,9.879500389099121,0.6344292163848877,10.416500091552734
2022-12-22,0.6716818809509277,1.3612699508666992,0.9262999892234802,1.0610079765319824,1.2077397108078003,132.3699951171875,9.831310272216797,0.6289505958557129,10.414910316467285
2022-12-23,0.6678001284599304,1.3636800050735474,0.9309999942779541,1.060333013534546,1.203992486000061,132.35699462890625,9.862540245056152,0.6251992583274841,10.454489707946777
2022-12-26,0.6712490320205688,1.358970046043396,0.9328799843788147,1.0667804479599,1.206000566482544,132.7899932861328,9.832779884338379,0.6292901635169983,10.499549865722656
2022-12-27,0.674458920955658,1.3557000160217285,0.9320099949836731,1.064022183418274,1.2084153890609741,132.76400756835938,9.813030242919922,0.6306999325752258,10.482569694519043
2022-12-28,0.6729927659034729,1.3524999618530273,0.9291999936103821,1.0637166500091553,1.2027326822280884,133.48599243164062,9.819430351257324,0.6273289918899536,10.466349601745605
2022-12-29,0.6747100949287415,1.3599400520324707,0.9277099967002869,1.062925100326538,1.2028483152389526,134.03399658203125,9.87594985961914,0.6318396925926208,10.450730323791504
2022-12-30,0.6766000390052795,1.3552000522613525,0.9228500127792358,1.066075325012207,1.2056326866149902,132.91600036621094,9.879690170288086,0.6345902681350708,10.452199935913086
2023-01-02,0.6823097467422485,1.352810025215149,0.923799991607666,1.0709733963012695,1.2120330333709717,130.84500122070312,9.768489837646484,0.6374799013137817,10.398200035095215
2023-01-03,0.6805600523948669,1.3559000492095947,0.9240000247955322,1.0677714347839355,1.206287145614624,130.79400634765625,9.842809677124023,0.6326391100883484,10.436490058898926
2023-01-04,0.6727999448776245,1.3674099445343018,0.9358000159263611,1.0546854734420776,1.1969740390777588,131.2480010986328,10.089249610900879,0.6247110962867737,10.567159652709961
2023-01-05,0.6829108595848083,1.3485100269317627,0.9295899868011475,1.0606365203857422,1.2057054042816162,132.24600219726562,10.08178997039795,0.6285117864608765,10.503060340881348
2023-01-06,0.6755697727203369,1.3559900522232056,0.9358299970626831,1.0522217750549316,1.1912277936935425,133.3070068359375,10.245659828186035,0.6230801343917847,10.674480438232422
2023-01-09,0.689398467540741,1.3435200452804565,0.9268699884414673,1.0656323432922363,1.2116365432739258,131.86199951171875,9.985950469970703,0.6359097957611084,10.515689849853516
2023-01-10,0.6909699440002441,1.3393700122833252,0.920930027961731,1.073318362236023,1.2184869050979614,131.72900390625,9.875020027160645,0.6369507908821106,10.396989822387695
2023-01-11,0.6895001530647278,1.3432899713516235,0.9222400188446045,1.0738946199417114,1.2154507637023926,132.1009979248047,9.98270034790039,0.6371902227401733,10.413399696350098
2023-01-12,0.6910998225212097,1.343000054359436,0.9309200048446655,1.0766000747680664,1.2159533500671387,131.90199279785156,9.988069534301758,0.6367682814598083,10.458609580993652
2023-01-13,0.6967815160751343,1.3375999927520752,0.9272000193595886,1.0860239267349243,1.2217769622802734,129.1719970703125,9.88290023803711,0.638781726360321,10.4052095413208
2023-01-16,0.6973500847816467,1.3396199941635132,0.9267200231552124,1.082461953163147,1.2226732969284058,128.0260009765625,9.899900436401367,0.6385084390640259,10.355500221252441
2023-01-17,0.6966398358345032,1.3397799730300903,0.9253900051116943,1.0830129384994507,1.2207776308059692,128.3209991455078,9.857629776000977,0.6389898657798767,10.392800331115723
2023-01-18,0.6988413333892822,1.3389999866485596,0.9219200015068054,1.0793308019638062,1.228471040725708,128.281005859375,9.877010345458984,0.6432895064353943,10.417779922485352
2023-01-19,0.6944000720977783,1.3495800495147705,0.91593998670578,1.0797853469848633,1.2347661256790161,128.53900146484375,9.913100242614746,0.6445499658584595,10.32610034942627
2023-01-20,0.691399872303009,1.3463799953460693,0.9154999852180481,1.083388328552246,1.2393262386322021,128.3699951171875,9.896849632263184,0.6395497918128967,10.308030128479004
2023-01-23,0.6982703804969788,1.3371000289916992,0.9198899865150452,1.086507797241211,1.240633249282837,129.35400390625,9.845450401306152,0.648908257484436,10.277130126953125
2023-01-24,0.702928364276886,1.3370100259780884,0.9216700196266174,1.0874292850494385,1.2379761934280396,130.5970001220703,9.817520141601562,0.6490219235420227,10.236499786376953
2023-01-25,0.7046719789505005,1.3374799489974976,0.9222999811172485,1.088814616203308,1.232923984527588,130.23899841308594,9.860340118408203,0.6493295431137085,10.199580192565918
2023-01-26,0.7108199596405029,1.3380199670791626,0.9169700145721436,1.0922038555145264,1.2412492036819458,129.23699951171875,9.888299942016602,0.6484116911888123,10.191120147705078
2023-01-27,0.7113898396492004,1.3316099643707275,0.920199990272522,1.0894432067871094,1.2415266036987305,129.8000030517578,9.852580070495605,0.6490893363952637,10.26509952545166
2023-01-30,0.7107977271080017,1.3303200006484985,0.9208599925041199,1.0871455669403076,1.2400301694869995,129.85400390625,9.888699531555176,0.6492199301719666,10.296850204467773
2023-01-31,0.7058099508285522,1.338379979133606,0.925279974937439,1.0850694179534912,1.2353609800338745,130.47900390625,9.977060317993164,0.6468890905380249,10.394200325012207
2023-02-01,0.7051399946212769,1.3306000232696533,0.9162499904632568,1.0860947370529175,1.2308903932571411,130.11000061035156,9.98052978515625,0.6438201069831848,10.426349639892578
2023-02-02,0.7145000696182251,1.3274999856948853,0.907260000705719,1.1012852191925049,1.2390038967132568,128.6219940185547,9.88029956817627,0.6516398787498474,10.303950309753418
2023-02-03,0.7074687480926514,1.3316600322723389,0.9132000207901001,1.0905125141143799,1.222299575805664,128.74600219726562,10.043840408325195,0.6477187275886536,10.37969970703125
2023-02-06,0.6920798420906067,1.3399699926376343,0.9263299703598022,1.079086184501648,1.2045146226882935,132.00900268554688,10.22249984741211,0.6327711939811707,10.511930465698242
2023-02-07,0.6887801885604858,1.344099998474121,0.927869975566864,1.0730764865875244,1.2026747465133667,132.6230010986328,10.336819648742676,0.6308802366256714,10.611000061035156
2023-02-08,0.6964598298072815,1.3390100002288818,0.9216499924659729,1.0729728937149048,1.2054582834243774,131.04200744628906,10.314399719238281,0.6321991682052612,10.569049835205078
2023-02-09,0.6930001974105835,1.344499945640564,0.9209100008010864,1.0715816020965576,1.2071462869644165,131.38699340820312,10.311079978942871,0.6314606666564941,10.584500312805176
2023-02-10,0.6939384341239929,1.3448699712753296,0.9219740033149719,1.0742292404174805,1.2116806507110596,131.5189971923828,10.177029609680176,0.6327512264251709,10.339400291442871
2023-02-13,0.6913477778434753,1.3357399702072144,0.9237899780273438,1.0677714347839355,1.2052258253097534,131.55099487304688,10.130180358886719,0.6312298774719238,10.452400207519531
2023-02-14,0.6970000863075256,1.3333100080490112,0.9186199903488159,1.0730419158935547,1.215214490890503,132.33700561523438,10.08806037902832,0.6361404061317444,10.37090015411377
2023-02-15,0.6987583041191101,1.3340599536895752,0.92153000831604,1.0735719203948975,1.2174336910247803,132.99099731445312,10.135869979858398,0.6335489153862,10.354700088500977
2023-02-16,0.690689742565155,1.3390599489212036,0.9233599901199341,1.0691757202148438,1.2039779424667358,133.9029998779297,10.20680046081543,0.6279789805412292,10.413880348205566
2023-02-17,0.6862400770187378,1.3473000526428223,0.9264600276947021,1.0665756464004517,1.197533130645752,134.07400512695312,10.25492000579834,0.6245394349098206,10.45419979095459
2023-02-20,0.686940610408783,1.3481999635696411,0.92535001039505,1.0684444904327393,1.2029786109924316,134.3070068359375,10.287810325622559,0.6236202716827393,10.459320068359375
2023-02-21,0.6909002065658569,1.3452999591827393,0.9231799840927124,1.068261981010437,1.2039200067520142,134.33599853515625,10.234720230102539,0.6257705092430115,10.337550163269043
2023-02-22,0.686190128326416,1.3534899950027466,0.9275000095367432,1.065200924873352,1.2109322547912598,134.9759979248047,10.2946195602417,0.6216199398040771,10.363539695739746
2023-02-23,0.6812916994094849,1.3545399904251099,0.9312400221824646,1.0605803728103638,1.204993486404419,134.9320068359375,10.351499557495117,0.6224014759063721,10.413829803466797
2023-02-24,0.6810133457183838,1.3543200492858887,0.9336900115013123,1.0598047971725464,1.2017786502838135,134.6280059814453,10.302940368652344,0.6230801343917847,10.426989555358887
2023-02-27,0.6735684871673584,1.3593699932098389,0.9400299787521362,1.0554758310317993,1.1952428817749023,136.39500427246094,10.351200103759766,0.6165608167648315,10.482000350952148
2023-02-28,0.6743001937866211,1.3573999404907227,0.9355999827384949,1.0611205101013184,1.2061562538146973,136.31700134277344,10.334600448608398,0.6164202094078064,10.388199806213379
2023-03-01,0.6730788350105286,1.3645199537277222,0.941868007183075,1.0577309131622314,1.2033549547195435,136.34800720214844,10.382329940795898,0.6186893582344055,10.464059829711914
2023-03-02,0.6759798526763916,1.3589600324630737,0.9394699931144714,1.066894292831421,1.2029930353164673,136.19400024414062,10.37732982635498,0.6256999969482422,10.430290222167969
2023-03-03,0.6735000014305115,1.3594800233840942,0.9418699741363525,1.0599732398986816,1.1951572895050049,136.7050018310547,10.442760467529297,0.6221303939819336,10.502570152282715
2023-03-06,0.6754611730575562,1.3602999448776245,0.9368000030517578,1.0626201629638672,1.2028483152389526,135.86000061035156,10.388500213623047,0.6209598779678345,10.47819995880127
2023-03-07,0.6733099818229675,1.3616199493408203,0.9306899905204773,1.0688328742980957,1.2026457786560059,135.99899291992188,10.41331958770752,0.6198398470878601,10.437210083007812
2023-03-08,0.6591001749038696,1.3747999668121338,0.9422299861907959,1.05507493019104,1.1827740669250488,137.39100646972656,10.686380386352539,0.6111199259757996,10.721639633178711
2023-03-09,0.6594000458717346,1.3799400329589844,0.9408699870109558,1.0549525022506714,1.1850166320800781,137.2259979248047,10.673199653625488,0.6114711761474609,10.721759796142578
2023-03-10,0.6591001749038696,1.3831000328063965,0.9328500032424927,1.0584698915481567,1.192250370979309,136.39500427246094,10.660209655761719,0.6101207137107849,10.721360206604004
2023-03-13,0.6634203791618347,1.3763799667358398,0.91839998960495,1.0683646202087402,1.2079336643218994,134.97999572753906,10.622400283813477,0.6160799264907837,10.646869659423828
2023-03-14,0.6659198999404907,1.373520016670227,0.9124910235404968,1.0725010633468628,1.2171372175216675,133.11399841308594,10.557330131530762,0.6216315627098083,10.604040145874023
2023-03-15,0.6689097881317139,1.3688900470733643,0.9144999980926514,1.0727657079696655,1.215214490890503,134.39700317382812,10.548410415649414,0.6230685114860535,10.468700408935547
2023-03-16,0.6618300080299377,1.3764899969100952,0.9310299754142761,1.0583354234695435,1.20692777633667,132.9290008544922,10.75016975402832,0.6164582371711731,10.592180252075195
2023-03-17,0.6663401126861572,1.3719099760055542,0.9291700124740601,1.0614134073257446,1.2110495567321777,133.3679962158203,10.746700286865234,0.6203396916389465,10.499480247497559
2023-03-20,0.6713212132453918,1.3709800243377686,0.9267399907112122,1.0678855180740356,1.2187690734863281,132.28399658203125,10.659390449523926,0.6273211240768433,10.50059986114502
2023-03-21,0.6716899871826172,1.3671000003814697,0.9291999936103821,1.071914792060852,1.2276264429092407,131.39199829101562,10.646289825439453,0.6242586970329285,10.366390228271484
2023-03-22,0.667789876461029,1.3708800077438354,0.9214699864387512,1.0774236917495728,1.2225087881088257,132.34800720214844,10.53201961517334,0.6192985773086548,10.326370239257812
2023-03-23,0.6699314713478088,1.3716700077056885,0.9165199995040894,1.0870392322540283,1.227973222732544,131.1790008544922,10.441200256347656,0.6232509613037109,10.29302978515625
2023-03-24,0.6681597828865051,1.3717000484466553,0.9164000153541565,1.0835057497024536,1.228154182434082,130.86500549316406,10.398110389709473,0.6246915459632874,10.332489967346191
2023-03-27,0.665530800819397,1.3727400302886963,0.9199000000953674,1.077818512916565,1.2246003150939941,130.8459930419922,10.458109855651855,0.6211102604866028,10.40060043334961
2023-03-28,0.6660095453262329,1.3654099702835083,0.9150199890136719,1.0807071924209595,1.229755163192749,131.23300170898438,10.455499649047852,0.620351254940033,10.362039566040039
2023-03-29,0.6706907749176025,1.3593300580978394,0.9204000234603882,1.0839520692825317,1.2330456972122192,131.04600524902344,10.354559898376465,0.6253712773323059,10.343790054321289
2023-03-30,0.6682482361793518,1.3563100099563599,0.9180999994277954,1.0843634605407715,1.2313603162765503,132.5760040283203,10.41720962524414,0.6221303939819336,10.394749641418457
2023-03-31,0.6716818809509277,1.3521900177001953,0.9133800268173218,1.0904649496078491,1.2387275695800781,133.2010040283203,10.394519805908203,0.6269789338111877,10.353500366210938
2023-04-03,0.6658897995948792,1.3501800298690796,0.9175099730491638,1.0803335905075073,1.228697419166565,133.3470001220703,10.449870109558105,0.6224905848503113,10.423600196838379
2023-04-04,0.6788502335548401,1.343369960784912,0.9127100110054016,1.091226577758789,1.2423131465911865,132.2989959716797,10.274999618530273,0.6302706599235535,10.36340045928955
2023-04-05,0.6758081316947937,1.3437999486923218,0.9053999781608582,1.0960105657577515,1.249843716621399,131.48500061035156,10.30150032043457,0.6315284371376038,10.270600318908691
2023-04-06,0.6716683506965637,1.3454300165176392,0.9063599705696106,1.090334177017212,1.2463078498840332,130.9340057373047,10.44983959197998,0.6318516731262207,10.410860061645508
2023-04-07,0.6676012873649597,1.3494999408721924,0.9043999910354614,1.0920130014419556,1.243900179862976,131.66900634765625,10.441069602966309,0.6245706081390381,10.421119689941406
2023-04-10,0.6673500537872314,1.3503999710083008,0.9042699933052063,1.0913575887680054,1.2431625127792358,132.0970001220703,10.491299629211426,0.6255004405975342,10.46500015258789
2023-04-11,0.6648299694061279,1.3503400087356567,0.908810019493103,1.086932897567749,1.239218831062317,133.468994140625,10.51533031463623,0.6227386593818665,10.507610321044922
2023-04-12,0.6654002070426941,1.346250057220459,0.902899980545044,1.0917507410049438,1.2431007623672485,133.593994140625,10.555740356445312,0.6195096373558044,10.444999694824219
2023-04-13,0.6699000597000122,1.343999981880188,0.8957729935646057,1.0999890565872192,1.2492660284042358,133.0850067138672,10.433159828186035,0.6218286752700806,10.32964038848877
2023-04-14,0.6783998608589172,1.3339999914169312,0.8889999985694885,1.1054610013961792,1.2525300979614258,132.48699951171875,10.30348014831543,0.6303500533103943,10.261899948120117
2023-04-17,0.6705199480056763,1.3365000486373901,0.8948000073432922,1.098659634590149,1.2400178909301758,133.9709930419922,10.383399963378906,0.6201512217521667,10.333100318908691
2023-04-18,0.6700401306152344,1.3392000198364258,0.8985099792480469,1.0925379991531372,1.2375471591949463,134.4250030517578,10.478170394897461,0.618268609046936,10.350480079650879
2023-04-19,0.6735698580741882,1.3390899896621704,0.8959000110626221,1.0975382328033447,1.2425447702407837,134.04400634765625,10.462340354919434,0.6215118169784546,10.302419662475586
2023-04-20,0.6705514192581177,1.3467999696731567,0.8977000117301941,1.095218300819397,1.2428845167160034,134.70399475097656,10.583620071411133,0.6161999106407166,10.353500366210938
2023-04-21,0.6743178963661194,1.348080039024353,0.8923199772834778,1.0970927476882935,1.2440905570983887,133.99600219726562,10.58117961883545,0.6179285645484924,10.302009582519531
2023-04-24,0.6693485379219055,1.3538399934768677,0.891700029373169,1.0992271900177002,1.2449734210968018,133.96099853515625,10.584500312805176,0.614341139793396,10.300129890441895
2023-04-25,0.6703805327415466,1.353369951248169,0.8870900273323059,1.1059499979019165,1.25,134.08399963378906,10.522700309753418,0.6175889372825623,10.238200187683105
2023-04-26,0.663640022277832,1.361840009689331,0.8918200135231018,1.0978394746780396,1.2414803504943848,133.71099853515625,10.665410041809082,0.6147415041923523,10.301170349121094
2023-04-27,0.6608380675315857,1.363070011138916,0.8908100128173828,1.1047282218933105,1.2471472024917603,133.46499633789062,10.624699592590332,0.6120887398719788,10.314000129699707
2023-04-28,0.6630398035049438,1.359969973564148,0.8938800096511841,1.1032048463821411,1.249750018119812,133.802001953125,10.607919692993164,0.6146394610404968,10.281550407409668
2023-05-01,0.6612401008605957,1.3559099435806274,0.8948000073432922,1.1010911464691162,1.2557607889175415,136.38600158691406,10.672539710998535,0.6172115802764893,10.258959770202637
2023-05-02,0.6622801423072815,1.3552000522613525,0.8958699703216553,1.0969241857528687,1.2485953569412231,137.52099609375,10.737640380859375,0.6164810061454773,10.327529907226562
2023-05-03,0.6673001646995544,1.3619500398635864,0.8922500014305115,1.1010911464691162,1.2476606369018555,136.46600341796875,10.803199768066406,0.6226611733436584,10.302800178527832
2023-05-04,0.6641517877578735,1.3631900548934937,0.8834199905395508,1.1068925857543945,1.256897211074829,134.54400634765625,10.762680053710938,0.6208904981613159,10.254300117492676
2023-05-05,0.6696098446846008,1.3523000478744507,0.885200023651123,1.102292776107788,1.2583364248275757,134.1790008544922,10.678000450134277,0.6290218234062195,10.219050407409668
2023-05-08,0.6747683882713318,1.3380000591278076,0.8911700248718262,1.10186767578125,1.2630568742752075,135.19900512695312,10.570899963378906,0.6299212574958801,10.174200057983398
2023-05-09,0.6780994534492493,1.3372399806976318,0.8899099826812744,1.0996140241622925,1.2612725496292114,135.072998046875,10.500419616699219,0.6338581442832947,10.17080020904541
2023-05-10,0.6766906976699829,1.337499976158142,0.8901600241661072,1.096467137336731,1.2624667882919312,135.28799438476562,10.565779685974121,0.6338782906532288,10.188909530639648
2023-05-11,0.6781914234161377,1.3372100591659546,0.8892899751663208,1.098406195640564,1.2626996040344238,134.08700561523438,10.49899959564209,0.6371212005615234,10.21660041809082
2023-05-12,0.669989824295044,1.3493000268936157,0.8939999938011169,1.0912145376205444,1.2508130073547363,134.4980010986328,10.671839714050293,0.6294216513633728,10.31978988647461
2023-05-15,0.6646903157234192,1.3553999662399292,0.8983799815177917,1.0852696895599365,1.2450973987579346,135.82200622558594,10.674799919128418,0.6195594668388367,10.385700225830078
2023-05-16,0.6703001260757446,1.346500039100647,0.8954600095748901,1.0873701572418213,1.2525207996368408,136.0449981689453,10.593689918518066,0.6243288516998291,10.343890190124512
2023-05-17,0.6657789945602417,1.3477200269699097,0.8963500261306763,1.0865668058395386,1.2484394311904907,136.42999267578125,10.719670295715332,0.6237408518791199,10.408169746398926
2023-05-18,0.6655617952346802,1.3466700315475464,0.8987420201301575,1.0838346481323242,1.2482805252075195,137.61399841308594,10.771100044250488,0.624609649181366,10.443900108337402
2023-05-19,0.6629980802536011,1.349769949913025,0.9048699736595154,1.0775396823883057,1.2412338256835938,138.6199951171875,10.914299964904785,0.6235813498497009,10.562250137329102
2023-05-22,0.666100025177002,1.3487999439239502,0.8981900215148926,1.0822745561599731,1.2461059093475342,137.69200134277344,10.868800163269043,0.6284209489822388,10.50469970703125
2023-05-23,0.6649687886238098,1.3502899408340454,0.8982999920845032,1.0811045169830322,1.243440866470337,138.6719970703125,10.902939796447754,0.6286303400993347,10.560779571533203
2023-05-24,0.6613581776618958,1.3499399423599243,0.9013100266456604,1.076971173286438,1.2417269945144653,138.59800720214844,10.955499649047852,0.6250195503234863,10.613380432128906
2023-05-25,0.6545102000236511,1.3588500022888184,0.9039999842643738,1.0757315158843994,1.2371032238006592,139.2830047607422,10.950650215148926,0.610608696937561,10.709870338439941
2023-05-26,0.6498485803604126,1.3643200397491455,0.9050499796867371,1.0724436044692993,1.2318304777145386,140.01699829101562,11.053509712219238,0.6053400635719299,10.81659984588623
2023-05-29,0.6526989340782166,1.3609000444412231,0.9056900143623352,1.0723055601119995,1.2346898317337036,140.87100219726562,11.076800346374512,0.6057815551757812,10.798800468444824
2023-05-30,0.6528502106666565,1.3601000308990479,0.9044600129127502,1.0707669258117676,1.234933853149414,140.4409942626953,11.114500045776367,0.6044487357139587,10.814579963684082
2023-05-31,0.6517800092697144,1.359969973564148,0.9057999849319458,1.073306918144226,1.241187572479248,139.79200744628906,11.181699752807617,0.6046789884567261,10.86283016204834
2023-06-01,0.6506401300430298,1.356600046157837,0.9098899960517883,1.0695186853408813,1.244694471359253,139.1269989013672,11.063199996948242,0.6025112867355347,10.840200424194336
2023-06-02,0.657799482345581,1.3443000316619873,0.9055899977684021,1.0760787725448608,1.2525991201400757,138.7480010986328,11.05208969116211,0.6065789461135864,10.806900024414062
2023-06-05,0.6599997878074646,1.342829942703247,0.9097200036048889,1.0698620080947876,1.2430236339569092,140.20700073242188,10.996500015258789,0.6058182716369629,10.813199996948242
2023-06-06,0.6613494157791138,1.3447999954223633,0.9059000015258789,1.0711798667907715,1.2433171272277832,139.38299560546875,11.03197956085205,0.6070613265037537,10.84490966796875
2023-06-07,0.6679089665412903,1.339859962463379,0.9071300029754639,1.0698047876358032,1.2428536415100098,139.52699279785156,11.091400146484375,0.6078399419784546,10.913999557495117
2023-06-08,0.665860116481781,1.3371599912643433,0.9095399975776672,1.0707440376281738,1.2445859909057617,139.8990020751953,11.043290138244629,0.6042296290397644,10.8889799118042
2023-06-09,0.671259880065918,1.3361999988555908,0.8986999988555908,1.078271746635437,1.2559500932693481,138.86300659179688,10.899399757385254,0.609440267086029,10.800299644470215
2023-06-12,0.6744998693466187,1.3336800336837769,0.9031999707221985,1.0750954151153564,1.25809907913208,139.37100219726562,10.752599716186523,0.6130606532096863,10.821590423583984
2023-06-13,0.6753101944923401,1.336300015449524,0.90829998254776,1.0762988328933716,1.2515331506729126,139.4600067138672,10.788820266723633,0.6129103302955627,10.81110954284668
2023-06-14,0.6769289374351501,1.331470012664795,0.9052600264549255,1.078934907913208,1.2606843709945679,140.177001953125,10.642580032348633,0.6159418225288391,10.678509712219238
2023-06-15,0.6796895265579224,1.3326400518417358,0.9000800251960754,1.084304690361023,1.26708984375,139.9770050048828,10.635499954223633,0.6196900010108948,10.70110034942627
2023-06-16,0.688029944896698,1.3221900463104248,0.8916400074958801,1.0945948362350464,1.278576135635376,140.26800537109375,10.49779987335205,0.623538613319397,10.593879699707031
2023-06-19,0.6875999569892883,1.3198000192642212,0.8942000269889832,1.0942115783691406,1.2830382585525513,141.86700439453125,10.5649995803833,0.6232001185417175,10.640199661254883
2023-06-20,0.6851379871368408,1.3209500312805176,0.8957800269126892,1.0924304723739624,1.2794759273529053,141.8990020751953,10.68632984161377,0.6202396750450134,10.735320091247559
2023-06-21,0.6788820624351501,1.3225599527359009,0.8976699709892273,1.0920368432998657,1.276535987854004,141.3350067138672,10.7221097946167,0.6166787147521973,10.785309791564941
2023-06-22,0.6798702478408813,1.316100001335144,0.892300009727478,1.0992635488510132,1.2772045135498047,141.68800354003906,10.64330005645752,0.6207093596458435,10.643420219421387
2023-06-23,0.6760699152946472,1.3145899772644043,0.8948799967765808,1.0958904027938843,1.2747135162353516,143.02999877929688,10.64540958404541,0.6182800531387329,10.687399864196777
2023-06-26,0.6680517792701721,1.3164700269699097,0.8957800269126892,1.0906671285629272,1.2729610204696655,143.54100036621094,10.81151008605957,0.614870011806488,10.72072982788086
2023-06-27,0.6674498319625854,1.315000057220459,0.895609974861145,1.091048002243042,1.2711971998214722,143.4600067138672,10.726590156555176,0.6163100004196167,10.710379600524902
2023-06-28,0.668140172958374,1.3197699785232544,0.893750011920929,1.0957223176956177,1.2744698524475098,143.8820037841797,10.790160179138184,0.6157407760620117,10.723939895629883
2023-06-29,0.6600616574287415,1.3251800537109375,0.8966599702835083,1.0915838479995728,1.2642544507980347,144.38900756835938,10.763199806213379,0.6074300408363342,10.77206039428711
2023-06-30,0.6619710922241211,1.3250000476837158,0.8991400003433228,1.0868029594421387,1.2614636421203613,144.77999877929688,10.798620223999023,0.606678307056427,10.859350204467773
2023-07-03,0.6658321619033813,1.3250000476837158,0.8949999809265137,1.0907504558563232,1.2693254947662354,144.3979949951172,10.746199607849121,0.6132185459136963,10.787400245666504
2023-07-04,0.6674097180366516,1.3248000144958496,0.895799994468689,1.091309905052185,1.269293189048767,144.58399963378906,10.685330390930176,0.6156005859375,10.840800285339355
2023-07-05,0.6692701578140259,1.322350025177002,0.8966400027275085,1.0884946584701538,1.2717629671096802,144.406005859375,10.640910148620605,0.619809091091156,10.807060241699219
2023-07-06,0.6656903028488159,1.3285900354385376,0.8985199928283691,1.0856584310531616,1.2704542875289917,144.48899841308594,10.678099632263184,0.6176995635032654,10.9483003616333
2023-07-07,0.6628398895263672,1.3365399837493896,0.8952800035476685,1.0890636444091797,1.2742749452590942,143.9510040283203,10.757450103759766,0.616351842880249,10.929229736328125
2023-07-10,0.6688382029533386,1.3278000354766846,0.8888999819755554,1.0969723463058472,1.2838947772979736,142.20899963378906,10.631640434265137,0.6205899715423584,10.82960033416748
2023-07-11,0.667900025844574,1.3273999691009521,0.885129988193512,1.100594401359558,1.2864713668823242,141.2969970703125,10.474510192871094,0.6206515431404114,10.758390426635742
2023-07-12,0.6693798899650574,1.3227699995040894,0.8787599802017212,1.101406455039978,1.2934770584106445,140.1179962158203,10.340510368347168,0.6199589371681213,10.648909568786621
2023-07-13,0.6792786121368408,1.3182799816131592,0.8666099905967712,1.1144545078277588,1.29962956905365,138.31500244140625,10.107430458068848,0.6305209994316101,10.365610122680664
2023-07-14,0.6888617873191833,1.3112499713897705,0.8591200113296509,1.1223469972610474,1.3128528594970703,138.0749969482422,9.943519592285156,0.6391900181770325,10.200019836425781
2023-07-17,0.6837793588638306,1.3224999904632568,0.8618999719619751,1.1227755546569824,1.3090204000473022,138.6820068359375,10.050800323486328,0.6365818381309509,10.235810279846191
2023-07-18,0.6810500025749207,1.3201500177383423,0.8603500127792358,1.1237596273422241,1.307172417640686,138.72900390625,10.062600135803223,0.6321192383766174,10.24155044555664
2023-07-19,0.6814821362495422,1.3166199922561646,0.8576499819755554,1.1228890419006348,1.303508996963501,139.02699279785156,10.05027961730957,0.6296991109848022,10.203789710998535
2023-07-20,0.6769999265670776,1.3163000345230103,0.85794997215271,1.120523452758789,1.2939791679382324,139.59800720214844,10.037969589233398,0.6262878179550171,10.270279884338379
2023-07-21,0.6778190732002258,1.3174200057983398,0.8662599921226501,1.113709807395935,1.2872332334518433,139.86399841308594,10.068460464477539,0.6230296492576599,10.346070289611816
2023-07-24,0.6725800037384033,1.3223999738693237,0.8662400245666504,1.112532615661621,1.2853471040725708,141.75,10.090499877929688,0.6169000864028931,10.386500358581543
2023-07-25,0.6733009219169617,1.3174599409103394,0.8698899745941162,1.1063170433044434,1.281262755393982,141.52200317382812,10.05465030670166,0.6200205087661743,10.403429985046387
2023-07-26,0.6787599325180054,1.3187099695205688,0.8645300269126892,1.1050456762313843,1.2893908023834229,140.91299438476562,10.062859535217285,0.6216585636138916,10.369540214538574
2023-07-27,0.6759999394416809,1.3204599618911743,0.8615400195121765,1.1078368425369263,1.292724609375,140.36700439453125,10.12362003326416,0.6212299466133118,10.402219772338867
2023-07-28,0.6711859703063965,1.322700023651123,0.8688499927520752,1.0978755950927734,1.2793776988983154,138.86399841308594,10.171199798583984,0.6187467575073242,10.49153995513916
2023-07-31,0.6660805344581604,1.3250999450683594,0.8698199987411499,1.1024264097213745,1.2853965759277344,140.75799560546875,10.189200401306152,0.6160100698471069,10.52750015258789
2023-08-01,0.6716818809509277,1.319200038909912,0.871649980545044,1.0997591018676758,1.283400535583496,142.322998046875,10.112890243530273,0.6204898357391357,10.521730422973633
2023-08-02,0.6617608070373535,1.3268500566482544,0.8723800182342529,1.1007881164550781,1.2795741558074951,142.97000122070312,10.156590461730957,0.614148736000061,10.556059837341309
2023-08-03,0.6544999480247498,1.33433997631073,0.8773099780082703,1.0944151878356934,1.2720379829406738,143.343994140625,10.287300109863281,0.6086301207542419,10.699230194091797
2023-08-04,0.6561206579208374,1.3350600004196167,0.8742200136184692,1.095158338546753,1.2716336250305176,142.59800720214844,10.226719856262207,0.6082391738891602,10.664899826049805
2023-08-07,0.657371461391449,1.3372999429702759,0.8741499781608582,1.1002674102783203,1.2747948169708252,141.87600708007812,10.136730194091797,0.6100090146064758,10.592840194702148
2023-08-08,0.6572591066360474,1.3371200561523438,0.8726999759674072,1.100315809249878,1.2782002687454224,142.5240020751953,10.146730422973633,0.6106571555137634,10.586939811706543
2023-08-09,0.6531601548194885,1.3424999713897705,0.8755999803543091,1.0958904027938843,1.2741613388061523,143.2779998779297,10.264860153198242,0.6056678295135498,10.718460083007812
2023-08-10,0.6536802053451538,1.341879963874817,0.8766999840736389,1.0977671146392822,1.2720056772232056,143.7270050048828,10.196149826049805,0.606207549571991,10.667900085449219
2023-08-11,0.6512498259544373,1.344480037689209,0.8767899870872498,1.0981649160385132,1.2670094966888428,144.85400390625,10.313949584960938,0.6013337969779968,10.702099800109863
2023-08-14,0.6495404839515686,1.3439799547195435,0.8766199946403503,1.094439148902893,1.2695027589797974,144.81700134277344,10.430500030517578,0.5984584093093872,10.828940391540527
2023-08-15,0.6488400101661682,1.3458800315856934,0.8779799938201904,1.0909883975982666,1.2685203552246094,145.43699645996094,10.47642993927002,0.5974786281585693,10.799799919128418
2023-08-16,0.6457903981208801,1.3490099906921387,0.8786200284957886,1.0904173851013184,1.2701315879821777,145.60800170898438,10.527179718017578,0.5957380533218384,10.860420227050781
2023-08-17,0.6414697170257568,1.353659987449646,0.8801400065422058,1.0874884128570557,1.2728151082992554,146.33299255371094,10.614950180053711,0.5931304097175598,10.91897964477539
2023-08-18,0.6406888961791992,1.3545199632644653,0.8782399892807007,1.0874648094177246,1.275022268295288,145.71400451660156,10.583580017089844,0.5925890803337097,10.930580139160156
2023-08-21,0.6414697170257568,1.354159951210022,0.8822699785232544,1.087559461593628,1.2741937637329102,145.30499267578125,10.642009735107422,0.5926803946495056,10.966139793395996
2023-08-22,0.6414080262184143,1.3543000221252441,0.878462016582489,1.0898351669311523,1.2760798931121826,146.23800659179688,10.617679595947266,0.5929685831069946,10.947999954223633
2023-08-23,0.6427999138832092,1.3550100326538086,0.879800021648407,1.0846692323684692,1.2731555700302124,145.76300048828125,10.6243896484375,0.5940676331520081,10.926899909973145
2023-08-24,0.6480587720870972,1.352370023727417,0.8774099946022034,1.086578607559204,1.2720541954040527,144.67300415039062,10.590200424194336,0.5974286794662476,10.91117000579834
2023-08-25,0.6413956880569458,1.358680009841919,0.8851000070571899,1.07991361618042,1.2592872381210327,146.06700134277344,10.725600242614746,0.591957688331604,11.006569862365723
2023-08-28,0.6416714191436768,1.3594000339508057,0.8847299814224243,1.0797386169433594,1.2589701414108276,146.531005859375,10.679499626159668,0.5910863876342773,11.045510292053223
2023-08-29,0.6428180932998657,1.3601100444793701,0.8834999799728394,1.0825556516647339,1.2611136436462402,146.46400451660156,10.703049659729004,0.5907477140426636,10.966850280761719
2023-08-30,0.647659957408905,1.3558900356292725,0.8789600133895874,1.0869210958480835,1.2636793851852417,145.98800659179688,10.580269813537598,0.5967476963996887,10.878250122070312
2023-08-31,0.6478782296180725,1.3535300493240356,0.8781099915504456,1.0932546854019165,1.271179437637329,146.0989990234375,10.596570014953613,0.5952983498573303,10.833959579467773
2023-09-01,0.6488408446311951,1.3509700298309326,0.8831999897956848,1.0844104290008545,1.2672826051712036,145.47300720214844,10.625280380249023,0.5976964831352234,10.947099685668945
2023-09-04,0.6452862024307251,1.3594499826431274,0.8852900266647339,1.07758629322052,1.2591445446014404,146.0570068359375,10.666399955749512,0.5942582488059998,11.035599708557129
2023-09-05,0.6458100080490112,1.3598699569702148,0.8847699761390686,1.0794472694396973,1.2623074054718018,146.54299926757812,10.641050338745117,0.5937396287918091,10.998600006103516
2023-09-06,0.6375396251678467,1.3638900518417358,0.8893899917602539,1.0726161003112793,1.2570552825927734,147.4709930419922,10.717399597167969,0.58841872215271,11.091830253601074
2023-09-07,0.6383001804351807,1.3638999462127686,0.8913599848747253,1.0724204778671265,1.2498750686645508,147.70899963378906,10.711810111999512,0.5870990753173828,11.10752010345459
2023-09-08,0.6377400159835815,1.3683500289916992,0.8926699757575989,1.0697818994522095,1.2475050687789917,147.33099365234375,10.704110145568848,0.588200032711029,11.140199661254883
2023-09-11,0.6397993564605713,1.3626999855041504,0.8920000195503235,1.071811318397522,1.2489992380142212,147.11300659179688,10.650670051574707,0.5901411175727844,11.084389686584473
2023-09-12,0.643200159072876,1.3578699827194214,0.8912100195884705,1.0750375986099243,1.2508755922317505,146.67799377441406,10.642550468444824,0.5916810035705566,11.083999633789062
2023-09-13,0.6428180932998657,1.3551000356674194,0.8913900256156921,1.075326681137085,1.2491724491119385,147.1580047607422,10.674360275268555,0.5909885764122009,11.095529556274414
2023-09-14,0.6421617865562439,1.3552500009536743,0.8931999802589417,1.0734220743179321,1.248953938484192,147.3459930419922,10.711529731750488,0.5920312404632568,11.128890037536621
2023-09-15,0.6432398557662964,1.3514800071716309,0.896399974822998,1.0637166500091553,1.2401869297027588,147.48199462890625,10.744819641113281,0.5906001329421997,11.187749862670898
2023-09-18,0.6440501809120178,1.3521900177001953,0.8968799710273743,1.0668259859085083,1.2397565841674805,147.8679962158203,10.765700340270996,0.5905383825302124,11.15779972076416
2023-09-19,0.643960177898407,1.3487000465393066,0.8972499966621399,1.0692671537399292,1.2383747100830078,147.60499572753906,10.808759689331055,0.5921399593353271,11.140480041503906
2023-09-20,0.646600067615509,1.3442699909210205,0.8973100185394287,1.0682048797607422,1.2393569946289062,147.74200439453125,10.767160415649414,0.5951495170593262,11.154529571533203
2023-09-21,0.6436100006103516,1.3476699590682983,0.8992000222206116,1.065303087234497,1.2328935861587524,148.3209991455078,10.782959938049316,0.5925294160842896,11.150469779968262
2023-09-22,0.6409598588943481,1.347749948501587,0.9044700264930725,1.0661548376083374,1.2294225692749023,147.6439971923828,10.76688003540039,0.5931796431541443,11.170040130615234
2023-09-25,0.6440999507904053,1.3476999998092651,0.9071000218391418,1.0648492574691772,1.2241849899291992,148.4340057373047,10.75059986114502,0.595710039138794,11.120369911193848
2023-09-26,0.6422001123428345,1.345039963722229,0.9120799899101257,1.0591648817062378,1.2213143110275269,148.81100463867188,10.805060386657715,0.5967299342155457,11.06365966796875
2023-09-27,0.6393861770629883,1.3519599437713623,0.9157599806785583,1.0569483041763306,1.2146830558776855,149.0449981689453,10.82371997833252,0.5947707891464233,11.0033597946167
2023-09-28,0.634759783744812,1.350100040435791,0.9208199977874756,1.0505305528640747,1.2135332822799683,149.4980010986328,10.756170272827148,0.591621458530426,11.06233024597168
2023-09-29,0.6427974700927734,1.3490999937057495,0.9147599935531616,1.0562450885772705,1.2204796075820923,149.33700561523438,10.72467041015625,0.5964398384094238,10.921319961547852
2023-10-02,0.6437202095985413,1.3573700189590454,0.9154800176620483,1.0565240383148193,1.2193039655685425,149.5399932861328,10.682900428771973,0.5995886921882629,10.919699668884277
2023-10-03,0.6362699270248413,1.3676300048828125,0.917900025844574,1.0480751991271973,1.209116816520691,149.8509979248047,10.855690002441406,0.5941911935806274,11.049880027770996
2023-10-04,0.6308901309967041,1.3709100484848022,0.9209700226783752,1.0472300052642822,1.2078461647033691,149.19200134277344,10.95425033569336,0.5913485288619995,11.075590133666992
2023-10-05,0.6329101920127869,1.3744200468063354,0.9166100025177002,1.0507071018218994,1.2137395143508911,148.96600341796875,11.004899978637695,0.5918700695037842,11.056079864501953
2023-10-06,0.6371049880981445,1.3705699443817139,0.9125900268554688,1.0546631813049316,1.2187690734863281,148.46299743652344,10.953630447387695,0.596640944480896,11.003899574279785
2023-10-09,0.6371999979019165,1.3661099672317505,0.9086999893188477,1.056747317314148,1.222090482711792,149.16000366210938,10.884300231933594,0.5972787737846375,10.974029541015625
2023-10-10,0.6420900225639343,1.358049988746643,0.9048399925231934,1.0578875541687012,1.2250398397445679,148.32699584960938,10.772330284118652,0.6031108498573303,10.937800407409668
2023-10-11,0.643347442150116,1.3583600521087646,0.9045500159263611,1.0604791641235352,1.229135513305664,148.6280059814453,10.80286979675293,0.6041894555091858,10.869540214538574
2023-10-12,0.6418097615242004,1.3594499826431274,0.9009900093078613,1.0624282360076904,1.2316333055496216,149.03599548339844,10.848420143127441,0.6019490957260132,10.899299621582031
2023-10-13,0.6316800117492676,1.3683799505233765,0.9078199863433838,1.0536741018295288,1.2183235883712769,149.7899932861328,10.96243953704834,0.5921609997749329,10.981160163879395
2023-10-16,0.6312999725341797,1.3644299507141113,0.9024900197982788,1.0521553754806519,1.215376853942871,149.5659942626953,10.918299674987793,0.5906604528427124,11.008299827575684
2023-10-17,0.6337798237800598,1.3614399433135986,0.9004700183868408,1.0554312467575073,1.2211503982543945,149.5780029296875,10.925919532775879,0.5901515483856201,10.920720100402832
2023-10-18,0.6362699270248413,1.3653000593185425,0.9001100063323975,1.057305932044983,1.2178784608840942,149.75900268554688,10.951430320739746,0.5894801616668701,10.915109634399414
2023-10-19,0.6332400441169739,1.3713799715042114,0.8985700011253357,1.053851842880249,1.214343786239624,149.74200439453125,11.056839942932129,0.5853909850120544,11.02340030670166
2023-10-20,0.6326999664306641,1.3715300559997559,0.891789972782135,1.0586491823196411,1.2137248516082764,149.802001953125,10.992899894714355,0.5842998623847961,10.941969871520996
2023-10-23,0.6320393085479736,1.370300054550171,0.8931999802589417,1.0589966773986816,1.2163970470428467,149.8800048828125,11.063790321350098,0.5829306244850159,10.977540016174316
2023-10-24,0.6336702108383179,1.3688499927520752,0.8906000256538391,1.0669853687286377,1.2250248193740845,149.7689971923828,11.074029922485352,0.5851101279258728,10.974129676818848
2023-10-25,0.6360999345779419,1.3741600513458252,0.893060028553009,1.059535264968872,1.216189980506897,149.85400390625,11.157130241394043,0.5846996307373047,11.119150161743164
2023-10-26,0.6296999454498291,1.3802900314331055,0.8967000246047974,1.056725025177002,1.210345983505249,150.09800720214844,11.201809883117676,0.5792199373245239,11.140480041503906
2023-10-27,0.6335999369621277,1.3813999891281128,0.898829996585846,1.0564459562301636,1.213710069656372,150.36599731445312,11.182720184326172,0.5828898549079895,11.142200469970703
2023-10-30,0.6338903307914734,1.3863400220870972,0.902400016784668,1.0562450885772705,1.2113723754882812,149.73300170898438,11.176480293273926,0.5808415412902832,11.156729698181152
2023-10-31,0.637100100517273,1.3828599452972412,0.9020599722862244,1.061503529548645,1.2165746688842773,149.11099243164062,11.137319564819336,0.584030270576477,11.141779899597168
2023-11-01,0.6339948177337646,1.387660026550293,0.9097999930381775,1.0579099655151367,1.215214490890503,151.29400634765625,11.163200378417969,0.5807403326034546,11.168140411376953
2023-11-02,0.642259955406189,1.3834400177001953,0.9055500030517578,1.05870521068573,1.2182197570800781,150.5749969482422,11.13644027709961,0.5879793763160706,11.154399871826172
2023-11-03,0.6427900195121765,1.3746999502182007,0.9060999751091003,1.0619093179702759,1.2191851139068604,150.4969940185547,11.152790069580078,0.5895808935165405,11.11538028717041
2023-11-06,0.6516865491867065,1.3660600185394287,0.8992099761962891,1.0732147693634033,1.237378716468811,149.44900512695312,11.022709846496582,0.5996102690696716,10.877829551696777
2023-11-07,0.6489419341087341,1.369729995727539,0.8992000222206116,1.0721560716629028,1.2345526218414307,149.98899841308594,11.054980278015137,0.5963000655174255,10.915900230407715
2023-11-08,0.6430099010467529,1.3768500089645386,0.8999699950218201,1.0696102380752563,1.2291808128356934,150.39599609375,11.185819625854492,0.5936000347137451,10.919249534606934
2023-11-09,0.6405698657035828,1.3793200254440308,0.8990799784660339,1.0710422992706299,1.2285012006759644,150.86399841308594,11.17434024810791,0.5912017226219177,10.887519836425781
2023-11-10,0.6361699104309082,1.3806999921798706,0.9031500220298767,1.0667576789855957,1.2217023372650146,151.3489990234375,11.216699600219727,0.5889298915863037,10.919300079345703
2023-11-13,0.6364598870277405,1.379889965057373,0.9019799828529358,1.069015622138977,1.2228227853775024,151.468994140625,11.096650123596191,0.5894210338592529,10.881110191345215
2023-11-14,0.6381002068519592,1.3801499605178833,0.901199996471405,1.0701825618743896,1.228063702583313,151.64599609375,11.073780059814453,0.5882906913757324,10.834110260009766
2023-11-15,0.6499837636947632,1.3699400424957275,0.8891000151634216,1.0878314971923828,1.2494533061981201,150.48500061035156,10.871700286865234,0.6004491448402405,10.586400032043457
2023-11-16,0.6511502265930176,1.368340015411377,0.8870800137519836,1.0854581594467163,1.2422360181808472,151.21499633789062,10.800359725952148,0.6028890609741211,10.534870147705078
2023-11-17,0.6470816731452942,1.3752100467681885,0.888480007648468,1.0853756666183472,1.2414957284927368,150.7050018310547,10.933650016784668,0.596530556678772,10.581740379333496
2023-11-20,0.6513597369194031,1.371899962425232,0.8859300017356873,1.090702772140503,1.2454540729522705,149.94200134277344,10.815899848937988,0.599621057510376,10.525349617004395
2023-11-21,0.6564001441001892,1.3724100589752197,0.8843600153923035,1.0945948362350464,1.2509069442749023,148.36199951171875,10.694869995117188,0.6039800047874451,10.437529563903809
2023-11-22,0.6559097170829773,1.3701000213623047,0.8831800222396851,1.0918222665786743,1.2544218301773071,148.15199279785156,10.655440330505371,0.6054185032844543,10.44359016418457
2023-11-23,0.6542789936065674,1.3692500591278076,0.8840299844741821,1.0890873670578003,1.2490007877349854,149.4600067138672,10.75,0.6021299958229065,10.476099967956543
2023-11-24,0.6560100317001343,1.3695000410079956,0.8844699859619141,1.0906314849853516,1.2533526420593262,149.63499450683594,10.772089958190918,0.604880154132843,10.484729766845703
2023-11-27,0.658129870891571,1.3630499839782715,0.8822500109672546,1.0940439701080322,1.2600330114364624,149.5709991455078,10.703760147094727,0.6077501177787781,10.446550369262695
2023-11-28,0.661250114440918,1.360700011253357,0.8799999952316284,1.0958423614501953,1.2634397745132446,148.45199584960938,10.630279541015625,0.6103999614715576,10.417140007019043
2023-11-29,0.6658999919891357,1.3562999963760376,0.8769000172615051,1.100594401359558,1.2712295055389404,147.06300354003906,10.605509757995605,0.614601731300354,10.309769630432129
2023-11-30,0.6619009971618652,1.3590199947357178,0.8733199834823608,1.0973695516586304,1.2696397304534912,147.03900146484375,10.652230262756348,0.6155892014503479,10.349470138549805
2023-12-01,0.6606799960136414,1.3556499481201172,0.8746600151062012,1.0892059803009033,1.2631685733795166,147.99899291992188,10.805120468139648,0.6157673001289368,10.458829879760742
2023-12-04,0.6682884097099304,1.348870038986206,0.8678500056266785,1.088814616203308,1.2713103294372559,146.39300537109375,10.67300033569336,0.6215388178825378,10.3643798828125
2023-12-05,0.6617100238800049,1.3538999557495117,0.8725100159645081,1.0837758779525757,1.2634079456329346,147.32699584960938,10.837599754333496,0.6165000200271606,10.426179885864258
2023-12-06,0.6554699540138245,1.3590999841690063,0.8749359846115112,1.0793657302856445,1.2594457864761353,147.18499755859375,10.92549991607666,0.613399088382721,10.479669570922852
2023-12-07,0.6551401019096375,1.359179973602295,0.8746399879455566,1.076669692993164,1.2558711767196655,147.1840057373047,10.971400260925293,0.6140506863594055,10.470179557800293
2023-12-08,0.6594479084014893,1.3598599433898926,0.8754400014877319,1.079214334487915,1.258954405784607,144.2779998779297,10.866669654846191,0.616158127784729,10.383560180664062
2023-12-11,0.6579799652099609,1.3580800294876099,0.8796200156211853,1.0765769481658936,1.2554770708084106,144.98300170898438,10.897000312805176,0.6124711632728577,10.460769653320312
2023-12-12,0.6565001010894775,1.357800006866455,0.8780999779701233,1.076658010482788,1.2554612159729004,146.0850067138672,10.954440116882324,0.612291157245636,10.486109733581543
2023-12-13,0.6564600467681885,1.3585000038146973,0.8751299977302551,1.0798670053482056,1.2570710182189941,145.27999877929688,10.954879760742188,0.6137492060661316,10.428000450134277
2023-12-14,0.6665000319480896,1.3508100509643555,0.8709700107574463,1.0886130332946777,1.2622915506362915,142.7729949951172,10.772390365600586,0.6190800070762634,10.305049896240234
2023-12-15,0.6702682375907898,1.3407000303268433,0.8671299815177917,1.0993602275848389,1.2771391868591309,142.2790069580078,10.498900413513184,0.6213298439979553,10.240599632263184
2023-12-18,0.6698910593986511,1.3381600379943848,0.8706120252609253,1.0895264148712158,1.2672343254089355,142.31300354003906,10.46560001373291,0.6209907531738281,10.264699935913086
2023-12-19,0.6703715920448303,1.3397799730300903,0.867110013961792,1.092382788658142,1.2651821374893188,142.7220001220703,10.393199920654297,0.6213804483413696,10.21560001373291
2023-12-20,0.6762998700141907,1.3334200382232666,0.8603000044822693,1.0981045961380005,1.2732689380645752,143.88900756835938,10.259249687194824,0.6270418167114258,10.156000137329102
2023-12-21,0.6739816665649414,1.335819959640503,0.8624600172042847,1.0945708751678467,1.2641266584396362,143.5229949951172,10.342700004577637,0.6253986954689026,10.159839630126953
2023-12-22,0.6796802878379822,1.3283900022506714,0.8562700152397156,1.100618600845337,1.268499493598938,142.07000732421875,10.27001953125,0.6294692158699036,10.090940475463867
2023-12-25,0.6808788776397705,1.3256800174713135,0.8550699949264526,1.102657437324524,1.2677003145217896,142.3419952392578,10.173999786376953,0.6319299340248108,9.982649803161621
2023-12-26,0.6806008219718933,1.3250000476837158,0.8557400107383728,1.1020255088806152,1.27048659324646,142.22999572753906,10.171199798583984,0.6306001543998718,9.98544979095459
2023-12-27,0.6823800802230835,1.3195199966430664,0.8535799980163574,1.1043012142181396,1.272718071937561,142.46099853515625,10.136549949645996,0.6328513026237488,9.98486042022705
2023-12-28,0.6854700446128845,1.320199966430664,0.8423299789428711,1.110864281654358,1.2800819873809814,141.3990020751953,10.098340034484863,0.6349488496780396,9.928019523620605
2023-12-29,0.6826302409172058,1.3229600191116333,0.8433600068092346,1.1068191528320312,1.2733986377716064,141.42999267578125,10.180330276489258,0.6334887742996216,9.971090316772461
2024-01-01,0.6820491552352905,1.3239200115203857,0.8407589793205261,1.1055831909179688,1.272999882698059,140.95199584960938,10.162910461425781,0.6319698691368103,10.070549964904785
2024-01-02,0.6810504198074341,1.3242000341415405,0.8418899774551392,1.1038745641708374,1.2728800773620605,141.12600708007812,10.13821029663086,0.6315284371376038,10.054499626159668
2024-01-03,0.6765698194503784,1.332200050354004,0.8501200079917908,1.0941756963729858,1.2623074054718018,142.15499877929688,10.343620300292969,0.625,10.204939842224121
2024-01-04,0.6736002564430237,1.3347699642181396,0.8489000201225281,1.0927767753601074,1.2674272060394287,142.99899291992188,10.330769538879395,0.6251289248466492,10.279509544372559
2024-01-05,0.6706593036651611,1.3355000019073486,0.8500000238418579,1.0947387218475342,1.2684078216552734,144.76499938964844,10.291399955749512,0.6231298446655273,10.207260131835938
2024-01-08,0.6716412901878357,1.3359800577163696,0.8507300019264221,1.0942236185073853,1.271779179573059,144.71600341796875,10.300000190734863,0.6248789429664612,10.259360313415527
2024-01-09,0.6720001101493835,1.3349000215530396,0.8478999733924866,1.095170259475708,1.274518609046936,144.22999572753906,10.359020233154297,0.6251797676086426,10.222399711608887
2024-01-10,0.6684702038764954,1.338919997215271,0.852370023727417,1.0932426452636719,1.2712942361831665,144.42799377441406,10.359199523925781,0.6238303184509277,10.24666976928711
2024-01-11,0.6703999042510986,1.3378499746322632,0.8504999876022339,1.0975141525268555,1.274518609046936,145.73399353027344,10.344969749450684,0.6229597926139832,10.215999603271484
2024-01-12,0.6698498129844666,1.3379900455474854,0.8510100245475769,1.0981649160385132,1.2777756452560425,145.04600524902344,10.289790153503418,0.6242314577102661,10.241049766540527
2024-01-15,0.6689097881317139,1.340939998626709,0.8533200025558472,1.0945708751678467,1.273658275604248,145.1490020751953,10.28711986541748,0.6232999563217163,10.27550983428955
2024-01-16,0.6650399565696716,1.3435800075531006,0.8559799790382385,1.0945708751678467,1.2716174125671387,145.79400634765625,10.350090026855469,0.6190685629844666,10.320639610290527
2024-01-17,0.6588900089263916,1.3489999771118164,0.861299991607666,1.087878942489624,1.26385498046875,147.24600219726562,10.461159706115723,0.6140884160995483,10.43280029296875
2024-01-18,0.6551997661590576,1.3502800464630127,0.8643220067024231,1.0885775089263916,1.2676842212677002,148.1179962158203,10.503210067749023,0.611340343952179,10.440560340881348
2024-01-19,0.6582845449447632,1.348620057106018,0.8680800199508667,1.0879143476486206,1.2709871530532837,148.1280059814453,10.524459838867188,0.6120250821113586,10.481490135192871
2024-01-22,0.6595479249954224,1.3431600332260132,0.8684800267219543,1.089229702949524,1.2699863910675049,148.12100219726562,10.480279922485352,0.6118303537368774,10.45557975769043
2024-01-23,0.6570599675178528,1.347790002822876,0.8691200017929077,1.088020920753479,1.2706964015960693,148.14199829101562,10.518950462341309,0.607389509677887,10.465479850769043
2024-01-24,0.6586300730705261,1.3456000089645386,0.8695999979972839,1.0857881307601929,1.269196629524231,148.25100708007812,10.497770309448242,0.610340416431427,10.475839614868164
2024-01-25,0.6576697826385498,1.3525400161743164,0.8630200028419495,1.088174819946289,1.271876335144043,147.59100341796875,10.465239524841309,0.6108586192131042,10.434869766235352
2024-01-26,0.6585879921913147,1.3477699756622314,0.8669000267982483,1.0847046375274658,1.270825743675232,147.72300720214844,10.433159828186035,0.6108884811401367,10.436800003051758
2024-01-29,0.6578601002693176,1.3453999757766724,0.864139974117279,1.0843517780303955,1.2697607278823853,148.13999938964844,10.42471981048584,0.609289824962616,10.427300453186035
2024-01-30,0.6614194512367249,1.3411400318145752,0.8613200187683105,1.0834470987319946,1.2713264226913452,147.46800231933594,10.416589736938477,0.613481879234314,10.440250396728516
2024-01-31,0.659480094909668,1.3401700258255005,0.8618599772453308,1.08433997631073,1.269551157951355,147.36900329589844,10.437270164489746,0.613180935382843,10.405349731445312
2024-02-01,0.656150758266449,1.3435499668121338,0.862339973449707,1.0803920030593872,1.2678449153900146,146.99600219726562,10.51393985748291,0.611190915107727,10.400360107421875
2024-02-02,0.6574898362159729,1.3382999897003174,0.8576200008392334,1.0874648094177246,1.27472984790802,146.4510040283203,10.429129600524902,0.6145714521408081,10.375459671020508
2024-02-05,0.6505080461502075,1.3470100164413452,0.8669800162315369,1.0780043601989746,1.2621959447860718,148.50100708007812,10.617500305175781,0.6064502000808716,10.503979682922363
2024-02-06,0.6480293273925781,1.3543000221252441,0.8707000017166138,1.0741831064224243,1.2534469366073608,148.63999938964844,10.688579559326172,0.6053085327148438,10.601200103759766
2024-02-07,0.6529674530029297,1.34893000125885,0.8694999814033508,1.075719952583313,1.2606525421142578,147.8179931640625,10.58810043334961,0.6099792718887329,10.499679565429688
2024-02-08,0.6521880626678467,1.3464000225067139,0.8739100098609924,1.077574610710144,1.2627378702163696,148.08599853515625,10.581700325012207,0.6109594106674194,10.467089653015137
2024-02-09,0.6497599482536316,1.3459999561309814,0.873449981212616,1.0777255296707153,1.2620525360107422,149.25900268554688,10.612839698791504,0.6107914447784424,10.469779968261719
2024-02-12,0.6525583267211914,1.3457800149917603,0.8741599917411804,1.0798202753067017,1.2637271881103516,149.16700744628906,10.53242015838623,0.6147717237472534,10.442850112915039
2024-02-13,0.6528898477554321,1.3455300331115723,0.8758000135421753,1.0772264003753662,1.2627538442611694,149.40499877929688,10.497750282287598,0.6127901673316956,10.397159576416016
2024-02-14,0.6453399062156677,1.3565800189971924,0.8874099850654602,1.0708931684494019,1.2590652704238892,150.7239990234375,10.669059753417969,0.6057815551757812,10.580060005187988
2024-02-15,0.6498798131942749,1.3538700342178345,0.8851000070571899,1.0732147693634033,1.2568340301513672,150.54400634765625,10.577300071716309,0.609061598777771,10.50590991973877
2024-02-16,0.6525498628616333,1.3465299606323242,0.879800021648407,1.0773887634277344,1.259921908378601,149.9459991455078,10.523260116577148,0.6111199259757996,10.446510314941406
2024-02-19,0.6537913680076599,1.3477799892425537,0.880649983882904,1.0784927606582642,1.2611136436462402,150.09100341796875,10.495200157165527,0.6136400103569031,10.417180061340332
2024-02-20,0.6530783176422119,1.3497999906539917,0.8827469944953918,1.0775396823883057,1.2587641477584839,150.27000427246094,10.48904037475586,0.6142581701278687,10.390629768371582
2024-02-21,0.6553500890731812,1.3521900177001953,0.8818100094795227,1.0813149213790894,1.2627378702163696,149.93899536132812,10.484450340270996,0.616819441318512,10.357210159301758
2024-02-22,0.6553199887275696,1.3496999740600586,0.8792499899864197,1.0820403099060059,1.2638070583343506,150.35499572753906,10.474610328674316,0.6180316805839539,10.357159614562988
2024-02-23,0.6559101939201355,1.348140001296997,0.8799499869346619,1.0825674533843994,1.266367793083191,150.48300170898438,10.496310234069824,0.6195287704467773,10.315899848937988
2024-02-26,0.6565384864807129,1.3507200479507446,0.8812500238418579,1.0820051431655884,1.2672665119171143,150.4980010986328,10.531720161437988,0.6186893582344055,10.316740036010742
2024-02-27,0.6539598107337952,1.3501299619674683,0.8798999786376953,1.0850930213928223,1.268455982208252,150.5659942626953,10.498270034790039,0.6167091131210327,10.274869918823242
2024-02-28,0.6543898582458496,1.3531700372695923,0.8787999749183655,1.084481120109558,1.268166422843933,150.4949951171875,10.525270462036133,0.6170287728309631,10.303460121154785
2024-02-29,0.6494700312614441,1.3577500581741333,0.8787099719047546,1.0838816165924072,1.2663036584854126,150.656005859375,10.590479850769043,0.6097100377082825,10.331649780273438
2024-03-01,0.6498401165008545,1.3573700189590454,0.8844000101089478,1.0804970264434814,1.2625465393066406,150.09500122070312,10.618359565734863,0.6085797548294067,10.368550300598145
2024-03-04,0.6527883410453796,1.355239987373352,0.8833400011062622,1.084269404411316,1.26603102684021,150.10499572753906,10.512900352478027,0.6103813648223877,10.30659008026123
2024-03-05,0.6507620811462402,1.357200026512146,0.885200023651123,1.0855170488357544,1.269196629524231,150.46600341796875,10.567540168762207,0.6096594333648682,10.364399909973145
2024-03-06,0.6503900289535522,1.3589999675750732,0.8835800290107727,1.0855995416641235,1.27048659324646,150.0489959716797,10.569299697875977,0.6087798476219177,10.37771987915039
2024-03-07,0.6566298604011536,1.3512699604034424,0.882099986076355,1.089953899383545,1.2735446691513062,149.2689971923828,10.479049682617188,0.6127901673316956,10.27534008026123
2024-03-08,0.6621301770210266,1.3451999425888062,0.8770999908447266,1.0950144529342651,1.2815583944320679,147.8679962158203,10.396010398864746,0.6178789138793945,10.218910217285156
2024-03-11,0.6624314785003662,1.348449945449829,0.8775100111961365,1.0942955017089844,1.2855123281478882,146.7740020751953,10.422829627990723,0.6179400086402893,10.209489822387695
2024-03-12,0.6615506410598755,1.347749948501587,0.8772500157356262,1.093135118484497,1.2819806337356567,146.73199462890625,10.440799713134766,0.6170782446861267,10.23462963104248
2024-03-13,0.6607297658920288,1.349310040473938,0.8773900270462036,1.0927767753601074,1.2795906066894531,147.61900329589844,10.509550094604492,0.614960789680481,10.231719970703125
2024-03-14,0.6627599000930786,1.3466299772262573,0.8783800005912781,1.0955302715301514,1.2802129983901978,147.62100219726562,10.46854019165039,0.6165000200271606,10.215700149536133
2024-03-15,0.6579297780990601,1.3537700176239014,0.8842700123786926,1.0883406400680542,1.2745835781097412,148.29600524902344,10.56527042388916,0.6124786734580994,10.346030235290527
2024-03-18,0.6557978987693787,1.3546099662780762,0.8835899829864502,1.0882576704025269,1.2731393575668335,148.9550018310547,10.62279987335205,0.608698308467865,10.362520217895508
2024-03-19,0.655750572681427,1.3534799814224243,0.8875100016593933,1.087393879890442,1.272718071937561,149.1439971923828,10.641169548034668,0.6082687973976135,10.420980453491211
2024-03-20,0.6526401042938232,1.3573100566864014,0.8885400295257568,1.0863306522369385,1.2719409465789795,151.03500366210938,10.638669967651367,0.6048984527587891,10.428239822387695
2024-03-21,0.6597799062728882,1.347190022468567,0.8855500221252441,1.0937210321426392,1.2798361778259277,150.75999450683594,10.546380043029785,0.6089614629745483,10.363249778747559
2024-03-22,0.657418966293335,1.3526999950408936,0.8976799845695496,1.0862362384796143,1.2661913633346558,151.63299560546875,10.660940170288086,0.6046388149261475,10.46288013458252
2024-03-25,0.6515804529190063,1.3611500263214111,0.8976200222969055,1.0807539224624634,1.25979483127594,151.30499267578125,10.750539779663086,0.5990211963653564,10.563159942626953
2024-03-26,0.6538896560668945,1.3584599494934082,0.8994699716567993,1.0838228464126587,1.2637910842895508,151.3730010986328,10.71306037902832,0.6001608371734619,10.572759628295898
2024-03-27,0.6538982391357422,1.3581000566482544,0.9036499857902527,1.0832358598709106,1.2628495693206787,151.52999877929688,10.754599571228027,0.6007593870162964,10.584440231323242
2024-03-28,0.6521999835968018,1.3586000204086304,0.9054999947547913,1.0813382863998413,1.261670470237732,151.28700256347656,10.797900199890137,0.5992509126663208,10.638039588928223
2024-03-29,0.6516780853271484,1.353600025177002,0.9010699987411499,1.0794472694396973,1.26262629032135,151.44000244140625,10.84060001373291,0.5974700450897217,10.687660217285156
2024-04-01,0.6533001661300659,1.3521900177001953,0.9020000100135803,1.0792726278305054,1.2637271881103516,151.3979949951172,10.845000267028809,0.5986589789390564,10.677499771118164
2024-04-02,0.6487903594970703,1.3573700189590454,0.9050700068473816,1.0737217664718628,1.2545477151870728,151.58099365234375,10.962949752807617,0.5952416062355042,10.801790237426758
2024-04-03,0.651439905166626,1.3564300537109375,0.9078199863433838,1.076855182647705,1.2576876878738403,151.5399932861328,10.831520080566406,0.5969401001930237,10.738889694213867
2024-04-04,0.6568998694419861,1.3523800373077393,0.9028900265693665,1.0838346481323242,1.2651821374893188,151.58099365234375,10.708490371704102,0.6014711856842041,10.640080451965332
2024-04-05,0.6587702035903931,1.354449987411499,0.9015100002288818,1.0837054252624512,1.26401948928833,151.29200744628906,10.729530334472656,0.6027800440788269,10.644319534301758
2024-04-08,0.6570215821266174,1.3604099750518799,0.9031699895858765,1.0830481052398682,1.2625305652618408,151.69000244140625,10.750900268554688,0.6004491448402405,10.648870468139648
2024-04-09,0.6604998111724854,1.3570799827575684,0.9050099849700928,1.0863661766052246,1.2658709287643433,151.84300231933594,10.674420356750488,0.6034383773803711,10.553799629211426
2024-04-10,0.662850022315979,1.3572900295257568,0.9029800295829773,1.0859296321868896,1.2677645683288574,151.77699279785156,10.664899826049805,0.6067924499511719,10.545299530029297
2024-04-11,0.6507201194763184,1.3687000274658203,0.9130399823188782,1.074171543121338,1.2537612915039062,152.96400451660156,10.836580276489258,0.5974607467651367,10.720999717712402
2024-04-12,0.6540607213973999,1.368690013885498,0.9098299741744995,1.0726851224899292,1.2554770708084106,153.19200134277344,10.820159912109375,0.600121259689331,10.721570014953613
2024-04-15,0.6475803256034851,1.3758000135421753,0.9137700200080872,1.0649627447128296,1.2461835145950317,153.2830047607422,10.865699768066406,0.594558596611023,10.856499671936035
2024-04-16,0.644250214099884,1.3786300420761108,0.9115999937057495,1.0625749826431274,1.2447409629821777,154.20599365234375,10.931400299072266,0.5902804136276245,10.876899719238281
2024-04-17,0.6412801146507263,1.3818800449371338,0.912559986114502,1.0621461868286133,1.2431007623672485,154.697998046875,10.968589782714844,0.5892091989517212,10.937310218811035
2024-04-18,0.6439813375473022,1.3771799802780151,0.9103999733924866,1.0669398307800293,1.2453765869140625,154.3419952392578,11.003299713134766,0.5912995934486389,10.940699577331543
2024-04-19,0.6424699425697327,1.3769299983978271,0.9121000170707703,1.0644185543060303,1.2437657117843628,154.61000061035156,11.05303955078125,0.5903501510620117,10.970979690551758
2024-04-22,0.6425991654396057,1.373900055885315,0.9109830260276794,1.065825343132019,1.2375777959823608,154.63999938964844,11.012999534606934,0.5900297164916992,10.922800064086914
2024-04-23,0.6452862024307251,1.3700499534606934,0.9118899703025818,1.065405249595642,1.2350252866744995,154.81300354003906,10.979880332946777,0.5921199917793274,10.881389617919922
2024-04-24,0.6488901376724243,1.3660600185394287,0.9114000201225281,1.0704345703125,1.2453300952911377,154.74400329589844,10.90386962890625,0.5936902165412903,10.807379722595215
2024-04-25,0.6496999263763428,1.370419979095459,0.9144399762153625,1.0699878931045532,1.2459505796432495,155.25900268554688,10.99020004272461,0.593591570854187,10.879579544067383
2024-04-26,0.6523199677467346,1.3658000230789185,0.9125199913978577,1.072961449623108,1.2509069442749023,155.5970001220703,10.955780029296875,0.5958410501480103,10.88129997253418
2024-04-29,0.6541398763656616,1.36558997631073,0.9136880040168762,1.0706866979599,1.2510477304458618,158.2239990234375,11.015390396118164,0.5947707891464233,10.923859596252441
2024-04-30,0.6561899185180664,1.36667001247406,0.9107199907302856,1.0715701580047607,1.2559815645217896,156.31399536132812,10.987279891967773,0.5971611142158508,10.928460121154785
2024-05-01,0.6478001475334167,1.3776999711990356,0.9194899797439575,1.0666552782058716,1.2490164041519165,157.7220001220703,11.11497974395752,0.5879517197608948,11.01688003540039
2024-05-02,0.653190016746521,1.3723000288009644,0.9163600206375122,1.0721560716629028,1.2539342641830444,155.70399475097656,11.017459869384766,0.5930107831954956,10.910090446472168
2024-05-03,0.6571398973464966,1.3666199445724487,0.9097700119018555,1.073306918144226,1.2540600299835205,153.0449981689453,10.974140167236328,0.5963882803916931,10.8543701171875
2024-05-06,0.6609079837799072,1.3691500425338745,0.9059399962425232,1.0758124589920044,1.2541072368621826,153.5659942626953,10.862799644470215,0.6007593870162964,10.819060325622559
2024-05-07,0.6623920202255249,1.3670899868011475,0.9067000150680542,1.0767507553100586,1.2559815645217896,154.23699951171875,10.8300199508667,0.6009507179260254,10.808429718017578
2024-05-08,0.6589199900627136,1.3733199834823608,0.9084799885749817,1.0750491619110107,1.25014066696167,154.7480010986328,10.919300079345703,0.5997199416160583,10.864800453186035
2024-05-09,0.657680094242096,1.3727200031280518,0.9079899787902832,1.0746910572052002,1.2493284940719604,155.41900634765625,10.901729583740234,0.6004202961921692,10.908539772033691
2024-05-10,0.6620998978614807,1.3677799701690674,0.9058499932289124,1.078515887260437,1.2525677680969238,155.38900756835938,10.834759712219238,0.6036205291748047,10.840579986572266
2024-05-13,0.6601008772850037,1.3676999807357788,0.9064499735832214,1.077040672302246,1.2522854804992676,155.8179931640625,10.84945011138916,0.6018512845039368,10.845080375671387
2024-05-14,0.6612882018089294,1.366569995880127,0.9078999757766724,1.079354166984558,1.2561867237091064,156.23300170898438,10.808500289916992,0.6023406982421875,10.835559844970703
2024-05-15,0.6626027226448059,1.365280032157898,0.9067000150680542,1.0814552307128906,1.2585265636444092,156.4980010986328,10.800169944763184,0.6043282151222229,10.794949531555176
2024-05-16,0.6701065301895142,1.3596999645233154,0.9005299806594849,1.0889805555343628,1.2690032720565796,154.28199768066406,10.648280143737793,0.6130606532096863,10.64719009399414
2024-05-17,0.6683151721954346,1.3614599704742432,0.9059900045394897,1.0867793560028076,1.2672007083892822,155.37899780273438,10.688559532165527,0.6124201416969299,10.704150199890137
2024-05-20,0.6700705885887146,1.3607900142669678,0.9086999893188477,1.0875475406646729,1.2706480026245117,155.75399780273438,10.6670503616333,0.6136701107025146,10.700010299682617
2024-05-21,0.6672093272209167,1.3621000051498413,0.9101200103759766,1.086082935333252,1.2710840702056885,156.3699951171875,10.692500114440918,0.6108101606369019,10.678139686584473
2024-05-22,0.6667097806930542,1.3640300035476685,0.9111599922180176,1.0855170488357544,1.2711325883865356,156.25100708007812,10.663800239562988,0.6093807816505432,10.687199592590332
2024-05-23,0.6619185209274292,1.368899941444397,0.9150000214576721,1.0825204849243164,1.2721028327941895,156.70399475097656,10.704489707946777,0.6100090146064758,10.734000205993652
2024-05-24,0.6601487994194031,1.3732099533081055,0.914330005645752,1.0812681913375854,1.2694060802459717,156.97300720214844,10.667900085449219,0.609730064868927,10.73427963256836
2024-05-27,0.6624007821083069,1.3666000366210938,0.9143999814987183,1.0847634077072144,1.2736095190048218,156.8699951171875,10.588899612426758,0.6121711730957031,10.660099983215332
2024-05-28,0.6655617952346802,1.3628900051116943,0.9132000207901001,1.0861891508102417,1.2772371768951416,156.84500122070312,10.476900100708008,0.6152294278144836,10.604920387268066
2024-05-29,0.6647999286651611,1.3645999431610107,0.9122899770736694,1.0851871967315674,1.275835633277893,157.26199340820312,10.514519691467285,0.6140695810317993,10.577300071716309
2024-05-30,0.6613699793815613,1.3717000484466553,0.9128000140190125,1.0801819562911987,1.2697993516921997,157.60800170898438,10.58584976196289,0.6113590598106384,10.669139862060547
2024-05-31,0.6630301475524902,1.3683300018310547,0.9033100008964539,1.0835410356521606,1.27304208278656,156.9530029296875,10.551300048828125,0.6116507053375244,10.587039947509766
2024-06-03,0.6656903028488159,1.3618899583816528,0.9013199806213379,1.0853049755096436,1.2743724584579468,157.17999267578125,10.492500305175781,0.6148586869239807,10.523200035095215
2024-06-04,0.669008195400238,1.3628699779510498,0.8950200080871582,1.0907385349273682,1.2810165882110596,156.0760040283203,10.446999549865723,0.6193599700927734,10.405960083007812
2024-06-05,0.6646201014518738,1.3676199913024902,0.8899499773979187,1.0881866216659546,1.2773023843765259,155.12399291992188,10.550939559936523,0.6174706816673279,10.419839859008789
2024-06-06,0.6657789945602417,1.36899995803833,0.8924999833106995,1.087453007698059,1.2794759273529053,155.9290008544922,10.567279815673828,0.6196286082267761,10.38539981842041
2024-06-07,0.6669601202011108,1.366819977760315,0.8897200226783752,1.0894432067871094,1.2793285846710205,155.69700622558594,10.550239562988281,0.6197015643119812,10.384710311889648
2024-06-10,0.6582714915275574,1.3759000301361084,0.8960999846458435,1.0778882503509521,1.2729448080062866,156.83299255371094,10.71500015258789,0.6106199026107788,10.55739974975586
2024-06-11,0.6608948111534119,1.3761199712753296,0.8965799808502197,1.0764262676239014,1.2726370096206665,157.0399932861328,10.643850326538086,0.6128314733505249,10.475700378417969
2024-06-12,0.6607699394226074,1.3754899501800537,0.8977800011634827,1.0740330219268799,1.274047613143921,157.10499572753906,10.690159797668457,0.614601731300354,10.481599807739258
2024-06-13,0.6662899851799011,1.372189998626709,0.8942599892616272,1.0813149213790894,1.27962327003479,156.8000030517578,10.579500198364258,0.6186816692352295,10.377599716186523
2024-06-14,0.6633102893829346,1.3740999698638916,0.8939300179481506,1.0738831758499146,1.2755101919174194,157.1280059814453,10.648750305175781,0.6161011457443237,10.478099822998047
2024-06-17,0.6612882018089294,1.3732999563217163,0.8907300233840942,1.0702168941497803,1.2683112621307373,157.54600524902344,10.675200462341309,0.6137416958808899,10.520480155944824
2024-06-18,0.6622077822685242,1.3713300228118896,0.8883000016212463,1.0740677118301392,1.2715997695922852,157.6999969482422,10.648209571838379,0.613800048828125,10.467849731445312
2024-06-19,0.6661200523376465,1.3716200590133667,0.8841800093650818,1.0742292404174805,1.2707449197769165,157.87100219726562,10.574250221252441,0.614058256149292,10.434000015258789
2024-06-20,0.6675300002098083,1.3705799579620361,0.8842999935150146,1.0751532316207886,1.2721998691558838,157.95799255371094,10.5625,0.6139414310455322,10.436699867248535
2024-06-21,0.6660698652267456,1.3684699535369873,0.8914899826049805,1.0706409215927124,1.2660471200942993,158.93099975585938,10.54010009765625,0.6122798919677734,10.493200302124023
2024-06-24,0.6635000109672546,1.370129942893982,0.89410001039505,1.0687757730484009,1.2639029026031494,159.86099243164062,10.579970359802246,0.6111199259757996,10.51272964477539
2024-06-25,0.6654599905014038,1.3657900094985962,0.8931900262832642,1.0732723474502563,1.268343448638916,159.68600463867188,10.532400131225586,0.6120513081550598,10.471599578857422
2024-06-26,0.6644800901412964,1.3661099672317505,0.8952000141143799,1.0709619522094727,1.268399715423584,159.68600463867188,10.614899635314941,0.6119089722633362,10.508899688720703
2024-06-27,0.6644783020019531,1.3704500198364258,0.8967000246047974,1.068010926246643,1.262179970741272,160.62100219726562,10.683819770812988,0.6080284118652344,10.576720237731934
2024-06-28,0.6650599241256714,1.3699300289154053,0.8985199928283691,1.0708472728729248,1.2645741701126099,160.68699645996094,10.65526008605957,0.6084686517715454,10.623290061950684
2024-07-01,0.6674007773399353,1.3672699928283691,0.9002000093460083,1.0735257863998413,1.2648621797561646,160.90699768066406,10.661399841308594,0.6099197268486023,10.566100120544434
2024-07-02,0.6654599905014038,1.3737800121307373,0.9031599760055542,1.0737102031707764,1.2645741701126099,161.51199340820312,10.658470153808594,0.6064796447753906,10.615679740905762
2024-07-03,0.6668298244476318,1.3676799535751343,0.903689980506897,1.0748412609100342,1.2690355777740479,161.50399780273438,10.66586971282959,0.6082206964492798,10.57229995727539
2024-07-04,0.6710900068283081,1.3633300065994263,0.9007599949836731,1.0793308019638062,1.2747784852981567,161.62100219726562,10.547430038452148,0.6107205748558044,10.482640266418457
2024-07-05,0.6725085377693176,1.3615200519561768,0.9002500176429749,1.0810693502426147,1.2755752801895142,161.35800170898438,10.566100120544434,0.611340343952179,10.502690315246582
2024-07-08,0.6746591329574585,1.363800048828125,0.8952299952507019,1.082602620124817,1.2806508541107178,160.63800048828125,10.563400268554688,0.6141110062599182,10.460800170898438
2024-07-09,0.6743202209472656,1.3629499673843384,0.8978099822998047,1.0830950736999512,1.2815583944320679,160.85699462890625,10.60116958618164,0.6131207942962646,10.581000328063965
2024-07-10,0.6741496920585632,1.3630000352859497,0.8974000215530396,1.0814785957336426,1.2787723541259766,161.33099365234375,10.602519989013672,0.6127113103866577,10.54916000366211
2024-07-11,0.6751797795295715,1.3617199659347534,0.8992000222206116,1.083329677581787,1.285264492034912,161.60699462890625,10.711739540100098,0.6087983250617981,10.544010162353516
2024-07-12,0.6768500804901123,1.3624399900436401,0.8960300087928772,1.0872756242752075,1.292373776435852,158.2010040283203,10.713029861450195,0.6094588041305542,10.488309860229492
2024-07-15,0.6771998405456543,1.3645999431610107,0.8968899846076965,1.0885539054870605,1.2966804504394531,158.31300354003906,10.739100456237793,0.6095516681671143,10.558609962463379
2024-07-16,0.6763300895690918,1.3675999641418457,0.8954700231552124,1.0901559591293335,1.2970000505447388,158.14100646972656,10.804699897766113,0.6076810956001282,10.599570274353027
2024-07-17,0.6731998324394226,1.3669500350952148,0.8932200074195862,1.0902509689331055,1.29776930809021,158.35000610351562,10.771820068359375,0.6069099307060242,10.57544994354248
2024-07-18,0.6730697751045227,1.3678699731826782,0.8823500275611877,1.094020128250122,1.3007453680038452,155.68600463867188,10.714460372924805,0.608061671257019,10.544899940490723
2024-07-19,0.6705500483512878,1.3702000379562378,0.8873000144958496,1.0901559591293335,1.2951691150665283,157.14999389648438,10.808150291442871,0.6043793559074402,10.58942985534668
2024-07-22,0.6696308851242065,1.3707000017166138,0.8880100250244141,1.0899182558059692,1.2933096885681152,157.4219970703125,10.878780364990234,0.6024205088615417,10.646900177001953
2024-07-23,0.6640105843544006,1.3761199712753296,0.8895000219345093,1.0889805555343628,1.2932428121566772,156.89100646972656,10.957229614257812,0.5978501439094543,10.722940444946289
2024-07-24,0.6612094640731812,1.3785799741744995,0.8915200233459473,1.0850694179534912,1.2901561260223389,155.76800537109375,11.017060279846191,0.595291256904602,10.766730308532715
2024-07-25,0.6574798822402954,1.3810299634933472,0.8850200176239014,1.0839520692825317,1.289989709854126,153.89100646972656,11.025799751281738,0.5927295684814453,10.773799896240234
2024-07-26,0.6542999744415283,1.3819299936294556,0.8806399703025818,1.0851283073425293,1.2856775522232056,153.69700622558594,11.024749755859375,0.5889801979064941,10.824029922485352
2024-07-29,0.6554999947547913,1.3827999830245972,0.8842999935150146,1.0853756666183472,1.2868356704711914,154.13900756835938,11.004599571228027,0.5889000296592712,10.815640449523926
2024-07-30,0.6551405787467957,1.3855799436569214,0.8860999941825867,1.081946611404419,1.286041259765625,153.83299255371094,10.99841022491455,0.5877305269241333,10.829950332641602
2024-07-31,0.6541501879692078,1.3849600553512573,0.8820300102233887,1.0816072225570679,1.2836971282958984,152.6699981689453,10.945549964904785,0.5902003049850464,10.76060962677002
2024-08-01,0.6547001004219055,1.3808300495147705,0.8781399726867676,1.082391619682312,1.2853139638900757,149.74400329589844,10.89783000946045,0.595181405544281,10.68865966796875
2024-08-02,0.6494898200035095,1.3880599737167358,0.8729000091552734,1.0787602663040161,1.27289617061615,149.2010040283203,10.951979637145996,0.5936197638511658,10.727899551391602
2024-08-05,0.6497219204902649,1.3883099555969238,0.8561000227928162,1.0910836458206177,1.278788685798645,145.58399963378906,10.956219673156738,0.594700038433075,10.557000160217285
2024-08-06,0.6515498757362366,1.3805299997329712,0.8548300266265869,1.0950982570648193,1.2788705825805664,145.7899932861328,10.996700286865234,0.5950503945350647,10.525870323181152
2024-08-07,0.6515001654624939,1.3786499500274658,0.8525500297546387,1.0926215648651123,1.2684721946716309,144.73199462890625,10.896430015563965,0.5974107980728149,10.529430389404297
2024-08-08,0.6515973806381226,1.3754700422286987,0.8592699766159058,1.0928125381469727,1.2680377960205078,146.12399291992188,10.820670127868652,0.5986088514328003,10.470430374145508
2024-08-09,0.659200131893158,1.3735400438308716,0.8668500185012817,1.0915720462799072,1.2747459411621094,147.66900634765625,10.83506965637207,0.6007015705108643,10.51039981842041
2024-08-12,0.6569784283638,1.3735899925231934,0.8650400042533875,1.091381311416626,1.2750385999679565,147.04200744628906,10.811630249023438,0.5994916558265686,10.51688003540039
2024-08-13,0.6585316061973572,1.3742300271987915,0.8647300004959106,1.0936251878738403,1.2771228551864624,146.98199462890625,10.799969673156738,0.6023406982421875,10.512579917907715
2024-08-14,0.6638598442077637,1.3709100484848022,0.8650500178337097,1.0996986627578735,1.2866700887680054,146.9709930419922,10.723219871520996,0.6079211831092834,10.451669692993164
2024-08-15,0.6600006818771362,1.3715699911117554,0.8648059964179993,1.1013215780258179,1.2828736305236816,147.2530059814453,10.714489936828613,0.6000707745552063,10.467300415039062
2024-08-16,0.6612488627433777,1.37336003780365,0.8724899888038635,1.0972732305526733,1.2859420776367188,149.2220001220703,10.740739822387695,0.5980896949768066,10.54069995880127
2024-08-19,0.6672983765602112,1.3678300380706787,0.867579996585846,1.1024993658065796,1.294716238975525,147.95599365234375,10.680899620056152,0.6057485342025757,10.435099601745605
2024-08-20,0.6735321879386902,1.3630000352859497,0.8623700141906738,1.1086474657058716,1.2990386486053467,146.69900512695312,10.529939651489258,0.6117704510688782,10.304699897766113
2024-08-21,0.6747274398803711,1.3617299795150757,0.8535599708557129,1.112792730331421,1.3035430908203125,145.3470001220703,10.491640090942383,0.6157407760620117,10.100000381469727
2024-08-22,0.6749701499938965,1.3583300113677979,0.8511000275611877,1.115536093711853,1.309346079826355,145.1179962158203,10.500499725341797,0.6162492632865906,10.173870086669922
2024-08-23,0.6708199381828308,1.3603399991989136,0.8517000079154968,1.111716389656067,1.3097747564315796,146.20199584960938,10.580479621887207,0.6143600344657898,10.23250961303711
2024-08-26,0.6787806153297424,1.3508000373840332,0.847320020198822,1.1187934875488281,1.3212658166885376,144.0,10.465299606323242,0.6224092245101929,10.199299812316895
2024-08-27,0.6772910952568054,1.3482099771499634,0.847100019454956,1.1164700984954834,1.3191741704940796,144.51600646972656,10.536479949951172,0.6205514073371887,10.211870193481445
2024-08-28,0.6787898540496826,1.3447699546813965,0.8417199850082397,1.117793083190918,1.3257501125335693,143.97500610351562,10.460419654846191,0.6244106888771057,10.150639533996582
2024-08-29,0.6783100962638855,1.3476999998092651,0.8418200016021729,1.1124955415725708,1.3193656206130981,144.43299865722656,10.503600120544434,0.6247500777244568,10.194620132446289
2024-08-30,0.67958003282547,1.3489099740982056,0.8469399809837341,1.1080454587936401,1.3166210651397705,144.88999938964844,10.5001802444458,0.6263309121131897,10.219630241394043
2024-09-02,0.6768001914024353,1.3488999605178833,0.8504999876022339,1.1044842004776,1.3128528594970703,146.38099670410156,10.605629920959473,0.625,10.2704496383667
2024-09-03,0.6787299513816833,1.3497300148010254,0.8513699769973755,1.1067456007003784,1.314198613166809,146.7220001220703,10.590559959411621,0.6230490803718567,10.248250007629395
2024-09-04,0.6714000701904297,1.3543399572372437,0.8499299883842468,1.1048868894577026,1.3114066123962402,145.35299682617188,10.676190376281738,0.618739128112793,10.2958402633667
2024-09-05,0.6716187596321106,1.3508100509643555,0.8460400104522705,1.1080454587936401,1.3144749402999878,143.32400512695312,10.632360458374023,0.6186702251434326,10.213359832763672
2024-09-06,0.6740502119064331,1.3500100374221802,0.8438100218772888,1.1111111640930176,1.317748785018921,143.39300537109375,10.627809524536133,0.6224402189254761,10.249420166015625
2024-09-09,0.6670802235603333,1.3562099933624268,0.843940019607544,1.1087212562561035,1.3133355379104614,142.48599243164062,10.70779037475586,0.6171315908432007,10.29817008972168
2024-09-10,0.6657878756523132,1.3564000129699707,0.8494499921798706,1.1037527322769165,1.307138204574585,143.177001953125,10.840189933776855,0.6142317652702332,10.372529983520508
2024-09-11,0.6653298139572144,1.3609600067138672,0.8466200232505798,1.1020983457565308,1.3080273866653442,142.23399353027344,10.811059951782227,0.6150099039077759,10.347729682922363
2024-09-12,0.6676998138427734,1.3578399419784546,0.8525999784469604,1.1010911464691162,1.3039510250091553,142.58999633789062,10.856120109558105,0.6132185459136963,10.388270378112793
2024-09-13,0.6726899147033691,1.3575799465179443,0.8498799800872803,1.1077877283096313,1.313232183456421,141.49899291992188,10.707429885864258,0.6187008619308472,10.261320114135742
2024-09-16,0.6713797450065613,1.3577699661254883,0.8476999998092651,1.1088441610336304,1.3137997388839722,140.7899932861328,10.618840217590332,0.6164087653160095,10.211270332336426
2024-09-17,0.6751897931098938,1.3586299419403076,0.8445799946784973,1.1129536628723145,1.3210737705230713,140.7899932861328,10.590299606323242,0.6196094155311584,10.177499771118164
2024-09-18,0.6762696504592896,1.3592100143432617,0.8463299870491028,1.1123099327087402,1.3167423009872437,142.01499938964844,10.579090118408203,0.619398295879364,10.177129745483398
2024-09-19,0.676369845867157,1.3610700368881226,0.8472999930381775,1.1114816665649414,1.3201146125793457,142.7100067138672,10.587039947509766,0.6208904981613159,10.202939987182617
2024-09-20,0.6809576749801636,1.3562699556350708,0.8477799892425537,1.1161960363388062,1.328179955482483,142.85800170898438,10.50100040435791,0.6237019300460815,10.150930404663086
2024-09-23,0.6809993982315063,1.3564200401306152,0.8508999943733215,1.1160838603973389,1.331398367881775,144.00399780273438,10.472800254821777,0.6236202716827393,10.164509773254395
2024-09-24,0.6834102272987366,1.3529499769210815,0.847320020198822,1.1111727952957153,1.3349887132644653,143.63800048828125,10.48069953918457,0.6267195343971252,10.19159984588623
2024-09-25,0.6905400156974792,1.3421000242233276,0.841509997844696,1.1191190481185913,1.3427324295043945,142.96299743652344,10.39054012298584,0.6352190971374512,10.079529762268066
2024-09-26,0.6821599006652832,1.3482199907302856,0.850570023059845,1.1131023168563843,1.3315792083740234,144.68299865722656,10.574299812316895,0.6257195472717285,10.179900169372559
2024-09-27,0.689280092716217,1.3475699424743652,0.8462399840354919,1.117717981338501,1.341381549835205,145.0760040283203,10.529399871826172,0.6331197619438171,10.117899894714355
2024-09-30,0.6918787360191345,1.3508800268173218,0.840499997138977,1.1169815063476562,1.338329792022705,142.7830047607422,10.484600067138672,0.634981095790863,10.082639694213867
2024-10-01,0.6915801763534546,1.352720022201538,0.8453099727630615,1.113660216331482,1.3376137018203735,143.7100067138672,10.535479545593262,0.6345298290252686,10.152569770812988
2024-10-02,0.6879992485046387,1.3494600057601929,0.846340000629425,1.1063904762268066,1.327404260635376,143.73599243164062,10.607580184936523,0.6282985806465149,10.27163028717041
2024-10-03,0.6887099742889404,1.3504899740219116,0.8499100208282471,1.1048502922058105,1.326611876487732,146.58200073242188,10.57190990447998,0.6261191964149475,10.261449813842773
2024-10-04,0.6850300431251526,1.3548200130462646,0.8518099784851074,1.103557825088501,1.3130252361297607,146.83999633789062,10.598259925842285,0.6217281222343445,10.292929649353027
2024-10-07,0.6800592541694641,1.3579200506210327,0.8586900234222412,1.0974539518356323,1.3125253915786743,148.82000732421875,10.669699668884277,0.6160784363746643,10.372529983520508
2024-10-08,0.6755999326705933,1.361799955368042,0.8545799851417542,1.0975743532180786,1.3084723949432373,148.14599609375,10.640999794006348,0.6128502488136292,10.34788990020752
2024-10-09,0.6739597916603088,1.3652000427246094,0.8574000000953674,1.0975743532180786,1.309483289718628,148.15899658203125,10.705920219421387,0.6131395697593689,10.32625961303711
2024-10-10,0.6717401146888733,1.3709299564361572,0.8604699969291687,1.0943313837051392,1.306830883026123,149.16000366210938,10.774299621582031,0.6070908308029175,10.391830444335938
2024-10-11,0.6740997433662415,1.3745700120925903,0.8565499782562256,1.0933860540390015,1.3062163591384888,148.70399475097656,10.729439735412598,0.6096000075340271,10.389570236206055
2024-10-14,0.6731105446815491,1.378119945526123,0.858299970626831,1.0925379991531372,1.3049037456512451,149.33399963378906,10.731639862060547,0.6091692447662354,10.392999649047852
2024-10-15,0.6725999116897583,1.3802900314331055,0.8621000051498413,1.0909169912338257,1.3067454099655151,149.6699981689453,10.801799774169922,0.6089614629745483,10.422240257263184
2024-10-16,0.6682080030441284,1.3781100511550903,0.8625400066375732,1.0884116888046265,1.3065917491912842,149.0989990234375,10.826189994812012,0.6056311726570129,10.419599533081055
2024-10-17,0.6664889454841614,1.375499963760376,0.8652999997138977,1.0862481594085693,1.29902184009552,149.5760040283203,10.91234016418457,0.6058696508407593,10.505200386047363
2024-10-18,0.6699718832969666,1.3795700073242188,0.8659300208091736,1.0829542875289917,1.301574945449829,150.10000610351562,10.916399955749512,0.6060715913772583,10.543259620666504
2024-10-21,0.6716818809509277,1.3799599409103394,0.8649299740791321,1.0868619680404663,1.3052616119384766,149.60000610351562,10.918600082397461,0.6076700091362,10.520830154418945
2024-10-22,0.6653094291687012,1.3833500146865845,0.8654099702835083,1.0817828178405762,1.298296570777893,150.60499572753906,10.94849967956543,0.6023297905921936,10.557929992675781
2024-10-23,0.6685997843742371,1.3816200494766235,0.8655300140380859,1.079727053642273,1.2982797622680664,151.13800048828125,10.921699523925781,0.604580283164978,10.541600227355957
2024-10-24,0.663599967956543,1.3836699724197388,0.8667399883270264,1.0780508518218994,1.291372299194336,152.7689971923828,10.986200332641602,0.6006186604499817,10.5943603515625
2024-10-25,0.663702130317688,1.3853299617767334,0.8658699989318848,1.0824151039123535,1.2973365783691406,151.7830047607422,10.936180114746094,0.6008387804031372,10.56190013885498
2024-10-28,0.6603406071662903,1.3895599842071533,0.8684599995613098,1.0796570777893066,1.295823574066162,152.95199584960938,10.985199928283691,0.5979001522064209,10.61128044128418
2024-10-29,0.6582671999931335,1.3889800310134888,0.8648599982261658,1.0816774368286133,1.2974711656570435,153.1790008544922,10.983920097351074,0.5986300110816956,10.643349647521973
2024-10-30,0.6563001871109009,1.3912800550460815,0.8672199845314026,1.0820636749267578,1.3014055490493774,153.2740020751953,10.953709602355957,0.5971183180809021,10.631790161132812
2024-10-31,0.6572798490524292,1.3907999992370605,0.8662999868392944,1.0859178304672241,1.2959579229354858,153.20399475097656,10.961199760437012,0.5971112251281738,10.675350189208984
2024-11-01,0.657680094242096,1.3935199975967407,0.86353999376297,1.0886130332946777,1.2897733449935913,151.97999572753906,10.993339538574219,0.5971503853797913,10.646400451660156
2024-11-04,0.6591914296150208,1.3918800354003906,0.8676000237464905,1.087453007698059,1.2953401803970337,152.28700256347656,11.00885009765625,0.5987414717674255,10.684450149536133
2024-11-05,0.6584101915359497,1.3900699615478516,0.8641700148582458,1.0874056816101074,1.2954542636871338,152.2760009765625,11.004110336303711,0.5973715782165527,10.72113037109375
2024-11-06,0.6641499996185303,1.3832999467849731,0.8624100089073181,1.093445897102356,1.3043591976165771,151.43499755859375,10.939499855041504,0.60165935754776,10.67926025390625
2024-11-07,0.6567001342773438,1.394819974899292,0.8756999969482422,1.073306918144226,1.2883278131484985,154.32000732421875,11.076499938964844,0.5938806533813477,10.849459648132324
2024-11-08,0.6676815152168274,1.3867299556732178,0.8727800250053406,1.0795172452926636,1.2982292175292969,153.17999267578125,10.871199607849121,0.6022282242774963,10.684980392456055
2024-11-11,0.65845787525177,1.390779972076416,0.8759999871253967,1.0714898109436035,1.2917059659957886,152.9040069580078,10.993570327758789,0.5966302156448364,10.819419860839844
2024-11-12,0.6577605605125427,1.3921500444412231,0.8802700042724609,1.066439151763916,1.2874983549118042,153.47999572753906,11.020279884338379,0.596911609172821,10.834380149841309
2024-11-13,0.6529401540756226,1.3945499658584595,0.8821600079536438,1.061672568321228,1.2739177942276,154.65499877929688,11.079950332641602,0.5923293828964233,10.904789924621582
2024-11-14,0.6492705345153809,1.3992700576782227,0.8857700228691101,1.0564124584197998,1.27068030834198,155.4290008544922,11.133099555969238,0.5882906913757324,10.979530334472656
2024-11-15,0.6455498337745667,1.406149983406067,0.8904399871826172,1.0530084371566772,1.266784906387329,156.46800231933594,11.1496000289917,0.5849800705909729,10.995599746704102
2024-11-18,0.6463413834571838,1.4085899591445923,0.888670027256012,1.0533745288848877,1.261765956878662,154.66400146484375,11.081950187683105,0.5863211154937744,10.979049682617188
2024-11-19,0.650590181350708,1.4022400379180908,0.8831999897956848,1.059490442276001,1.2679253816604614,154.61700439453125,10.998769760131836,0.5890703797340393,10.896080017089844
2024-11-20,0.6541501879692078,1.3954999446868896,0.882070004940033,1.0607603788375854,1.2694543600082397,154.71800231933594,10.955080032348633,0.5919612050056458,10.90725040435791
2024-11-21,0.6513999700546265,1.3968000411987305,0.883650004863739,1.0546187162399292,1.2655344009399414,155.2949981689453,11.061079978942871,0.5884000062942505,11.022049903869629
2024-11-22,0.6510289311408997,1.3980000019073486,0.886900007724762,1.0469341278076172,1.2584789991378784,154.21800231933594,11.072649955749512,0.5857407450675964,11.063070297241211
2024-11-25,0.6539880037307739,1.393280029296875,0.890470027923584,1.0479873418807983,1.2593823671340942,154.14599609375,11.01338005065918,0.5862111449241638,10.967530250549316
2024-11-26,0.646379828453064,1.4098399877548218,0.8888000249862671,1.0444300174713135,1.2533055543899536,154.3780059814453,11.108790397644043,0.5811284184455872,11.04977035522461
2024-11-27,0.6475173830986023,1.405310034751892,0.8862699866294861,1.0491198301315308,1.2573871612548828,153.00900268554688,11.142849922180176,0.5837098360061646,10.981749534606934
2024-11-28,0.6497219204902649,1.4026299715042114,0.8820000290870667,1.0562450885772705,1.2677645683288574,151.33599853515625,11.067700386047363,0.5893411636352539,10.911270141601562
2024-11-29,0.6507400274276733,1.4007200002670288,0.8823400139808655,1.0563008785247803,1.2696800231933594,151.1739959716797,11.037599563598633,0.5896400213241577,10.915410041809082
2024-12-02,0.6502415537834167,1.4012600183486938,0.8820269703865051,1.0545074939727783,1.270163893699646,149.8979949951172,11.055520057678223,0.5906500220298767,10.927069664001465
2024-12-03,0.6475300192832947,1.4042999744415283,0.8862800002098083,1.0501223802566528,1.265854835510254,149.50799560546875,11.092229843139648,0.5884602665901184,10.985509872436523
2024-12-04,0.6485504508018494,1.4065899848937988,0.8863999843597412,1.0510826110839844,1.2674272060394287,149.64700317382812,11.055919647216797,0.5882110595703125,10.985739707946777
2024-12-05,0.6432936787605286,1.4073100090026855,0.8837500214576721,1.051414132118225,1.2701154947280884,150.56700134277344,11.053019523620605,0.5857201814651489,10.920820236206055
2024-12-06,0.6449898481369019,1.40215003490448,0.8784199953079224,1.058559536933899,1.2759333848953247,150.20700073242188,11.034520149230957,0.5882214307785034,10.847999572753906
2024-12-09,0.639991819858551,1.4147800207138062,0.8786699771881104,1.0565463304519653,1.2749296426773071,150.02999877929688,11.151630401611328,0.5838802456855774,10.922240257263184
2024-12-10,0.643790602684021,1.417199969291687,0.8785899877548218,1.0555204153060913,1.2749085426330566,151.4080047607422,11.121230125427246,0.5858985781669617,10.901300430297852
2024-12-11,0.6376001834869385,1.4174400568008423,0.8824999928474426,1.0532968044281006,1.2780042886734009,151.8070068359375,11.144700050354004,0.58022141456604,10.959400177001953
2024-12-12,0.6383902430534363,1.4148900508880615,0.8832100033760071,1.0506850481033325,1.2766337394714355,152.2449951171875,11.134570121765137,0.5794212818145752,10.963479995727539
2024-12-13,0.6375001668930054,1.421720027923584,0.892009973526001,1.0474056005477905,1.2677323818206787,152.58700561523438,11.149169921875,0.5770307183265686,11.011240005493164
2024-12-16,0.6367115378379822,1.4225900173187256,0.8917440176010132,1.051005244255066,1.2627378702163696,153.4530029296875,11.133399963378906,0.5770706534385681,10.968819618225098
2024-12-17,0.6376400589942932,1.4234700202941895,0.8940399885177612,1.0517348051071167,1.2690355777740479,154.08599853515625,11.14330005645752,0.5791997909545898,10.877099990844727
2024-12-18,0.6341153979301453,1.4309699535369873,0.8924800157546997,1.0495051145553589,1.2710840702056885,153.57200622558594,11.188420295715332,0.5758113265037537,10.953499794006348
2024-12-19,0.6206199526786804,1.4460999965667725,0.9017000198364258,1.0350252389907837,1.2567708492279053,154.67300415039062,11.386099815368652,0.5617314577102661,11.13070011138916
2024-12-20,0.6233997941017151,1.440310001373291,0.8989899754524231,1.0364949703216553,1.2497968673706055,157.6439971923828,11.433629989624023,0.562749981880188,11.027299880981445
2024-12-23,0.6252892017364502,1.4361300468444824,0.8930500149726868,1.0433076620101929,1.256991982460022,156.5330047607422,11.314760208129883,0.5651601552963257,11.023309707641602
2024-12-24,0.6244925856590271,1.4374200105667114,0.8984699845314026,1.0405826568603516,1.2534469366073608,157.1649932861328,11.351180076599121,0.5646591186523438,11.042380332946777
2024-12-25,0.6239081621170044,1.4362000226974487,0.9003000259399414,1.0402579307556152,1.2536041736602783,157.10699462890625,11.35669994354248,0.5648000836372375,11.04839038848877
2024-12-26,0.6244574785232544,1.4353599548339844,0.8994200229644775,1.0399551391601562,1.254374623298645,157.13299560546875,11.34214973449707,0.5650898814201355,11.001919746398926
2024-12-27,0.6223007440567017,1.4410400390625,0.8988999724388123,1.0423181056976318,1.2529758214950562,157.7480010986328,11.38815975189209,0.5625594258308411,11.043020248413086
2024-12-30,0.6225099563598633,1.4403400421142578,0.9018399715423584,1.0429377555847168,1.257880687713623,157.8730010986328,11.344900131225586,0.5639394521713257,10.993639945983887
2024-12-31,0.621999979019165,1.434980034828186,0.9032400250434875,1.040615200996399,1.254909873008728,156.9949951171875,11.327619552612305,0.5639712810516357,11.02383041381836
2025-01-02,0.6194201707839966,1.437459945678711,0.9077500104904175,1.0351860523223877,1.2519248723983765,157.718994140625,11.387040138244629,0.5598414540290833,11.032190322875977
2025-01-03,0.6200800538063049,1.4402999877929688,0.9120100140571594,1.0268205404281616,1.2380222082138062,157.36199951171875,11.382180213928223,0.5592997670173645,11.142080307006836
2025-01-06,0.6220104694366455,1.444000005722046,0.909309983253479,1.0305347442626953,1.2426837682724,157.4810028076172,11.353050231933594,0.5616084337234497,11.115249633789062
2025-01-07,0.623910129070282,1.433859944343567,0.9050400257110596,1.0386372804641724,1.2510946989059448,157.7429962158203,11.297699928283691,0.5639108419418335,11.04800033569336
2025-01-08,0.6234919428825378,1.4364099502563477,0.9094499945640564,1.034554123878479,1.247785210609436,158.23599243164062,11.268219947814941,0.5635485649108887,11.110600471496582
2025-01-09,0.6211604475975037,1.4377000331878662,0.9109500050544739,1.0314701795578003,1.2359870672225952,158.19200134277344,11.404789924621582,0.5605400204658508,11.147859573364258
2025-01-10,0.6189700961112976,1.4401600360870361,0.9120699763298035,1.0297601222991943,1.2299367189407349,158.04800415039062,11.401599884033203,0.5593501329421997,11.157139778137207
2025-01-13,0.6154982447624207,1.4414900541305542,0.9167699813842773,1.0244431495666504,1.2204945087432861,157.88699340820312,11.4483003616333,0.5564799308776855,11.215080261230469
2025-01-14,0.6192100048065186,1.4362800121307373,0.9157800078392029,1.0265253782272339,1.2233314514160156,157.36399841308594,11.394000053405762,0.5604187846183777,11.221099853515625
2025-01-15,0.619160532951355,1.4351500272750854,0.9124600291252136,1.0306835174560547,1.221344232559204,158.0500030517578,11.374679565429688,0.5602993965148926,11.167309761047363
2025-01-16,0.6235401034355164,1.4326200485229492,0.91211998462677,1.0295268297195435,1.2243348360061646,156.2550048828125,11.305899620056152,0.562828540802002,11.143899917602539
2025-01-17,0.6210300922393799,1.439579963684082,0.9111700057983398,1.0301949977874756,1.2236906290054321,155.3560028076172,11.354789733886719,0.5608084797859192,11.146599769592285
2025-01-20,0.6195403337478638,1.4474300146102905,0.9146000146865845,1.0277386903762817,1.2171002626419067,156.30599975585938,11.42080020904541,0.5587310194969177,11.17339038848877
2025-01-21,0.6281000375747681,1.4302599430084229,0.906059980392456,1.0420682430267334,1.233136773109436,155.24899291992188,11.261460304260254,0.5681785941123962,11.003399848937988
2025-01-22,0.6262015104293823,1.4342700242996216,0.9067100286483765,1.0405935049057007,1.2335399389266968,155.7740020751953,11.2846097946167,0.5660911202430725,10.992790222167969
2025-01-23,0.6275002360343933,1.4393600225448608,0.9063100218772888,1.0410159826278687,1.231420874595642,156.44000244140625,11.264320373535156,0.5663604140281677,11.003669738769531
2025-01-24,0.6283262372016907,1.4378399848937988,0.9074900150299072,1.041601538658142,1.2353914976119995,156.15499877929688,11.265970230102539,0.5675497651100159,10.997730255126953
2025-01-27,0.6292909979820251,1.4385099411010742,0.9068400263786316,1.0467586517333984,1.2459352016448975,155.74400329589844,11.216890335083008,0.5692297220230103,10.955349922180176
2025-01-28,0.6263799667358398,1.4400999546051025,0.904009997844696,1.0445064306259155,1.2460592985153198,154.90899658203125,11.249919891357422,0.5668194890022278,10.9716796875
2025-01-29,0.6254573464393616,1.4399900436401367,0.9041299819946289,1.0429050922393799,1.2441680431365967,155.5590057373047,11.28341007232666,0.566559374332428,10.993490219116211
2025-01-30,0.6239782571792603,1.4399000406265259,0.9062700271606445,1.0425245761871338,1.245530128479004,155.1699981689453,11.286890029907227,0.5665208697319031,10.993630409240723
2025-01-31,0.6215001940727234,1.4493000507354736,0.9093689918518066,1.0397279262542725,1.2423903942108154,154.0970001220703,11.316539764404297,0.5636406540870667,11.047160148620605
2025-02-03,0.614420473575592,1.4716999530792236,0.9152299761772156,1.024779200553894,1.2291958332061768,155.36300659179688,11.451499938964844,0.5569603443145752,11.216819763183594
2025-02-04,0.6217397451400757,1.4417999982833862,0.9116100072860718,1.0327378511428833,1.2431780099868774,155.27699279785156,11.342499732971191,0.5626797080039978,11.082710266113281
2025-02-05,0.6251093745231628,1.43340003490448,0.905239999294281,1.0372798442840576,1.2478163242340088,154.13299560546875,11.248700141906738,0.5648409128189087,10.97655963897705
2025-02-06,0.6285473704338074,1.4315299987792969,0.9013299942016602,1.0400848388671875,1.2504063844680786,152.6060028076172,11.22311019897461,0.5689285397529602,10.904800415039062
2025-02-07,0.6281801462173462,1.430609941482544,0.9050999879837036,1.0385725498199463,1.2437502145767212,151.1929931640625,11.207850456237793,0.5674885511398315,10.89900016784668
2025-02-10,0.6258898973464966,1.4331799745559692,0.9107400178909302,1.0311616659164429,1.2391574382781982,151.8459930419922,11.26321029663086,0.5647388100624084,10.978389739990234
2025-02-11,0.6271283030509949,1.4336600303649902,0.911329984664917,1.0301525592803955,1.2360633611679077,151.75900268554688,11.220060348510742,0.5635008811950684,10.920669555664062
2025-02-12,0.629830002784729,1.4285099506378174,0.9129899740219116,1.0364949703216553,1.245159387588501,152.73899841308594,11.197870254516602,0.565930962562561,10.854049682617188
2025-02-13,0.6282985806465149,1.4300700426101685,0.9133999943733215,1.039198637008667,1.2450664043426514,154.2550048828125,11.25802993774414,0.5641399025917053,10.865920066833496
2025-02-14,0.6316919922828674,1.4192099571228027,0.903249979019165,1.0461673736572266,1.2563445568084717,152.98899841308594,11.149259567260742,0.5680010914802551,10.73490047454834
2025-02-17,0.6356511116027832,1.4184000492095947,0.8998299837112427,1.0489217042922974,1.2584155797958374,152.0229949951172,11.117340087890625,0.5732991695404053,10.701669692993164
2025-02-18,0.6356107592582703,1.4184999465942383,0.9007200002670288,1.048536777496338,1.262148141860962,151.44400024414062,11.105799674987793,0.5732301473617554,10.692740440368652
2025-02-19,0.6353119015693665,1.4189200401306152,0.9035999774932861,1.044833779335022,1.2625784873962402,151.93099975585938,11.151399612426758,0.5705190300941467,10.716300010681152
2025-02-20,0.6341274976730347,1.4240399599075317,0.9045600295066833,1.0421009063720703,1.2584155797958374,151.22000122070312,11.13047981262207,0.5701189637184143,10.723899841308594
2025-02-21,0.6404098868370056,1.4176000356674194,0.8980600237846375,1.0500562191009521,1.2670401334762573,149.4080047607422,11.093299865722656,0.5764286518096924,10.62909984588623
2025-02-24,0.6370319724082947,1.4211599826812744,0.8984500169754028,1.0474823713302612,1.2649900913238525,149.38699340820312,11.113659858703613,0.5751191973686218,10.623370170593262
2025-02-25,0.6338099837303162,1.4276000261306763,0.8973000049591064,1.0461344718933105,1.261781930923462,149.86399841308594,11.128310203552246,0.5726589560508728,10.668600082397461
2025-02-26,0.6352877020835876,1.4300700426101685,0.8924000263214111,1.0524100065231323,1.2674431800842285,149.0780029296875,11.101340293884277,0.5731086134910583,10.589369773864746
2025-02-27,0.6310780644416809,1.4335999488830566,0.8942999839782715,1.0488777160644531,1.2682307958602905,148.83799743652344,11.152250289916992,0.5699889063835144,10.63759994506836
2025-02-28,0.623219907283783,1.444350004196167,0.8999199867248535,1.039511799812317,1.259890079498291,150.01199340820312,11.245220184326172,0.5627208352088928,10.757650375366211
2025-03-03,0.6220685243606567,1.444100022315979,0.9025700092315674,1.0413846969604492,1.260398268699646,150.77099609375,11.225150108337402,0.560519278049469,10.726900100708008
2025-03-04,0.6215812563896179,1.4490000009536743,0.8966000080108643,1.0485037565231323,1.270147681236267,149.30499267578125,11.1951904296875,0.5613404512405396,10.509160041809082
2025-03-05,0.6269985437393188,1.439710021018982,0.8896399736404419,1.062699317932129,1.2794268131256104,149.7989959716797,11.089400291442871,0.5661584734916687,10.412449836730957
2025-03-06,0.6338099837303162,1.433859944343567,0.89069002866745,1.0794938802719116,1.2891913652420044,148.8979949951172,10.907739639282227,0.5729608535766602,10.187560081481934
2025-03-07,0.6332280039787292,1.429110050201416,0.8833199739456177,1.0787951946258545,1.2885303497314453,148.10800170898438,10.883549690246582,0.5736609101295471,10.158390045166016
2025-03-10,0.6303898096084595,1.437019944190979,0.8773400187492371,1.086059331893921,1.2932428121566772,147.60800170898438,10.823840141296387,0.5710598230361938,10.070240020751953
2025-03-11,0.6279513835906982,1.4428900480270386,0.8799800276756287,1.0839403867721558,1.2875481843948364,147.06900024414062,10.75979995727539,0.5695084929466248,10.120280265808105
2025-03-12,0.6295286417007446,1.4432400465011597,0.8834400177001953,1.0914170742034912,1.294481635093689,148.04200744628906,10.657540321350098,0.5712099075317383,10.009209632873535
2025-03-13,0.6327592134475708,1.436169981956482,0.8817700147628784,1.0886249542236328,1.2964283227920532,148.2790069580078,10.631699562072754,0.5737004280090332,10.09000015258789
2025-03-14,0.6287410259246826,1.442579984664917,0.8826199769973755,1.085564136505127,1.2958402633666992,147.94900512695312,10.681180000305176,0.5703107714653015,10.191550254821777
2025-03-17,0.6326191425323486,1.4369200468063354,0.884090006351471,1.0881274938583374,1.2930588722229004,148.59800720214844,10.631400108337402,0.5752515196800232,10.124300003051758
2025-03-18,0.638198733329773,1.4295099973678589,0.881201982498169,1.091917634010315,1.2985326051712036,149.37899780273438,10.54010009765625,0.5824688673019409,10.086259841918945
2025-03-19,0.6361202001571655,1.4299499988555908,0.8767449855804443,1.093948245048523,1.3000519275665283,149.45199584960938,10.560830116271973,0.5818588137626648,10.049500465393066
2025-03-20,0.6364116668701172,1.4319000244140625,0.8763999938964844,1.0911908149719238,1.3010668754577637,148.49000549316406,10.552499771118164,0.582160234451294,10.087630271911621
2025-03-21,0.6303898096084595,1.4322700500488281,0.8813769817352295,1.0856702327728271,1.2967981100082397,148.5959930419922,10.545999526977539,0.5761895179748535,10.110300064086914
2025-03-24,0.6288319230079651,1.43326997756958,0.8829200267791748,1.0835762023925781,1.2924572229385376,149.677001953125,10.527640342712402,0.574540913105011,10.114660263061523
2025-03-25,0.6285908222198486,1.4316099882125854,0.8826900124549866,1.0803569555282593,1.2924238443374634,150.7740020751953,10.518400192260742,0.5726786255836487,10.096480369567871
2025-03-26,0.6309000849723816,1.427299976348877,0.8826500177383423,1.0787487030029297,1.2943308353424072,149.9499969482422,10.519399642944336,0.573309063911438,10.037569999694824
2025-03-27,0.6287015080451965,1.4294999837875366,0.8841599822044373,1.0742061138153076,1.2877637147903442,150.47300720214844,10.57349967956543,0.5718991756439209,10.070500373840332
2025-03-28,0.6301594376564026,1.4307500123977661,0.8813999891281128,1.080100178718567,1.295202612876892,150.8470001220703,10.483050346374512,0.5736411809921265,9.98855972290039
2025-03-31,0.6282907128334045,1.4309099912643433,0.8808500170707703,1.082391619682312,1.2938284873962402,149.61700439453125,10.484210014343262,0.570711076259613,10.00825023651123
2025-04-01,0.6241885423660278,1.4390699863433838,0.8838199973106384,1.0818880796432495,1.292089819908142,149.91299438476562,10.509929656982422,0.5670509338378906,10.039979934692383
2025-04-02,0.6289584636688232,1.4292099475860596,0.883400022983551,1.0795987844467163,1.292306900024414,149.7830047607422,10.463709831237793,0.571389377117157,10.010319709777832
2025-04-03,0.6264698505401611,1.4216500520706177,0.8767899870872498,1.090869426727295,1.3046314716339111,147.8719940185547,10.380599975585938,0.5727606415748596,9.861300468444824
2025-04-04,0.6323510408401489,1.4081000089645386,0.8592100143432617,1.1043744087219238,1.308866262435913,146.2310028076172,10.329059600830078,0.5786601901054382,9.790140151977539
2025-04-07,0.5987701416015625,1.4241100549697876,0.851610004901886,1.098454475402832,1.2910722494125366,145.43299865722656,10.76159954071045,0.5541394352912903,10.010890007019043
2025-04-08,0.5997613072395325,1.4237799644470215,0.8597099781036377,1.0915361642837524,1.2734960317611694,147.78900146484375,10.965439796447754,0.553709864616394,10.06863021850586
2025-04-09,0.595528781414032,1.4253000020980835,0.8456599712371826,1.0980443954467773,1.2790995836257935,145.84500122070312,10.936479568481445,0.5518489480018616,10.005009651184082
2025-04-10,0.6133614778518677,1.4101300239562988,0.8554499745368958,1.0952062606811523,1.2825446128845215,147.3990020751953,10.764240264892578,0.5637201070785522,9.959870338439941
2025-04-11,0.6223394870758057,1.3950999975204468,0.8207600116729736,1.1257838010787964,1.2992074489593506,143.7469940185547,10.774270057678223,0.5747886300086975,9.825360298156738
2025-04-14,0.6301316618919373,1.3873900175094604,0.8180599808692932,1.1343141794204712,1.3085237741470337,143.6959991455078,10.647480010986328,0.5836314558982849,9.7669095993042
2025-04-15,0.631991446018219,1.3899999856948853,0.8159599900245667,1.1339668035507202,1.3174536228179932,143.2209930419922,10.568699836730957,0.5866995453834534,9.772540092468262
2025-04-16,0.6337898373603821,1.3956999778747559,0.8207700252532959,1.1292672157287598,1.323101282119751,143.18099975585938,10.643770217895508,0.5895496606826782,9.87240982055664
2025-04-17,0.6372998952865601,1.3859699964523315,0.8137500286102295,1.1396790742874146,1.3233989477157593,141.92799377441406,10.56410026550293,0.5935387015342712,9.75216007232666
2025-04-22,0.6421988606452942,1.383430004119873,0.8090500235557556,1.1512778997421265,1.3379716873168945,140.87600708007812,10.361100196838379,0.600009560585022,9.519189834594727
2025-04-23,0.6376200914382935,1.3847099542617798,0.8260700106620789,1.1351252794265747,1.327316164970398,142.68800354003906,10.433799743652344,0.5960683226585388,9.600749969482422
2025-04-24,0.6365291476249695,1.387410044670105,0.829800009727478,1.132733702659607,1.326453447341919,143.22300720214844,10.515569686889648,0.5952416062355042,9.68809986114502
2025-04-25,0.6403483152389526,1.3858000040054321,0.8287400007247925,1.1371906995773315,1.3326226472854614,142.87899780273438,10.418800354003906,0.5987988114356995,9.617199897766113
2025-04-28,0.63840651512146,1.3870799541473389,0.8284000158309937,1.1343141794204712,1.3290096521377563,143.84100341796875,10.451299667358398,0.5949406027793884,9.68200969696045
2025-04-29,0.6428800821304321,1.3830100297927856,0.8211899995803833,1.1409143209457397,1.3436164855957031,142.17799377441406,10.33590030670166,0.597200334072113,9.593489646911621
2025-04-30,0.6386919617652893,1.382680058479309,0.823419988155365,1.1389262676239014,1.3410794734954834,142.2989959716797,10.371000289916992,0.5936691164970398,9.643799781799316
2025-05-01,0.6413093209266663,1.3789600133895874,0.8259599804878235,1.1324899196624756,1.3323917388916016,143.00900268554688,10.40149974822998,0.5938313007354736,9.643580436706543
2025-05-02,0.6386797428131104,1.3846499919891357,0.828980028629303,1.1296498775482178,1.3286387920379639,145.447998046875,10.410750389099121,0.5913485288619995,9.751199722290039
2025-05-05,0.644558310508728,1.3822300434112549,0.8241000175476074,1.1323232650756836,1.3271929025650024,144.62399291992188,10.404899597167969,0.5952097177505493,9.633769989013672
2025-05-06,0.6461409330368042,1.3821899890899658,0.8217909932136536,1.1313369274139404,1.3292568922042847,143.6540069580078,10.394100189208984,0.5961394309997559,9.662590026855469
2025-05-07,0.6506688594818115,1.3769400119781494,0.8256300091743469,1.1342755556106567,1.335594892501831,143.03500366210938,10.26259994506836,0.6015110015869141,9.572400093078613
2025-05-08,0.6434799432754517,1.3834199905395508,0.8239499926567078,1.1306205987930298,1.3294159173965454,143.84800720214844,10.3574800491333,0.5940182209014893,9.661800384521484
2025-05-09,0.6392595171928406,1.392449975013733,0.8317999839782715,1.122422695159912,1.323539137840271,146.01499938964844,10.432999610900879,0.589918315410614,9.744039535522461
2025-05-12,0.642091691493988,1.3924000263214111,0.8337299823760986,1.12296462059021,1.3289036750793457,145.81199645996094,10.365400314331055,0.5920698046684265,9.711979866027832
2025-05-13,0.6371780633926392,1.397420048713684,0.8448699712753296,1.1095577478408813,1.3177834749221802,148.30999755859375,10.447150230407715,0.5861286520957947,9.822870254516602
2025-05-14,0.6472617387771606,1.3932000398635864,0.8394299745559692,1.1185556650161743,1.3304418325424194,147.5279998779297,10.362799644470215,0.593591570854187,9.719770431518555
2025-05-15,0.6428800821304321,1.3978999853134155,0.8412320017814636,1.1181930303573608,1.3263479471206665,146.64999389648438,10.381400108337402,0.5896400213241577,9.749640464782715
2025-05-16,0.640578031539917,1.3954700231552124,0.8345999717712402,1.1192693710327148,1.3306896686553955,145.61300659179688,10.412240028381348,0.5873715281486511,9.731820106506348
2025-05-19,0.6410001516342163,1.395259976387024,0.8354499936103821,1.1187559366226196,1.3305498361587524,145.29800415039062,10.373499870300293,0.5886993408203125,9.731200218200684
2025-05-20,0.6455819606781006,1.3956899642944336,0.8349900245666504,1.1233429908752441,1.3360053300857544,144.97500610351562,10.30659008026123,0.5930987000465393,9.684700012207031
2025-05-21,0.6425999999046326,1.3909300565719604,0.8267120122909546,1.1287955045700073,1.3397821187973022,144.3280029296875,10.245980262756348,0.5927401185035706,9.633230209350586
2025-05-22,0.6433101892471313,1.386080026626587,0.8250700235366821,1.133118748664856,1.3419036865234375,143.7550048828125,10.17199993133545,0.5933485627174377,9.571599960327148
2025-05-23,0.6409804821014404,1.3858000040054321,0.8283799886703491,1.1281843185424805,1.3419216871261597,143.85800170898438,10.202699661254883,0.5897617340087891,9.637760162353516
2025-05-26,0.6501189470291138,1.3737200498580933,0.822409987449646,1.1372811794281006,1.3535828590393066,142.86700439453125,10.106780052185059,0.5991683602333069,9.505999565124512
2025-05-27,0.6481007933616638,1.373579978942871,0.8204200267791748,1.1388484239578247,1.3565207719802856,142.65499877929688,10.09179973602295,0.5994700789451599,9.504500389099121
2025-05-28,0.6447120904922485,1.38100004196167,0.8272600173950195,1.1337097883224487,1.3513330221176147,144.177001953125,10.14999008178711,0.5948100686073303,9.618499755859375
2025-05-29,0.6425207257270813,1.3851100206375122,0.8325499892234802,1.123368263244629,1.3431472778320312,145.69700622558594,10.218099594116211,0.5959084630012512,9.694419860839844
2025-05-30,0.6445998549461365,1.3805700540542603,0.8219699859619141,1.1378376483917236,1.3498992919921875,143.7790069580078,10.118800163269043,0.5978608727455139,9.547900199890137
2025-06-02,0.644321620464325,1.3726199865341187,0.8222699761390686,1.1353315114974976,1.346728801727295,143.81500244140625,10.208900451660156,0.5973109006881714,9.577400207519531
2025-06-03,0.6498401165008545,1.3710700273513794,0.8159400224685669,1.1453442573547363,1.3556748628616333,142.45199584960938,10.061249732971191,0.6047887206077576,9.515660285949707
2025-06-04,0.646608829498291,1.371500015258789,0.8228899836540222,1.1384464502334595,1.353143334388733,143.83700561523438,10.128800392150879,0.6006113886833191,9.612299919128418
2025-06-05,0.6490682363510132,1.3679100275039673,0.8179699778556824,1.1422044038772583,1.3552155494689941,142.73199462890625,10.106300354003906,0.6027400493621826,9.577130317687988
2025-06-06,0.6510501503944397,1.36667001247406,0.8192499876022339,1.1453834772109985,1.3579576015472412,143.54200744628906,10.06760025024414,0.6042296290397644,9.565500259399414
2025-06-09,0.6500217914581299,1.3690600395202637,0.8212599754333496,1.1407841444015503,1.3538211584091187,144.6909942626953,10.09451961517334,0.6024205088615417,9.626959800720215
2025-06-10,0.6518101692199707,1.3698899745941162,0.8212000131607056,1.1428048610687256,1.3556748628616333,144.5399932861328,10.059599876403809,0.6050887703895569,9.56742000579834
2025-06-11,0.6527202129364014,1.3668299913406372,0.8219199776649475,1.143746018409729,1.3508219718933105,144.83799743652344,10.097570419311523,0.6059100031852722,9.584549903869629
2025-06-12,0.6509501338005066,1.366569995880127,0.8184000253677368,1.1509333848953247,1.3567416667938232,144.2030029296875,10.044500350952148,0.6036598682403564,9.533060073852539
2025-06-13,0.6527999043464661,1.3596500158309937,0.8090000152587891,1.1600254774093628,1.3627691268920898,143.19400024414062,9.917400360107422,0.6065201163291931,9.43220043182373
2025-06-16,0.6499997973442078,1.3583999872207642,0.8122159838676453,1.1556684970855713,1.3557006120681763,144.09100341796875,9.914999961853027,0.603900134563446,9.472200393676758
2025-06-17,0.6511001586914062,1.357450008392334,0.8137099742889404,1.1551345586776733,1.3565576076507568,144.72900390625,9.870710372924805,0.6049203872680664,9.49020004272461
2025-06-18,0.6479797959327698,1.3683600425720215,0.8168699741363525,1.1482638120651245,1.3430029153823853,145.37600708007812,9.935999870300293,0.6019382476806641,9.54677963256836
2025-06-19,0.6507408618927002,1.3696000576019287,0.8190600275993347,1.1477497816085815,1.3416515588760376,144.9550018310547,9.973299980163574,0.6029508709907532,9.641779899597168
2025-06-20,0.6488786935806274,1.3695499897003174,0.8163899779319763,1.1512778997421265,1.3476725816726685,145.21800231933594,10.029899597167969,0.6000816226005554,9.623769760131836
2025-06-23,0.6446704864501953,1.3739299774169922,0.8177499771118164,1.1500862836837769,1.3435983657836914,146.2239990234375,10.100899696350098,0.5962104797363281,9.70164966583252
2025-06-24,0.6477800011634827,1.3728599548339844,0.8125799894332886,1.1599044799804688,1.3545364141464233,145.92799377441406,10.055310249328613,0.5995383262634277,9.577930450439453
2025-06-25,0.6495999097824097,1.3726600408554077,0.8051499724388123,1.161224365234375,1.361488938331604,144.95700073242188,10.11382007598877,0.6011313199996948,9.508190155029297
2025-06-26,0.6523114442825317,1.3711999654769897,0.8037300109863281,1.1683744192123413,1.369187831878662,144.9040069580078,10.111249923706055,0.6055908203125,9.456560134887695
2025-06-27,0.654630184173584,1.3643100261688232,0.8008900284767151,1.1692214012145996,1.37247633934021,144.69400024414062,10.056489944458008,0.6058990359306335,9.508000373840332
2025-06-30,0.6533215045928955,1.3681399822235107,0.7982500195503235,1.1727453470230103,1.3719680309295654,144.51699829101562,10.06879997253418,0.6063987016677856,9.468669891357422
2025-07-01,0.6578081846237183,1.3605400323867798,0.7927200198173523,1.178717017173767,1.3730605840682983,143.8000030517578,10.079299926757812,0.6092397570610046,9.451510429382324
2025-07-02,0.6583105325698853,1.3644299507141113,0.790690004825592,1.180553913116455,1.374721646308899,143.40199279785156,10.063650131225586,0.6100797653198242,9.472249984741211
2025-07-03,0.6582901477813721,1.3587100505828857,0.7914999723434448,1.18002450466156,1.3650014400482178,143.5260009765625,10.053199768066406,0.6089392304420471,9.509220123291016
2025-07-04,0.6577298641204834,1.357300043106079,0.7940999865531921,1.1771491765975952,1.366829752922058,144.6820068359375,10.050700187683105,0.608009934425354,9.566340446472168
2025-07-07,0.6551792025566101,1.3603299856185913,0.7940400242805481,1.178078293800354,1.3651504516601562,144.4980010986328,10.070369720458984,0.6051217317581177,9.55681037902832
2025-07-08,0.6506096124649048,1.366529941558838,0.7971600294113159,1.1736538410186768,1.3623607158660889,145.89199829101562,10.107099533081055,0.6007810235023499,9.507699966430664
2025-07-09,0.6524518728256226,1.3668400049209595,0.7958700060844421,1.1724566221237183,1.3585295677185059,146.8489990234375,10.092100143432617,0.5993586778640747,9.521080017089844
2025-07-10,0.6535905003547668,1.368399977684021,0.792930006980896,1.17311692237854,1.3593051433563232,146.11399841308594,10.086700439453125,0.5998404622077942,9.502599716186523
2025-07-11,0.6594000458717346,1.365630030632019,0.796720027923584,1.1702749729156494,1.3579576015472412,146.28799438476562,10.07390022277832,0.6041712164878845,9.497579574584961
2025-07-14,0.6578081846237183,1.368399977684021,0.7967900037765503,1.1682106256484985,1.3493820428848267,147.2949981689453,10.13798999786377,0.6006907820701599,9.569199562072754
2025-07-15,0.6544716358184814,1.3704700469970703,0.7978699803352356,1.1666297912597656,1.3428045511245728,147.79200744628906,10.1358003616333,0.5971896052360535,9.6141996383667
2025-07-16,0.651898980140686,1.3716399669647217,0.8014199733734131,1.1607391834259033,1.3393335342407227,148.76100158691406,10.245070457458496,0.5954294800758362,9.714960098266602
2025-07-17,0.6525000333786011,1.3689299821853638,0.8009200096130371,1.1635754108428955,1.3411099910736084,148.0030059814453,10.251179695129395,0.594590425491333,9.71448040008545
2025-07-18,0.649819016456604,1.3735899925231934,0.8028799891471863,1.161548137664795,1.3432555198669434,148.44200134277344,10.280770301818848,0.5944314002990723,9.726200103759766
2025-07-21,0.6512112617492676,1.3724000453948975,0.8011800050735474,1.1630746126174927,1.341597557067871,148.43099975585938,10.173480033874512,0.5952805876731873,9.656689643859863
2025-07-22,0.6528096795082092,1.3675800561904907,0.798084020614624,1.1694538593292236,1.348945140838623,147.40899658203125,10.159799575805664,0.5969614386558533,9.567720413208008
2025-07-23,0.6554712057113647,1.3604300022125244,0.7936300039291382,1.1739156246185303,1.352155327796936,146.78500366210938,10.069600105285645,0.600009560585022,9.513540267944336
2025-07-24,0.6603999137878418,1.3601499795913696,0.7920470237731934,1.1774264574050903,1.3579576015472412,146.3489990234375,10.097450256347656,0.604781448841095,9.504110336303711
2025-07-25,0.6597176194190979,1.3640600442886353,0.7948700189590454,1.1756131649017334,1.3510043621063232,147.0050048828125,10.119440078735352,0.6037116050720215,9.526670455932617
2025-07-28,0.6572980284690857,1.37021005153656,0.7953699827194214,1.1756821870803833,1.344085931777954,147.81300354003906,10.133779525756836,0.6019309759140015,9.50220012664795
2025-07-29,0.6524008512496948,1.3734300136566162,0.8030999898910522,1.1596757173538208,1.336023211479187,148.47900390625,10.183699607849121,0.5971896052360535,9.604740142822266
2025-07-30,0.651321530342102,1.3773900270462036,0.8054699897766113,1.1550945043563843,1.3353630304336548,148.44200134277344,10.201000213623047,0.595461368560791,9.64840030670166
2025-07-31,0.6447120904922485,1.3825199604034424,0.8132100105285645,1.1429355144500732,1.3257676362991333,149.2259979248047,10.296099662780762,0.5907686352729797,9.779720306396484
2025-08-01,0.6429089903831482,1.385699987411499,0.8138999938964844,1.142374038696289,1.3209865093231201,150.77200317382812,10.32409954071045,0.5888692140579224,9.784540176391602
2025-08-04,0.6469100117683411,1.3778300285339355,0.8040099740028381,1.158668041229248,1.3289920091629028,147.34300231933594,10.248900413513184,0.5914185047149658,9.64739990234375
2025-08-05,0.6474796533584595,1.3767999410629272,0.8070899844169617,1.1584129333496094,1.3297518491744995,146.79299926757812,10.252849578857422,0.5916984677314758,9.643739700317383
2025-08-06,0.6472994685173035,1.3770699501037598,0.8069199919700623,1.1579166650772095,1.3299463987350464,147.55999755859375,10.254409790039062,0.5909292101860046,9.66864013671875
2025-08-07,0.6500217914581299,1.37391996383667,0.8060500025749207,1.1663167476654053,1.3357912302017212,147.1929931640625,10.17926025390625,0.59284907579422,9.602089881896973
2025-08-08,0.6525711417198181,1.3732500076293945,0.8056899905204773,1.1676650047302246,1.345152735710144,146.83700561523438,10.209309577941895,0.597011387348175,9.554530143737793
2025-08-11,0.6517715454101562,1.3752700090408325,0.8074700236320496,1.1647952795028687,1.3444474935531616,147.66400146484375,10.281900405883789,0.5949299931526184,9.566080093383789
2025-08-12,0.6514403223991394,1.377369999885559,0.8118000030517578,1.1618449687957764,1.3435261249542236,148.125,10.221039772033691,0.5940499901771545,9.633700370788574
2025-08-13,0.6529802083969116,1.376960039138794,0.8061400055885315,1.1677058935165405,1.3504207134246826,147.75799560546875,10.210860252380371,0.5957806706428528,9.540800094604492
2025-08-14,0.6551706194877625,1.3752100467681885,0.8047199845314026,1.171289324760437,1.3585295677185059,147.1199951171875,10.18220043182373,0.5981004238128662,9.534319877624512
2025-08-15,0.6497514843940735,1.381309986114502,0.8075199723243713,1.1651345491409302,1.3530701398849487,147.6909942626953,10.215609550476074,0.5921083688735962,9.581500053405762
2025-08-18,0.651296079158783,1.381500005722046,0.8065999746322632,1.1706587076187134,1.3556381464004517,147.26400756835938,10.172769546508789,0.5928595662117004,9.551730155944824
2025-08-19,0.6494801044464111,1.380210041999817,0.8074100017547607,1.1668338775634766,1.3508219718933105,147.91600036621094,10.202400207519531,0.5923784375190735,9.55819034576416
2025-08-20,0.6454598307609558,1.3866000175476074,0.8077700138092041,1.164252758026123,1.348679542541504,147.7310028076172,10.283610343933105,0.5897687077522278,9.60221004486084
2025-08-21,0.6436100006103516,1.387279987335205,0.8041399717330933,1.165175199508667,1.3466380834579468,147.3179931640625,10.231599807739258,0.5828185081481934,9.58491039276123
2025-08-22,0.6425496339797974,1.3900400400161743,0.8086699843406677,1.16130530834198,1.3419395685195923,148.38600158691406,10.175800323486328,0.5822314620018005,9.613129615783691
2025-08-25,0.6484898924827576,1.3828799724578857,0.8022599816322327,1.1709601879119873,1.35111403465271,147.21499633789062,10.06663990020752,0.5865412354469299,9.506429672241211
2025-08-26,0.6481099724769592,1.3859299421310425,0.8061699867248535,1.1618449687957764,1.3453518152236938,147.82200622558594,10.13010025024414,0.5849184393882751,9.58887004852295
2025-08-27,0.6495801210403442,1.3833400011062622,0.8037599921226501,1.1639411449432373,1.3478723764419556,147.46200561523438,10.126999855041504,0.5858402848243713,9.55700969696045
2025-08-28,0.6511399745941162,1.3781399726867676,0.8015000224113464,1.1647952795028687,1.3503841161727905,147.3159942626953,10.073249816894531,0.5861183404922485,9.527480125427246
2025-08-29,0.6532399654388428,1.3749799728393555,0.8015900254249573,1.1681560277938843,1.35111403465271,146.7899932861328,10.064000129699707,0.5885087847709656,9.478349685668945
2025-09-01,0.6543598771095276,1.3738399744033813,0.8006399869918823,1.1691803932189941,1.3503841161727905,147.0970001220703,10.058489799499512,0.5896887183189392,9.456729888916016
2025-09-02,0.6556801199913025,1.3747400045394897,0.8001499772071838,1.1715912818908691,1.3547931909561157,147.08399963378906,9.987119674682617,0.5906291007995605,9.38029956817627
2025-09-03,0.6518301367759705,1.3784500360488892,0.8052899837493896,1.163602590560913,1.3383476734161377,148.54800415039062,10.035980224609375,0.5861698985099792,9.461939811706543
2025-09-04,0.6544399857521057,1.3793100118637085,0.8037999868392944,1.16604483127594,1.3441582918167114,147.97999572753906,10.036089897155762,0.5881107449531555,9.422410011291504
2025-09-05,0.6521999835968018,1.381500005722046,0.8051300048828125,1.1656913757324219,1.3444474935531616,148.375,10.071649551391602,0.5851101279258728,9.453180313110352
2025-09-08,0.655450165271759,1.3833999633789062,0.7991799712181091,1.1713168621063232,1.3492909669876099,148.343994140625,10.019200325012207,0.5888698697090149,9.38280963897705
2025-09-09,0.6598090529441833,1.3795000314712524,0.7928100228309631,1.1769136190414429,1.3553073406219482,147.36399841308594,9.97350025177002,0.5945091247558594,9.351119995117188
2025-09-10,0.6584700345993042,1.384660005569458,0.7972999811172485,1.1702749729156494,1.352109670639038,147.39199829101562,9.976099967956543,0.5925999879837036,9.384010314941406
2025-09-11,0.6619316339492798,1.3860499858856201,0.7986699938774109,1.1703435182571411,1.3534730672836304,147.33200073242188,9.923800468444824,0.5943783521652222,9.340740203857422
2025-09-12,0.6668000221252441,1.383370041847229,0.7959499955177307,1.1734747886657715,1.3576626777648926,147.2239990234375,9.854299545288086,0.5977801084518433,9.307780265808105
2025-09-15,0.6648998260498047,1.3839000463485718,0.7967000007629395,1.1726491451263428,1.3553440570831299,147.66600036621094,9.860400199890137,0.5953408479690552,9.325550079345703
2025-09-16,0.6673001646995544,1.3774000406265259,0.7946599721908569,1.1763737201690674,1.3602666854858398,147.40499877929688,9.820890426635742,0.596911609172821,9.278630256652832
2025-09-17,0.6688998937606812,1.3738800287246704,0.7859100103378296,1.1871408224105835,1.365392804145813,146.41299438476562,9.754630088806152,0.5989401340484619,9.223039627075195
2025-09-18,0.6652501225471497,1.3769899606704712,0.7883399724960327,1.1826341152191162,1.3629734516143799,146.89100646972656,9.808440208435059,0.5934189558029175,9.28363037109375
2025-09-19,0.6617901921272278,1.3791799545288086,0.7925099730491638,1.1791062355041504,1.3556013107299805,147.94700622558594,9.868880271911621,0.5891293883323669,9.343720436096191
2025-09-22,0.6589308381080627,1.3782000541687012,0.7962300181388855,1.1736950874328613,1.3464748859405518,148.09500122070312,9.921380043029785,0.5851306319236755,9.415109634399414
2025-09-23,0.660199761390686,1.3824900388717651,0.792389988899231,1.1801080703735352,1.3514974117279053,147.72500610351562,9.910900115966797,0.5868799686431885,9.357339859008789
2025-09-24,0.6597799062728882,1.3839099407196045,0.7914299964904785,1.1814465522766113,1.3524478673934937,147.61300659179688,9.880550384521484,0.5856995582580566,9.33456039428711
2025-09-25,0.6586921215057373,1.3896000385284424,0.7946599721908569,1.1744670867919922,1.3452396392822266,148.75100708007812,9.936070442199707,0.5816601514816284,9.39995002746582
2025-09-26,0.6537314653396606,1.3940999507904053,0.8000400066375732,1.166275978088379,1.333653450012207,149.86099243164062,10.030269622802734,0.5763190388679504,9.463000297546387
2025-09-29,0.6553998589515686,1.39382004737854,0.7974799871444702,1.170823097229004,1.3408241271972656,149.40499877929688,9.959369659423828,0.577820897102356,9.402600288391113
2025-09-30,0.6581978797912598,1.3916200399398804,0.7972000241279602,1.1731443405151367,1.3437248468399048,148.59500122070312,9.983599662780762,0.5781516432762146,9.416990280151367
2025-10-01,0.6610700488090515,1.3923499584197998,0.7961999773979187,1.1735849380493164,1.3443390130996704,147.9969940185547,9.988140106201172,0.5795992612838745,9.416620254516602
2025-10-02,0.6615498065948486,1.3939499855041504,0.7969099879264832,1.1734058856964111,1.3480178117752075,147.08299255371094,9.913969993591309,0.5821806192398071,9.37341022491455
2025-10-03,0.6598090529441833,1.396090030670166,0.7970200181007385,1.1725116968154907,1.3446643352508545,147.14999389648438,9.975099563598633,0.5819502472877502,9.39348030090332
2025-10-06,0.6593101024627686,1.3964999914169312,0.7971900105476379,1.171248197555542,1.3433817625045776,149.6060028076172,9.961660385131836,0.5824688673019409,9.384849548339844
2025-10-07,0.6616500020027161,1.3946000337600708,0.7949100136756897,1.171028733253479,1.3484903573989868,150.33099365234375,9.922679901123047,0.5840998888015747,9.38167953491211
2025-10-08,0.6580505967140198,1.3952800035476685,0.7985900044441223,1.1654603481292725,1.3421016931533813,152.05099487304688,9.964349746704102,0.5797706246376038,9.401359558105469
2025-10-09,0.6584500670433044,1.3954600095748901,0.8015000224113464,1.1631964445114136,1.3401411771774292,152.67999267578125,9.972909927368164,0.5783489346504211,9.429169654846191
2025-10-10,0.6561291813850403,1.4018800258636475,0.8061699867248535,1.156644344329834,1.3304948806762695,152.96499633789062,10.064909934997559,0.5752912163734436,9.531920433044434
2025-10-13,0.6498401165008545,1.3998500108718872,0.8023200035095215,1.160240888595581,1.3336178064346313,152.05599975585938,10.103679656982422,0.5726786255836487,9.508609771728516
2025-10-14,0.651159942150116,1.4039000272750854,0.8042899966239929,1.1566845178604126,1.3332622051239014,152.4340057373047,10.086009979248047,0.5717487335205078,9.507539749145508
2025-10-15,0.6491301655769348,1.4045000076293945,0.8015300035476685,1.1602274179458618,1.3321610689163208,151.7310028076172,10.156399726867676,0.5715000629425049,9.541449546813965
2025-10-16,0.6508001685142517,1.4046000242233276,0.7965499758720398,1.1646324396133423,1.3404465913772583,150.9739990234375,10.095789909362793,0.5716115236282349,9.469840049743652
2025-10-17,0.64823979139328,1.4046000242233276,0.7918300032615662,1.1699601411819458,1.3445558547973633,150.1199951171875,10.058300018310547,0.572701632976532,9.415630340576172
2025-10-20,0.6501701474189758,1.4015899896621704,0.7935900092124939,1.165745735168457,1.342588186264038,150.89999389648438,10.056619644165039,0.5731808543205261,9.42467975616455
2025-10-21,0.6516313552856445,1.4033000469207764,0.7924000024795532,1.164442539215088,1.3405184745788574,150.7740020751953,10.045510292053223,0.5744485259056091,9.415650367736816
2025-10-22,0.6491904854774475,1.4019900560379028,0.7967000007629395,1.160038948059082,1.336523175239563,151.89300537109375,10.05935001373291,0.5742605328559875,9.427350044250488
2025-10-23,0.6489999890327454,1.3988800048828125,0.7960900068283081,1.1608469486236572,1.3351848125457764,151.95399475097656,10.022339820861816,0.5736905336380005,9.408849716186523
2025-10-24,0.6514798402786255,1.3986599445343018,0.7950800061225891,1.1618045568466187,1.332746982574463,152.6020050048828,9.96677017211914,0.5755196809768677,9.376420021057129
2025-10-27,0.653398334980011,1.399340033531189,0.7960500121116638,1.1631693840026855,1.3322391510009766,153.06100463867188,9.986749649047852,0.5760199427604675,9.382220268249512
2025-10-28,0.6558598279953003,1.3991400003433228,0.7946100234985352,1.165175199508667,1.3341000080108643,152.69200134277344,9.986729621887207,0.5775506496429443,9.376620292663574
2025-10-29,0.6585099697113037,1.3938900232315063,0.7928299903869629,1.1657865047454834,1.3279330730438232,151.7310028076172,9.97562026977539,0.5783589482307434,9.370610237121582
2025-10-30,0.657680094242096,1.394129991531372,0.7997999787330627,1.1603351831436157,1.3195397853851318,152.7220001220703,10.012800216674805,0.5764286518096924,9.404899597167969
2025-10-31,0.6559299826622009,1.398110032081604,0.8015900254249573,1.157246708869934,1.3159106969833374,153.89999389648438,10.050009727478027,0.5745310187339783,9.43593978881836
2025-11-03,0.6545702219009399,1.4015400409698486,0.8048999905586243,1.1528042554855347,1.3134735822677612,154.19500732421875,10.115280151367188,0.5722787976264954,9.493780136108398
2025-11-04,0.6541078090667725,1.4055399894714355,0.8081300258636475,1.1519144773483276,1.3135254383087158,154.20399475097656,10.124879837036133,0.5707013010978699,9.484729766845703
2025-11-05,0.6485601663589478,1.4100899696350098,0.8103299736976624,1.1485539674758911,1.3021697998046875,153.5570068359375,10.224749565124512,0.5642401576042175,9.580869674682617
2025-11-06,0.6509907841682434,1.410230040550232,0.8097299933433533,1.1496764421463013,1.3052598237991333,154.072998046875,10.207300186157227,0.566899836063385,9.551199913024902
2025-11-07,0.6483898758888245,1.411180019378662,0.805899977684021,1.1549211740493774,1.3140950202941895,152.947998046875,10.193779945373535,0.5639013051986694,9.568360328674316
2025-11-10,0.650239884853363,1.404379963874817,0.8070899844169617,1.1543878316879272,1.3142677545547485,153.81700134277344,10.167949676513672,0.5627208352088928,9.540889739990234
2025-11-11,0.653488039970398,1.4025499820709229,0.8051599860191345,1.1557220220565796,1.3172974586486816,154.14599609375,10.128549575805664,0.5643786787986755,9.509260177612305
2025-11-12,0.6529499292373657,1.4015799760818481,0.8003299832344055,1.1587486267089844,1.3152875900268555,154.0749969482422,10.046480178833008,0.5657292604446411,9.446929931640625
2025-11-13,0.6536400318145752,1.4009300470352173,0.797819972038269,1.159218668937683,1.3127838373184204,154.71299743652344,10.073180198669434,0.566228985786438,9.443160057067871
2025-11-14,0.6529000401496887,1.4035500288009644,0.7932699918746948,1.1631964445114136,1.3152183294296265,154.63299560546875,10.022379875183105,0.5650898814201355,9.404459953308105
2025-11-17,0.6533001661300659,1.4018199443817139,0.7942799925804138,1.1615345478057861,1.3160146474838257,154.5850067138672,10.079259872436523,0.5676302909851074,9.44756031036377
2025-11-18,0.6492701172828674,1.4050500392913818,0.796239972114563,1.159057378768921,1.3156163692474365,155.2729949951172,10.102160453796387,0.5654797554016113,9.477370262145996
2025-11-19,0.6509018540382385,1.3985099792480469,0.8001999855041504,1.1581177711486816,1.3147515058517456,155.54800415039062,10.106499671936035,0.5659213662147522,9.470970153808594
2025-11-20,0.649000883102417,1.4042500257492065,0.8054199814796448,1.154068112373352,1.3061821460723877,156.99200439453125,10.170339584350586,0.5614413619041443,9.537260055541992
2025-11-21,0.6449499130249023,1.409119963645935,0.8054800033569336,1.1534557342529297,1.308489441871643,157.36900329589844,10.203100204467773,0.5591809153556824,9.536860466003418
2025-11-24,0.6462398767471313,1.4094599485397339,0.8086699843406677,1.1507612466812134,1.3096375465393066,156.68800354003906,10.238490104675293,0.5613183975219727,9.539529800415039
2025-11-25,0.6465799808502197,1.4108999967575073,0.8086100220680237,1.1520073413848877,1.3106160163879395,156.93899536132812,10.225509643554688,0.561381459236145,9.547430038452148
2025-11-26,0.6470301151275635,1.4102200269699097,0.8079800009727478,1.156483769416809,1.315870761871338,156.22999572753906,10.226380348205566,0.5624499320983887,9.529370307922363
2025-11-27,0.6524859666824341,1.4039499759674072,0.8034899830818176,1.1602139472961426,1.3244997262954712,156.23899841308594,10.195500373840332,0.5707000494003296,9.486900329589844
2025-11-28,0.653579831123352,1.4026000499725342,0.8046000003814697,1.1599851846694946,1.3241175413131714,156.28399658203125,10.16018009185791,0.5731000304222107,9.470569610595703
2025-12-01,0.6551298499107361,1.396939992904663,0.8033400177955627,1.1601465940475464,1.3239772319793701,155.92799377441406,10.11890983581543,0.5736411809921265,9.445170402526855
2025-12-02,0.6544001698493958,1.399999976158142,0.8046000003814697,1.1607661247253418,1.3209341764450073,155.5570068359375,10.128470420837402,0.572619616985321,9.450929641723633
2025-12-03,0.6573700904846191,1.3969600200653076,0.8028600215911865,1.1627906560897827,1.3219469785690308,155.8070068359375,10.124919891357422,0.574079155921936,9.42611026763916
2025-12-04,0.6605019569396973,1.3953100442886353,0.7997599840164185,1.1666841506958008,1.3348817825317383,155.10699462890625,10.06171989440918,0.5774205327033997,9.37639045715332
2025-12-05,0.660641610622406,1.3959699869155884,0.8037800192832947,1.1642799377441406,1.3321788311004639,155.14199829101562,10.11460018157959,0.5759804248809814,9.424030303955078
2025-12-08,0.6635400652885437,1.3834600448608398,0.8048499822616577,1.164022445678711,1.3324593305587769,155.33999633789062,10.109219551086426,0.5775999426841736,9.399359703063965
2025-12-09,0.6627300977706909,1.3848999738693237,0.8066380023956299,1.1641442775726318,1.3326793909072876,155.843994140625,10.122469902038574,0.5776100158691406,9.393050193786621
2025-12-10,0.6640987992286682,1.3845499753952026,0.805899977684021,1.1628313064575195,1.3303532600402832,156.83799743652344,10.146300315856934,0.5779501795768738,9.353890419006348
2025-12-11,0.6674498319625854,1.3789399862289429,0.7993800044059753,1.1701242923736572,1.3388315439224243,155.7899932861328,10.080789566040039,0.5817199945449829,9.26161003112793
2025-12-12,0.6665000319480896,1.3775700330734253,0.7947900295257568,1.1739431619644165,1.339046597480774,155.56700134277344,10.064900398254395,0.5809191465377808,9.250530242919922
2025-12-15,0.6647300720214844,1.3767800331115723,0.7961400151252747,1.1737639904022217,1.3367732763290405,155.88800048828125,10.113570213317871,0.5802315473556519,9.265789985656738
2025-12-16,0.6641799807548523,1.3769199848175049,0.7960100173950195,1.1754610538482666,1.3380612134933472,155.01499938964844,10.139430046081543,0.5786099433898926,9.280159950256348
2025-12-17,0.6634001135826111,1.3756099939346313,0.795199990272522,1.1749500036239624,1.342499852180481,154.7779998779297,10.183659553527832,0.5785999298095703,9.297229766845703
2025-12-18,0.6601501107215881,1.3783799409866333,0.795199990272522,1.1742326021194458,1.3374598026275635,155.4949951171875,10.196749687194824,0.5772998332977295,9.298609733581543
2025-12-19,0.6613800525665283,1.3776999711990356,0.7940099835395813,1.1725666522979736,1.3385393619537354,155.58599853515625,10.151049613952637,0.5776106715202332,9.28085994720459
2025-12-22,0.6610198020935059,1.3790299892425537,0.7958300113677979,1.1708093881607056,1.3377031087875366,157.67599487304688,10.131509780883789,0.57548987865448,9.266559600830078
2025-12-23,0.6658400893211365,1.3748699426651,0.7914299964904785,1.1765950918197632,1.3469899892807007,156.8769989013672,10.102310180664062,0.5797706246376038,9.228599548339844
2025-12-24,0.6701900959014893,1.3685499429702759,0.7874500155448914,1.179551362991333,1.3513604402542114,156.17599487304688,10.02649974822998,0.5842998623847961,9.162400245666504
2025-12-26,0.6705604195594788,1.3672000169754028,0.7880499958992004,1.1785364151000977,1.3508949279785156,156.08999633789062,9.989029884338379,0.5836417078971863,9.169489860534668
2025-12-29,0.6714099645614624,1.3668299913406372,0.7892400026321411,1.1772738695144653,1.349727988243103,156.46299743652344,10.007610321044922,0.582610011100769,9.141770362854004
2025-12-30,0.6695501804351807,1.3687200546264648,0.7886999845504761,1.1772878170013428,1.3510993719100952,156.01300048828125,10.038450241088867,0.5808698534965515,9.175169944763184
2025-12-31,0.6697999835014343,1.3694700002670288,0.791700005531311,1.1747292280197144,1.346719741821289,156.41299438476562,10.051210403442383,0.5791494250297546,9.194740295410156
